1716731069177,paho778108989201561,topic/v/lighting,METAVERSE,185
1716731069194,paho778108989201561,topic/c/lighting,METAVERSE,245
1716731069195,paho778108989201561,topic/c/noise,METAVERSE,157
1716731069155,paho778108992691678,topic/v/lighting,METAVERSE,163
1716731069206,paho778108992691678,topic/c/lighting,METAVERSE,257
1716731069207,paho778108992691678,topic/c/lighting,METAVERSE,167
1716731069226,paho778108989201561,topic/c/lighting,METAVERSE,186
1716731069254,paho778108989201561,topic/c/rfid,METAVERSE,10
1716731069395,paho778108989201561,topic/v/rfid,METAVERSE,53
1716731069436,paho778108989201561,topic/v/rfid,METAVERSE,22
1716731069490,paho778108989201561,topic/v/noise,METAVERSE,10
1716731069668,paho778108989201561,topic/s/lighting,METAVERSE,56
1716731069668,paho778108992691678,topic/s/lighting,METAVERSE,56
1716731070194,paho778108989201561,topic/e/noise,METAVERSE,10
1716731070467,paho778108989201561,topic/g/rfid,METAVERSE,11
1716731070514,paho778108989201561,topic/g/rfid,METAVERSE,11
1716731070978,paho778108989201561,topic/d/lighting,METAVERSE,18
1716731070978,paho778108992691678,topic/d/lighting,METAVERSE,18
1716731071058,paho778108989201561,topic/s/rfid,METAVERSE,10
1716731071186,paho778108992691678,topic/b/lighting,METAVERSE,12
1716731071186,paho778108989201561,topic/b/lighting,METAVERSE,12
1716731071394,paho778108989201561,topic/g/noise,METAVERSE,22
1716731071483,paho778108989201561,topic/d/noise,METAVERSE,15
1716731071485,paho778108989201561,topic/v/rfid,METAVERSE,10
1716731071550,paho778108989201561,topic/d/lighting,METAVERSE,14
1716731071550,paho778108992691678,topic/d/lighting,METAVERSE,14
1716731071597,paho778108989201561,topic/e/lighting,METAVERSE,53
1716731071601,paho778108992691678,topic/e/lighting,METAVERSE,57
1716731071669,paho778108989201561,topic/e/rfid,METAVERSE,17
1716731071712,paho778108989201561,topic/e/rfid,METAVERSE,25
1716731071749,paho778108992691678,topic/g/lighting,METAVERSE,10
1716731071750,paho778108989201561,topic/g/lighting,METAVERSE,11
1716731072115,paho778108989201561,topic/d/rfid,METAVERSE,10
1716731072127,paho778108989201561,topic/d/noise,METAVERSE,443
1716731072180,paho778108992691678,topic/g/lighting,METAVERSE,372
1716731072180,paho778108989201561,topic/g/lighting,METAVERSE,372
1716731072259,paho778108989201561,topic/s/noise,METAVERSE,23
1716731072314,paho778108989201561,topic/g/noise,METAVERSE,10
1716731072386,paho778108989201561,topic/s/lighting,METAVERSE,27
1716731072387,paho778108992691678,topic/s/lighting,METAVERSE,28
1716731072390,paho778108989201561,topic/s/noise,METAVERSE,14
1716731072398,paho778108989201561,topic/c/rfid,METAVERSE,10
1716731073069,paho778108989201561,topic/s/rfid,METAVERSE,10
1716731073245,paho778108989201561,topic/e/noise,METAVERSE,9
1716731073466,paho778108989201561,topic/c/rfid,METAVERSE,11
1716731073499,paho778108989201561,topic/v/rfid,METAVERSE,12
1716731073507,paho778108989201561,topic/c/rfid,METAVERSE,15
1716731073693,paho778108989201561,topic/b/lighting,METAVERSE,44
1716731073694,paho778108992691678,topic/b/lighting,METAVERSE,45
1716731073695,paho778108989201561,topic/b/noise,METAVERSE,39
1716731073736,paho778108989201561,topic/e/rfid,METAVERSE,11
1716731073752,paho778108989201561,topic/e/lighting,METAVERSE,8
1716731073753,paho778108992691678,topic/e/lighting,METAVERSE,9
1716731073756,paho778108989201561,topic/b/noise,METAVERSE,45
1716731074041,paho778108989201561,topic/v/lighting,METAVERSE,11
1716731074041,paho778108992691678,topic/v/lighting,METAVERSE,11
1716731074051,paho778108989201561,topic/c/noise,METAVERSE,10
1716731074058,paho778108989201561,topic/c/lighting,METAVERSE,42
1716731074059,paho778108992691678,topic/c/lighting,METAVERSE,43
1716731074082,paho778108989201561,topic/c/lighting,METAVERSE,35
1716731074083,paho778108992691678,topic/c/lighting,METAVERSE,36
1716731074393,paho778108989201561,topic/b/lighting,METAVERSE,100
1716731074393,paho778108992691678,topic/b/lighting,METAVERSE,100
1716731074509,paho778108989201561,topic/v/noise,METAVERSE,10
1716731074679,paho778108989201561,topic/s/lighting,METAVERSE,13
1716731074679,paho778108992691678,topic/s/lighting,METAVERSE,13
1716731074696,paho778108989201561,topic/b/lighting,METAVERSE,40
1716731074696,paho778108992691678,topic/b/lighting,METAVERSE,40
1716731074764,paho778108989201561,topic/e/rfid,METAVERSE,22
1716731074789,paho778108989201561,topic/b/rfid,METAVERSE,25
1716731074796,paho778108989201561,topic/e/rfid,METAVERSE,13
1716731074815,paho778108989201561,topic/e/rfid,METAVERSE,9
1716731074934,paho778108989201561,topic/b/lighting,METAVERSE,24
1716731074935,paho778108992691678,topic/b/lighting,METAVERSE,25
1716731074952,paho778108989201561,topic/b/noise,METAVERSE,28
1716731075120,paho778108989201561,topic/d/rfid,METAVERSE,14
1716731075261,paho778108989201561,topic/e/noise,METAVERSE,25
1716731075530,paho778108989201561,topic/g/rfid,METAVERSE,12
1716731075532,paho778108989201561,topic/v/rfid,METAVERSE,32
1716731075539,paho778108989201561,topic/b/noise,METAVERSE,30
1716731075543,paho778108989201561,topic/g/rfid,METAVERSE,7
1716731076021,paho778108989201561,topic/d/lighting,METAVERSE,19
1716731076022,paho778108992691678,topic/d/lighting,METAVERSE,20
1716731076214,paho778108989201561,topic/d/rfid,METAVERSE,81
1716731076261,paho778108989201561,topic/b/lighting,METAVERSE,74
1716731076262,paho778108992691678,topic/b/lighting,METAVERSE,75
1716731076329,paho778108992345992,topic/queueing,METAVERSE,1223
1716731076418,paho778108989201561,topic/g/noise,METAVERSE,11
1716731076549,paho778108989201561,topic/d/noise,METAVERSE,10
1716731076556,paho778108989201561,topic/d/lighting,METAVERSE,9
1716731076558,paho778108992691678,topic/d/lighting,METAVERSE,11
1716731076657,paho778108989201561,topic/e/lighting,METAVERSE,26
1716731076657,paho778108992691678,topic/e/lighting,METAVERSE,26
1716731076762,paho778108989201561,topic/g/lighting,METAVERSE,22
1716731076762,paho778108992691678,topic/g/lighting,METAVERSE,22
1716731076831,paho778108992345992,topic/queueing,METAVERSE,1313
1716731076838,paho778108989201561,topic/e/rfid,METAVERSE,27
1716731077028,paho778108992345992,topic/queueing,METAVERSE,1528
1716731077122,paho778108989201561,topic/d/noise,METAVERSE,10
1716731077192,paho778108989201561,topic/g/lighting,METAVERSE,16
1716731077193,paho778108992691678,topic/g/lighting,METAVERSE,17
1716731077229,paho778108992345992,topic/queueing,METAVERSE,1693
1716731077297,paho778108989201561,topic/s/noise,METAVERSE,41
1716731077339,paho778108989201561,topic/g/noise,METAVERSE,11
1716731077407,paho778108989201561,topic/s/lighting,METAVERSE,28
1716731077409,paho778108989201561,topic/s/noise,METAVERSE,18
1716731077409,paho778108992691678,topic/s/lighting,METAVERSE,30
1716731077478,paho778108992345992,topic/queueing,METAVERSE,1345
1716731077578,paho778108992345992,topic/queueing,METAVERSE,767
1716731078133,paho778108992916869,topic/maintenance,METAVERSE,1726
1716731078261,paho778108989201561,topic/e/noise,METAVERSE,14
1716731078270,paho778108989935469,topic/security,METAVERSE,3328
1716731078270,paho778108989935469,topic/security,METAVERSE,3327
1716731078270,paho778108989935469,topic/security,METAVERSE,3327
1716731078270,paho778108989935469,topic/security,METAVERSE,3327
1716731078270,paho778108989935469,topic/security,METAVERSE,3327
1716731078271,paho778108989935469,topic/security,METAVERSE,3316
1716731078271,paho778108989935469,topic/security,METAVERSE,3316
1716731078271,paho778108989935469,topic/security,METAVERSE,3283
1716731078380,paho778108992916869,topic/maintenance,METAVERSE,1841
1716731078562,paho778108989201561,topic/c/rfid,METAVERSE,12
1716731078580,paho778108992916869,topic/maintenance,METAVERSE,1867
1716731078626,paho778108992916869,topic/maintenance,METAVERSE,1716
1716731078725,paho778108992345992,topic/queueing,METAVERSE,175
1716731078764,paho778108989201561,topic/e/lighting,METAVERSE,12
1716731078765,paho778108992691678,topic/e/lighting,METAVERSE,13
1716731078770,paho778108989201561,topic/b/noise,METAVERSE,110
1716731078781,paho778108989201561,topic/b/lighting,METAVERSE,121
1716731078784,paho778108992691678,topic/b/lighting,METAVERSE,124
1716731078891,paho778108989201561,topic/b/noise,METAVERSE,101
1716731078978,paho778108992916869,topic/maintenance,METAVERSE,1879
1716731079024,paho778108992916869,topic/maintenance,METAVERSE,1912
1716731079049,paho778108989201561,topic/v/lighting,METAVERSE,10
1716731079050,paho778108992691678,topic/v/lighting,METAVERSE,11
1716731079090,paho778108989201561,topic/c/lighting,METAVERSE,15
1716731079090,paho778108992691678,topic/c/lighting,METAVERSE,15
1716731079100,paho778108989201561,topic/c/noise,METAVERSE,13
1716731079104,paho778108989201561,topic/c/lighting,METAVERSE,16
1716731079105,paho778108992691678,topic/c/lighting,METAVERSE,17
1716731079428,paho778108992916869,topic/maintenance,METAVERSE,2281
1716731079463,paho778108989201561,topic/b/lighting,METAVERSE,55
1716731079464,paho778108992691678,topic/b/lighting,METAVERSE,56
1716731079529,paho778108992916869,topic/maintenance,METAVERSE,2273
1716731079529,paho778108989201561,topic/v/noise,METAVERSE,10
1716731079559,paho778108989201561,topic/v/rfid,METAVERSE,19
1716731079628,paho778108992345992,topic/queueing,METAVERSE,88
1716731079704,paho778108989201561,topic/s/lighting,METAVERSE,10
1716731079705,paho778108992691678,topic/s/lighting,METAVERSE,11
1716731079754,paho778108989201561,topic/b/lighting,METAVERSE,55
1716731079754,paho778108992691678,topic/b/lighting,METAVERSE,55
1716731079849,paho778108989201561,topic/e/rfid,METAVERSE,17
1716731079877,paho778108992916869,topic/maintenance,METAVERSE,2549
1716731079925,paho778108992345992,topic/queueing,METAVERSE,93
1716731079927,paho778108992345992,topic/occupancy,METAVERSE,3794
1716731079967,paho778108989201561,topic/b/lighting,METAVERSE,56
1716731079968,paho778108992691678,topic/b/lighting,METAVERSE,57
1716731079980,paho778108992916869,topic/maintenance,METAVERSE,2589
1716731080029,paho778108989201561,topic/b/noise,METAVERSE,77
1716731080228,paho778108992916869,topic/maintenance,METAVERSE,2821
1716731080276,paho778108992916869,topic/maintenance,METAVERSE,2505
1716731080304,paho778108989201561,topic/e/noise,METAVERSE,17
1716731080480,paho778108992916869,topic/maintenance,METAVERSE,2472
1716731080580,paho778108992916869,topic/maintenance,METAVERSE,2470
1716731080584,paho778108989201561,topic/b/noise,METAVERSE,74
1716731080626,paho778108992916869,topic/maintenance,METAVERSE,2456
1716731080726,paho778108992916869,topic/maintenance,METAVERSE,2479
1716731080826,paho778108992345992,topic/occupancy,METAVERSE,4436
1716731081063,paho778108989201561,topic/d/lighting,METAVERSE,22
1716731081064,paho778108992691678,topic/d/lighting,METAVERSE,23
1716731081128,paho778108992916869,topic/maintenance,METAVERSE,2468
1716731081177,paho778108992916869,topic/maintenance,METAVERSE,2387
1716731081325,paho778108989201561,topic/b/lighting,METAVERSE,125
1716731081332,paho778108992916869,topic/maintenance,METAVERSE,2527
1716731081333,paho778108992691678,topic/b/lighting,METAVERSE,133
1716731081435,paho778108989201561,topic/g/noise,METAVERSE,12
1716731081480,paho778108992916869,topic/maintenance,METAVERSE,2517
1716731081587,paho778108989201561,topic/d/noise,METAVERSE,16
1716731081588,paho778108992691678,topic/d/lighting,METAVERSE,16
1716731081589,paho778108989201561,topic/d/lighting,METAVERSE,17
1716731081678,paho778108992916869,topic/maintenance,METAVERSE,2663
1716731081705,paho778108989201561,topic/e/lighting,METAVERSE,16
1716731081705,paho778108992691678,topic/e/lighting,METAVERSE,16
1716731081771,paho778108989201561,topic/g/lighting,METAVERSE,9
1716731081772,paho778108992691678,topic/g/lighting,METAVERSE,10
1716731081780,paho778108992916869,topic/maintenance,METAVERSE,2693
1716731081827,paho778108992345992,topic/occupancy,METAVERSE,5383
1716731082127,paho778108992916869,topic/maintenance,METAVERSE,3015
1716731082137,paho778108989201561,topic/d/noise,METAVERSE,10
1716731082205,paho778108989201561,topic/g/lighting,METAVERSE,10
1716731082205,paho778108992691678,topic/g/lighting,METAVERSE,10
1716731082332,paho778108992916869,topic/maintenance,METAVERSE,3172
1716731082384,paho778108989201561,topic/s/noise,METAVERSE,58
1716731082407,paho778108989201561,topic/g/noise,METAVERSE,11
1716731082418,paho778108989201561,topic/s/noise,METAVERSE,16
1716731082484,paho778108989201561,topic/s/lighting,METAVERSE,13
1716731082485,paho778108992691678,topic/s/lighting,METAVERSE,14
1716731082580,paho778108992345992,topic/occupancy,METAVERSE,6156
1716731082980,paho778108992916869,topic/maintenance,METAVERSE,3890
1716731083026,paho778108992916869,topic/maintenance,METAVERSE,3542
1716731083125,paho778108992916869,topic/maintenance,METAVERSE,3606
1716731083179,paho778108992916869,topic/maintenance,METAVERSE,3560
1716731083271,paho778108989201561,topic/e/noise,METAVERSE,13
1716731083279,paho778108992345992,topic/occupancy,METAVERSE,6661
1716731083375,paho778108992916869,topic/maintenance,METAVERSE,3551
1716731083666,paho778108989201561,topic/c/rfid,METAVERSE,111
1716731083727,paho778108992345992,topic/queueing,METAVERSE,172
1716731083727,paho778108992916869,topic/maintenance,METAVERSE,3775
1716731083807,paho778108989201561,topic/b/noise,METAVERSE,127
1716731083820,paho778108989201561,topic/b/lighting,METAVERSE,135
1716731083820,paho778108992691678,topic/b/lighting,METAVERSE,135
1716731083824,paho778108989201561,topic/e/lighting,METAVERSE,13
1716731083827,paho778108992916869,topic/maintenance,METAVERSE,3655
1716731083828,paho778108992345992,topic/occupancy,METAVERSE,7017
1716731083828,paho778108992691678,topic/e/lighting,METAVERSE,17
1716731083980,paho778108992916869,topic/maintenance,METAVERSE,3809
1716731084011,paho778108989201561,topic/b/noise,METAVERSE,204
1716731084090,paho778108989201561,topic/c/lighting,METAVERSE,9
1716731084091,paho778108992691678,topic/c/lighting,METAVERSE,10
1716731084113,paho778108989201561,topic/v/lighting,METAVERSE,18
1716731084113,paho778108992691678,topic/v/lighting,METAVERSE,18
1716731084129,paho778108989201561,topic/c/noise,METAVERSE,10
1716731084136,paho778108989201561,topic/c/lighting,METAVERSE,16
1716731084137,paho778108992691678,topic/c/lighting,METAVERSE,17
1716731084174,paho778108992916869,topic/maintenance,METAVERSE,3887
1716731084279,paho778108992916869,topic/maintenance,METAVERSE,4128
1716731084327,paho778108992916869,topic/maintenance,METAVERSE,3817
1716731084379,paho778108992916869,topic/maintenance,METAVERSE,3796
1716731084527,paho778108992916869,topic/maintenance,METAVERSE,3692
1716731084536,paho778108989201561,topic/v/noise,METAVERSE,9
1716731084541,paho778108989201561,topic/b/lighting,METAVERSE,132
1716731084542,paho778108992691678,topic/b/lighting,METAVERSE,133
1716731084726,paho778108989201561,topic/s/lighting,METAVERSE,11
1716731084726,paho778108992691678,topic/s/lighting,METAVERSE,11
1716731084802,paho778108989201561,topic/b/lighting,METAVERSE,67
1716731084803,paho778108992691678,topic/b/lighting,METAVERSE,68
1716731084877,paho778108992916869,topic/maintenance,METAVERSE,3757
1716731084981,paho778108992916869,topic/maintenance,METAVERSE,3794
1716731084983,paho778108989201561,topic/b/lighting,METAVERSE,64
1716731084984,paho778108992691678,topic/b/lighting,METAVERSE,65
1716731085026,paho778108989201561,topic/b/noise,METAVERSE,74
1716731085276,paho778108992916869,topic/maintenance,METAVERSE,3999
1716731085367,paho778108989201561,topic/e/noise,METAVERSE,20
1716731085379,paho778108992345992,topic/occupancy,METAVERSE,8193
1716731085426,paho778108992916869,topic/maintenance,METAVERSE,4214
1716731085596,paho778108989201561,topic/v/rfid,METAVERSE,14
1716731085630,paho778108989201561,topic/b/noise,METAVERSE,111
1716731085680,paho778108992916869,topic/maintenance,METAVERSE,4292
1716731085728,paho778108992345992,topic/queueing,METAVERSE,146
1716731085828,paho778108992916869,topic/maintenance,METAVERSE,4405
1716731086158,paho778108989201561,topic/d/lighting,METAVERSE,22
1716731086158,paho778108992691678,topic/d/lighting,METAVERSE,22
1716731086177,paho778108992916869,topic/maintenance,METAVERSE,4754
1716731086224,paho778108992916869,topic/maintenance,METAVERSE,4681
1716731086280,paho778108989201561,topic/b/lighting,METAVERSE,75
1716731086281,paho778108992691678,topic/b/lighting,METAVERSE,76
1716731086328,paho778108992345992,topic/occupancy,METAVERSE,9126
1716731086428,paho778108992916869,topic/maintenance,METAVERSE,4857
1716731086469,paho778108989201561,topic/g/noise,METAVERSE,8
1716731086604,paho778108989201561,topic/d/lighting,METAVERSE,8
1716731086605,paho778108992691678,topic/d/lighting,METAVERSE,9
1716731086611,paho778108989201561,topic/d/noise,METAVERSE,8
1716731086614,paho778108989201561,topic/v/rfid,METAVERSE,25
1716731086632,paho778108992916869,topic/maintenance,METAVERSE,4992
1716731086680,paho778108992345992,topic/queueing,METAVERSE,91
1716731086725,paho778108992916869,topic/maintenance,METAVERSE,4820
1716731086747,paho778108989201561,topic/e/lighting,METAVERSE,13
1716731086747,paho778108992691678,topic/e/lighting,METAVERSE,13
1716731086784,paho778108992916869,topic/maintenance,METAVERSE,4917
1716731086808,paho778108989201561,topic/g/lighting,METAVERSE,13
1716731086809,paho778108992691678,topic/g/lighting,METAVERSE,14
1716731086826,paho778108992916869,topic/maintenance,METAVERSE,4699
1716731087085,paho778108989935469,topic/security,METAVERSE,12096
1716731087085,paho778108989935469,topic/security,METAVERSE,12096
1716731087085,paho778108989935469,topic/security,METAVERSE,12095
1716731087085,paho778108989935469,topic/security,METAVERSE,12040
1716731087085,paho778108989935469,topic/security,METAVERSE,12095
1716731087085,paho778108989935469,topic/security,METAVERSE,12095
1716731087085,paho778108989935469,topic/security,METAVERSE,12057
1716731087085,paho778108989935469,topic/security,METAVERSE,12056
1716731087085,paho778108989935469,topic/security,METAVERSE,12056
1716731087207,paho778108989201561,topic/g/lighting,METAVERSE,8
1716731087208,paho778108992691678,topic/g/lighting,METAVERSE,9
1716731087212,paho778108989201561,topic/d/noise,METAVERSE,13
1716731087280,paho778108992916869,topic/maintenance,METAVERSE,5100
1716731087327,paho778108992916869,topic/maintenance,METAVERSE,5186
1716731087375,paho778108992916869,topic/maintenance,METAVERSE,5187
1716731087416,paho778108989201561,topic/s/noise,METAVERSE,9
1716731087439,paho778108989201561,topic/s/noise,METAVERSE,13
1716731087454,paho778108989201561,topic/g/noise,METAVERSE,16
1716731087488,paho778108989201561,topic/s/lighting,METAVERSE,8
1716731087488,paho778108992691678,topic/s/lighting,METAVERSE,8
1716731087575,paho778108992916869,topic/maintenance,METAVERSE,5352
1716731087586,paho778108992345992,topic/occupancy,METAVERSE,10330
1716731087626,paho778108992916869,topic/maintenance,METAVERSE,5399
1716731087626,paho778108992916869,topic/maintenance,METAVERSE,5300
1716731087777,paho778108992345992,topic/occupancy,METAVERSE,10213
1716731087876,paho778108992916869,topic/maintenance,METAVERSE,5480
1716731087928,paho778108992916869,topic/maintenance,METAVERSE,5526
1716731088126,paho778108992916869,topic/maintenance,METAVERSE,5162
1716731088177,paho778108992916869,topic/maintenance,METAVERSE,5304
1716731088280,paho778108989201561,topic/e/noise,METAVERSE,10
1716731088281,paho778108992916869,topic/maintenance,METAVERSE,5124
1716731088380,paho778108992345992,topic/occupancy,METAVERSE,10870
1716731088429,paho778108992916869,topic/maintenance,METAVERSE,5229
1716731088528,paho778108992916869,topic/maintenance,METAVERSE,5270
1716731088650,paho778108989201561,topic/v/rfid,METAVERSE,15
1716731088776,paho778108992916869,topic/maintenance,METAVERSE,5548
1716731088780,paho778108992345992,topic/queueing,METAVERSE,145
1716731088825,paho778108989201561,topic/b/noise,METAVERSE,131
1716731088828,paho778108992916869,topic/maintenance,METAVERSE,5196
1716731088849,paho778108989201561,topic/b/lighting,METAVERSE,131
1716731088850,paho778108992691678,topic/b/lighting,METAVERSE,132
1716731088864,paho778108989201561,topic/e/lighting,METAVERSE,8
1716731088864,paho778108992691678,topic/e/lighting,METAVERSE,8
1716731088930,paho778108992345992,topic/occupancy,METAVERSE,11339
1716731088980,paho778108992916869,topic/maintenance,METAVERSE,5309
1716731089066,paho778108989201561,topic/b/noise,METAVERSE,145
1716731089076,paho778108992916869,topic/maintenance,METAVERSE,5325
1716731089115,paho778108989201561,topic/c/lighting,METAVERSE,27
1716731089115,paho778108992691678,topic/c/lighting,METAVERSE,27
1716731089132,paho778108992916869,topic/maintenance,METAVERSE,5453
1716731089137,paho778108989201561,topic/c/noise,METAVERSE,9
1716731089152,paho778108989201561,topic/c/lighting,METAVERSE,24
1716731089154,paho778108992691678,topic/c/lighting,METAVERSE,26
1716731089166,paho778108989201561,topic/v/lighting,METAVERSE,26
1716731089166,paho778108992691678,topic/v/lighting,METAVERSE,26
1716731089328,paho778108992916869,topic/maintenance,METAVERSE,5648
1716731089528,paho778108992916869,topic/maintenance,METAVERSE,5645
1716731089543,paho778108989201561,topic/v/noise,METAVERSE,8
1716731089577,paho778108992916869,topic/maintenance,METAVERSE,5770
1716731089621,paho778108989201561,topic/b/lighting,METAVERSE,153
1716731089622,paho778108992691678,topic/b/lighting,METAVERSE,154
1716731089631,paho778108992916869,topic/maintenance,METAVERSE,5512
1716731089678,paho778108992916869,topic/maintenance,METAVERSE,5483
1716731089730,paho778108989201561,topic/s/lighting,METAVERSE,11
1716731089733,paho778108992691678,topic/s/lighting,METAVERSE,14
1716731089778,paho778108992916869,topic/maintenance,METAVERSE,5568
1716731089875,paho778108989201561,topic/b/lighting,METAVERSE,100
1716731089876,paho778108992691678,topic/b/lighting,METAVERSE,101
1716731089877,paho778108992916869,topic/maintenance,METAVERSE,5562
1716731089929,paho778108992345992,topic/occupancy,METAVERSE,11526
1716731090022,paho778108989201561,topic/b/lighting,METAVERSE,103
1716731090023,paho778108992691678,topic/b/lighting,METAVERSE,104
1716731090077,paho778108992916869,topic/maintenance,METAVERSE,5557
1716731090093,paho778108989201561,topic/b/noise,METAVERSE,139
1716731090232,paho778108992916869,topic/maintenance,METAVERSE,5705
1716731090384,paho778108992916869,topic/maintenance,METAVERSE,5493
1716731090410,paho778108989201561,topic/e/noise,METAVERSE,23
1716731090476,paho778108992916869,topic/maintenance,METAVERSE,5524
1716731090527,paho778108992916869,topic/maintenance,METAVERSE,5356
1716731090529,paho778108992345992,topic/occupancy,METAVERSE,12078
1716731090670,paho778108989201561,topic/c/rfid,METAVERSE,11
1716731090673,paho778108989201561,topic/b/noise,METAVERSE,138
1716731090731,paho778108992345992,topic/queueing,METAVERSE,72
1716731090826,paho778108992916869,topic/maintenance,METAVERSE,5598
1716731090880,paho778108992916869,topic/maintenance,METAVERSE,5533
1716731091080,paho778108992916869,topic/maintenance,METAVERSE,5764
1716731091130,paho778108992345992,topic/occupancy,METAVERSE,12700
1716731091180,paho778108992916869,topic/maintenance,METAVERSE,5696
1716731091180,paho778108992916869,topic/maintenance,METAVERSE,5661
1716731091220,paho778108989201561,topic/d/lighting,METAVERSE,30
1716731091220,paho778108992691678,topic/d/lighting,METAVERSE,30
1716731091225,paho778108992916869,topic/maintenance,METAVERSE,5578
1716731091225,paho778108992916869,topic/maintenance,METAVERSE,5306
1716731091343,paho778108989201561,topic/b/lighting,METAVERSE,136
1716731091344,paho778108992691678,topic/b/lighting,METAVERSE,137
1716731091380,paho778108992916869,topic/maintenance,METAVERSE,5381
1716731091426,paho778108992916869,topic/maintenance,METAVERSE,5216
1716731091526,paho778108992916869,topic/maintenance,METAVERSE,5281
1716731091540,paho778108989201561,topic/g/noise,METAVERSE,9
1716731091619,paho778108989201561,topic/d/lighting,METAVERSE,8
1716731091621,paho778108992691678,topic/d/lighting,METAVERSE,10
1716731091656,paho778108989201561,topic/d/noise,METAVERSE,9
1716731091713,paho778108989201561,topic/c/rfid,METAVERSE,9
1716731091762,paho778108989201561,topic/e/lighting,METAVERSE,14
1716731091763,paho778108992691678,topic/e/lighting,METAVERSE,15
1716731091814,paho778108989201561,topic/g/lighting,METAVERSE,11
1716731091815,paho778108992691678,topic/g/lighting,METAVERSE,12
1716731091877,paho778108992345992,topic/queueing,METAVERSE,172
1716731091978,paho778108992345992,topic/occupancy,METAVERSE,13428
1716731092215,paho778108989201561,topic/g/lighting,METAVERSE,12
1716731092215,paho778108992691678,topic/g/lighting,METAVERSE,12
1716731092217,paho778108989201561,topic/d/noise,METAVERSE,10
1716731092422,paho778108989201561,topic/s/noise,METAVERSE,11
1716731092488,paho778108989201561,topic/g/noise,METAVERSE,10
1716731092505,paho778108989201561,topic/s/noise,METAVERSE,15
1716731092513,paho778108989201561,topic/s/lighting,METAVERSE,29
1716731092513,paho778108992691678,topic/s/lighting,METAVERSE,29
1716731092525,paho778108992345992,topic/occupancy,METAVERSE,13901
1716731093296,paho778108989201561,topic/e/noise,METAVERSE,25
1716731093378,paho778108992345992,topic/occupancy,METAVERSE,14191
1716731093833,paho778108989201561,topic/b/noise,METAVERSE,138
1716731093916,paho778108989201561,topic/b/lighting,METAVERSE,173
1716731093917,paho778108992691678,topic/b/lighting,METAVERSE,174
1716731093920,paho778108989201561,topic/e/lighting,METAVERSE,22
1716731093920,paho778108992691678,topic/e/lighting,METAVERSE,22
1716731094076,paho778108989201561,topic/b/noise,METAVERSE,129
1716731094160,paho778108989201561,topic/c/lighting,METAVERSE,59
1716731094161,paho778108992691678,topic/c/lighting,METAVERSE,60
1716731094165,paho778108989201561,topic/c/lighting,METAVERSE,18
1716731094166,paho778108992691678,topic/c/lighting,METAVERSE,19
1716731094171,paho778108989201561,topic/c/noise,METAVERSE,23
1716731094216,paho778108992916869,topic/maintenance,METAVERSE,7871
1716731094217,paho778108992916869,topic/maintenance,METAVERSE,7756
1716731094217,paho778108992916869,topic/maintenance,METAVERSE,7614
1716731094217,paho778108992916869,topic/maintenance,METAVERSE,7570
1716731094217,paho778108992916869,topic/maintenance,METAVERSE,7535
1716731094217,paho778108992916869,topic/maintenance,METAVERSE,7535
1716731094217,paho778108992916869,topic/maintenance,METAVERSE,7251
1716731094217,paho778108992916869,topic/maintenance,METAVERSE,7297
1716731094217,paho778108992916869,topic/maintenance,METAVERSE,7534
1716731094217,paho778108992916869,topic/maintenance,METAVERSE,7046
1716731094217,paho778108992916869,topic/maintenance,METAVERSE,7018
1716731094217,paho778108992916869,topic/maintenance,METAVERSE,7017
1716731094217,paho778108992916869,topic/maintenance,METAVERSE,6986
1716731094217,paho778108992916869,topic/maintenance,METAVERSE,6810
1716731094217,paho778108992916869,topic/maintenance,METAVERSE,6791
1716731094217,paho778108992916869,topic/maintenance,METAVERSE,6779
1716731094217,paho778108992916869,topic/maintenance,METAVERSE,6838
1716731094217,paho778108992916869,topic/maintenance,METAVERSE,6569
1716731094217,paho778108992916869,topic/maintenance,METAVERSE,6510
1716731094217,paho778108992916869,topic/maintenance,METAVERSE,6275
1716731094221,paho778108989201561,topic/v/lighting,METAVERSE,42
1716731094222,paho778108992691678,topic/v/lighting,METAVERSE,43
1716731094227,paho778108992916869,topic/maintenance,METAVERSE,6014
1716731094379,paho778108992345992,topic/occupancy,METAVERSE,15113
1716731094555,paho778108989201561,topic/v/noise,METAVERSE,10
1716731094664,paho778108989201561,topic/b/lighting,METAVERSE,149
1716731094665,paho778108992691678,topic/b/lighting,METAVERSE,150
1716731094731,paho778108989201561,topic/s/lighting,METAVERSE,11
1716731094731,paho778108992691678,topic/s/lighting,METAVERSE,11
1716731094940,paho778108989201561,topic/b/lighting,METAVERSE,133
1716731094940,paho778108992691678,topic/b/lighting,METAVERSE,133
1716731095070,paho778108989201561,topic/b/lighting,METAVERSE,141
1716731095071,paho778108992691678,topic/b/lighting,METAVERSE,142
1716731095098,paho778108989201561,topic/b/noise,METAVERSE,144
1716731095179,paho778108992345992,topic/occupancy,METAVERSE,15863
1716731095459,paho778108989201561,topic/e/noise,METAVERSE,8
1716731095692,paho778108989201561,topic/v/rfid,METAVERSE,11
1716731095693,paho778108992345992,topic/queueing,METAVERSE,12
1716731095715,paho778108989201561,topic/b/noise,METAVERSE,112
1716731095803,paho778108989201561,topic/c/rfid,METAVERSE,16
1716731095804,paho778108992345992,topic/queueing,METAVERSE,17
1716731096024,paho778108992345992,topic/occupancy,METAVERSE,16484
1716731096304,paho778108989201561,topic/d/lighting,METAVERSE,31
1716731096304,paho778108992691678,topic/d/lighting,METAVERSE,31
1716731096356,paho778108989201561,topic/b/lighting,METAVERSE,102
1716731096357,paho778108992691678,topic/b/lighting,METAVERSE,103
1716731096568,paho778108989201561,topic/g/noise,METAVERSE,25
1716731096626,paho778108989201561,topic/d/lighting,METAVERSE,9
1716731096626,paho778108992691678,topic/d/lighting,METAVERSE,9
1716731096693,paho778108989201561,topic/v/rfid,METAVERSE,9
1716731096694,paho778108992345992,topic/queueing,METAVERSE,10
1716731096709,paho778108989201561,topic/d/noise,METAVERSE,13
1716731096824,paho778108989201561,topic/g/lighting,METAVERSE,9
1716731096824,paho778108992691678,topic/g/lighting,METAVERSE,9
1716731096829,paho778108989201561,topic/e/lighting,METAVERSE,10
1716731096830,paho778108992691678,topic/e/lighting,METAVERSE,11
1716731096926,paho778108992345992,topic/occupancy,METAVERSE,17409
1716731097220,paho778108989201561,topic/d/noise,METAVERSE,9
1716731097251,paho778108989201561,topic/g/lighting,METAVERSE,16
1716731097251,paho778108992691678,topic/g/lighting,METAVERSE,16
1716731097324,paho778108992345992,topic/occupancy,METAVERSE,17715
1716731097432,paho778108989201561,topic/s/noise,METAVERSE,9
1716731097519,paho778108989201561,topic/s/lighting,METAVERSE,26
1716731097519,paho778108992691678,topic/s/lighting,METAVERSE,26
1716731097524,paho778108992916869,topic/maintenance,METAVERSE,9254
1716731097525,paho778108992916869,topic/maintenance,METAVERSE,9218
1716731097525,paho778108992916869,topic/maintenance,METAVERSE,8993
1716731097525,paho778108992916869,topic/maintenance,METAVERSE,9088
1716731097525,paho778108992916869,topic/maintenance,METAVERSE,8831
1716731097525,paho778108992916869,topic/maintenance,METAVERSE,8604
1716731097525,paho778108992916869,topic/maintenance,METAVERSE,8462
1716731097525,paho778108992916869,topic/maintenance,METAVERSE,8433
1716731097525,paho778108992916869,topic/maintenance,METAVERSE,8532
1716731097525,paho778108992916869,topic/maintenance,METAVERSE,8397
1716731097525,paho778108992916869,topic/maintenance,METAVERSE,8357
1716731097525,paho778108992916869,topic/maintenance,METAVERSE,8330
1716731097525,paho778108992916869,topic/maintenance,METAVERSE,8265
1716731097525,paho778108992916869,topic/maintenance,METAVERSE,8147
1716731097525,paho778108992916869,topic/maintenance,METAVERSE,8090
1716731097525,paho778108992916869,topic/maintenance,METAVERSE,8081
1716731097525,paho778108992916869,topic/maintenance,METAVERSE,8031
1716731097525,paho778108992916869,topic/maintenance,METAVERSE,7990
1716731097525,paho778108992916869,topic/maintenance,METAVERSE,8087
1716731097525,paho778108992916869,topic/maintenance,METAVERSE,7922
1716731097525,paho778108992916869,topic/maintenance,METAVERSE,7914
1716731097525,paho778108992916869,topic/maintenance,METAVERSE,7866
1716731097525,paho778108992916869,topic/maintenance,METAVERSE,7582
1716731097525,paho778108992916869,topic/maintenance,METAVERSE,7581
1716731097525,paho778108992916869,topic/maintenance,METAVERSE,7571
1716731097525,paho778108992916869,topic/maintenance,METAVERSE,7409
1716731097525,paho778108992916869,topic/maintenance,METAVERSE,7510
1716731097526,paho778108992916869,topic/maintenance,METAVERSE,7291
1716731097526,paho778108992916869,topic/maintenance,METAVERSE,7215
1716731097544,paho778108989201561,topic/s/noise,METAVERSE,14
1716731097573,paho778108989201561,topic/g/noise,METAVERSE,42
1716731097876,paho778108992345992,topic/occupancy,METAVERSE,18254
1716731098304,paho778108989201561,topic/e/noise,METAVERSE,9
1716731098528,paho778108992345992,topic/occupancy,METAVERSE,18696
1716731098825,paho778108989201561,topic/b/noise,METAVERSE,129
1716731098935,paho778108989201561,topic/b/lighting,METAVERSE,131
1716731098936,paho778108992691678,topic/b/lighting,METAVERSE,132
1716731098945,paho778108989201561,topic/e/lighting,METAVERSE,18
1716731098946,paho778108992691678,topic/e/lighting,METAVERSE,19
1716731099109,paho778108989201561,topic/b/noise,METAVERSE,161
1716731099201,paho778108989201561,topic/c/lighting,METAVERSE,34
1716731099202,paho778108992691678,topic/c/lighting,METAVERSE,35
1716731099229,paho778108989201561,topic/c/noise,METAVERSE,10
1716731099239,paho778108989201561,topic/c/lighting,METAVERSE,47
1716731099240,paho778108992691678,topic/c/lighting,METAVERSE,48
1716731099242,paho778108989201561,topic/v/lighting,METAVERSE,27
1716731099245,paho778108992691678,topic/v/lighting,METAVERSE,30
1716731099569,paho778108989201561,topic/v/noise,METAVERSE,22
1716731099702,paho778108989201561,topic/b/lighting,METAVERSE,171
1716731099703,paho778108992691678,topic/b/lighting,METAVERSE,172
1716731099734,paho778108989201561,topic/s/lighting,METAVERSE,13
1716731099735,paho778108992691678,topic/s/lighting,METAVERSE,14
1716731100026,paho778108989201561,topic/b/lighting,METAVERSE,135
1716731100029,paho778108992691678,topic/b/lighting,METAVERSE,138
1716731100083,paho778108989201561,topic/b/lighting,METAVERSE,142
1716731100086,paho778108992691678,topic/b/lighting,METAVERSE,145
1716731100096,paho778108989201561,topic/b/noise,METAVERSE,142
1716731100553,paho778108989201561,topic/e/noise,METAVERSE,57
1716731100819,paho778108989201561,topic/b/noise,METAVERSE,148
1716731101069,paho778108992916869,topic/maintenance,METAVERSE,10682
1716731101069,paho778108992916869,topic/maintenance,METAVERSE,10682
1716731101069,paho778108992916869,topic/maintenance,METAVERSE,10631
1716731101069,paho778108992916869,topic/maintenance,METAVERSE,10534
1716731101069,paho778108992916869,topic/maintenance,METAVERSE,10373
1716731101069,paho778108992916869,topic/maintenance,METAVERSE,10330
1716731101069,paho778108992916869,topic/maintenance,METAVERSE,10313
1716731101069,paho778108992916869,topic/maintenance,METAVERSE,10386
1716731101069,paho778108992916869,topic/maintenance,METAVERSE,10102
1716731101069,paho778108992916869,topic/maintenance,METAVERSE,10045
1716731101069,paho778108992916869,topic/maintenance,METAVERSE,10053
1716731101069,paho778108992916869,topic/maintenance,METAVERSE,9849
1716731101069,paho778108992916869,topic/maintenance,METAVERSE,9780
1716731101069,paho778108992916869,topic/maintenance,METAVERSE,9778
1716731101069,paho778108992916869,topic/maintenance,METAVERSE,9761
1716731101069,paho778108992916869,topic/maintenance,METAVERSE,9538
1716731101069,paho778108992916869,topic/maintenance,METAVERSE,9618
1716731101069,paho778108992916869,topic/maintenance,METAVERSE,9422
1716731101069,paho778108992916869,topic/maintenance,METAVERSE,9401
1716731101069,paho778108992916869,topic/maintenance,METAVERSE,9293
1716731101069,paho778108992916869,topic/maintenance,METAVERSE,9274
1716731101069,paho778108992916869,topic/maintenance,METAVERSE,9085
1716731101069,paho778108992916869,topic/maintenance,METAVERSE,8930
1716731101069,paho778108992916869,topic/maintenance,METAVERSE,8919
1716731101069,paho778108992916869,topic/maintenance,METAVERSE,9030
1716731101070,paho778108992916869,topic/maintenance,METAVERSE,8863
1716731101070,paho778108992916869,topic/maintenance,METAVERSE,8838
1716731101070,paho778108992916869,topic/maintenance,METAVERSE,8808
1716731101070,paho778108992916869,topic/maintenance,METAVERSE,8763
1716731101070,paho778108992916869,topic/maintenance,METAVERSE,8752
1716731101070,paho778108992916869,topic/maintenance,METAVERSE,8659
1716731101070,paho778108992916869,topic/maintenance,METAVERSE,8619
1716731101070,paho778108992916869,topic/maintenance,METAVERSE,8592
1716731101070,paho778108992916869,topic/maintenance,METAVERSE,8580
1716731101070,paho778108992916869,topic/maintenance,METAVERSE,8610
1716731101070,paho778108992916869,topic/maintenance,METAVERSE,8031
1716731101076,paho778108992916869,topic/maintenance,METAVERSE,7852
1716731101176,paho778108992916869,topic/maintenance,METAVERSE,7905
1716731101224,paho778108992916869,topic/maintenance,METAVERSE,7945
1716731101272,paho778108992916869,topic/maintenance,METAVERSE,7929
1716731101346,paho778108989201561,topic/d/lighting,METAVERSE,12
1716731101347,paho778108992691678,topic/d/lighting,METAVERSE,13
1716731101408,paho778108989201561,topic/b/lighting,METAVERSE,129
1716731101408,paho778108992691678,topic/b/lighting,METAVERSE,129
1716731101593,paho778108989201561,topic/g/noise,METAVERSE,14
1716731101669,paho778108989201561,topic/d/lighting,METAVERSE,14
1716731101670,paho778108992691678,topic/d/lighting,METAVERSE,15
1716731101737,paho778108989201561,topic/d/noise,METAVERSE,10
1716731101832,paho778108989201561,topic/c/rfid,METAVERSE,22
1716731101833,paho778108992345992,topic/queueing,METAVERSE,23
1716731101843,paho778108989201561,topic/e/lighting,METAVERSE,8
1716731101845,paho778108992691678,topic/e/lighting,METAVERSE,10
1716731101847,paho778108989201561,topic/g/lighting,METAVERSE,15
1716731101848,paho778108992691678,topic/g/lighting,METAVERSE,16
1716731102234,paho778108989201561,topic/d/noise,METAVERSE,9
1716731102261,paho778108989201561,topic/g/lighting,METAVERSE,10
1716731102261,paho778108992691678,topic/g/lighting,METAVERSE,10
1716731102436,paho778108989201561,topic/s/noise,METAVERSE,9
1716731102536,paho778108992691678,topic/s/lighting,METAVERSE,10
1716731102536,paho778108989201561,topic/s/lighting,METAVERSE,10
1716731102611,paho778108989201561,topic/s/noise,METAVERSE,12
1716731102624,paho778108989201561,topic/g/noise,METAVERSE,9
1716731103308,paho778108989201561,topic/e/noise,METAVERSE,9
1716731103874,paho778108989201561,topic/b/noise,METAVERSE,142
1716731103928,paho778108992916869,topic/maintenance,METAVERSE,10373
1716731103929,paho778108992916869,topic/maintenance,METAVERSE,10468
1716731103929,paho778108992916869,topic/maintenance,METAVERSE,10250
1716731103929,paho778108992916869,topic/maintenance,METAVERSE,10274
1716731103929,paho778108992916869,topic/maintenance,METAVERSE,10271
1716731103929,paho778108992916869,topic/maintenance,METAVERSE,10234
1716731103929,paho778108992916869,topic/maintenance,METAVERSE,9982
1716731103929,paho778108992916869,topic/maintenance,METAVERSE,9889
1716731103929,paho778108992916869,topic/maintenance,METAVERSE,9781
1716731103929,paho778108992916869,topic/maintenance,METAVERSE,9642
1716731103929,paho778108992916869,topic/maintenance,METAVERSE,9596
1716731103929,paho778108992916869,topic/maintenance,METAVERSE,9384
1716731103929,paho778108992916869,topic/maintenance,METAVERSE,9467
1716731103929,paho778108992916869,topic/maintenance,METAVERSE,9235
1716731103929,paho778108992916869,topic/maintenance,METAVERSE,9202
1716731103929,paho778108992916869,topic/maintenance,METAVERSE,8906
1716731103929,paho778108992916869,topic/maintenance,METAVERSE,8978
1716731103929,paho778108992916869,topic/maintenance,METAVERSE,8975
1716731103929,paho778108992916869,topic/maintenance,METAVERSE,8875
1716731103929,paho778108992916869,topic/maintenance,METAVERSE,8831
1716731103929,paho778108992916869,topic/maintenance,METAVERSE,8704
1716731103929,paho778108992916869,topic/maintenance,METAVERSE,8585
1716731103929,paho778108992916869,topic/maintenance,METAVERSE,8500
1716731103929,paho778108992916869,topic/maintenance,METAVERSE,8478
1716731103929,paho778108992916869,topic/maintenance,METAVERSE,8434
1716731103929,paho778108992916869,topic/maintenance,METAVERSE,8226
1716731103929,paho778108992916869,topic/maintenance,METAVERSE,8326
1716731103929,paho778108992916869,topic/maintenance,METAVERSE,8170
1716731103929,paho778108992916869,topic/maintenance,METAVERSE,8106
1716731103929,paho778108992916869,topic/maintenance,METAVERSE,7821
1716731103929,paho778108992916869,topic/maintenance,METAVERSE,7641
1716731103929,paho778108992916869,topic/maintenance,METAVERSE,7576
1716731103929,paho778108992916869,topic/maintenance,METAVERSE,7386
1716731103980,paho778108992916869,topic/maintenance,METAVERSE,7391
1716731103996,paho778108989201561,topic/e/lighting,METAVERSE,14
1716731103996,paho778108992691678,topic/e/lighting,METAVERSE,14
1716731104024,paho778108989201561,topic/b/lighting,METAVERSE,167
1716731104024,paho778108992691678,topic/b/lighting,METAVERSE,167
1716731104076,paho778108992916869,topic/maintenance,METAVERSE,7580
1716731104130,paho778108989201561,topic/b/noise,METAVERSE,131
1716731104176,paho778108992916869,topic/maintenance,METAVERSE,7536
1716731104226,paho778108992916869,topic/maintenance,METAVERSE,7530
1716731104227,paho778108992916869,topic/maintenance,METAVERSE,7016
1716731104234,paho778108989201561,topic/c/lighting,METAVERSE,11
1716731104236,paho778108992691678,topic/c/lighting,METAVERSE,13
1716731104241,paho778108989201561,topic/c/noise,METAVERSE,17
1716731104249,paho778108989201561,topic/v/lighting,METAVERSE,14
1716731104250,paho778108992691678,topic/v/lighting,METAVERSE,15
1716731104359,paho778108989201561,topic/c/lighting,METAVERSE,84
1716731104360,paho778108992691678,topic/c/lighting,METAVERSE,85
1716731104573,paho778108989201561,topic/v/noise,METAVERSE,10
1716731104703,paho778108989201561,topic/b/lighting,METAVERSE,135
1716731104704,paho778108992691678,topic/b/lighting,METAVERSE,136
1716731104747,paho778108989201561,topic/s/lighting,METAVERSE,8
1716731104748,paho778108992691678,topic/s/lighting,METAVERSE,9
1716731105063,paho778108989201561,topic/b/lighting,METAVERSE,134
1716731105064,paho778108992691678,topic/b/lighting,METAVERSE,135
1716731105092,paho778108989201561,topic/b/noise,METAVERSE,138
1716731105103,paho778108989201561,topic/b/lighting,METAVERSE,144
1716731105104,paho778108992691678,topic/b/lighting,METAVERSE,145
1716731105571,paho778108989201561,topic/e/noise,METAVERSE,11
1716731105902,paho778108989201561,topic/b/noise,METAVERSE,155
1716731106072,paho778108992916869,topic/maintenance,METAVERSE,8961
1716731106072,paho778108992916869,topic/maintenance,METAVERSE,8838
1716731106073,paho778108992916869,topic/maintenance,METAVERSE,8726
1716731106073,paho778108992916869,topic/maintenance,METAVERSE,8650
1716731106073,paho778108992916869,topic/maintenance,METAVERSE,8582
1716731106073,paho778108992916869,topic/maintenance,METAVERSE,8543
1716731106073,paho778108992916869,topic/maintenance,METAVERSE,8542
1716731106073,paho778108992916869,topic/maintenance,METAVERSE,8575
1716731106073,paho778108992916869,topic/maintenance,METAVERSE,8366
1716731106073,paho778108992916869,topic/maintenance,METAVERSE,8030
1716731106073,paho778108992916869,topic/maintenance,METAVERSE,7950
1716731106073,paho778108992916869,topic/maintenance,METAVERSE,7778
1716731106073,paho778108992916869,topic/maintenance,METAVERSE,7774
1716731106073,paho778108992916869,topic/maintenance,METAVERSE,7706
1716731106073,paho778108992916869,topic/maintenance,METAVERSE,7572
1716731106073,paho778108992916869,topic/maintenance,METAVERSE,7377
1716731106073,paho778108992916869,topic/maintenance,METAVERSE,7306
1716731106073,paho778108992916869,topic/maintenance,METAVERSE,7098
1716731106073,paho778108992916869,topic/maintenance,METAVERSE,7125
1716731106073,paho778108992916869,topic/maintenance,METAVERSE,6970
1716731106073,paho778108992916869,topic/maintenance,METAVERSE,6957
1716731106076,paho778108992916869,topic/maintenance,METAVERSE,6857
1716731106124,paho778108992916869,topic/maintenance,METAVERSE,6871
1716731106127,paho778108992916869,topic/maintenance,METAVERSE,6981
1716731106227,paho778108992916869,topic/maintenance,METAVERSE,6878
1716731106376,paho778108992916869,topic/maintenance,METAVERSE,6829
1716731106389,paho778108989201561,topic/d/lighting,METAVERSE,9
1716731106389,paho778108992691678,topic/d/lighting,METAVERSE,9
1716731106424,paho778108992916869,topic/maintenance,METAVERSE,6905
1716731106443,paho778108989201561,topic/b/lighting,METAVERSE,128
1716731106444,paho778108992691678,topic/b/lighting,METAVERSE,129
1716731106524,paho778108992916869,topic/maintenance,METAVERSE,6765
1716731106524,paho778108992916869,topic/maintenance,METAVERSE,6688
1716731106580,paho778108992916869,topic/maintenance,METAVERSE,6626
1716731106581,paho778108992916869,topic/maintenance,METAVERSE,6435
1716731106628,paho778108992916869,topic/maintenance,METAVERSE,6328
1716731106645,paho778108989201561,topic/g/noise,METAVERSE,10
1716731106759,paho778108989201561,topic/d/noise,METAVERSE,28
1716731106761,paho778108989201561,topic/d/lighting,METAVERSE,30
1716731106761,paho778108992691678,topic/d/lighting,METAVERSE,30
1716731106776,paho778108992916869,topic/maintenance,METAVERSE,6406
1716731106848,paho778108989201561,topic/g/lighting,METAVERSE,9
1716731106849,paho778108992691678,topic/g/lighting,METAVERSE,10
1716731106874,paho778108992916869,topic/maintenance,METAVERSE,6378
1716731106874,paho778108992916869,topic/maintenance,METAVERSE,6274
1716731106879,paho778108989201561,topic/e/lighting,METAVERSE,39
1716731106880,paho778108992691678,topic/e/lighting,METAVERSE,40
1716731106927,paho778108992916869,topic/maintenance,METAVERSE,6391
1716731106976,paho778108992916869,topic/maintenance,METAVERSE,6329
1716731107079,paho778108992916869,topic/maintenance,METAVERSE,6408
1716731107174,paho778108992916869,topic/maintenance,METAVERSE,6352
1716731107242,paho778108989201561,topic/d/noise,METAVERSE,10
1716731107272,paho778108989201561,topic/g/lighting,METAVERSE,9
1716731107272,paho778108992691678,topic/g/lighting,METAVERSE,9
1716731107329,paho778108992916869,topic/maintenance,METAVERSE,6111
1716731107427,paho778108992916869,topic/maintenance,METAVERSE,6172
1716731107436,paho778108989201561,topic/s/noise,METAVERSE,8
1716731107528,paho778108992916869,topic/maintenance,METAVERSE,6362
1716731107567,paho778108989201561,topic/s/lighting,METAVERSE,34
1716731107568,paho778108992691678,topic/s/lighting,METAVERSE,35
1716731107637,paho778108989201561,topic/g/noise,METAVERSE,10
1716731107663,paho778108989201561,topic/s/noise,METAVERSE,24
1716731107724,paho778108992916869,topic/maintenance,METAVERSE,6365
1716731107824,paho778108992916869,topic/maintenance,METAVERSE,6329
1716731107880,paho778108992916869,topic/maintenance,METAVERSE,6301
1716731107920,paho778108992916869,topic/maintenance,METAVERSE,6377
1716731107920,paho778108992916869,topic/maintenance,METAVERSE,6193
1716731108176,paho778108992916869,topic/maintenance,METAVERSE,6389
1716731108225,paho778108992916869,topic/maintenance,METAVERSE,6000
1716731108226,paho778108992916869,topic/maintenance,METAVERSE,6043
1716731108227,paho778108992916869,topic/maintenance,METAVERSE,5926
1716731108312,paho778108989201561,topic/e/noise,METAVERSE,9
1716731108428,paho778108992916869,topic/maintenance,METAVERSE,6113
1716731108528,paho778108992916869,topic/maintenance,METAVERSE,6213
1716731108674,paho778108992916869,topic/maintenance,METAVERSE,6279
1716731108724,paho778108992916869,topic/maintenance,METAVERSE,6297
1716731108882,paho778108989201561,topic/b/noise,METAVERSE,127
1716731108976,paho778108992916869,topic/maintenance,METAVERSE,6377
1716731109034,paho778108989201561,topic/e/lighting,METAVERSE,9
1716731109034,paho778108992691678,topic/e/lighting,METAVERSE,9
1716731109038,paho778108989201561,topic/b/lighting,METAVERSE,134
1716731109041,paho778108992691678,topic/b/lighting,METAVERSE,137
1716731109076,paho778108992916869,topic/maintenance,METAVERSE,6461
1716731109125,paho778108992916869,topic/maintenance,METAVERSE,6579
1716731109133,paho778108989201561,topic/b/noise,METAVERSE,126
1716731109258,paho778108989201561,topic/c/lighting,METAVERSE,11
1716731109260,paho778108992691678,topic/c/lighting,METAVERSE,13
1716731109262,paho778108989201561,topic/c/noise,METAVERSE,27
1716731109274,paho778108992916869,topic/maintenance,METAVERSE,6133
1716731109275,paho778108992916869,topic/maintenance,METAVERSE,6005
1716731109275,paho778108992916869,topic/maintenance,METAVERSE,5976
1716731109275,paho778108992916869,topic/maintenance,METAVERSE,6068
1716731109291,paho778108989201561,topic/v/lighting,METAVERSE,24
1716731109292,paho778108992691678,topic/v/lighting,METAVERSE,25
1716731109367,paho778108989201561,topic/c/lighting,METAVERSE,8
1716731109368,paho778108992691678,topic/c/lighting,METAVERSE,9
1716731109374,paho778108992916869,topic/maintenance,METAVERSE,6015
1716731109574,paho778108989201561,topic/v/noise,METAVERSE,10
1716731109576,paho778108992916869,topic/maintenance,METAVERSE,6035
1716731109724,paho778108992916869,topic/maintenance,METAVERSE,6163
1716731109729,paho778108989201561,topic/b/lighting,METAVERSE,130
1716731109730,paho778108992691678,topic/b/lighting,METAVERSE,131
1716731109767,paho778108989201561,topic/s/lighting,METAVERSE,8
1716731109768,paho778108992691678,topic/s/lighting,METAVERSE,9
1716731109780,paho778108992916869,topic/maintenance,METAVERSE,5969
1716731109874,paho778108992916869,topic/maintenance,METAVERSE,6142
1716731109884,paho778108989201561,topic/c/rfid,METAVERSE,17
1716731109885,paho778108992345992,topic/queueing,METAVERSE,18
1716731109925,paho778108992916869,topic/maintenance,METAVERSE,6006
1716731109926,paho778108992916869,topic/maintenance,METAVERSE,5927
1716731109926,paho778108992916869,topic/maintenance,METAVERSE,5702
1716731109926,paho778108992916869,topic/maintenance,METAVERSE,5624
1716731109926,paho778108992916869,topic/maintenance,METAVERSE,5711
1716731109932,paho778108992916869,topic/maintenance,METAVERSE,5505
1716731109977,paho778108992916869,topic/maintenance,METAVERSE,5414
1716731110028,paho778108992916869,topic/maintenance,METAVERSE,5358
1716731110032,paho778108992916869,topic/maintenance,METAVERSE,5454
1716731110094,paho778108989201561,topic/b/lighting,METAVERSE,144
1716731110095,paho778108992691678,topic/b/lighting,METAVERSE,145
1716731110097,paho778108989201561,topic/b/noise,METAVERSE,142
1716731110099,paho778108992691678,topic/b/lighting,METAVERSE,139
1716731110099,paho778108989201561,topic/b/lighting,METAVERSE,139
1716731110180,paho778108992916869,topic/maintenance,METAVERSE,5226
1716731110274,paho778108992916869,topic/maintenance,METAVERSE,5000
1716731110275,paho778108992916869,topic/maintenance,METAVERSE,5059
1716731110428,paho778108992916869,topic/maintenance,METAVERSE,5059
1716731110574,paho778108992916869,topic/maintenance,METAVERSE,5014
1716731110580,paho778108992916869,topic/maintenance,METAVERSE,4977
1716731110647,paho778108989201561,topic/e/noise,METAVERSE,11
1716731110726,paho778108992916869,topic/maintenance,METAVERSE,4903
1716731110727,paho778108992916869,topic/maintenance,METAVERSE,4980
1716731110776,paho778108992916869,topic/maintenance,METAVERSE,4917
1716731110779,paho778108992916869,topic/maintenance,METAVERSE,4752
1716731110828,paho778108992916869,topic/maintenance,METAVERSE,4517
1716731110911,paho778108989201561,topic/b/noise,METAVERSE,132
1716731110975,paho778108992916869,topic/maintenance,METAVERSE,4759
1716731111179,paho778108992916869,topic/maintenance,METAVERSE,4744
1716731111328,paho778108992916869,topic/maintenance,METAVERSE,4693
1716731111424,paho778108992916869,topic/maintenance,METAVERSE,4756
1716731111452,paho778108989201561,topic/d/lighting,METAVERSE,66
1716731111452,paho778108992691678,topic/d/lighting,METAVERSE,66
1716731111462,paho778108989201561,topic/b/lighting,METAVERSE,131
1716731111462,paho778108992691678,topic/b/lighting,METAVERSE,131
1716731111483,paho778108992916869,topic/maintenance,METAVERSE,4864
1716731111484,paho778108992916869,topic/maintenance,METAVERSE,4753
1716731111651,paho778108989201561,topic/g/noise,METAVERSE,10
1716731111754,paho778108989201561,topic/d/noise,METAVERSE,15
1716731111756,paho778108989201561,topic/d/lighting,METAVERSE,17
1716731111757,paho778108992691678,topic/d/lighting,METAVERSE,18
1716731111852,paho778108989201561,topic/g/lighting,METAVERSE,8
1716731111853,paho778108992691678,topic/g/lighting,METAVERSE,9
1716731111928,paho778108992916869,topic/maintenance,METAVERSE,5068
1716731111936,paho778108989201561,topic/e/lighting,METAVERSE,16
1716731111936,paho778108992691678,topic/e/lighting,METAVERSE,16
1716731111980,paho778108992916869,topic/maintenance,METAVERSE,4812
1716731112253,paho778108989201561,topic/d/noise,METAVERSE,10
1716731112278,paho778108992916869,topic/maintenance,METAVERSE,5046
1716731112291,paho778108989201561,topic/g/lighting,METAVERSE,8
1716731112292,paho778108992691678,topic/g/lighting,METAVERSE,9
1716731112324,paho778108992916869,topic/maintenance,METAVERSE,5050
1716731112425,paho778108992916869,topic/maintenance,METAVERSE,5206
1716731112445,paho778108989201561,topic/s/noise,METAVERSE,10
1716731112616,paho778108989201561,topic/s/lighting,METAVERSE,31
1716731112617,paho778108992691678,topic/s/lighting,METAVERSE,32
1716731112673,paho778108989201561,topic/g/noise,METAVERSE,10
1716731112715,paho778108989201561,topic/s/noise,METAVERSE,9
1716731112945,paho778108992345992,topic/occupancy,METAVERSE,32525
1716731112945,paho778108992345992,topic/occupancy,METAVERSE,32468
1716731112945,paho778108992345992,topic/occupancy,METAVERSE,32496
1716731112946,paho778108992345992,topic/occupancy,METAVERSE,32308
1716731112946,paho778108992345992,topic/occupancy,METAVERSE,31759
1716731112946,paho778108992345992,topic/occupancy,METAVERSE,31650
1716731112946,paho778108992345992,topic/occupancy,METAVERSE,31526
1716731112946,paho778108992345992,topic/occupancy,METAVERSE,31329
1716731112946,paho778108992345992,topic/occupancy,METAVERSE,31394
1716731112946,paho778108992345992,topic/occupancy,METAVERSE,31278
1716731112946,paho778108992345992,topic/occupancy,METAVERSE,30476
1716731112946,paho778108992345992,topic/occupancy,METAVERSE,30438
1716731112946,paho778108992345992,topic/occupancy,METAVERSE,30479
1716731112946,paho778108992345992,topic/occupancy,METAVERSE,30267
1716731112946,paho778108992345992,topic/occupancy,METAVERSE,29754
1716731112946,paho778108992345992,topic/occupancy,METAVERSE,29644
1716731112946,paho778108992345992,topic/occupancy,METAVERSE,29500
1716731112946,paho778108992345992,topic/occupancy,METAVERSE,29386
1716731112946,paho778108992345992,topic/occupancy,METAVERSE,29296
1716731113329,paho778108989201561,topic/e/noise,METAVERSE,10
1716731113716,paho778108992916869,topic/maintenance,METAVERSE,6347
1716731113717,paho778108992916869,topic/maintenance,METAVERSE,6289
1716731113717,paho778108992916869,topic/maintenance,METAVERSE,6090
1716731113717,paho778108992916869,topic/maintenance,METAVERSE,6078
1716731113717,paho778108992916869,topic/maintenance,METAVERSE,6090
1716731113717,paho778108992916869,topic/maintenance,METAVERSE,5878
1716731113717,paho778108992916869,topic/maintenance,METAVERSE,5774
1716731113717,paho778108992916869,topic/maintenance,METAVERSE,5643
1716731113717,paho778108992916869,topic/maintenance,METAVERSE,5602
1716731113717,paho778108992916869,topic/maintenance,METAVERSE,5414
1716731113717,paho778108992916869,topic/maintenance,METAVERSE,5382
1716731113717,paho778108992916869,topic/maintenance,METAVERSE,5498
1716731113717,paho778108992916869,topic/maintenance,METAVERSE,5269
1716731113717,paho778108992916869,topic/maintenance,METAVERSE,5089
1716731113717,paho778108992916869,topic/maintenance,METAVERSE,4962
1716731113717,paho778108992916869,topic/maintenance,METAVERSE,4617
1716731113717,paho778108992916869,topic/maintenance,METAVERSE,4710
1716731113728,paho778108992916869,topic/maintenance,METAVERSE,4612
1716731113901,paho778108989201561,topic/b/noise,METAVERSE,142
1716731113924,paho778108992916869,topic/maintenance,METAVERSE,4765
1716731113975,paho778108992916869,topic/maintenance,METAVERSE,4776
1716731114044,paho778108989201561,topic/e/lighting,METAVERSE,9
1716731114044,paho778108992691678,topic/e/lighting,METAVERSE,9
1716731114050,paho778108989201561,topic/b/lighting,METAVERSE,137
1716731114050,paho778108992691678,topic/b/lighting,METAVERSE,137
1716731114127,paho778108992916869,topic/maintenance,METAVERSE,4892
1716731114187,paho778108989201561,topic/b/noise,METAVERSE,128
1716731114224,paho778108992916869,topic/maintenance,METAVERSE,4949
1716731114266,paho778108989201561,topic/c/lighting,METAVERSE,8
1716731114267,paho778108992691678,topic/c/lighting,METAVERSE,9
1716731114281,paho778108989201561,topic/c/noise,METAVERSE,10
1716731114315,paho778108989201561,topic/v/lighting,METAVERSE,8
1716731114316,paho778108992691678,topic/v/lighting,METAVERSE,9
1716731114385,paho778108989201561,topic/c/lighting,METAVERSE,8
1716731114386,paho778108992691678,topic/c/lighting,METAVERSE,9
1716731114479,paho778108992916869,topic/maintenance,METAVERSE,5232
1716731114526,paho778108992916869,topic/maintenance,METAVERSE,5147
1716731114577,paho778108989201561,topic/v/noise,METAVERSE,10
1716731114678,paho778108992916869,topic/maintenance,METAVERSE,5297
1716731114690,paho778108989201561,topic/b/lighting,METAVERSE,90
1716731114690,paho778108992691678,topic/b/lighting,METAVERSE,90
1716731114724,paho778108992916869,topic/maintenance,METAVERSE,5238
1716731114772,paho778108989201561,topic/s/lighting,METAVERSE,10
1716731114773,paho778108992691678,topic/s/lighting,METAVERSE,11
1716731114775,paho778108992916869,topic/maintenance,METAVERSE,5256
1716731114775,paho778108992916869,topic/maintenance,METAVERSE,5246
1716731114775,paho778108992916869,topic/maintenance,METAVERSE,5211
1716731114775,paho778108992916869,topic/maintenance,METAVERSE,5133
1716731114775,paho778108992916869,topic/maintenance,METAVERSE,5140
1716731114776,paho778108992916869,topic/maintenance,METAVERSE,4920
1716731114776,paho778108992916869,topic/maintenance,METAVERSE,4813
1716731114776,paho778108992916869,topic/maintenance,METAVERSE,4821
1716731114776,paho778108992916869,topic/maintenance,METAVERSE,4629
1716731114776,paho778108992916869,topic/maintenance,METAVERSE,4425
1716731114776,paho778108992916869,topic/maintenance,METAVERSE,4526
1716731114776,paho778108992916869,topic/maintenance,METAVERSE,4337
1716731114776,paho778108992916869,topic/maintenance,METAVERSE,4313
1716731114776,paho778108992916869,topic/maintenance,METAVERSE,4140
1716731115040,paho778108989201561,topic/b/noise,METAVERSE,85
1716731115061,paho778108989201561,topic/b/lighting,METAVERSE,90
1716731115062,paho778108992691678,topic/b/lighting,METAVERSE,91
1716731115066,paho778108989201561,topic/b/lighting,METAVERSE,87
1716731115078,paho778108992691678,topic/b/lighting,METAVERSE,99
1716731115125,paho778108992916869,topic/maintenance,METAVERSE,4409
1716731115126,paho778108992916869,topic/maintenance,METAVERSE,4375
1716731115168,paho778108992916869,topic/maintenance,METAVERSE,4532
1716731115168,paho778108992916869,topic/maintenance,METAVERSE,4389
1716731115168,paho778108992916869,topic/maintenance,METAVERSE,4177
1716731115168,paho778108992916869,topic/maintenance,METAVERSE,3949
1716731115228,paho778108992916869,topic/maintenance,METAVERSE,3925
1716731115380,paho778108992916869,topic/maintenance,METAVERSE,4065
1716731115672,paho778108989201561,topic/e/noise,METAVERSE,9
1716731115680,paho778108992916869,topic/maintenance,METAVERSE,4333
1716731115876,paho778108992916869,topic/maintenance,METAVERSE,4487
1716731115894,paho778108989201561,topic/b/noise,METAVERSE,100
1716731115932,paho778108989201561,topic/c/rfid,METAVERSE,16
1716731115933,paho778108992345992,topic/queueing,METAVERSE,17
1716731115975,paho778108992916869,topic/maintenance,METAVERSE,4545
1716731116016,paho778108992916869,topic/maintenance,METAVERSE,4709
1716731116016,paho778108992916869,topic/maintenance,METAVERSE,4375
1716731116016,paho778108992916869,topic/maintenance,METAVERSE,4277
1716731116016,paho778108992916869,topic/maintenance,METAVERSE,4372
1716731116016,paho778108992916869,topic/maintenance,METAVERSE,4143
1716731116016,paho778108992916869,topic/maintenance,METAVERSE,4097
1716731116016,paho778108992916869,topic/maintenance,METAVERSE,4042
1716731116016,paho778108992916869,topic/maintenance,METAVERSE,4025
1716731116016,paho778108992916869,topic/maintenance,METAVERSE,3865
1716731116016,paho778108992916869,topic/maintenance,METAVERSE,3849
1716731116016,paho778108992916869,topic/maintenance,METAVERSE,3814
1716731116016,paho778108992916869,topic/maintenance,METAVERSE,3773
1716731116128,paho778108992916869,topic/maintenance,METAVERSE,3809
1716731116224,paho778108992916869,topic/maintenance,METAVERSE,3885
1716731116268,paho778108992916869,topic/maintenance,METAVERSE,3917
1716731116278,paho778108992916869,topic/maintenance,METAVERSE,3967
1716731116324,paho778108992916869,topic/maintenance,METAVERSE,3889
1716731116379,paho778108992916869,topic/maintenance,METAVERSE,3837
1716731116426,paho778108992916869,topic/maintenance,METAVERSE,3763
1716731116458,paho778108989201561,topic/d/lighting,METAVERSE,10
1716731116458,paho778108992691678,topic/d/lighting,METAVERSE,10
1716731116480,paho778108992691678,topic/b/lighting,METAVERSE,137
1716731116482,paho778108989201561,topic/b/lighting,METAVERSE,139
1716731116525,paho778108992916869,topic/maintenance,METAVERSE,3819
1716731116526,paho778108992916869,topic/maintenance,METAVERSE,3875
1716731116526,paho778108992916869,topic/maintenance,METAVERSE,3207
1716731116624,paho778108992916869,topic/maintenance,METAVERSE,3302
1716731116682,paho778108989201561,topic/g/noise,METAVERSE,23
1716731116725,paho778108992916869,topic/maintenance,METAVERSE,3366
1716731116725,paho778108992916869,topic/maintenance,METAVERSE,3334
1716731116725,paho778108992916869,topic/maintenance,METAVERSE,3396
1716731116769,paho778108989201561,topic/d/lighting,METAVERSE,15
1716731116769,paho778108992691678,topic/d/lighting,METAVERSE,15
1716731116771,paho778108989201561,topic/d/noise,METAVERSE,17
1716731116783,paho778108992916869,topic/maintenance,METAVERSE,3111
1716731116783,paho778108992916869,topic/maintenance,METAVERSE,3124
1716731116876,paho778108989201561,topic/g/lighting,METAVERSE,9
1716731116876,paho778108992691678,topic/g/lighting,METAVERSE,9
1716731116941,paho778108989201561,topic/e/lighting,METAVERSE,10
1716731116941,paho778108992691678,topic/e/lighting,METAVERSE,10
1716731116976,paho778108992916869,topic/maintenance,METAVERSE,3302
1716731117024,paho778108992916869,topic/maintenance,METAVERSE,3329
1716731117068,paho778108992916869,topic/maintenance,METAVERSE,3309
1716731117068,paho778108992916869,topic/maintenance,METAVERSE,3133
1716731117068,paho778108992916869,topic/maintenance,METAVERSE,3009
1716731117124,paho778108992916869,topic/maintenance,METAVERSE,2853
1716731117168,paho778108992916869,topic/maintenance,METAVERSE,2769
1716731117168,paho778108992916869,topic/maintenance,METAVERSE,2797
1716731117178,paho778108992916869,topic/maintenance,METAVERSE,2611
1716731117178,paho778108992916869,topic/maintenance,METAVERSE,2619
1716731117204,paho778108992916869,topic/maintenance,METAVERSE,2544
1716731117227,paho778108992916869,topic/maintenance,METAVERSE,2500
1716731117273,paho778108989201561,topic/d/noise,METAVERSE,10
1716731117276,paho778108992916869,topic/maintenance,METAVERSE,2321
1716731117308,paho778108992691678,topic/g/lighting,METAVERSE,9
1716731117307,paho778108989201561,topic/g/lighting,METAVERSE,8
1716731117320,paho778108992916869,topic/maintenance,METAVERSE,2157
1716731117320,paho778108992916869,topic/maintenance,METAVERSE,2100
1716731117327,paho778108992916869,topic/maintenance,METAVERSE,2072
1716731117426,paho778108992916869,topic/maintenance,METAVERSE,2096
1716731117446,paho778108989201561,topic/s/noise,METAVERSE,10
1716731117476,paho778108992916869,topic/maintenance,METAVERSE,2080
1716731117519,paho778108992916869,topic/maintenance,METAVERSE,2145
1716731117528,paho778108992916869,topic/maintenance,METAVERSE,1973
1716731117528,paho778108992916869,topic/maintenance,METAVERSE,1865
1716731117528,paho778108992916869,topic/maintenance,METAVERSE,1852
1716731117579,paho778108992916869,topic/maintenance,METAVERSE,1903
1716731117628,paho778108992916869,topic/maintenance,METAVERSE,1963
1716731117628,paho778108992916869,topic/maintenance,METAVERSE,1876
1716731117628,paho778108992916869,topic/maintenance,METAVERSE,1834
1716731117646,paho778108989201561,topic/s/lighting,METAVERSE,16
1716731117647,paho778108992691678,topic/s/lighting,METAVERSE,17
1716731117695,paho778108989201561,topic/g/noise,METAVERSE,12
1716731117722,paho778108989201561,topic/s/noise,METAVERSE,9
1716731117825,paho778108992916869,topic/maintenance,METAVERSE,1958
1716731117928,paho778108992916869,topic/maintenance,METAVERSE,1989
1716731117954,paho778108992916869,topic/maintenance,METAVERSE,1959
1716731117954,paho778108992916869,topic/maintenance,METAVERSE,1549
1716731117954,paho778108992916869,topic/maintenance,METAVERSE,1547
1716731117954,paho778108992916869,topic/maintenance,METAVERSE,1363
1716731118124,paho778108992916869,topic/maintenance,METAVERSE,1465
1716731118224,paho778108992916869,topic/maintenance,METAVERSE,1470
1716731118224,paho778108992916869,topic/maintenance,METAVERSE,1559
1716731118279,paho778108992916869,topic/maintenance,METAVERSE,1109
1716731118324,paho778108992916869,topic/maintenance,METAVERSE,1141
1716731118324,paho778108992916869,topic/maintenance,METAVERSE,1061
1716731118335,paho778108989201561,topic/e/noise,METAVERSE,15
1716731118380,paho778108992916869,topic/maintenance,METAVERSE,1049
1716731118427,paho778108992916869,topic/maintenance,METAVERSE,1012
1716731118427,paho778108992916869,topic/maintenance,METAVERSE,991
1716731118427,paho778108992916869,topic/maintenance,METAVERSE,1019
1716731118476,paho778108992916869,topic/maintenance,METAVERSE,793
1716731118520,paho778108992916869,topic/maintenance,METAVERSE,807
1716731118520,paho778108992916869,topic/maintenance,METAVERSE,825
1716731118524,paho778108992916869,topic/maintenance,METAVERSE,577
1716731118576,paho778108992916869,topic/maintenance,METAVERSE,256
1716731118619,paho778108992916869,topic/maintenance,METAVERSE,192
1716731118642,paho778108992916869,topic/maintenance,METAVERSE,234
1716731118724,paho778108992916869,topic/maintenance,METAVERSE,79
1716731118876,paho778108992916869,topic/maintenance,METAVERSE,157
1716731118914,paho778108989201561,topic/b/noise,METAVERSE,148
1716731118926,paho778108992916869,topic/maintenance,METAVERSE,160
1716731119054,paho778108989201561,topic/e/lighting,METAVERSE,8
1716731119055,paho778108992691678,topic/e/lighting,METAVERSE,9
1716731119082,paho778108989201561,topic/b/lighting,METAVERSE,143
1716731119082,paho778108992691678,topic/b/lighting,METAVERSE,143
1716731119219,paho778108989201561,topic/b/noise,METAVERSE,143
1716731119229,paho778108992916869,topic/maintenance,METAVERSE,42
1716731119229,paho778108992916869,topic/maintenance,METAVERSE,153
1716731119268,paho778108989201561,topic/c/lighting,METAVERSE,9
1716731119268,paho778108992691678,topic/c/lighting,METAVERSE,9
1716731119309,paho778108989201561,topic/c/noise,METAVERSE,11
1716731119329,paho778108989201561,topic/v/lighting,METAVERSE,9
1716731119329,paho778108992691678,topic/v/lighting,METAVERSE,9
1716731119397,paho778108989201561,topic/c/lighting,METAVERSE,19
1716731119397,paho778108992691678,topic/c/lighting,METAVERSE,19
1716731119426,paho778108992916869,topic/maintenance,METAVERSE,199
1716731119455,paho778108992916869,topic/maintenance,METAVERSE,157
1716731119455,paho778108992916869,topic/maintenance,METAVERSE,107
1716731119477,paho778108992916869,topic/maintenance,METAVERSE,37
1716731119576,paho778108992916869,topic/maintenance,METAVERSE,160
1716731119589,paho778108989201561,topic/v/noise,METAVERSE,19
1716731119676,paho778108992916869,topic/maintenance,METAVERSE,106
1716731119696,paho778108992916869,topic/maintenance,METAVERSE,9
1716731119704,paho778108989201561,topic/b/lighting,METAVERSE,81
1716731119705,paho778108992691678,topic/b/lighting,METAVERSE,82
1716731119777,paho778108989201561,topic/s/lighting,METAVERSE,11
1716731119778,paho778108992691678,topic/s/lighting,METAVERSE,12
1716731119816,paho778108992916869,topic/maintenance,METAVERSE,84
1716731119984,paho778108992916869,topic/maintenance,METAVERSE,9
1716731120076,paho778108992916869,topic/maintenance,METAVERSE,67
1716731120082,paho778108989201561,topic/b/noise,METAVERSE,122
1716731120085,paho778108989201561,topic/b/lighting,METAVERSE,113
1716731120086,paho778108992691678,topic/b/lighting,METAVERSE,114
1716731120112,paho778108989201561,topic/b/lighting,METAVERSE,99
1716731120113,paho778108992691678,topic/b/lighting,METAVERSE,100
1716731120124,paho778108992916869,topic/maintenance,METAVERSE,164
1716731120526,paho778108992916869,topic/maintenance,METAVERSE,56
1716731120558,paho778108992916869,topic/maintenance,METAVERSE,10
1716731120628,paho778108992916869,topic/maintenance,METAVERSE,193
1716731120672,paho778108992916869,topic/maintenance,METAVERSE,105
1716731120684,paho778108992916869,topic/maintenance,METAVERSE,10
1716731120684,paho778108989201561,topic/e/noise,METAVERSE,10
1716731120726,paho778108992916869,topic/maintenance,METAVERSE,44
1716731120924,paho778108992916869,topic/maintenance,METAVERSE,168
1716731120946,paho778108989201561,topic/c/rfid,METAVERSE,17
1716731120951,paho778108992345992,topic/queueing,METAVERSE,22
1716731120954,paho778108989201561,topic/b/noise,METAVERSE,141
1716731120976,paho778108992916869,topic/maintenance,METAVERSE,163
1716731121371,paho778108992916869,topic/maintenance,METAVERSE,22
1716731121447,paho778108992916869,topic/maintenance,METAVERSE,15
1716731121458,paho778108992916869,topic/maintenance,METAVERSE,9
1716731121466,paho778108989201561,topic/d/lighting,METAVERSE,13
1716731121466,paho778108992691678,topic/d/lighting,METAVERSE,13
1716731121477,paho778108989201561,topic/b/lighting,METAVERSE,133
1716731121477,paho778108992691678,topic/b/lighting,METAVERSE,133
1716731121572,paho778108992916869,topic/maintenance,METAVERSE,132
1716731121736,paho778108992916869,topic/maintenance,METAVERSE,21
1716731121738,paho778108989201561,topic/g/noise,METAVERSE,23
1716731121770,paho778108989201561,topic/d/noise,METAVERSE,15
1716731121772,paho778108992691678,topic/d/lighting,METAVERSE,17
1716731121774,paho778108989201561,topic/d/lighting,METAVERSE,19
1716731121774,paho778108992916869,topic/maintenance,METAVERSE,19
1716731121826,paho778108992916869,topic/maintenance,METAVERSE,49
1716731121900,paho778108989201561,topic/g/lighting,METAVERSE,9
1716731121901,paho778108992916869,topic/maintenance,METAVERSE,138
1716731121901,paho778108992691678,topic/g/lighting,METAVERSE,10
1716731121952,paho778108989201561,topic/e/lighting,METAVERSE,12
1716731121952,paho778108992691678,topic/e/lighting,METAVERSE,12
1716731122025,paho778108992916869,topic/maintenance,METAVERSE,18
1716731122282,paho778108989201561,topic/d/noise,METAVERSE,10
1716731122285,paho778108992916869,topic/maintenance,METAVERSE,13
1716731122334,paho778108992916869,topic/maintenance,METAVERSE,11
1716731122334,paho778108989201561,topic/g/lighting,METAVERSE,11
1716731122343,paho778108992691678,topic/g/lighting,METAVERSE,20
1716731122432,paho778108992916869,topic/maintenance,METAVERSE,76
1716731122454,paho778108989201561,topic/s/noise,METAVERSE,10
1716731122476,paho778108992916869,topic/maintenance,METAVERSE,32
1716731122528,paho778108992916869,topic/maintenance,METAVERSE,49
1716731122625,paho778108992916869,topic/maintenance,METAVERSE,185
1716731122656,paho778108989201561,topic/s/lighting,METAVERSE,10
1716731122656,paho778108992691678,topic/s/lighting,METAVERSE,10
1716731122700,paho778108992916869,topic/maintenance,METAVERSE,9
1716731122700,paho778108989201561,topic/g/noise,METAVERSE,9
1716731122732,paho778108992916869,topic/maintenance,METAVERSE,13
1716731122756,paho778108989201561,topic/s/noise,METAVERSE,9
1716731122824,paho778108992916869,topic/maintenance,METAVERSE,77
1716731122924,paho778108992916869,topic/maintenance,METAVERSE,148
1716731123261,paho778108992916869,topic/maintenance,METAVERSE,11
1716731123308,paho778108992916869,topic/maintenance,METAVERSE,45
1716731123341,paho778108992916869,topic/maintenance,METAVERSE,8
1716731123341,paho778108989201561,topic/e/noise,METAVERSE,8
1716731123436,paho778108992916869,topic/maintenance,METAVERSE,12
1716731123478,paho778108992916869,topic/maintenance,METAVERSE,28
1716731123576,paho778108992916869,topic/maintenance,METAVERSE,136
1716731123697,paho778108992916869,topic/maintenance,METAVERSE,9
1716731123907,paho778108992916869,topic/maintenance,METAVERSE,132
1716731123907,paho778108989201561,topic/b/noise,METAVERSE,132
1716731123930,paho778108992916869,topic/maintenance,METAVERSE,143
1716731124031,paho778108992916869,topic/maintenance,METAVERSE,12
1716731124069,paho778108989201561,topic/b/lighting,METAVERSE,128
1716731124069,paho778108992691678,topic/b/lighting,METAVERSE,128
1716731124076,paho778108989201561,topic/e/lighting,METAVERSE,9
1716731124076,paho778108992691678,topic/e/lighting,METAVERSE,9
1716731124125,paho778108992916869,topic/maintenance,METAVERSE,56
1716731124214,paho778108992916869,topic/maintenance,METAVERSE,131
1716731124214,paho778108989201561,topic/b/noise,METAVERSE,131
1716731124273,paho778108989201561,topic/c/lighting,METAVERSE,9
1716731124273,paho778108992691678,topic/c/lighting,METAVERSE,9
1716731124316,paho778108989201561,topic/c/noise,METAVERSE,9
1716731124316,paho778108992916869,topic/maintenance,METAVERSE,9
1716731124331,paho778108992691678,topic/v/lighting,METAVERSE,9
1716731124332,paho778108989201561,topic/v/lighting,METAVERSE,10
1716731124398,paho778108989201561,topic/c/lighting,METAVERSE,10
1716731124400,paho778108992691678,topic/c/lighting,METAVERSE,12
1716731124497,paho778108992916869,topic/maintenance,METAVERSE,17
1716731124612,paho778108989201561,topic/v/noise,METAVERSE,9
1716731124676,paho778108992916869,topic/maintenance,METAVERSE,231
1716731124676,paho778108992916869,topic/maintenance,METAVERSE,73
1716731124731,paho778108992916869,topic/maintenance,METAVERSE,9
1716731124777,paho778108989201561,topic/s/lighting,METAVERSE,9
1716731124778,paho778108992691678,topic/s/lighting,METAVERSE,10
1716731124794,paho778108989201561,topic/b/lighting,METAVERSE,135
1716731124795,paho778108992691678,topic/b/lighting,METAVERSE,136
