1716740227124,paho790351345995645,topic/e/noise,METAVERSE,203
1716740227798,paho790351345995645,topic/c/lighting,METAVERSE,18
1716740227800,paho790351347340061,topic/c/lighting,METAVERSE,20
1716740227887,paho790351347340061,topic/v/lighting,METAVERSE,16
1716740227889,paho790351345995645,topic/v/lighting,METAVERSE,18
1716740228005,paho790351345995645,topic/v/noise,METAVERSE,18
1716740228020,paho790351345995645,topic/c/rfid,METAVERSE,17
1716740228135,paho790351345995645,topic/s/noise,METAVERSE,37
1716740228153,paho790351345995645,topic/v/rfid,METAVERSE,14
1716740228204,paho790351345995645,topic/e/rfid,METAVERSE,33
1716740228227,paho790351347340061,topic/c/lighting,METAVERSE,15
1716740228229,paho790351345995645,topic/c/lighting,METAVERSE,17
1716740228305,paho790351345995645,topic/c/noise,METAVERSE,11
1716740229088,paho790351345995645,topic/g/rfid,METAVERSE,46
1716740229157,paho790351345995645,topic/v/rfid,METAVERSE,14
1716740229323,paho790351347340061,topic/e/lighting,METAVERSE,23
1716740229325,paho790351345995645,topic/e/lighting,METAVERSE,25
1716740229383,paho790351345995645,topic/s/noise,METAVERSE,15
1716740229676,paho790351347340061,topic/s/lighting,METAVERSE,13
1716740229678,paho790351345995645,topic/s/lighting,METAVERSE,15
1716740230090,paho790351345995645,topic/s/rfid,METAVERSE,14
1716740230317,paho790351347340061,topic/g/lighting,METAVERSE,13
1716740230320,paho790351345995645,topic/g/lighting,METAVERSE,16
1716740230433,paho790351345995645,topic/g/noise,METAVERSE,24
1716740230576,paho790351345995645,topic/d/rfid,METAVERSE,13
1716740230688,paho790351345995645,topic/s/lighting,METAVERSE,12
1716740230692,paho790351347340061,topic/s/lighting,METAVERSE,16
1716740230851,paho790351347340061,topic/d/lighting,METAVERSE,15
1716740230853,paho790351345995645,topic/d/lighting,METAVERSE,17
1716740230923,paho790351347340061,topic/b/lighting,METAVERSE,30
1716740230925,paho790351345995645,topic/b/lighting,METAVERSE,32
1716740230958,paho790351345995645,topic/d/noise,METAVERSE,24
1716740231065,paho790351347340061,topic/e/lighting,METAVERSE,14
1716740231075,paho790351345995645,topic/e/lighting,METAVERSE,24
1716740231111,paho790351345995645,topic/g/rfid,METAVERSE,16
1716740231161,paho790351345995645,topic/v/rfid,METAVERSE,13
1716740231164,paho790351345995645,topic/e/noise,METAVERSE,20
1716740231564,paho790351347340061,topic/d/lighting,METAVERSE,51
1716740231567,paho790351345995645,topic/d/lighting,METAVERSE,54
1716740231611,paho790351347340061,topic/g/lighting,METAVERSE,376
1716740231613,paho790351345995645,topic/g/lighting,METAVERSE,378
1716740231706,paho790351345995645,topic/g/noise,METAVERSE,23
1716740231872,paho790351345995645,topic/d/noise,METAVERSE,56
1716740232020,paho790351345995645,topic/e/noise,METAVERSE,29
1716740232164,paho790351345995645,topic/v/rfid,METAVERSE,14
1716740232872,paho790351347340061,topic/c/lighting,METAVERSE,14
1716740232874,paho790351345995645,topic/c/lighting,METAVERSE,16
1716740232931,paho790351347340061,topic/v/lighting,METAVERSE,33
1716740232934,paho790351345995645,topic/v/lighting,METAVERSE,36
1716740233004,paho790351345995645,topic/v/noise,METAVERSE,14
1716740233061,paho790351347340061,topic/b/lighting,METAVERSE,35
1716740233063,paho790351345995645,topic/b/lighting,METAVERSE,37
1716740233100,paho790351347340061,topic/b/lighting,METAVERSE,56
1716740233103,paho790351345995645,topic/b/lighting,METAVERSE,59
1716740233124,paho790351345995645,topic/b/noise,METAVERSE,69
1716740233167,paho790351345995645,topic/s/noise,METAVERSE,12
1716740233226,paho790351347340061,topic/c/lighting,METAVERSE,13
1716740233228,paho790351345995645,topic/c/lighting,METAVERSE,15
1716740233312,paho790351345995645,topic/c/noise,METAVERSE,13
1716740233328,paho790351345995645,topic/b/noise,METAVERSE,17
1716740233424,paho790351347340061,topic/b/lighting,METAVERSE,13
1716740233426,paho790351345995645,topic/b/lighting,METAVERSE,15
1716740233660,paho790351347340061,topic/b/lighting,METAVERSE,31
1716740233662,paho790351345995645,topic/b/lighting,METAVERSE,33
1716740233752,paho790351345995645,topic/b/rfid,METAVERSE,12
1716740233761,paho790351345995645,topic/b/rfid,METAVERSE,18
1716740233898,paho790351345995645,topic/b/noise,METAVERSE,23
1716740234087,paho790351345995645,topic/b/noise,METAVERSE,19
1716740234185,paho790351345995645,topic/v/rfid,METAVERSE,28
1716740234382,paho790351345995645,topic/s/noise,METAVERSE,13
1716740234389,paho790351347340061,topic/e/lighting,METAVERSE,13
1716740234392,paho790351345995645,topic/e/lighting,METAVERSE,16
1716740234683,paho790351347340061,topic/s/lighting,METAVERSE,16
1716740234684,paho790351345995645,topic/s/lighting,METAVERSE,17
1716740234758,paho790351345995645,topic/b/rfid,METAVERSE,14
1716740235134,paho790351345995645,topic/s/rfid,METAVERSE,23
1716740235340,paho790351347340061,topic/g/lighting,METAVERSE,23
1716740235342,paho790351345995645,topic/g/lighting,METAVERSE,25
1716740235476,paho790351345995645,topic/g/noise,METAVERSE,17
1716740235720,paho790351347340061,topic/s/lighting,METAVERSE,13
1716740235722,paho790351345995645,topic/s/lighting,METAVERSE,15
1716740235785,paho790351345995645,topic/b/rfid,METAVERSE,16
1716740235837,paho790351347092266,topic/queueing,METAVERSE,1093
1716740235905,paho790351347340061,topic/d/lighting,METAVERSE,14
1716740235907,paho790351345995645,topic/d/lighting,METAVERSE,16
1716740235922,paho790351347340061,topic/b/lighting,METAVERSE,11
1716740235924,paho790351345995645,topic/b/lighting,METAVERSE,13
1716740236012,paho790351345995645,topic/d/noise,METAVERSE,25
1716740236036,paho790351347092266,topic/queueing,METAVERSE,925
1716740236065,paho790351347340061,topic/e/lighting,METAVERSE,13
1716740236068,paho790351345995645,topic/e/lighting,METAVERSE,16
1716740236084,paho790351347092266,topic/queueing,METAVERSE,315
1716740236187,paho790351346765463,topic/security,METAVERSE,1534
1716740236224,paho790351345995645,topic/e/noise,METAVERSE,49
1716740236227,paho790351346765463,topic/security,METAVERSE,1568
1716740236333,paho790351346765463,topic/security,METAVERSE,1518
1716740236385,paho790351346765463,topic/security,METAVERSE,1406
1716740236483,paho790351346765463,topic/security,METAVERSE,1528
1716740236584,paho790351346765463,topic/security,METAVERSE,1505
1716740236611,paho790351347340061,topic/g/lighting,METAVERSE,12
1716740236613,paho790351345995645,topic/g/lighting,METAVERSE,14
1716740236629,paho790351347340061,topic/d/lighting,METAVERSE,42
1716740236631,paho790351345995645,topic/d/lighting,METAVERSE,44
1716740236733,paho790351346765463,topic/security,METAVERSE,1622
1716740236791,paho790351345995645,topic/g/noise,METAVERSE,13
1716740236843,paho790351346765463,topic/security,METAVERSE,1734
1716740236843,paho790351346765463,topic/security,METAVERSE,1736
1716740236883,paho790351346765463,topic/security,METAVERSE,1725
1716740236968,paho790351345995645,topic/d/noise,METAVERSE,19
1716740237035,paho790351346765463,topic/security,METAVERSE,1528
1716740237062,paho790351345995645,topic/e/noise,METAVERSE,23
1716740237181,paho790351346765463,topic/security,METAVERSE,1586
1716740237481,paho790351346765463,topic/security,METAVERSE,1794
1716740237532,paho790351346765463,topic/security,METAVERSE,1814
1716740237681,paho790351346765463,topic/security,METAVERSE,1961
1716740237780,paho790351346765463,topic/security,METAVERSE,1773
1716740237880,paho790351346765463,topic/security,METAVERSE,1769
1716740237883,paho790351347340061,topic/c/lighting,METAVERSE,12
1716740237885,paho790351345995645,topic/c/lighting,METAVERSE,14
1716740237937,paho790351346765463,topic/security,METAVERSE,1818
1716740237959,paho790351347340061,topic/v/lighting,METAVERSE,16
1716740237961,paho790351345995645,topic/v/lighting,METAVERSE,18
1716740237980,paho790351346765463,topic/security,METAVERSE,1837
1716740238080,paho790351346765463,topic/security,METAVERSE,1800
1716740238101,paho790351345995645,topic/v/noise,METAVERSE,15
1716740238112,paho790351347340061,topic/b/lighting,METAVERSE,39
1716740238114,paho790351345995645,topic/b/lighting,METAVERSE,41
1716740238127,paho790351345995645,topic/b/noise,METAVERSE,54
1716740238129,paho790351347340061,topic/b/lighting,METAVERSE,30
1716740238132,paho790351345995645,topic/b/lighting,METAVERSE,33
1716740238132,paho790351346765463,topic/security,METAVERSE,1757
1716740238156,paho790351345995645,topic/s/rfid,METAVERSE,13
1716740238180,paho790351346765463,topic/security,METAVERSE,1693
1716740238197,paho790351345995645,topic/s/noise,METAVERSE,13
1716740238227,paho790351347340061,topic/c/lighting,METAVERSE,13
1716740238229,paho790351345995645,topic/c/lighting,METAVERSE,15
1716740238231,paho790351347092266,topic/queueing,METAVERSE,88
1716740238287,paho790351346765463,topic/security,METAVERSE,1768
1716740238325,paho790351345995645,topic/c/noise,METAVERSE,14
1716740238345,paho790351347536189,topic/maintenance,METAVERSE,2886
1716740238381,paho790351346765463,topic/security,METAVERSE,1535
1716740238449,paho790351347340061,topic/b/lighting,METAVERSE,14
1716740238451,paho790351345995645,topic/b/lighting,METAVERSE,16
1716740238481,paho790351347536189,topic/maintenance,METAVERSE,2894
1716740238531,paho790351346765463,topic/security,METAVERSE,1636
1716740238534,paho790351347536189,topic/maintenance,METAVERSE,2560
1716740238534,paho790351345995645,topic/b/noise,METAVERSE,90
1716740238547,paho790351346765463,topic/security,METAVERSE,1474
1716740238588,paho790351347536189,topic/maintenance,METAVERSE,2601
1716740238591,paho790351346765463,topic/security,METAVERSE,1472
1716740238592,paho790351346765463,topic/security,METAVERSE,1463
1716740238684,paho790351346765463,topic/security,METAVERSE,1537
1716740238684,paho790351347536189,topic/maintenance,METAVERSE,2509
1716740238693,paho790351347340061,topic/b/lighting,METAVERSE,30
1716740238695,paho790351345995645,topic/b/lighting,METAVERSE,32
1716740238727,paho790351346765463,topic/security,METAVERSE,1572
1716740238732,paho790351346765463,topic/security,METAVERSE,1591
1716740238733,paho790351346765463,topic/security,METAVERSE,1546
1716740238733,paho790351346765463,topic/security,METAVERSE,1482
1716740238736,paho790351347536189,topic/maintenance,METAVERSE,1958
1716740238736,paho790351347536189,topic/maintenance,METAVERSE,1841
1716740238737,paho790351347536189,topic/maintenance,METAVERSE,1788
1716740238737,paho790351347536189,topic/maintenance,METAVERSE,1750
1716740238737,paho790351347536189,topic/maintenance,METAVERSE,1698
1716740238737,paho790351347536189,topic/maintenance,METAVERSE,1674
1716740238737,paho790351347536189,topic/maintenance,METAVERSE,1512
1716740238737,paho790351347536189,topic/maintenance,METAVERSE,1474
1716740238737,paho790351347536189,topic/maintenance,METAVERSE,1139
1716740238785,paho790351346765463,topic/security,METAVERSE,1469
1716740238835,paho790351347536189,topic/maintenance,METAVERSE,1192
1716740238881,paho790351346765463,topic/security,METAVERSE,1402
1716740238929,paho790351345995645,topic/b/noise,METAVERSE,22
1716740238982,paho790351346765463,topic/security,METAVERSE,1415
1716740239035,paho790351347536189,topic/maintenance,METAVERSE,1028
1716740239035,paho790351346765463,topic/security,METAVERSE,1384
1716740239035,paho790351346765463,topic/security,METAVERSE,1284
1716740239084,paho790351346765463,topic/security,METAVERSE,1070
1716740239131,paho790351347536189,topic/maintenance,METAVERSE,1045
1716740239144,paho790351345995645,topic/b/noise,METAVERSE,29
1716740239208,paho790351345995645,topic/v/rfid,METAVERSE,31
1716740239235,paho790351347092266,topic/occupancy,METAVERSE,3466
1716740239285,paho790351347092266,topic/queueing,METAVERSE,108
1716740239338,paho790351346765463,topic/security,METAVERSE,1265
1716740239383,paho790351346765463,topic/security,METAVERSE,1309
1716740239402,paho790351345995645,topic/s/noise,METAVERSE,12
1716740239436,paho790351346765463,topic/security,METAVERSE,1313
1716740239436,paho790351346765463,topic/security,METAVERSE,1265
1716740239436,paho790351346765463,topic/security,METAVERSE,1189
1716740239436,paho790351346765463,topic/security,METAVERSE,1045
1716740239436,paho790351346765463,topic/security,METAVERSE,1001
1716740239436,paho790351346765463,topic/security,METAVERSE,897
1716740239437,paho790351346765463,topic/security,METAVERSE,848
1716740239443,paho790351347536189,topic/maintenance,METAVERSE,1370
1716740239483,paho790351346765463,topic/security,METAVERSE,756
1716740239491,paho790351347536189,topic/maintenance,METAVERSE,1307
1716740239491,paho790351347536189,topic/maintenance,METAVERSE,1180
1716740239516,paho790351347340061,topic/e/lighting,METAVERSE,29
1716740239517,paho790351345995645,topic/e/lighting,METAVERSE,30
1716740239534,paho790351346765463,topic/security,METAVERSE,793
1716740239535,paho790351346765463,topic/security,METAVERSE,786
1716740239534,paho790351347536189,topic/maintenance,METAVERSE,1090
1716740239535,paho790351346765463,topic/security,METAVERSE,764
1716740239535,paho790351346765463,topic/security,METAVERSE,464
1716740239535,paho790351346765463,topic/security,METAVERSE,411
1716740239535,paho790351346765463,topic/security,METAVERSE,416
1716740239535,paho790351346765463,topic/security,METAVERSE,344
1716740239535,paho790351346765463,topic/security,METAVERSE,274
1716740239535,paho790351346765463,topic/security,METAVERSE,232
1716740239631,paho790351347536189,topic/maintenance,METAVERSE,1032
1716740239684,paho790351347536189,topic/maintenance,METAVERSE,777
1716740239691,paho790351346765463,topic/security,METAVERSE,72
1716740239720,paho790351347340061,topic/s/lighting,METAVERSE,13
1716740239721,paho790351345995645,topic/s/lighting,METAVERSE,14
1716740239830,paho790351346765463,topic/security,METAVERSE,127
1716740239939,paho790351346765463,topic/security,METAVERSE,100
1716740239939,paho790351347092266,topic/occupancy,METAVERSE,3932
1716740240035,paho790351346765463,topic/security,METAVERSE,64
1716740240048,paho790351345995645,topic/c/rfid,METAVERSE,21
1716740240183,paho790351347536189,topic/maintenance,METAVERSE,1221
1716740240281,paho790351346765463,topic/security,METAVERSE,207
1716740240281,paho790351347536189,topic/maintenance,METAVERSE,1210
1716740240336,paho790351346765463,topic/security,METAVERSE,269
1716740240336,paho790351347092266,topic/queueing,METAVERSE,309
1716740240386,paho790351347340061,topic/g/lighting,METAVERSE,16
1716740240385,paho790351347536189,topic/maintenance,METAVERSE,1270
1716740240386,paho790351347536189,topic/maintenance,METAVERSE,996
1716740240389,paho790351345995645,topic/g/lighting,METAVERSE,19
1716740240487,paho790351347536189,topic/maintenance,METAVERSE,788
1716740240487,paho790351346765463,topic/security,METAVERSE,363
1716740240488,paho790351347536189,topic/maintenance,METAVERSE,668
1716740240515,paho790351345995645,topic/g/noise,METAVERSE,39
1716740240517,paho790351346765463,topic/security,METAVERSE,310
1716740240517,paho790351346765463,topic/security,METAVERSE,294
1716740240581,paho790351347536189,topic/maintenance,METAVERSE,742
1716740240632,paho790351346765463,topic/security,METAVERSE,312
1716740240675,paho790351346765463,topic/security,METAVERSE,240
1716740240685,paho790351347536189,topic/maintenance,METAVERSE,666
1716740240721,paho790351347340061,topic/s/lighting,METAVERSE,14
1716740240724,paho790351345995645,topic/s/lighting,METAVERSE,17
1716740240784,paho790351346765463,topic/security,METAVERSE,278
1716740240836,paho790351347536189,topic/maintenance,METAVERSE,817
1716740240885,paho790351346765463,topic/security,METAVERSE,338
1716740240936,paho790351346765463,topic/security,METAVERSE,321
1716740240948,paho790351347340061,topic/d/lighting,METAVERSE,24
1716740240950,paho790351345995645,topic/d/lighting,METAVERSE,26
1716740240956,paho790351347340061,topic/b/lighting,METAVERSE,13
1716740240958,paho790351345995645,topic/b/lighting,METAVERSE,15
1716740240983,paho790351347092266,topic/occupancy,METAVERSE,4872
1716740240983,paho790351346765463,topic/security,METAVERSE,308
1716740240984,paho790351346765463,topic/security,METAVERSE,193
1716740241027,paho790351345995645,topic/d/noise,METAVERSE,26
1716740241114,paho790351346765463,topic/security,METAVERSE,15
1716740241128,paho790351347340061,topic/e/lighting,METAVERSE,16
1716740241130,paho790351345995645,topic/e/lighting,METAVERSE,18
1716740241166,paho790351345995645,topic/s/rfid,METAVERSE,15
1716740241166,paho790351347092266,topic/queueing,METAVERSE,15
1716740241199,paho790351346765463,topic/security,METAVERSE,12
1716740241233,paho790351346765463,topic/security,METAVERSE,42
1716740241243,paho790351345995645,topic/e/noise,METAVERSE,16
1716740241286,paho790351346765463,topic/security,METAVERSE,78
1716740241434,paho790351346765463,topic/security,METAVERSE,237
1716740241434,paho790351346765463,topic/security,METAVERSE,131
1716740241434,paho790351346765463,topic/security,METAVERSE,83
1716740241569,paho790351346765463,topic/security,METAVERSE,42
1716740241628,paho790351346765463,topic/security,METAVERSE,55
1716740241632,paho790351347536189,topic/maintenance,METAVERSE,1612
1716740241634,paho790351347092266,topic/occupancy,METAVERSE,5515
1716740241658,paho790351347340061,topic/g/lighting,METAVERSE,53
1716740241660,paho790351345995645,topic/g/lighting,METAVERSE,55
1716740241682,paho790351347536189,topic/maintenance,METAVERSE,1555
1716740241703,paho790351347340061,topic/d/lighting,METAVERSE,37
1716740241705,paho790351345995645,topic/d/lighting,METAVERSE,39
1716740241723,paho790351346765463,topic/security,METAVERSE,36
1716740241783,paho790351347536189,topic/maintenance,METAVERSE,1307
1716740241783,paho790351347536189,topic/maintenance,METAVERSE,856
1716740241783,paho790351346765463,topic/security,METAVERSE,23
1716740241796,paho790351345995645,topic/g/noise,METAVERSE,17
1716740241836,paho790351346765463,topic/security,METAVERSE,63
1716740241935,paho790351347536189,topic/maintenance,METAVERSE,934
1716740241976,paho790351347536189,topic/maintenance,METAVERSE,862
1716740241976,paho790351347536189,topic/maintenance,METAVERSE,749
1716740241976,paho790351347536189,topic/maintenance,METAVERSE,221
1716740241976,paho790351347536189,topic/maintenance,METAVERSE,197
1716740241995,paho790351345995645,topic/d/noise,METAVERSE,12
1716740242040,paho790351347536189,topic/maintenance,METAVERSE,57
1716740242144,paho790351345995645,topic/e/noise,METAVERSE,37
1716740242169,paho790351346765463,topic/security,METAVERSE,45
1716740242234,paho790351346765463,topic/security,METAVERSE,27
1716740242234,paho790351347536189,topic/maintenance,METAVERSE,138
1716740242237,paho790351345995645,topic/v/rfid,METAVERSE,26
1716740242330,paho790351346765463,topic/security,METAVERSE,63
1716740242333,paho790351347092266,topic/queueing,METAVERSE,122
1716740242387,paho790351347092266,topic/occupancy,METAVERSE,6012
1716740242387,paho790351346765463,topic/security,METAVERSE,66
1716740242482,paho790351346765463,topic/security,METAVERSE,108
1716740242483,paho790351347536189,topic/maintenance,METAVERSE,376
1716740242540,paho790351347536189,topic/maintenance,METAVERSE,407
1716740242562,paho790351346765463,topic/security,METAVERSE,13
1716740242589,paho790351346765463,topic/security,METAVERSE,109
1716740242684,paho790351347536189,topic/maintenance,METAVERSE,69
1716740242727,paho790351346765463,topic/security,METAVERSE,12
1716740242764,paho790351346765463,topic/security,METAVERSE,14
1716740242780,paho790351347092266,topic/occupancy,METAVERSE,6293
1716740242807,paho790351346765463,topic/security,METAVERSE,14
1716740242917,paho790351347340061,topic/c/lighting,METAVERSE,45
1716740242919,paho790351345995645,topic/c/lighting,METAVERSE,47
1716740242932,paho790351347092266,topic/occupancy,METAVERSE,5859
1716740243022,paho790351347340061,topic/v/lighting,METAVERSE,35
1716740243024,paho790351345995645,topic/v/lighting,METAVERSE,37
1716740243036,paho790351347536189,topic/maintenance,METAVERSE,113
1716740243068,paho790351346765463,topic/security,METAVERSE,49
1716740243104,paho790351347340061,topic/b/lighting,METAVERSE,18
1716740243107,paho790351345995645,topic/b/lighting,METAVERSE,21
1716740243110,paho790351345995645,topic/b/noise,METAVERSE,23
1716740243128,paho790351346765463,topic/security,METAVERSE,22
1716740243132,paho790351347340061,topic/b/lighting,METAVERSE,25
1716740243134,paho790351345995645,topic/b/lighting,METAVERSE,27
1716740243137,paho790351347536189,topic/maintenance,METAVERSE,50
1716740243143,paho790351345995645,topic/v/noise,METAVERSE,17
1716740243185,paho790351347536189,topic/maintenance,METAVERSE,59
1716740243217,paho790351345995645,topic/s/noise,METAVERSE,14
1716740243228,paho790351347340061,topic/c/lighting,METAVERSE,13
1716740243231,paho790351345995645,topic/c/lighting,METAVERSE,16
1716740243242,paho790351346765463,topic/security,METAVERSE,12
1716740243281,paho790351346765463,topic/security,METAVERSE,39
1716740243332,paho790351345995645,topic/c/noise,METAVERSE,13
1716740243338,paho790351346765463,topic/security,METAVERSE,47
1716740243380,paho790351346765463,topic/security,METAVERSE,121
1716740243381,paho790351346765463,topic/security,METAVERSE,81
1716740243458,paho790351347340061,topic/b/lighting,METAVERSE,11
1716740243460,paho790351345995645,topic/b/lighting,METAVERSE,13
1716740243483,paho790351347536189,topic/maintenance,METAVERSE,349
1716740243484,paho790351346765463,topic/security,METAVERSE,109
1716740243484,paho790351346765463,topic/security,METAVERSE,57
1716740243547,paho790351345995645,topic/b/noise,METAVERSE,12
1716740243565,paho790351346765463,topic/security,METAVERSE,22
1716740243579,paho790351345995645,topic/d/rfid,METAVERSE,11
1716740243587,paho790351347536189,topic/maintenance,METAVERSE,384
1716740243587,paho790351347536189,topic/maintenance,METAVERSE,319
1716740243588,paho790351347092266,topic/queueing,METAVERSE,20
1716740243631,paho790351347536189,topic/maintenance,METAVERSE,312
1716740243716,paho790351347340061,topic/b/lighting,METAVERSE,17
1716740243718,paho790351345995645,topic/b/lighting,METAVERSE,19
1716740243783,paho790351346765463,topic/security,METAVERSE,16
1716740243802,paho790351346765463,topic/security,METAVERSE,18
1716740243983,paho790351347092266,topic/occupancy,METAVERSE,6864
1716740243993,paho790351345995645,topic/b/noise,METAVERSE,38
1716740244152,paho790351345995645,topic/b/noise,METAVERSE,27
1716740244194,paho790351346765463,topic/security,METAVERSE,13
1716740244241,paho790351346765463,topic/security,METAVERSE,18
1716740244284,paho790351347536189,topic/maintenance,METAVERSE,749
1716740244284,paho790351346765463,topic/security,METAVERSE,44
1716740244355,paho790351346765463,topic/security,METAVERSE,56
1716740244380,paho790351347092266,topic/occupancy,METAVERSE,7233
1716740244402,paho790351345995645,topic/s/noise,METAVERSE,12
1716740244477,paho790351346765463,topic/security,METAVERSE,14
1716740244534,paho790351347536189,topic/maintenance,METAVERSE,922
1716740244534,paho790351347536189,topic/maintenance,METAVERSE,747
1716740244576,paho790351346765463,topic/security,METAVERSE,13
1716740244584,paho790351347536189,topic/maintenance,METAVERSE,629
1716740244588,paho790351347340061,topic/e/lighting,METAVERSE,14
1716740244589,paho790351345995645,topic/e/lighting,METAVERSE,15
1716740244597,paho790351346765463,topic/security,METAVERSE,21
1716740244683,paho790351347536189,topic/maintenance,METAVERSE,554
1716740244733,paho790351347536189,topic/maintenance,METAVERSE,608
1716740244742,paho790351347340061,topic/s/lighting,METAVERSE,11
1716740244743,paho790351345995645,topic/s/lighting,METAVERSE,12
1716740244769,paho790351346765463,topic/security,METAVERSE,22
1716740244799,paho790351346765463,topic/security,METAVERSE,19
1716740244834,paho790351347092266,topic/occupancy,METAVERSE,7583
1716740244841,paho790351346765463,topic/security,METAVERSE,14
1716740244880,paho790351346765463,topic/security,METAVERSE,21
1716740244931,paho790351347536189,topic/maintenance,METAVERSE,541
1716740245081,paho790351347092266,topic/occupancy,METAVERSE,7430
1716740245198,paho790351345995645,topic/s/rfid,METAVERSE,12
1716740245199,paho790351347092266,topic/queueing,METAVERSE,13
1716740245235,paho790351347536189,topic/maintenance,METAVERSE,76
1716740245296,paho790351346765463,topic/security,METAVERSE,12
1716740245326,paho790351345995645,topic/v/rfid,METAVERSE,47
1716740245335,paho790351347092266,topic/occupancy,METAVERSE,7321
1716740245436,paho790351347092266,topic/queueing,METAVERSE,157
1716740245436,paho790351346765463,topic/security,METAVERSE,143
1716740245465,paho790351347340061,topic/g/lighting,METAVERSE,80
1716740245466,paho790351345995645,topic/g/lighting,METAVERSE,81
1716740245484,paho790351346765463,topic/security,METAVERSE,213
1716740245484,paho790351346765463,topic/security,METAVERSE,137
1716740245531,paho790351345995645,topic/g/noise,METAVERSE,16
1716740245532,paho790351346765463,topic/security,METAVERSE,77
1716740245575,paho790351346765463,topic/security,METAVERSE,88
1716740245580,paho790351347536189,topic/maintenance,METAVERSE,65
1716740245583,paho790351347092266,topic/occupancy,METAVERSE,7460
1716740245733,paho790351347092266,topic/occupancy,METAVERSE,7590
1716740245738,paho790351347340061,topic/s/lighting,METAVERSE,11
1716740245738,paho790351345995645,topic/s/lighting,METAVERSE,11
1716740245824,paho790351346765463,topic/security,METAVERSE,46
1716740245830,paho790351347536189,topic/maintenance,METAVERSE,41
1716740245846,paho790351346765463,topic/security,METAVERSE,31
1716740245881,paho790351347536189,topic/maintenance,METAVERSE,52
1716740245901,paho790351346765463,topic/security,METAVERSE,15
1716740245932,paho790351346765463,topic/security,METAVERSE,32
1716740245956,paho790351347340061,topic/d/lighting,METAVERSE,13
1716740245957,paho790351345995645,topic/d/lighting,METAVERSE,14
1716740245989,paho790351347340061,topic/b/lighting,METAVERSE,43
1716740245990,paho790351345995645,topic/b/lighting,METAVERSE,44
1716740246083,paho790351347092266,topic/occupancy,METAVERSE,7912
1716740246087,paho790351346765463,topic/security,METAVERSE,16
1716740246091,paho790351345995645,topic/d/noise,METAVERSE,32
1716740246132,paho790351346765463,topic/security,METAVERSE,21
1716740246143,paho790351346765463,topic/security,METAVERSE,12
1716740246145,paho790351347340061,topic/e/lighting,METAVERSE,11
1716740246146,paho790351345995645,topic/e/lighting,METAVERSE,12
1716740246224,paho790351346765463,topic/security,METAVERSE,17
1716740246298,paho790351345995645,topic/e/noise,METAVERSE,18
1716740246327,paho790351346765463,topic/security,METAVERSE,20
1716740246339,paho790351346765463,topic/security,METAVERSE,48
1716740246382,paho790351346765463,topic/security,METAVERSE,60
1716740246409,paho790351346765463,topic/security,METAVERSE,18
1716740246433,paho790351347536189,topic/maintenance,METAVERSE,374
1716740246433,paho790351347536189,topic/maintenance,METAVERSE,374
1716740246433,paho790351347536189,topic/maintenance,METAVERSE,288
1716740246433,paho790351347536189,topic/maintenance,METAVERSE,153
1716740246482,paho790351347092266,topic/occupancy,METAVERSE,8091
1716740246536,paho790351346765463,topic/security,METAVERSE,45
1716740246582,paho790351346765463,topic/security,METAVERSE,27
1716740246619,paho790351346765463,topic/security,METAVERSE,24
1716740246645,paho790351346765463,topic/security,METAVERSE,26
1716740246693,paho790351347340061,topic/g/lighting,METAVERSE,14
1716740246693,paho790351345995645,topic/g/lighting,METAVERSE,14
1716740246731,paho790351347536189,topic/maintenance,METAVERSE,111
1716740246732,paho790351347092266,topic/occupancy,METAVERSE,8193
1716740246739,paho790351347340061,topic/d/lighting,METAVERSE,36
1716740246739,paho790351345995645,topic/d/lighting,METAVERSE,36
1716740246817,paho790351345995645,topic/g/noise,METAVERSE,10
1716740246882,paho790351347536189,topic/maintenance,METAVERSE,75
1716740246901,paho790351346765463,topic/security,METAVERSE,14
1716740246981,paho790351347092266,topic/occupancy,METAVERSE,7857
1716740247068,paho790351345995645,topic/d/noise,METAVERSE,13
1716740247085,paho790351347536189,topic/maintenance,METAVERSE,30
1716740247167,paho790351345995645,topic/e/noise,METAVERSE,13
1716740247268,paho790351346765463,topic/security,METAVERSE,13
1716740247312,paho790351346765463,topic/security,METAVERSE,15
1716740247346,paho790351346765463,topic/security,METAVERSE,13
1716740247388,paho790351347092266,topic/occupancy,METAVERSE,8269
1716740247416,paho790351346765463,topic/security,METAVERSE,18
1716740247429,paho790351347536189,topic/maintenance,METAVERSE,275
1716740247435,paho790351347536189,topic/maintenance,METAVERSE,260
1716740247519,paho790351346765463,topic/security,METAVERSE,12
1716740247575,paho790351346765463,topic/security,METAVERSE,20
1716740247582,paho790351347092266,topic/occupancy,METAVERSE,8391
1716740247612,paho790351346765463,topic/security,METAVERSE,45
1716740247733,paho790351347092266,topic/occupancy,METAVERSE,8556
1716740247882,paho790351346765463,topic/security,METAVERSE,55
1716740247931,paho790351347536189,topic/maintenance,METAVERSE,196
1716740247931,paho790351346765463,topic/security,METAVERSE,128
1716740247944,paho790351347340061,topic/c/lighting,METAVERSE,17
1716740247945,paho790351345995645,topic/c/lighting,METAVERSE,18
1716740247983,paho790351346765463,topic/security,METAVERSE,132
1716740247984,paho790351346765463,topic/security,METAVERSE,107
1716740248023,paho790351347340061,topic/v/lighting,METAVERSE,11
1716740248023,paho790351345995645,topic/v/lighting,METAVERSE,11
1716740248033,paho790351346765463,topic/security,METAVERSE,138
1716740248082,paho790351347536189,topic/maintenance,METAVERSE,186
1716740248114,paho790351345995645,topic/b/noise,METAVERSE,20
1716740248118,paho790351345995645,topic/b/lighting,METAVERSE,23
1716740248119,paho790351347340061,topic/b/lighting,METAVERSE,24
1716740248148,paho790351346765463,topic/security,METAVERSE,53
1716740248148,paho790351347340061,topic/b/lighting,METAVERSE,23
1716740248149,paho790351345995645,topic/b/lighting,METAVERSE,24
1716740248168,paho790351345995645,topic/v/noise,METAVERSE,16
1716740248179,paho790351347536189,topic/maintenance,METAVERSE,85
1716740248229,paho790351347340061,topic/c/lighting,METAVERSE,14
1716740248229,paho790351345995645,topic/c/lighting,METAVERSE,14
1716740248230,paho790351347092266,topic/occupancy,METAVERSE,8969
1716740248281,paho790351346765463,topic/security,METAVERSE,13
1716740248308,paho790351345995645,topic/s/noise,METAVERSE,13
1716740248339,paho790351345995645,topic/c/noise,METAVERSE,20
1716740248343,paho790351346765463,topic/security,METAVERSE,12
1716740248421,paho790351346765463,topic/security,METAVERSE,14
1716740248431,paho790351347536189,topic/maintenance,METAVERSE,279
1716740248482,paho790351347536189,topic/maintenance,METAVERSE,319
1716740248482,paho790351347340061,topic/b/lighting,METAVERSE,31
1716740248482,paho790351345995645,topic/b/lighting,METAVERSE,31
1716740248512,paho790351347536189,topic/maintenance,METAVERSE,217
1716740248556,paho790351345995645,topic/b/noise,METAVERSE,13
1716740248580,paho790351347536189,topic/maintenance,METAVERSE,289
1716740248635,paho790351346765463,topic/security,METAVERSE,41
1716740248663,paho790351346765463,topic/security,METAVERSE,12
1716740248680,paho790351347536189,topic/maintenance,METAVERSE,361
1716740248680,paho790351346765463,topic/security,METAVERSE,21
1716740248734,paho790351347536189,topic/maintenance,METAVERSE,400
1716740248738,paho790351347340061,topic/b/lighting,METAVERSE,19
1716740248738,paho790351345995645,topic/b/lighting,METAVERSE,19
1716740248780,paho790351347536189,topic/maintenance,METAVERSE,365
1716740248780,paho790351347536189,topic/maintenance,METAVERSE,317
1716740248832,paho790351347536189,topic/maintenance,METAVERSE,329
1716740248926,paho790351346765463,topic/security,METAVERSE,15
1716740248981,paho790351347092266,topic/occupancy,METAVERSE,9278
1716740249028,paho790351345995645,topic/b/noise,METAVERSE,17
1716740249075,paho790351345995645,topic/c/rfid,METAVERSE,15
1716740249084,paho790351347092266,topic/queueing,METAVERSE,24
1716740249135,paho790351347536189,topic/maintenance,METAVERSE,591
1716740249135,paho790351347536189,topic/maintenance,METAVERSE,167
1716740249136,paho790351347536189,topic/maintenance,METAVERSE,125
1716740249136,paho790351347536189,topic/maintenance,METAVERSE,117
1716740249177,paho790351345995645,topic/b/noise,METAVERSE,14
1716740249181,paho790351346765463,topic/security,METAVERSE,86
1716740249233,paho790351346765463,topic/security,METAVERSE,100
1716740249283,paho790351347536189,topic/maintenance,METAVERSE,120
1716740249284,paho790351346765463,topic/security,METAVERSE,29
1716740249331,paho790351346765463,topic/security,METAVERSE,72
1716740249341,paho790351346765463,topic/security,METAVERSE,22
1716740249348,paho790351345995645,topic/v/rfid,METAVERSE,13
1716740249411,paho790351345995645,topic/s/noise,METAVERSE,11
1716740249433,paho790351347092266,topic/queueing,METAVERSE,98
1716740249434,paho790351346765463,topic/security,METAVERSE,99
1716740249534,paho790351346765463,topic/security,METAVERSE,191
1716740249582,paho790351346765463,topic/security,METAVERSE,222
1716740249582,paho790351346765463,topic/security,METAVERSE,175
1716740249635,paho790351347536189,topic/maintenance,METAVERSE,320
1716740249635,paho790351346765463,topic/security,METAVERSE,196
1716740249646,paho790351347340061,topic/e/lighting,METAVERSE,25
1716740249646,paho790351345995645,topic/e/lighting,METAVERSE,25
1716740249731,paho790351347092266,topic/occupancy,METAVERSE,9704
1716740249732,paho790351347536189,topic/maintenance,METAVERSE,453
1716740249783,paho790351347536189,topic/maintenance,METAVERSE,383
1716740249804,paho790351347340061,topic/s/lighting,METAVERSE,25
1716740249805,paho790351345995645,topic/s/lighting,METAVERSE,26
1716740249836,paho790351346765463,topic/security,METAVERSE,221
1716740249885,paho790351347536189,topic/maintenance,METAVERSE,426
1716740249940,paho790351346765463,topic/security,METAVERSE,301
1716740249980,paho790351347536189,topic/maintenance,METAVERSE,361
1716740249983,paho790351346765463,topic/security,METAVERSE,380
1716740250033,paho790351346765463,topic/security,METAVERSE,181
1716740250033,paho790351346765463,topic/security,METAVERSE,173
1716740250036,paho790351346765463,topic/security,METAVERSE,105
1716740250080,paho790351347536189,topic/maintenance,METAVERSE,413
1716740250083,paho790351347536189,topic/maintenance,METAVERSE,262
1716740250306,paho790351346765463,topic/security,METAVERSE,13
1716740250330,paho790351347536189,topic/maintenance,METAVERSE,487
1716740250331,paho790351347536189,topic/maintenance,METAVERSE,435
1716740250333,paho790351346765463,topic/security,METAVERSE,31
1716740250384,paho790351346765463,topic/security,METAVERSE,41
1716740250432,paho790351347536189,topic/maintenance,METAVERSE,385
1716740250443,paho790351346765463,topic/security,METAVERSE,12
1716740250515,paho790351347340061,topic/g/lighting,METAVERSE,34
1716740250516,paho790351345995645,topic/g/lighting,METAVERSE,35
1716740250616,paho790351345995645,topic/d/rfid,METAVERSE,14
1716740250616,paho790351347092266,topic/queueing,METAVERSE,14
1716740250646,paho790351345995645,topic/g/noise,METAVERSE,37
1716740250664,paho790351346765463,topic/security,METAVERSE,12
1716740250683,paho790351346765463,topic/security,METAVERSE,20
1716740250683,paho790351347092266,topic/occupancy,METAVERSE,10609
1716740250723,paho790351346765463,topic/security,METAVERSE,57
1716740250751,paho790351347340061,topic/s/lighting,METAVERSE,13
1716740250751,paho790351345995645,topic/s/lighting,METAVERSE,13
1716740250783,paho790351347536189,topic/maintenance,METAVERSE,613
1716740250880,paho790351347536189,topic/maintenance,METAVERSE,702
1716740250892,paho790351346765463,topic/security,METAVERSE,17
1716740250934,paho790351347536189,topic/maintenance,METAVERSE,735
1716740250949,paho790351346765463,topic/security,METAVERSE,14
1716740250982,paho790351347536189,topic/maintenance,METAVERSE,743
1716740251019,paho790351347340061,topic/b/lighting,METAVERSE,16
1716740251019,paho790351345995645,topic/b/lighting,METAVERSE,16
1716740251036,paho790351347340061,topic/d/lighting,METAVERSE,16
1716740251037,paho790351345995645,topic/d/lighting,METAVERSE,17
1716740251132,paho790351347536189,topic/maintenance,METAVERSE,725
1716740251132,paho790351345995645,topic/d/noise,METAVERSE,17
1716740251183,paho790351346765463,topic/security,METAVERSE,12
1716740251234,paho790351347340061,topic/e/lighting,METAVERSE,15
1716740251234,paho790351345995645,topic/e/lighting,METAVERSE,15
1716740251273,paho790351346765463,topic/security,METAVERSE,14
1716740251335,paho790351347536189,topic/maintenance,METAVERSE,726
1716740251338,paho790351345995645,topic/e/noise,METAVERSE,51
1716740251342,paho790351346765463,topic/security,METAVERSE,12
1716740251358,paho790351345995645,topic/v/rfid,METAVERSE,15
1716740251361,paho790351346765463,topic/security,METAVERSE,2
1716740251381,paho790351347536189,topic/maintenance,METAVERSE,678
1716740251382,paho790351347092266,topic/queueing,METAVERSE,39
1716740251483,paho790351347536189,topic/maintenance,METAVERSE,672
1716740251483,paho790351347536189,topic/maintenance,METAVERSE,608
1716740251483,paho790351346765463,topic/security,METAVERSE,12
1716740251533,paho790351347536189,topic/maintenance,METAVERSE,513
1716740251610,paho790351346765463,topic/security,METAVERSE,36
1716740251631,paho790351347536189,topic/maintenance,METAVERSE,568
1716740251656,paho790351346765463,topic/security,METAVERSE,21
1716740251680,paho790351346765463,topic/security,METAVERSE,16
1716740251681,paho790351347536189,topic/maintenance,METAVERSE,595
1716740251709,paho790351347340061,topic/g/lighting,METAVERSE,25
1716740251709,paho790351345995645,topic/g/lighting,METAVERSE,25
1716740251732,paho790351346765463,topic/security,METAVERSE,37
1716740251756,paho790351347340061,topic/d/lighting,METAVERSE,24
1716740251757,paho790351345995645,topic/d/lighting,METAVERSE,25
1716740251872,paho790351345995645,topic/g/noise,METAVERSE,13
1716740251887,paho790351346765463,topic/security,METAVERSE,12
1716740251960,paho790351346765463,topic/security,METAVERSE,17
1716740252031,paho790351347536189,topic/maintenance,METAVERSE,916
1716740252084,paho790351345995645,topic/d/noise,METAVERSE,13
1716740252130,paho790351347536189,topic/maintenance,METAVERSE,989
1716740252137,paho790351346765463,topic/security,METAVERSE,14
1716740252181,paho790351345995645,topic/e/noise,METAVERSE,14
1716740252182,paho790351347536189,topic/maintenance,METAVERSE,1053
1716740252192,paho790351346765463,topic/security,METAVERSE,15
1716740252205,paho790351345995645,topic/s/rfid,METAVERSE,14
1716740252232,paho790351347092266,topic/queueing,METAVERSE,41
1716740252280,paho790351347536189,topic/maintenance,METAVERSE,1121
1716740252332,paho790351347536189,topic/maintenance,METAVERSE,1169
1716740252358,paho790351346765463,topic/security,METAVERSE,45
1716740252381,paho790351347536189,topic/maintenance,METAVERSE,1094
1716740252384,paho790351346765463,topic/security,METAVERSE,13
1716740252435,paho790351347536189,topic/maintenance,METAVERSE,872
1716740252437,paho790351346765463,topic/security,METAVERSE,54
1716740252481,paho790351347536189,topic/maintenance,METAVERSE,887
1716740252483,paho790351346765463,topic/security,METAVERSE,56
1716740252533,paho790351347092266,topic/occupancy,METAVERSE,12409
1716740252533,paho790351346765463,topic/security,METAVERSE,98
1716740252582,paho790351347536189,topic/maintenance,METAVERSE,723
1716740252631,paho790351347536189,topic/maintenance,METAVERSE,694
1716740252632,paho790351347536189,topic/maintenance,METAVERSE,561
1716740252634,paho790351347536189,topic/maintenance,METAVERSE,536
1716740252636,paho790351347536189,topic/maintenance,METAVERSE,485
1716740252636,paho790351347536189,topic/maintenance,METAVERSE,485
1716740252639,paho790351347536189,topic/maintenance,METAVERSE,472
1716740252640,paho790351347536189,topic/maintenance,METAVERSE,456
1716740252640,paho790351346765463,topic/security,METAVERSE,13
1716740252682,paho790351346765463,topic/security,METAVERSE,19
1716740252733,paho790351346765463,topic/security,METAVERSE,67
1716740252781,paho790351347092266,topic/occupancy,METAVERSE,12574
1716740252781,paho790351346765463,topic/security,METAVERSE,114
1716740252835,paho790351346765463,topic/security,METAVERSE,144
1716740252958,paho790351346765463,topic/security,METAVERSE,15
1716740252979,paho790351347092266,topic/occupancy,METAVERSE,12544
1716740252996,paho790351347340061,topic/c/lighting,METAVERSE,16
1716740252996,paho790351345995645,topic/c/lighting,METAVERSE,16
1716740253050,paho790351347340061,topic/v/lighting,METAVERSE,15
1716740253050,paho790351345995645,topic/v/lighting,METAVERSE,15
1716740253135,paho790351347092266,topic/occupancy,METAVERSE,12588
1716740253158,paho790351347340061,topic/b/lighting,METAVERSE,26
1716740253159,paho790351345995645,topic/b/lighting,METAVERSE,27
1716740253161,paho790351345995645,topic/b/noise,METAVERSE,28
1716740253167,paho790351347340061,topic/b/lighting,METAVERSE,24
1716740253168,paho790351345995645,topic/b/lighting,METAVERSE,25
1716740253183,paho790351347536189,topic/maintenance,METAVERSE,128
1716740253192,paho790351345995645,topic/v/noise,METAVERSE,13
1716740253257,paho790351347340061,topic/c/lighting,METAVERSE,14
1716740253257,paho790351345995645,topic/c/lighting,METAVERSE,14
1716740253334,paho790351347536189,topic/maintenance,METAVERSE,201
1716740253338,paho790351347536189,topic/maintenance,METAVERSE,159
1716740253338,paho790351347536189,topic/maintenance,METAVERSE,139
1716740253341,paho790351345995645,topic/c/noise,METAVERSE,14
1716740253342,paho790351346765463,topic/security,METAVERSE,19
1716740253355,paho790351345995645,topic/s/noise,METAVERSE,20
1716740253374,paho790351345995645,topic/v/rfid,METAVERSE,15
1716740253381,paho790351346765463,topic/security,METAVERSE,22
1716740253423,paho790351346765463,topic/security,METAVERSE,52
1716740253432,paho790351347092266,topic/queueing,METAVERSE,73
1716740253434,paho790351347536189,topic/maintenance,METAVERSE,107
1716740253482,paho790351346765463,topic/security,METAVERSE,10
1716740253535,paho790351347536189,topic/maintenance,METAVERSE,200
1716740253535,paho790351347536189,topic/maintenance,METAVERSE,175
1716740253557,paho790351347340061,topic/b/lighting,METAVERSE,54
1716740253557,paho790351345995645,topic/b/lighting,METAVERSE,54
1716740253569,paho790351345995645,topic/b/noise,METAVERSE,20
1716740253704,paho790351346765463,topic/security,METAVERSE,13
1716740253732,paho790351347536189,topic/maintenance,METAVERSE,197
1716740253733,paho790351346765463,topic/security,METAVERSE,26
1716740253780,paho790351347536189,topic/maintenance,METAVERSE,231
1716740253784,paho790351347340061,topic/b/lighting,METAVERSE,29
1716740253784,paho790351345995645,topic/b/lighting,METAVERSE,29
1716740253833,paho790351347092266,topic/occupancy,METAVERSE,12682
1716740253850,paho790351346765463,topic/security,METAVERSE,23
1716740253896,paho790351346765463,topic/security,METAVERSE,17
1716740253970,paho790351346765463,topic/security,METAVERSE,45
1716740253987,paho790351347092266,topic/occupancy,METAVERSE,12800
1716740253988,paho790351346765463,topic/security,METAVERSE,63
1716740253996,paho790351346765463,topic/security,METAVERSE,47
1716740254039,paho790351346765463,topic/security,METAVERSE,69
1716740254128,paho790351345995645,topic/b/noise,METAVERSE,37
1716740254181,paho790351347536189,topic/maintenance,METAVERSE,238
1716740254215,paho790351345995645,topic/b/noise,METAVERSE,21
1716740254282,paho790351347536189,topic/maintenance,METAVERSE,375
1716740254297,paho790351346765463,topic/security,METAVERSE,15
1716740254323,paho790351347536189,topic/maintenance,METAVERSE,232
1716740254331,paho790351347536189,topic/maintenance,METAVERSE,137
1716740254403,paho790351346765463,topic/security,METAVERSE,21
1716740254413,paho790351345995645,topic/s/noise,METAVERSE,13
1716740254432,paho790351347536189,topic/maintenance,METAVERSE,238
1716740254432,paho790351346765463,topic/security,METAVERSE,41
1716740254482,paho790351346765463,topic/security,METAVERSE,43
1716740254483,paho790351347536189,topic/maintenance,METAVERSE,83
1716740254523,paho790351346765463,topic/security,METAVERSE,77
1716740254584,paho790351347092266,topic/occupancy,METAVERSE,13393
1716740254694,paho790351347340061,topic/e/lighting,METAVERSE,47
1716740254694,paho790351345995645,topic/e/lighting,METAVERSE,47
1716740254713,paho790351346765463,topic/security,METAVERSE,14
1716740254733,paho790351346765463,topic/security,METAVERSE,30
1716740254784,paho790351346765463,topic/security,METAVERSE,65
1716740254836,paho790351347340061,topic/s/lighting,METAVERSE,27
1716740254836,paho790351345995645,topic/s/lighting,METAVERSE,27
1716740254881,paho790351347536189,topic/maintenance,METAVERSE,130
1716740254882,paho790351347092266,topic/occupancy,METAVERSE,13674
1716740254882,paho790351346765463,topic/security,METAVERSE,21
1716740255018,paho790351346765463,topic/security,METAVERSE,13
1716740255083,paho790351347536189,topic/maintenance,METAVERSE,76
1716740255158,paho790351346765463,topic/security,METAVERSE,15
1716740255218,paho790351345995645,topic/s/rfid,METAVERSE,11
1716740255219,paho790351347092266,topic/queueing,METAVERSE,12
1716740255283,paho790351347092266,topic/occupancy,METAVERSE,13980
1716740255389,paho790351345995645,topic/v/rfid,METAVERSE,14
1716740255389,paho790351347092266,topic/queueing,METAVERSE,14
1716740255435,paho790351346765463,topic/security,METAVERSE,60
1716740255483,paho790351346765463,topic/security,METAVERSE,105
1716740255534,paho790351346765463,topic/security,METAVERSE,59
1716740255568,paho790351347340061,topic/g/lighting,METAVERSE,20
1716740255569,paho790351345995645,topic/g/lighting,METAVERSE,21
1716740255581,paho790351346765463,topic/security,METAVERSE,103
1716740255583,paho790351347092266,topic/occupancy,METAVERSE,13823
1716740255660,paho790351346765463,topic/security,METAVERSE,17
1716740255680,paho790351347536189,topic/maintenance,METAVERSE,353
1716740255687,paho790351345995645,topic/g/noise,METAVERSE,24
1716740255734,paho790351346765463,topic/security,METAVERSE,15
1716740255752,paho790351347340061,topic/s/lighting,METAVERSE,14
1716740255752,paho790351345995645,topic/s/lighting,METAVERSE,14
1716740255784,paho790351346765463,topic/security,METAVERSE,61
1716740255932,paho790351347536189,topic/maintenance,METAVERSE,269
1716740255973,paho790351346765463,topic/security,METAVERSE,29
1716740255983,paho790351346765463,topic/security,METAVERSE,39
1716740256049,paho790351347340061,topic/b/lighting,METAVERSE,14
1716740256050,paho790351345995645,topic/b/lighting,METAVERSE,15
1716740256079,paho790351347092266,topic/occupancy,METAVERSE,13955
1716740256080,paho790351347536189,topic/maintenance,METAVERSE,381
1716740256081,paho790351347536189,topic/maintenance,METAVERSE,358
1716740256081,paho790351347536189,topic/maintenance,METAVERSE,137
1716740256109,paho790351346765463,topic/security,METAVERSE,14
1716740256125,paho790351347340061,topic/d/lighting,METAVERSE,13
1716740256126,paho790351345995645,topic/d/lighting,METAVERSE,14
1716740256173,paho790351345995645,topic/d/noise,METAVERSE,34
1716740256181,paho790351347536189,topic/maintenance,METAVERSE,26
1716740256202,paho790351346765463,topic/security,METAVERSE,11
1716740256236,paho790351347536189,topic/maintenance,METAVERSE,97
1716740256273,paho790351347340061,topic/e/lighting,METAVERSE,26
1716740256274,paho790351345995645,topic/e/lighting,METAVERSE,27
1716740256357,paho790351345995645,topic/e/noise,METAVERSE,14
1716740256422,paho790351346765463,topic/security,METAVERSE,15
1716740256432,paho790351347536189,topic/maintenance,METAVERSE,205
1716740256433,paho790351346765463,topic/security,METAVERSE,16
1716740256458,paho790351346765463,topic/security,METAVERSE,11
1716740256475,paho790351347536189,topic/maintenance,METAVERSE,132
1716740256534,paho790351347092266,topic/occupancy,METAVERSE,14327
1716740256681,paho790351347536189,topic/maintenance,METAVERSE,58
1716740256722,paho790351346765463,topic/security,METAVERSE,13
1716740256734,paho790351346765463,topic/security,METAVERSE,30
1716740256757,paho790351347340061,topic/g/lighting,METAVERSE,18
1716740256758,paho790351345995645,topic/g/lighting,METAVERSE,19
1716740256761,paho790351347340061,topic/d/lighting,METAVERSE,13
1716740256762,paho790351345995645,topic/d/lighting,METAVERSE,14
1716740256775,paho790351346765463,topic/security,METAVERSE,53
1716740256783,paho790351347092266,topic/occupancy,METAVERSE,14572
1716740256878,paho790351345995645,topic/g/noise,METAVERSE,11
1716740256907,paho790351346765463,topic/security,METAVERSE,20
1716740256934,paho790351347536189,topic/maintenance,METAVERSE,251
1716740256983,paho790351347536189,topic/maintenance,METAVERSE,116
1716740256983,paho790351347092266,topic/occupancy,METAVERSE,14716
1716740257035,paho790351347536189,topic/maintenance,METAVERSE,152
1716740257098,paho790351345995645,topic/d/noise,METAVERSE,13
1716740257122,paho790351346765463,topic/security,METAVERSE,15
1716740257131,paho790351347536189,topic/maintenance,METAVERSE,46
1716740257189,paho790351347092266,topic/occupancy,METAVERSE,14640
1716740257207,paho790351346765463,topic/security,METAVERSE,12
1716740257220,paho790351345995645,topic/e/noise,METAVERSE,33
1716740257234,paho790351346765463,topic/security,METAVERSE,39
1716740257332,paho790351347536189,topic/maintenance,METAVERSE,145
1716740257399,paho790351346765463,topic/security,METAVERSE,12
1716740257434,paho790351346765463,topic/security,METAVERSE,50
1716740257439,paho790351347536189,topic/maintenance,METAVERSE,92
1716740257483,paho790351346765463,topic/security,METAVERSE,80
1716740257483,paho790351347092266,topic/occupancy,METAVERSE,15003
1716740257517,paho790351346765463,topic/security,METAVERSE,10
1716740257682,paho790351347092266,topic/occupancy,METAVERSE,14452
1716740257737,paho790351346765463,topic/security,METAVERSE,14
1716740257782,paho790351346765463,topic/security,METAVERSE,39
1716740257832,paho790351347092266,topic/occupancy,METAVERSE,14590
1716740257841,paho790351346765463,topic/security,METAVERSE,12
1716740257970,paho790351346765463,topic/security,METAVERSE,22
1716740258022,paho790351347340061,topic/c/lighting,METAVERSE,37
1716740258022,paho790351345995645,topic/c/lighting,METAVERSE,37
1716740258079,paho790351347536189,topic/maintenance,METAVERSE,132
1716740258108,paho790351347340061,topic/v/lighting,METAVERSE,22
1716740258108,paho790351345995645,topic/v/lighting,METAVERSE,22
1716740258133,paho790351347092266,topic/occupancy,METAVERSE,14842
1716740258133,paho790351346765463,topic/security,METAVERSE,14
1716740258168,paho790351347340061,topic/b/lighting,METAVERSE,14
1716740258169,paho790351345995645,topic/b/lighting,METAVERSE,15
1716740258180,paho790351347340061,topic/b/lighting,METAVERSE,15
1716740258180,paho790351346765463,topic/security,METAVERSE,37
1716740258181,paho790351345995645,topic/b/lighting,METAVERSE,16
1716740258189,paho790351345995645,topic/b/noise,METAVERSE,24
1716740258244,paho790351345995645,topic/v/noise,METAVERSE,30
1716740258265,paho790351347340061,topic/c/lighting,METAVERSE,14
1716740258267,paho790351345995645,topic/c/lighting,METAVERSE,16
1716740258335,paho790351347536189,topic/maintenance,METAVERSE,170
1716740258348,paho790351345995645,topic/c/noise,METAVERSE,13
1716740258368,paho790351346765463,topic/security,METAVERSE,13
1716740258371,paho790351345995645,topic/s/noise,METAVERSE,22
1716740258427,paho790351346765463,topic/security,METAVERSE,12
1716740258433,paho790351346765463,topic/security,METAVERSE,14
1716740258434,paho790351347536189,topic/maintenance,METAVERSE,254
1716740258466,paho790351346765463,topic/security,METAVERSE,11
1716740258471,paho790351347536189,topic/maintenance,METAVERSE,257
1716740258484,paho790351347536189,topic/maintenance,METAVERSE,243
1716740258505,paho790351346765463,topic/security,METAVERSE,14
1716740258535,paho790351347536189,topic/maintenance,METAVERSE,200
1716740258582,paho790351347536189,topic/maintenance,METAVERSE,233
1716740258596,paho790351345995645,topic/b/noise,METAVERSE,21
1716740258600,paho790351347340061,topic/b/lighting,METAVERSE,25
1716740258600,paho790351345995645,topic/b/lighting,METAVERSE,25
1716740258681,paho790351347092266,topic/occupancy,METAVERSE,15306
1716740258682,paho790351347536189,topic/maintenance,METAVERSE,107
1716740258693,paho790351346765463,topic/security,METAVERSE,14
1716740258733,paho790351346765463,topic/security,METAVERSE,18
1716740258782,paho790351346765463,topic/security,METAVERSE,65
1716740258782,paho790351347340061,topic/b/lighting,METAVERSE,11
1716740258784,paho790351345995645,topic/b/lighting,METAVERSE,13
1716740258823,paho790351346765463,topic/security,METAVERSE,96
1716740258832,paho790351347092266,topic/occupancy,METAVERSE,15264
1716740258982,paho790351347092266,topic/occupancy,METAVERSE,15215
1716740259025,paho790351346765463,topic/security,METAVERSE,14
1716740259127,paho790351345995645,topic/c/rfid,METAVERSE,20
1716740259131,paho790351347092266,topic/queueing,METAVERSE,24
1716740259213,paho790351346765463,topic/security,METAVERSE,58
1716740259216,paho790351345995645,topic/b/noise,METAVERSE,25
1716740259247,paho790351345995645,topic/b/noise,METAVERSE,12
1716740259282,paho790351347092266,topic/occupancy,METAVERSE,15101
1716740259284,paho790351347536189,topic/maintenance,METAVERSE,217
1716740259408,paho790351346765463,topic/security,METAVERSE,13
1716740259413,paho790351345995645,topic/s/noise,METAVERSE,11
1716740259430,paho790351347536189,topic/maintenance,METAVERSE,239
1716740259442,paho790351346765463,topic/security,METAVERSE,11
1716740259532,paho790351347536189,topic/maintenance,METAVERSE,325
1716740259553,paho790351346765463,topic/security,METAVERSE,10
1716740259633,paho790351347092266,topic/occupancy,METAVERSE,15393
1716740259633,paho790351347536189,topic/maintenance,METAVERSE,398
1716740259703,paho790351347340061,topic/e/lighting,METAVERSE,14
1716740259703,paho790351345995645,topic/e/lighting,METAVERSE,14
1716740259731,paho790351347536189,topic/maintenance,METAVERSE,329
1716740259732,paho790351347536189,topic/maintenance,METAVERSE,185
1716740259748,paho790351346765463,topic/security,METAVERSE,14
1716740259771,paho790351346765463,topic/security,METAVERSE,12
1716740259833,paho790351347092266,topic/occupancy,METAVERSE,15534
1716740259867,paho790351345995645,topic/s/lighting,METAVERSE,34
1716740259867,paho790351347340061,topic/s/lighting,METAVERSE,34
1716740259898,paho790351346765463,topic/security,METAVERSE,11
1716740259935,paho790351347536189,topic/maintenance,METAVERSE,79
1716740259935,paho790351346765463,topic/security,METAVERSE,40
1716740259993,paho790351346765463,topic/security,METAVERSE,44
1716740260032,paho790351347092266,topic/occupancy,METAVERSE,15469
1716740260180,paho790351347536189,topic/maintenance,METAVERSE,209
1716740260265,paho790351346765463,topic/security,METAVERSE,62
1716740260280,paho790351347092266,topic/occupancy,METAVERSE,15704
1716740260392,paho790351345995645,topic/v/rfid,METAVERSE,13
1716740260393,paho790351347092266,topic/queueing,METAVERSE,14
1716740260441,paho790351346765463,topic/security,METAVERSE,18
1716740260482,paho790351347536189,topic/maintenance,METAVERSE,211
1716740260482,paho790351346765463,topic/security,METAVERSE,52
1716740260484,paho790351346765463,topic/security,METAVERSE,17
1716740260581,paho790351347092266,topic/occupancy,METAVERSE,15395
1716740260632,paho790351345995645,topic/g/lighting,METAVERSE,17
1716740260633,paho790351347340061,topic/g/lighting,METAVERSE,18
1716740260690,paho790351345995645,topic/g/noise,METAVERSE,15
1716740260735,paho790351347536189,topic/maintenance,METAVERSE,60
1716740260739,paho790351346765463,topic/security,METAVERSE,12
1716740260754,paho790351345995645,topic/s/lighting,METAVERSE,12
1716740260755,paho790351347340061,topic/s/lighting,METAVERSE,13
1716740260759,paho790351346765463,topic/security,METAVERSE,10
1716740260833,paho790351346765463,topic/security,METAVERSE,66
1716740261138,paho790351347340061,topic/b/lighting,METAVERSE,15
1716740261138,paho790351345995645,topic/b/lighting,METAVERSE,15
1716740261176,paho790351347340061,topic/d/lighting,METAVERSE,13
1716740261177,paho790351345995645,topic/d/lighting,METAVERSE,14
1716740261182,paho790351346765463,topic/security,METAVERSE,16
1716740261204,paho790351345995645,topic/d/noise,METAVERSE,16
1716740261240,paho790351345995645,topic/s/rfid,METAVERSE,13
1716740261241,paho790351347092266,topic/queueing,METAVERSE,14
1716740261281,paho790351347536189,topic/maintenance,METAVERSE,193
1716740261281,paho790351347536189,topic/maintenance,METAVERSE,93
1716740261316,paho790351346765463,topic/security,METAVERSE,35
1716740261330,paho790351347340061,topic/e/lighting,METAVERSE,16
1716740261330,paho790351345995645,topic/e/lighting,METAVERSE,16
1716740261380,paho790351347536189,topic/maintenance,METAVERSE,21
1716740261409,paho790351345995645,topic/e/noise,METAVERSE,58
1716740261424,paho790351346765463,topic/security,METAVERSE,19
1716740261451,paho790351346765463,topic/security,METAVERSE,12
1716740261516,paho790351346765463,topic/security,METAVERSE,13
1716740261532,paho790351347536189,topic/maintenance,METAVERSE,181
1716740261582,paho790351346765463,topic/security,METAVERSE,11
1716740261665,paho790351346765463,topic/security,METAVERSE,19
1716740261703,paho790351346765463,topic/security,METAVERSE,12
1716740261782,paho790351346765463,topic/security,METAVERSE,65
1716740261787,paho790351347340061,topic/g/lighting,METAVERSE,15
1716740261787,paho790351345995645,topic/g/lighting,METAVERSE,15
1716740261790,paho790351346765463,topic/security,METAVERSE,23
1716740261793,paho790351347340061,topic/d/lighting,METAVERSE,38
1716740261794,paho790351345995645,topic/d/lighting,METAVERSE,39
1716740261831,paho790351346765463,topic/security,METAVERSE,60
1716740261899,paho790351346765463,topic/security,METAVERSE,12
1716740261910,paho790351345995645,topic/g/noise,METAVERSE,11
1716740261961,paho790351346765463,topic/security,METAVERSE,14
1716740261981,paho790351346765463,topic/security,METAVERSE,33
1716740262011,paho790351346765463,topic/security,METAVERSE,10
1716740262111,paho790351345995645,topic/d/noise,METAVERSE,23
1716740262130,paho790351347536189,topic/maintenance,METAVERSE,375
1716740262181,paho790351347536189,topic/maintenance,METAVERSE,282
1716740262248,paho790351345995645,topic/e/noise,METAVERSE,21
1716740262255,paho790351345995645,topic/s/rfid,METAVERSE,12
1716740262256,paho790351347092266,topic/queueing,METAVERSE,13
1716740262282,paho790351347536189,topic/maintenance,METAVERSE,255
1716740262335,paho790351346765463,topic/security,METAVERSE,16
1716740262445,paho790351346765463,topic/security,METAVERSE,11
1716740262514,paho790351346765463,topic/security,METAVERSE,31
1716740262535,paho790351346765463,topic/security,METAVERSE,51
1716740262535,paho790351347536189,topic/maintenance,METAVERSE,447
1716740262580,paho790351346765463,topic/security,METAVERSE,153
1716740262631,paho790351347536189,topic/maintenance,METAVERSE,464
1716740262682,paho790351347536189,topic/maintenance,METAVERSE,455
1716740262715,paho790351346765463,topic/security,METAVERSE,28
1716740262767,paho790351346765463,topic/security,METAVERSE,12
1716740262770,paho790351346765463,topic/security,METAVERSE,11
1716740262780,paho790351347536189,topic/maintenance,METAVERSE,498
1716740262831,paho790351346765463,topic/security,METAVERSE,48
1716740262913,paho790351346765463,topic/security,METAVERSE,14
1716740263066,paho790351347340061,topic/c/lighting,METAVERSE,11
1716740263067,paho790351345995645,topic/c/lighting,METAVERSE,12
1716740263175,paho790351345995645,topic/b/lighting,METAVERSE,12
1716740263176,paho790351347340061,topic/b/lighting,METAVERSE,13
1716740263178,paho790351345995645,topic/v/lighting,METAVERSE,35
1716740263178,paho790351347340061,topic/v/lighting,METAVERSE,35
1716740263213,paho790351347340061,topic/b/lighting,METAVERSE,18
1716740263213,paho790351345995645,topic/b/lighting,METAVERSE,18
1716740263218,paho790351345995645,topic/b/noise,METAVERSE,23
1716740263265,paho790351345995645,topic/c/lighting,METAVERSE,13
1716740263266,paho790351347340061,topic/c/lighting,METAVERSE,14
1716740263279,paho790351345995645,topic/v/noise,METAVERSE,34
1716740263341,paho790351346765463,topic/security,METAVERSE,15
1716740263379,paho790351347536189,topic/maintenance,METAVERSE,184
1716740263398,paho790351345995645,topic/c/noise,METAVERSE,43
1716740263400,paho790351345995645,topic/s/noise,METAVERSE,16
1716740263459,paho790351346765463,topic/security,METAVERSE,19
1716740263466,paho790351346765463,topic/security,METAVERSE,20
1716740263479,paho790351347536189,topic/maintenance,METAVERSE,234
1716740263482,paho790351346765463,topic/security,METAVERSE,21
1716740263581,paho790351347536189,topic/maintenance,METAVERSE,226
1716740263582,paho790351347536189,topic/maintenance,METAVERSE,198
1716740263604,paho790351346765463,topic/security,METAVERSE,32
1716740263612,paho790351345995645,topic/b/noise,METAVERSE,21
1716740263622,paho790351345995645,topic/b/lighting,METAVERSE,29
1716740263622,paho790351347340061,topic/b/lighting,METAVERSE,29
1716740263634,paho790351347536189,topic/maintenance,METAVERSE,43
1716740263795,paho790351346765463,topic/security,METAVERSE,12
1716740263807,paho790351347340061,topic/b/lighting,METAVERSE,13
1716740263807,paho790351345995645,topic/b/lighting,METAVERSE,13
1716740263833,paho790351346765463,topic/security,METAVERSE,38
1716740264032,paho790351346765463,topic/security,METAVERSE,30
1716740264213,paho790351346765463,topic/security,METAVERSE,14
1716740264224,paho790351345995645,topic/b/noise,METAVERSE,13
1716740264280,paho790351347536189,topic/maintenance,METAVERSE,237
1716740264286,paho790351345995645,topic/b/noise,METAVERSE,42
1716740264342,paho790351346765463,topic/security,METAVERSE,15
1716740264380,paho790351347536189,topic/maintenance,METAVERSE,337
1716740264423,paho790351347536189,topic/maintenance,METAVERSE,220
1716740264427,paho790351345995645,topic/s/noise,METAVERSE,12
1716740264431,paho790351347536189,topic/maintenance,METAVERSE,220
1716740264470,paho790351346765463,topic/security,METAVERSE,29
1716740264520,paho790351346765463,topic/security,METAVERSE,13
1716740264531,paho790351346765463,topic/security,METAVERSE,23
1716740264575,paho790351346765463,topic/security,METAVERSE,67
1716740264579,paho790351347536189,topic/maintenance,METAVERSE,335
1716740264631,paho790351347536189,topic/maintenance,METAVERSE,320
1716740264635,paho790351347536189,topic/maintenance,METAVERSE,220
1716740264714,paho790351346765463,topic/security,METAVERSE,11
1716740264719,paho790351345995645,topic/e/lighting,METAVERSE,13
1716740264719,paho790351347340061,topic/e/lighting,METAVERSE,13
1716740264775,paho790351346765463,topic/security,METAVERSE,12
1716740264787,paho790351346765463,topic/security,METAVERSE,12
1716740264832,paho790351346765463,topic/security,METAVERSE,13
1716740264879,paho790351346765463,topic/security,METAVERSE,64
1716740264903,paho790351345995645,topic/s/lighting,METAVERSE,47
1716740264903,paho790351347340061,topic/s/lighting,METAVERSE,47
1716740264932,paho790351346765463,topic/security,METAVERSE,41
1716740264961,paho790351346765463,topic/security,METAVERSE,13
1716740265204,paho790351346765463,topic/security,METAVERSE,13
1716740265330,paho790351347536189,topic/maintenance,METAVERSE,107
1716740265343,paho790351346765463,topic/security,METAVERSE,15
1716740265435,paho790351347536189,topic/maintenance,METAVERSE,48
1716740265482,paho790351346765463,topic/security,METAVERSE,19
1716740265485,paho790351346765463,topic/security,METAVERSE,14
1716740265618,paho790351346765463,topic/security,METAVERSE,11
1716740265698,paho790351345995645,topic/g/lighting,METAVERSE,23
1716740265699,paho790351347340061,topic/g/lighting,METAVERSE,24
1716740265720,paho790351345995645,topic/g/noise,METAVERSE,13
1716740265785,paho790351345995645,topic/s/lighting,METAVERSE,13
1716740265785,paho790351347340061,topic/s/lighting,METAVERSE,13
1716740265800,paho790351346765463,topic/security,METAVERSE,11
1716740265831,paho790351347536189,topic/maintenance,METAVERSE,124
1716740265836,paho790351346765463,topic/security,METAVERSE,14
1716740265917,paho790351346765463,topic/security,METAVERSE,14
1716740266031,paho790351346765463,topic/security,METAVERSE,10
1716740266062,paho790351346765463,topic/security,METAVERSE,11
1716740266142,paho790351345995645,topic/b/lighting,METAVERSE,11
1716740266142,paho790351347340061,topic/b/lighting,METAVERSE,11
1716740266181,paho790351345995645,topic/d/lighting,METAVERSE,14
1716740266181,paho790351347340061,topic/d/lighting,METAVERSE,14
1716740266185,paho790351347536189,topic/maintenance,METAVERSE,139
1716740266228,paho790351347092266,topic/occupancy,METAVERSE,20935
1716740266228,paho790351347092266,topic/occupancy,METAVERSE,20957
1716740266228,paho790351347092266,topic/occupancy,METAVERSE,20949
1716740266228,paho790351347092266,topic/occupancy,METAVERSE,20881
1716740266228,paho790351347092266,topic/occupancy,METAVERSE,20773
1716740266228,paho790351347092266,topic/occupancy,METAVERSE,20413
1716740266228,paho790351347092266,topic/occupancy,METAVERSE,20021
1716740266228,paho790351347092266,topic/occupancy,METAVERSE,19937
1716740266228,paho790351347092266,topic/occupancy,METAVERSE,19837
1716740266228,paho790351347092266,topic/occupancy,METAVERSE,19633
1716740266228,paho790351347092266,topic/occupancy,METAVERSE,19609
1716740266228,paho790351347092266,topic/occupancy,METAVERSE,18931
1716740266228,paho790351347092266,topic/occupancy,METAVERSE,18895
1716740266228,paho790351347092266,topic/occupancy,METAVERSE,18830
1716740266228,paho790351347092266,topic/occupancy,METAVERSE,18673
1716740266228,paho790351347092266,topic/occupancy,METAVERSE,18377
1716740266228,paho790351347092266,topic/occupancy,METAVERSE,17960
1716740266228,paho790351347092266,topic/occupancy,METAVERSE,17897
1716740266228,paho790351347092266,topic/occupancy,METAVERSE,17821
1716740266228,paho790351347092266,topic/occupancy,METAVERSE,17577
1716740266228,paho790351347092266,topic/occupancy,METAVERSE,17569
1716740266228,paho790351347092266,topic/occupancy,METAVERSE,17168
1716740266261,paho790351345995645,topic/d/noise,METAVERSE,54
1716740266345,paho790351346765463,topic/security,METAVERSE,14
1716740266383,paho790351347536189,topic/maintenance,METAVERSE,176
1716740266477,paho790351346765463,topic/security,METAVERSE,14
1716740266477,paho790351345995645,topic/e/noise,METAVERSE,38
1716740266486,paho790351345995645,topic/e/lighting,METAVERSE,18
1716740266486,paho790351347340061,topic/e/lighting,METAVERSE,18
1716740266549,paho790351346765463,topic/security,METAVERSE,18
1716740266553,paho790351346765463,topic/security,METAVERSE,22
1716740266679,paho790351345995645,topic/d/rfid,METAVERSE,16
1716740266680,paho790351347536189,topic/maintenance,METAVERSE,361
1716740266680,paho790351347536189,topic/maintenance,METAVERSE,241
1716740266680,paho790351347092266,topic/queueing,METAVERSE,17
1716740266778,paho790351347536189,topic/maintenance,METAVERSE,46
1716740266793,paho790351347340061,topic/g/lighting,METAVERSE,19
1716740266793,paho790351346765463,topic/security,METAVERSE,14
1716740266793,paho790351345995645,topic/g/lighting,METAVERSE,19
1716740266823,paho790351347340061,topic/d/lighting,METAVERSE,24
1716740266824,paho790351345995645,topic/d/lighting,METAVERSE,25
1716740266831,paho790351346765463,topic/security,METAVERSE,16
1716740266882,paho790351346765463,topic/security,METAVERSE,31
1716740266934,paho790351346765463,topic/security,METAVERSE,36
1716740266969,paho790351345995645,topic/g/noise,METAVERSE,11
1716740266983,paho790351347536189,topic/maintenance,METAVERSE,25
1716740267115,paho790351345995645,topic/d/noise,METAVERSE,16
1716740267253,paho790351346765463,topic/security,METAVERSE,15
1716740267295,paho790351345995645,topic/e/noise,METAVERSE,36
1716740267373,paho790351346765463,topic/security,METAVERSE,14
1716740267410,paho790351346765463,topic/security,METAVERSE,16
1716740267430,paho790351347536189,topic/maintenance,METAVERSE,331
1716740267481,paho790351347536189,topic/maintenance,METAVERSE,369
1716740267481,paho790351347536189,topic/maintenance,METAVERSE,222
1716740267481,paho790351347536189,topic/maintenance,METAVERSE,94
1716740267486,paho790351346765463,topic/security,METAVERSE,14
1716740267583,paho790351346765463,topic/security,METAVERSE,72
1716740267622,paho790351346765463,topic/security,METAVERSE,95
1716740267684,paho790351346765463,topic/security,METAVERSE,72
1716740267734,paho790351346765463,topic/security,METAVERSE,136
1716740267779,paho790351346765463,topic/security,METAVERSE,76
1716740267829,paho790351346765463,topic/security,METAVERSE,22
1716740267877,paho790351346765463,topic/security,METAVERSE,14
1716740267924,paho790351346765463,topic/security,METAVERSE,13
1716740267932,paho790351347536189,topic/maintenance,METAVERSE,113
1716740267932,paho790351347536189,topic/maintenance,METAVERSE,98
1716740267988,paho790351346765463,topic/security,METAVERSE,13
1716740268074,paho790351346765463,topic/security,METAVERSE,23
1716740268080,paho790351347536189,topic/maintenance,METAVERSE,29
1716740268178,paho790351347340061,topic/b/lighting,METAVERSE,12
1716740268178,paho790351345995645,topic/b/lighting,METAVERSE,12
1716740268181,paho790351345995645,topic/c/lighting,METAVERSE,51
1716740268181,paho790351347340061,topic/c/lighting,METAVERSE,51
1716740268185,paho790351345995645,topic/c/rfid,METAVERSE,54
1716740268191,paho790351347092266,topic/queueing,METAVERSE,60
1716740268214,paho790351347340061,topic/v/lighting,METAVERSE,19
1716740268215,paho790351345995645,topic/v/lighting,METAVERSE,20
1716740268217,paho790351347340061,topic/b/lighting,METAVERSE,16
1716740268218,paho790351345995645,topic/b/lighting,METAVERSE,17
1716740268229,paho790351345995645,topic/b/noise,METAVERSE,28
1716740268251,paho790351347536189,topic/maintenance,METAVERSE,77
1716740268264,paho790351345995645,topic/s/rfid,METAVERSE,11
1716740268265,paho790351347092266,topic/queueing,METAVERSE,12
1716740268275,paho790351345995645,topic/s/rfid,METAVERSE,21
1716740268280,paho790351347340061,topic/c/lighting,METAVERSE,27
1716740268283,paho790351345995645,topic/c/lighting,METAVERSE,30
1716740268284,paho790351347092266,topic/queueing,METAVERSE,30
1716740268346,paho790351345995645,topic/v/noise,METAVERSE,13
1716740268397,paho790351346765463,topic/security,METAVERSE,37
1716740268433,paho790351347536189,topic/maintenance,METAVERSE,232
1716740268463,paho790351345995645,topic/c/noise,METAVERSE,20
1716740268495,paho790351346765463,topic/security,METAVERSE,12
1716740268500,paho790351345995645,topic/s/noise,METAVERSE,25
1716740268532,paho790351347536189,topic/maintenance,METAVERSE,201
1716740268563,paho790351346765463,topic/security,METAVERSE,20
1716740268575,paho790351347536189,topic/maintenance,METAVERSE,242
1716740268583,paho790351346765463,topic/security,METAVERSE,40
1716740268606,paho790351345995645,topic/b/noise,METAVERSE,11
1716740268660,paho790351345995645,topic/b/lighting,METAVERSE,13
1716740268660,paho790351347340061,topic/b/lighting,METAVERSE,13
1716740268680,paho790351347536189,topic/maintenance,METAVERSE,337
1716740268709,paho790351347536189,topic/maintenance,METAVERSE,266
1716740268751,paho790351347536189,topic/maintenance,METAVERSE,308
1716740268784,paho790351347536189,topic/maintenance,METAVERSE,309
1716740268807,paho790351347340061,topic/b/lighting,METAVERSE,13
1716740268808,paho790351346765463,topic/security,METAVERSE,16
1716740268808,paho790351345995645,topic/b/lighting,METAVERSE,14
1716740268839,paho790351346765463,topic/security,METAVERSE,23
1716740268896,paho790351346765463,topic/security,METAVERSE,13
1716740268931,paho790351347536189,topic/maintenance,METAVERSE,422
1716740268983,paho790351346765463,topic/security,METAVERSE,60
1716740269034,paho790351347536189,topic/maintenance,METAVERSE,506
1716740269034,paho790351347536189,topic/maintenance,METAVERSE,439
1716740269034,paho790351347536189,topic/maintenance,METAVERSE,335
1716740269235,paho790351347536189,topic/maintenance,METAVERSE,120
1716740269241,paho790351345995645,topic/b/noise,METAVERSE,14
1716740269289,paho790351345995645,topic/s/rfid,METAVERSE,35
1716740269291,paho790351347092266,topic/queueing,METAVERSE,37
1716740269299,paho790351345995645,topic/b/noise,METAVERSE,13
1716740269332,paho790351347536189,topic/maintenance,METAVERSE,200
1716740269375,paho790351347536189,topic/maintenance,METAVERSE,148
1716740269426,paho790351345995645,topic/s/noise,METAVERSE,11
1716740269433,paho790351346765463,topic/security,METAVERSE,26
1716740269492,paho790351346765463,topic/security,METAVERSE,12
1716740269531,paho790351347536189,topic/maintenance,METAVERSE,245
1716740269554,paho790351346765463,topic/security,METAVERSE,11
1716740269580,paho790351347536189,topic/maintenance,METAVERSE,165
1716740269635,paho790351346765463,topic/security,METAVERSE,12
1716740269682,paho790351347536189,topic/maintenance,METAVERSE,155
1716740269742,paho790351345995645,topic/e/lighting,METAVERSE,31
1716740269742,paho790351347340061,topic/e/lighting,METAVERSE,31
1716740269835,paho790351346765463,topic/security,METAVERSE,16
1716740269912,paho790351347340061,topic/s/lighting,METAVERSE,21
1716740269912,paho790351345995645,topic/s/lighting,METAVERSE,21
1716740269916,paho790351346765463,topic/security,METAVERSE,25
1716740269953,paho790351346765463,topic/security,METAVERSE,25
1716740269983,paho790351347536189,topic/maintenance,METAVERSE,127
1716740270034,paho790351347536189,topic/maintenance,METAVERSE,159
1716740270068,paho790351346765463,topic/security,METAVERSE,14
1716740270083,paho790351346765463,topic/security,METAVERSE,20
1716740270187,paho790351347536189,topic/maintenance,METAVERSE,132
1716740270233,paho790351347536189,topic/maintenance,METAVERSE,174
1716740270260,paho790351346765463,topic/security,METAVERSE,17
1716740270331,paho790351347536189,topic/maintenance,METAVERSE,136
1716740270432,paho790351347536189,topic/maintenance,METAVERSE,217
1716740270433,paho790351346765463,topic/security,METAVERSE,14
1716740270471,paho790351347536189,topic/maintenance,METAVERSE,252
1716740270481,paho790351347536189,topic/maintenance,METAVERSE,226
1716740270522,paho790351346765463,topic/security,METAVERSE,27
1716740270567,paho790351346765463,topic/security,METAVERSE,12
1716740270579,paho790351347536189,topic/maintenance,METAVERSE,319
1716740270580,paho790351346765463,topic/security,METAVERSE,16
1716740270631,paho790351346765463,topic/security,METAVERSE,76
1716740270681,paho790351347536189,topic/maintenance,METAVERSE,346
1716740270729,paho790351347536189,topic/maintenance,METAVERSE,358
1716740270729,paho790351347536189,topic/maintenance,METAVERSE,320
1716740270738,paho790351345995645,topic/g/lighting,METAVERSE,21
1716740270741,paho790351346765463,topic/security,METAVERSE,14
1716740270741,paho790351347340061,topic/g/lighting,METAVERSE,24
1716740270760,paho790351345995645,topic/g/noise,METAVERSE,13
1716740270785,paho790351345995645,topic/s/lighting,METAVERSE,12
1716740270786,paho790351347340061,topic/s/lighting,METAVERSE,13
1716740270816,paho790351346765463,topic/security,METAVERSE,19
1716740270831,paho790351347536189,topic/maintenance,METAVERSE,84
1716740270869,paho790351346765463,topic/security,METAVERSE,22
1716740270955,paho790351346765463,topic/security,METAVERSE,12
1716740270982,paho790351347536189,topic/maintenance,METAVERSE,227
1716740271023,paho790351347536189,topic/maintenance,METAVERSE,208
1716740271023,paho790351347536189,topic/maintenance,METAVERSE,116
1716740271031,paho790351347536189,topic/maintenance,METAVERSE,124
1716740271166,paho790351345995645,topic/b/lighting,METAVERSE,11
1716740271166,paho790351347340061,topic/b/lighting,METAVERSE,11
1716740271179,paho790351347536189,topic/maintenance,METAVERSE,70
1716740271180,paho790351347536189,topic/maintenance,METAVERSE,69
1716740271284,paho790351347340061,topic/d/lighting,METAVERSE,51
1716740271287,paho790351345995645,topic/d/lighting,METAVERSE,54
1716740271289,paho790351345995645,topic/d/noise,METAVERSE,26
1716740271445,paho790351346765463,topic/security,METAVERSE,14
1716740271481,paho790351346765463,topic/security,METAVERSE,22
1716740271507,paho790351346765463,topic/security,METAVERSE,12
1716740271516,paho790351345995645,topic/e/lighting,METAVERSE,17
1716740271516,paho790351347340061,topic/e/lighting,METAVERSE,17
1716740271526,paho790351345995645,topic/e/noise,METAVERSE,59
1716740271555,paho790351346765463,topic/security,METAVERSE,11
1716740271582,paho790351347536189,topic/maintenance,METAVERSE,440
1716740271657,paho790351346765463,topic/security,METAVERSE,10
1716740271679,paho790351347536189,topic/maintenance,METAVERSE,446
1716740271731,paho790351347536189,topic/maintenance,METAVERSE,476
1716740271738,paho790351346765463,topic/security,METAVERSE,35
1716740271780,paho790351346765463,topic/security,METAVERSE,25
1716740271796,paho790351347340061,topic/g/lighting,METAVERSE,13
1716740271797,paho790351345995645,topic/g/lighting,METAVERSE,14
1716740271824,paho790351347340061,topic/d/lighting,METAVERSE,12
1716740271824,paho790351345995645,topic/d/lighting,METAVERSE,12
1716740271831,paho790351347536189,topic/maintenance,METAVERSE,591
1716740271835,paho790351347536189,topic/maintenance,METAVERSE,572
1716740271851,paho790351346765463,topic/security,METAVERSE,12
1716740271979,paho790351346765463,topic/security,METAVERSE,12
1716740271982,paho790351347536189,topic/maintenance,METAVERSE,521
1716740271983,paho790351347536189,topic/maintenance,METAVERSE,516
1716740271986,paho790351346765463,topic/security,METAVERSE,54
1716740272033,paho790351347536189,topic/maintenance,METAVERSE,446
1716740272037,paho790351345995645,topic/g/noise,METAVERSE,59
1716740272083,paho790351347536189,topic/maintenance,METAVERSE,480
1716740272106,paho790351346765463,topic/security,METAVERSE,11
1716740272136,paho790351345995645,topic/d/noise,METAVERSE,13
1716740272280,paho790351347536189,topic/maintenance,METAVERSE,302
1716740272292,paho790351345995645,topic/s/rfid,METAVERSE,12
1716740272293,paho790351347092266,topic/queueing,METAVERSE,13
1716740272302,paho790351347536189,topic/maintenance,METAVERSE,203
1716740272305,paho790351345995645,topic/e/noise,METAVERSE,14
1716740272343,paho790351347536189,topic/maintenance,METAVERSE,220
1716740272383,paho790351347536189,topic/maintenance,METAVERSE,92
1716740272469,paho790351346765463,topic/security,METAVERSE,14
1716740272482,paho790351347536189,topic/maintenance,METAVERSE,146
1716740272527,paho790351346765463,topic/security,METAVERSE,12
1716740272578,paho790351346765463,topic/security,METAVERSE,11
1716740272592,paho790351346765463,topic/security,METAVERSE,17
1716740272827,paho790351346765463,topic/security,METAVERSE,12
1716740272894,paho790351346765463,topic/security,METAVERSE,11
1716740273011,paho790351346765463,topic/security,METAVERSE,14
1716740273184,paho790351345995645,topic/b/lighting,METAVERSE,18
1716740273184,paho790351347340061,topic/b/lighting,METAVERSE,18
1716740273225,paho790351345995645,topic/v/lighting,METAVERSE,14
1716740273226,paho790351347340061,topic/v/lighting,METAVERSE,15
1716740273237,paho790351346765463,topic/security,METAVERSE,14
1716740273266,paho790351347340061,topic/c/lighting,METAVERSE,19
1716740273266,paho790351345995645,topic/c/lighting,METAVERSE,19
1716740273275,paho790351345995645,topic/b/noise,METAVERSE,28
1716740273281,paho790351345995645,topic/b/lighting,METAVERSE,34
1716740273281,paho790351347340061,topic/b/lighting,METAVERSE,34
1716740273282,paho790351346765463,topic/security,METAVERSE,31
1716740273285,paho790351347340061,topic/c/lighting,METAVERSE,11
1716740273286,paho790351345995645,topic/c/lighting,METAVERSE,12
1716740273409,paho790351346765463,topic/security,METAVERSE,14
1716740273434,paho790351347536189,topic/maintenance,METAVERSE,239
1716740273434,paho790351347536189,topic/maintenance,METAVERSE,187
1716740273434,paho790351347536189,topic/maintenance,METAVERSE,187
1716740273436,paho790351345995645,topic/v/noise,METAVERSE,42
1716740273457,paho790351345995645,topic/c/noise,METAVERSE,14
1716740273472,paho790351346765463,topic/security,METAVERSE,16
1716740273520,paho790351345995645,topic/s/noise,METAVERSE,11
1716740273520,paho790351346765463,topic/security,METAVERSE,13
1716740273540,paho790351346765463,topic/security,METAVERSE,31
1716740273579,paho790351346765463,topic/security,METAVERSE,35
1716740273630,paho790351345995645,topic/b/noise,METAVERSE,23
1716740273631,paho790351346765463,topic/security,METAVERSE,40
1716740273674,paho790351347340061,topic/b/lighting,METAVERSE,14
1716740273674,paho790351345995645,topic/b/lighting,METAVERSE,14
1716740273683,paho790351346765463,topic/security,METAVERSE,16
1716740273731,paho790351347536189,topic/maintenance,METAVERSE,337
1716740273741,paho790351346765463,topic/security,METAVERSE,14
1716740273826,paho790351347340061,topic/b/lighting,METAVERSE,11
1716740273826,paho790351345995645,topic/b/lighting,METAVERSE,11
1716740273835,paho790351347536189,topic/maintenance,METAVERSE,408
1716740273835,paho790351347536189,topic/maintenance,METAVERSE,392
1716740273835,paho790351347536189,topic/maintenance,METAVERSE,408
1716740273835,paho790351347536189,topic/maintenance,METAVERSE,326
1716740273859,paho790351346765463,topic/security,METAVERSE,12
1716740273883,paho790351347536189,topic/maintenance,METAVERSE,276
1716740273883,paho790351347536189,topic/maintenance,METAVERSE,276
1716740273935,paho790351347536189,topic/maintenance,METAVERSE,88
1716740274006,paho790351346765463,topic/security,METAVERSE,25
1716740274035,paho790351346765463,topic/security,METAVERSE,20
1716740274082,paho790351347536189,topic/maintenance,METAVERSE,112
1716740274122,paho790351346765463,topic/security,METAVERSE,11
1716740274272,paho790351345995645,topic/b/noise,METAVERSE,13
1716740274280,paho790351347536189,topic/maintenance,METAVERSE,158
1716740274300,paho790351345995645,topic/b/noise,METAVERSE,12
1716740274382,paho790351347536189,topic/maintenance,METAVERSE,198
1716740274386,paho790351346765463,topic/security,METAVERSE,55
1716740274427,paho790351347536189,topic/maintenance,METAVERSE,168
1716740274431,paho790351347536189,topic/maintenance,METAVERSE,143
1716740274431,paho790351347536189,topic/maintenance,METAVERSE,84
1716740274452,paho790351345995645,topic/s/noise,METAVERSE,14
1716740274514,paho790351346765463,topic/security,METAVERSE,14
1716740274535,paho790351346765463,topic/security,METAVERSE,19
1716740274540,paho790351347536189,topic/maintenance,METAVERSE,102
1716740274587,paho790351346765463,topic/security,METAVERSE,12
1716740274631,paho790351346765463,topic/security,METAVERSE,49
1716740274817,paho790351345995645,topic/e/lighting,METAVERSE,13
1716740274817,paho790351347340061,topic/e/lighting,METAVERSE,13
1716740274845,paho790351346765463,topic/security,METAVERSE,12
1716740274898,paho790351346765463,topic/security,METAVERSE,11
1716740274910,paho790351345995645,topic/s/lighting,METAVERSE,15
1716740274910,paho790351347340061,topic/s/lighting,METAVERSE,15
1716740274930,paho790351347536189,topic/maintenance,METAVERSE,135
1716740274951,paho790351346765463,topic/security,METAVERSE,59
1716740274992,paho790351346765463,topic/security,METAVERSE,20
1716740275031,paho790351346765463,topic/security,METAVERSE,16
1716740275525,paho790351346765463,topic/security,METAVERSE,14
1716740275534,paho790351346765463,topic/security,METAVERSE,15
1716740275587,paho790351346765463,topic/security,METAVERSE,12
1716740275686,paho790351346765463,topic/security,METAVERSE,15
1716740275748,paho790351347340061,topic/g/lighting,METAVERSE,19
1716740275748,paho790351345995645,topic/g/lighting,METAVERSE,19
1716740275788,paho790351345995645,topic/g/noise,METAVERSE,13
1716740275804,paho790351345995645,topic/s/lighting,METAVERSE,13
1716740275804,paho790351347340061,topic/s/lighting,METAVERSE,13
1716740275875,paho790351346765463,topic/security,METAVERSE,12
1716740275879,paho790351347536189,topic/maintenance,METAVERSE,104
1716740276068,paho790351346765463,topic/security,METAVERSE,45
1716740276145,paho790351346765463,topic/security,METAVERSE,13
1716740276168,paho790351345995645,topic/b/lighting,METAVERSE,13
1716740276168,paho790351347340061,topic/b/lighting,METAVERSE,13
1716740276181,paho790351347092266,topic/occupancy,METAVERSE,26862
1716740276182,paho790351347092266,topic/occupancy,METAVERSE,26847
1716740276182,paho790351347092266,topic/occupancy,METAVERSE,26839
1716740276182,paho790351347092266,topic/occupancy,METAVERSE,26775
1716740276182,paho790351347092266,topic/occupancy,METAVERSE,26579
1716740276182,paho790351347092266,topic/occupancy,METAVERSE,26330
1716740276182,paho790351347092266,topic/occupancy,METAVERSE,25889
1716740276182,paho790351347092266,topic/occupancy,METAVERSE,25839
1716740276182,paho790351347092266,topic/occupancy,METAVERSE,25751
1716740276182,paho790351347092266,topic/occupancy,METAVERSE,25580
1716740276182,paho790351347092266,topic/occupancy,METAVERSE,25530
1716740276182,paho790351347092266,topic/occupancy,METAVERSE,25516
1716740276182,paho790351347092266,topic/occupancy,METAVERSE,24852
1716740276182,paho790351347092266,topic/occupancy,METAVERSE,24839
1716740276182,paho790351347092266,topic/occupancy,METAVERSE,24823
1716740276182,paho790351347092266,topic/occupancy,METAVERSE,24711
1716740276182,paho790351347092266,topic/occupancy,METAVERSE,24487
1716740276182,paho790351347092266,topic/occupancy,METAVERSE,24307
1716740276182,paho790351347092266,topic/occupancy,METAVERSE,23991
1716740276182,paho790351347092266,topic/occupancy,METAVERSE,23869
1716740276182,paho790351347092266,topic/occupancy,METAVERSE,23811
1716740276182,paho790351347092266,topic/occupancy,METAVERSE,23747
1716740276182,paho790351347092266,topic/occupancy,METAVERSE,23519
1716740276182,paho790351347092266,topic/occupancy,METAVERSE,23491
1716740276182,paho790351347092266,topic/occupancy,METAVERSE,22823
1716740276182,paho790351347092266,topic/occupancy,METAVERSE,22823
1716740276271,paho790351346765463,topic/security,METAVERSE,12
1716740276278,paho790351345995645,topic/d/noise,METAVERSE,15
1716740276284,paho790351347536189,topic/maintenance,METAVERSE,153
1716740276331,paho790351345995645,topic/d/lighting,METAVERSE,44
1716740276331,paho790351347340061,topic/d/lighting,METAVERSE,44
1716740276532,paho790351347340061,topic/e/lighting,METAVERSE,19
1716740276532,paho790351345995645,topic/e/lighting,METAVERSE,19
1716740276542,paho790351346765463,topic/security,METAVERSE,19
1716740276559,paho790351345995645,topic/e/noise,METAVERSE,36
1716740276581,paho790351346765463,topic/security,METAVERSE,42
1716740276596,paho790351346765463,topic/security,METAVERSE,13
1716740276633,paho790351346765463,topic/security,METAVERSE,39
1716740276675,paho790351346765463,topic/security,METAVERSE,82
1716740276679,paho790351347536189,topic/maintenance,METAVERSE,428
1716740276717,paho790351347536189,topic/maintenance,METAVERSE,454
1716740276717,paho790351347536189,topic/maintenance,METAVERSE,419
1716740276717,paho790351347536189,topic/maintenance,METAVERSE,333
1716740276760,paho790351346765463,topic/security,METAVERSE,13
1716740276781,paho790351347536189,topic/maintenance,METAVERSE,258
1716740276785,paho790351346765463,topic/security,METAVERSE,14
1716740276805,paho790351345995645,topic/d/rfid,METAVERSE,14
1716740276830,paho790351347092266,topic/queueing,METAVERSE,39
1716740276847,paho790351347340061,topic/d/lighting,METAVERSE,12
1716740276847,paho790351345995645,topic/d/lighting,METAVERSE,12
1716740276850,paho790351345995645,topic/g/lighting,METAVERSE,15
1716740276850,paho790351347340061,topic/g/lighting,METAVERSE,15
1716740276881,paho790351346765463,topic/security,METAVERSE,14
1716740276882,paho790351347536189,topic/maintenance,METAVERSE,175
1716740276903,paho790351346765463,topic/security,METAVERSE,15
1716740276947,paho790351347536189,topic/maintenance,METAVERSE,145
1716740277069,paho790351345995645,topic/g/noise,METAVERSE,26
1716740277075,paho790351346765463,topic/security,METAVERSE,12
1716740277135,paho790351347536189,topic/maintenance,METAVERSE,92
1716740277164,paho790351345995645,topic/d/noise,METAVERSE,13
1716740277230,paho790351347536189,topic/maintenance,METAVERSE,79
1716740277282,paho790351347536189,topic/maintenance,METAVERSE,23
1716740277306,paho790351345995645,topic/s/rfid,METAVERSE,11
1716740277309,paho790351347092266,topic/queueing,METAVERSE,14
1716740277309,paho790351345995645,topic/e/noise,METAVERSE,14
1716740277384,paho790351347536189,topic/maintenance,METAVERSE,89
1716740277563,paho790351346765463,topic/security,METAVERSE,12
1716740277579,paho790351346765463,topic/security,METAVERSE,26
1716740277598,paho790351346765463,topic/security,METAVERSE,11
1716740277732,paho790351346765463,topic/security,METAVERSE,60
1716740277732,paho790351346765463,topic/security,METAVERSE,42
1716740277888,paho790351346765463,topic/security,METAVERSE,24
1716740277947,paho790351346765463,topic/security,METAVERSE,12
1716740277990,paho790351346765463,topic/security,METAVERSE,23
1716740278032,paho790351346765463,topic/security,METAVERSE,49
1716740278084,paho790351346765463,topic/security,METAVERSE,20
1716740278178,paho790351346765463,topic/security,METAVERSE,23
1716740278180,paho790351347536189,topic/maintenance,METAVERSE,26
1716740278202,paho790351345995645,topic/b/lighting,METAVERSE,11
1716740278203,paho790351347340061,topic/b/lighting,METAVERSE,12
1716740278234,paho790351347536189,topic/maintenance,METAVERSE,131
1716740278247,paho790351345995645,topic/v/lighting,METAVERSE,13
1716740278247,paho790351347340061,topic/v/lighting,METAVERSE,13
1716740278274,paho790351347340061,topic/c/lighting,METAVERSE,11
1716740278275,paho790351345995645,topic/c/lighting,METAVERSE,12
1716740278289,paho790351345995645,topic/b/lighting,METAVERSE,35
1716740278289,paho790351347340061,topic/b/lighting,METAVERSE,35
1716740278291,paho790351345995645,topic/b/noise,METAVERSE,37
1716740278306,paho790351345995645,topic/c/lighting,METAVERSE,32
1716740278306,paho790351347340061,topic/c/lighting,METAVERSE,32
1716740278335,paho790351347536189,topic/maintenance,METAVERSE,81
1716740278380,paho790351347536189,topic/maintenance,METAVERSE,126
1716740278430,paho790351346765463,topic/security,METAVERSE,15
1716740278431,paho790351347536189,topic/maintenance,METAVERSE,46
1716740278438,paho790351345995645,topic/v/noise,METAVERSE,14
1716740278457,paho790351345995645,topic/c/noise,METAVERSE,13
1716740278528,paho790351345995645,topic/s/noise,METAVERSE,18
1716740278563,paho790351346765463,topic/security,METAVERSE,12
1716740278583,paho790351347536189,topic/maintenance,METAVERSE,159
1716740278587,paho790351346765463,topic/security,METAVERSE,13
1716740278631,paho790351346765463,topic/security,METAVERSE,31
1716740278652,paho790351345995645,topic/b/noise,METAVERSE,13
1716740278674,paho790351345995645,topic/b/lighting,METAVERSE,13
1716740278675,paho790351347340061,topic/b/lighting,METAVERSE,14
1716740278681,paho790351346765463,topic/security,METAVERSE,78
1716740278681,paho790351347536189,topic/maintenance,METAVERSE,237
1716740278731,paho790351347536189,topic/maintenance,METAVERSE,221
1716740278731,paho790351347536189,topic/maintenance,METAVERSE,92
1716740278833,paho790351345995645,topic/b/lighting,METAVERSE,10
1716740278834,paho790351347340061,topic/b/lighting,METAVERSE,11
1716740278887,paho790351346765463,topic/security,METAVERSE,12
1716740278915,paho790351346765463,topic/security,METAVERSE,12
1716740279082,paho790351346765463,topic/security,METAVERSE,15
1716740279181,paho790351346765463,topic/security,METAVERSE,50
1716740279283,paho790351345995645,topic/b/noise,METAVERSE,12
1716740279301,paho790351345995645,topic/b/noise,METAVERSE,12
1716740279305,paho790351346765463,topic/security,METAVERSE,14
1716740279310,paho790351345995645,topic/s/rfid,METAVERSE,12
1716740279311,paho790351347092266,topic/queueing,METAVERSE,13
1716740279334,paho790351347536189,topic/maintenance,METAVERSE,178
1716740279334,paho790351347536189,topic/maintenance,METAVERSE,134
1716740279472,paho790351345995645,topic/s/noise,METAVERSE,13
1716740279482,paho790351347536189,topic/maintenance,METAVERSE,211
1716740279482,paho790351347536189,topic/maintenance,METAVERSE,193
1716740279483,paho790351347536189,topic/maintenance,METAVERSE,24
1716740279586,paho790351346765463,topic/security,METAVERSE,27
1716740279631,paho790351346765463,topic/security,METAVERSE,45
1716740279681,paho790351347536189,topic/maintenance,METAVERSE,215
1716740279683,paho790351346765463,topic/security,METAVERSE,89
1716740279684,paho790351346765463,topic/security,METAVERSE,82
1716740279779,paho790351346765463,topic/security,METAVERSE,82
1716740279835,paho790351346765463,topic/security,METAVERSE,68
1716740279839,paho790351345995645,topic/e/lighting,METAVERSE,16
1716740279839,paho790351347340061,topic/e/lighting,METAVERSE,16
1716740279891,paho790351346765463,topic/security,METAVERSE,12
1716740279919,paho790351345995645,topic/s/lighting,METAVERSE,12
1716740279919,paho790351347340061,topic/s/lighting,METAVERSE,12
1716740279979,paho790351346765463,topic/security,METAVERSE,36
1716740280079,paho790351347536189,topic/maintenance,METAVERSE,184
1716740280113,paho790351346765463,topic/security,METAVERSE,14
1716740280131,paho790351347536189,topic/maintenance,METAVERSE,255
1716740280178,paho790351346765463,topic/security,METAVERSE,19
1716740280186,paho790351347536189,topic/maintenance,METAVERSE,24
1716740280481,paho790351347536189,topic/maintenance,METAVERSE,86
1716740280609,paho790351346765463,topic/security,METAVERSE,14
1716740280629,paho790351346765463,topic/security,METAVERSE,25
1716740280680,paho790351346765463,topic/security,METAVERSE,61
1716740280683,paho790351346765463,topic/security,METAVERSE,64
1716740280772,paho790351345995645,topic/g/lighting,METAVERSE,13
1716740280772,paho790351347340061,topic/g/lighting,METAVERSE,13
1716740280799,paho790351345995645,topic/g/noise,METAVERSE,12
1716740280832,paho790351347536189,topic/maintenance,METAVERSE,45
1716740280847,paho790351345995645,topic/s/lighting,METAVERSE,12
1716740280848,paho790351347340061,topic/s/lighting,METAVERSE,13
1716740280887,paho790351346765463,topic/security,METAVERSE,11
1716740280933,paho790351346765463,topic/security,METAVERSE,18
1716740281006,paho790351346765463,topic/security,METAVERSE,16
1716740281126,paho790351346765463,topic/security,METAVERSE,14
1716740281176,paho790351347340061,topic/b/lighting,METAVERSE,13
1716740281176,paho790351345995645,topic/b/lighting,METAVERSE,13
1716740281235,paho790351345995645,topic/c/rfid,METAVERSE,16
1716740281236,paho790351347536189,topic/maintenance,METAVERSE,83
1716740281237,paho790351347092266,topic/queueing,METAVERSE,18
1716740281282,paho790351345995645,topic/d/noise,METAVERSE,17
1716740281289,paho790351346765463,topic/security,METAVERSE,13
1716740281326,paho790351345995645,topic/s/rfid,METAVERSE,11
1716740281326,paho790351347092266,topic/queueing,METAVERSE,11
1716740281335,paho790351347536189,topic/maintenance,METAVERSE,70
1716740281408,paho790351345995645,topic/d/lighting,METAVERSE,43
1716740281408,paho790351347340061,topic/d/lighting,METAVERSE,43
1716740281487,paho790351347536189,topic/maintenance,METAVERSE,24
1716740281575,paho790351345995645,topic/e/lighting,METAVERSE,22
1716740281575,paho790351347340061,topic/e/lighting,METAVERSE,22
1716740281577,paho790351345995645,topic/e/noise,METAVERSE,23
1716740281600,paho790351346765463,topic/security,METAVERSE,13
1716740281633,paho790351346765463,topic/security,METAVERSE,34
1716740281681,paho790351346765463,topic/security,METAVERSE,62
1716740281683,paho790351347536189,topic/maintenance,METAVERSE,129
1716740281709,paho790351346765463,topic/security,METAVERSE,11
1716740281787,paho790351346765463,topic/security,METAVERSE,24
1716740281810,paho790351346765463,topic/security,METAVERSE,27
1716740281840,paho790351346765463,topic/security,METAVERSE,30
1716740281852,paho790351347340061,topic/g/lighting,METAVERSE,13
1716740281853,paho790351345995645,topic/g/lighting,METAVERSE,14
1716740281886,paho790351345995645,topic/d/lighting,METAVERSE,16
1716740281886,paho790351347340061,topic/d/lighting,METAVERSE,16
1716740281911,paho790351346765463,topic/security,METAVERSE,12
1716740281933,paho790351347536189,topic/maintenance,METAVERSE,58
1716740282078,paho790351345995645,topic/g/noise,METAVERSE,11
1716740282127,paho790351346765463,topic/security,METAVERSE,14
1716740282131,paho790351347536189,topic/maintenance,METAVERSE,64
1716740282165,paho790351345995645,topic/d/noise,METAVERSE,13
1716740282185,paho790351346765463,topic/security,METAVERSE,22
1716740282230,paho790351347536189,topic/maintenance,METAVERSE,78
1716740282235,paho790351346765463,topic/security,METAVERSE,76
1716740282271,paho790351347536189,topic/maintenance,METAVERSE,108
1716740282320,paho790351345995645,topic/e/noise,METAVERSE,17
1716740282327,paho790351346765463,topic/security,METAVERSE,35
1716740282382,paho790351347536189,topic/maintenance,METAVERSE,79
1716740282382,paho790351347536189,topic/maintenance,METAVERSE,75
1716740282483,paho790351347536189,topic/maintenance,METAVERSE,84
1716740282683,paho790351346765463,topic/security,METAVERSE,78
1716740282683,paho790351346765463,topic/security,METAVERSE,73
1716740282683,paho790351346765463,topic/security,METAVERSE,72
1716740282729,paho790351346765463,topic/security,METAVERSE,98
1716740282731,paho790351346765463,topic/security,METAVERSE,68
1716740282787,paho790351346765463,topic/security,METAVERSE,16
1716740282849,paho790351346765463,topic/security,METAVERSE,18
1716740282933,paho790351346765463,topic/security,METAVERSE,16
1716740282980,paho790351346765463,topic/security,METAVERSE,56
1716740283144,paho790351346765463,topic/security,METAVERSE,27
1716740283208,paho790351347340061,topic/b/lighting,METAVERSE,16
1716740283208,paho790351345995645,topic/b/lighting,METAVERSE,16
1716740283247,paho790351347340061,topic/v/lighting,METAVERSE,12
1716740283248,paho790351345995645,topic/v/lighting,METAVERSE,13
1716740283289,paho790351345995645,topic/b/lighting,METAVERSE,18
1716740283289,paho790351347340061,topic/b/lighting,METAVERSE,18
1716740283295,paho790351345995645,topic/b/noise,METAVERSE,24
1716740283301,paho790351347340061,topic/c/lighting,METAVERSE,12
1716740283301,paho790351345995645,topic/c/lighting,METAVERSE,12
1716740283333,paho790351347536189,topic/maintenance,METAVERSE,66
1716740283333,paho790351347536189,topic/maintenance,METAVERSE,62
1716740283336,paho790351347340061,topic/c/lighting,METAVERSE,13
1716740283337,paho790351345995645,topic/c/lighting,METAVERSE,14
1716740283436,paho790351345995645,topic/v/noise,METAVERSE,12
1716740283473,paho790351345995645,topic/c/noise,METAVERSE,14
1716740283531,paho790351345995645,topic/s/noise,METAVERSE,12
1716740283582,paho790351347536189,topic/maintenance,METAVERSE,181
1716740283582,paho790351347536189,topic/maintenance,METAVERSE,158
1716740283582,paho790351347536189,topic/maintenance,METAVERSE,123
1716740283582,paho790351347536189,topic/maintenance,METAVERSE,63
1716740283628,paho790351346765463,topic/security,METAVERSE,14
1716740283685,paho790351345995645,topic/b/noise,METAVERSE,32
1716740283688,paho790351347340061,topic/b/lighting,METAVERSE,24
1716740283688,paho790351345995645,topic/b/lighting,METAVERSE,24
