1716750671891,paho800795645571771,topic/d/noise,METAVERSE,78
1716750671966,paho800795645571771,topic/s/lighting,METAVERSE,59
1716750671969,paho800795647178433,topic/s/lighting,METAVERSE,62
1716750672093,paho800795645571771,topic/c/noise,METAVERSE,34
1716750672204,paho800795647178433,topic/c/lighting,METAVERSE,37
1716750672204,paho800795645571771,topic/c/lighting,METAVERSE,37
1716750672322,paho800795645571771,topic/b/noise,METAVERSE,30
1716750672361,paho800795645571771,topic/g/lighting,METAVERSE,20
1716750672361,paho800795647178433,topic/g/lighting,METAVERSE,20
1716750672467,paho800795647178433,topic/s/lighting,METAVERSE,19
1716750672467,paho800795645571771,topic/s/lighting,METAVERSE,19
1716750672576,paho800795645571771,topic/d/noise,METAVERSE,35
1716750672737,paho800795647178433,topic/c/lighting,METAVERSE,10
1716750672737,paho800795645571771,topic/c/lighting,METAVERSE,10
1716750672747,paho800795645571771,topic/s/noise,METAVERSE,13
1716750672864,paho800795645571771,topic/d/lighting,METAVERSE,35
1716750672864,paho800795647178433,topic/d/lighting,METAVERSE,35
1716750673015,paho800795645571771,topic/c/rfid,METAVERSE,16
1716750673017,paho800795645571771,topic/v/rfid,METAVERSE,19
1716750673080,paho800795645571771,topic/e/rfid,METAVERSE,12
1716750673083,paho800795647178433,topic/g/lighting,METAVERSE,12
1716750673086,paho800795645571771,topic/g/lighting,METAVERSE,15
1716750673127,paho800795647178433,topic/v/lighting,METAVERSE,30
1716750673128,paho800795645571771,topic/v/lighting,METAVERSE,31
1716750673147,paho800795645571771,topic/e/lighting,METAVERSE,20
1716750673148,paho800795647178433,topic/e/lighting,METAVERSE,21
1716750673277,paho800795645571771,topic/e/noise,METAVERSE,10
1716750673350,paho800795645571771,topic/v/noise,METAVERSE,10
1716750673476,paho800795645571771,topic/s/rfid,METAVERSE,17
1716750673499,paho800795647178433,topic/d/lighting,METAVERSE,47
1716750673499,paho800795645571771,topic/d/lighting,METAVERSE,47
1716750673625,paho800795645571771,topic/b/lighting,METAVERSE,13
1716750673626,paho800795647178433,topic/b/lighting,METAVERSE,14
1716750674087,paho800795645571771,topic/g/noise,METAVERSE,16
1716750674438,paho800795645571771,topic/s/noise,METAVERSE,103
1716750674548,paho800795645571771,topic/b/noise,METAVERSE,32
1716750675235,paho800795645571771,topic/g/rfid,METAVERSE,11
1716750675286,paho800795645571771,topic/g/noise,METAVERSE,10
1716750675536,paho800795645571771,topic/d/rfid,METAVERSE,29
1716750675718,paho800795647178433,topic/e/lighting,METAVERSE,10
1716750675718,paho800795645571771,topic/e/lighting,METAVERSE,10
1716750675768,paho800795645571771,topic/e/noise,METAVERSE,9
1716750676085,paho800795645571771,topic/v/rfid,METAVERSE,10
1716750676853,paho800795645571771,topic/d/noise,METAVERSE,10
1716750677020,paho800795645571771,topic/s/lighting,METAVERSE,21
1716750677020,paho800795647178433,topic/s/lighting,METAVERSE,21
1716750677105,paho800795645571771,topic/c/noise,METAVERSE,10
1716750677210,paho800795645571771,topic/b/noise,METAVERSE,35
1716750677218,paho800795647178433,topic/c/lighting,METAVERSE,11
1716750677221,paho800795645571771,topic/c/lighting,METAVERSE,14
1716750677414,paho800795645571771,topic/g/lighting,METAVERSE,11
1716750677414,paho800795647178433,topic/g/lighting,METAVERSE,11
1716750677483,paho800795645571771,topic/b/noise,METAVERSE,120
1716750677484,paho800795645571771,topic/s/lighting,METAVERSE,10
1716750677487,paho800795647178433,topic/s/lighting,METAVERSE,13
1716750677617,paho800795645571771,topic/d/noise,METAVERSE,18
1716750677802,paho800795645571771,topic/s/noise,METAVERSE,11
1716750677817,paho800795645571771,topic/c/lighting,METAVERSE,10
1716750677818,paho800795647178433,topic/c/lighting,METAVERSE,11
1716750677896,paho800795645571771,topic/d/lighting,METAVERSE,13
1716750677897,paho800795647178433,topic/d/lighting,METAVERSE,14
1716750678024,paho800795645571771,topic/b/lighting,METAVERSE,9
1716750678025,paho800795647178433,topic/b/lighting,METAVERSE,10
1716750678113,paho800795645571771,topic/g/lighting,METAVERSE,10
1716750678114,paho800795647178433,topic/g/lighting,METAVERSE,11
1716750678135,paho800795645571771,topic/v/lighting,METAVERSE,16
1716750678136,paho800795647178433,topic/v/lighting,METAVERSE,17
1716750678146,paho800795645571771,topic/e/rfid,METAVERSE,10
1716750678152,paho800795645571771,topic/e/lighting,METAVERSE,13
1716750678153,paho800795647178433,topic/e/lighting,METAVERSE,14
1716750678284,paho800795645571771,topic/b/lighting,METAVERSE,28
1716750678286,paho800795647178433,topic/b/lighting,METAVERSE,30
1716750678344,paho800795645571771,topic/e/noise,METAVERSE,11
1716750678351,paho800795645571771,topic/v/noise,METAVERSE,10
1716750678428,paho800795645571771,topic/b/rfid,METAVERSE,28
1716750678546,paho800795645571771,topic/d/lighting,METAVERSE,47
1716750678547,paho800795647178433,topic/d/lighting,METAVERSE,48
1716750678665,paho800795645571771,topic/b/lighting,METAVERSE,10
1716750678666,paho800795647178433,topic/b/lighting,METAVERSE,11
1716750678793,paho800795645571771,topic/b/lighting,METAVERSE,10
1716750678794,paho800795647178433,topic/b/lighting,METAVERSE,11
1716750679096,paho800795645571771,topic/g/noise,METAVERSE,13
1716750679124,paho800795645571771,topic/b/noise,METAVERSE,105
1716750679170,paho800795647178433,topic/b/lighting,METAVERSE,10
1716750679171,paho800795645571771,topic/b/lighting,METAVERSE,11
1716750679465,paho800795645571771,topic/s/noise,METAVERSE,25
1716750679586,paho800795645571771,topic/b/noise,METAVERSE,31
1716750680101,paho800795645571771,topic/v/rfid,METAVERSE,10
1716750680287,paho800795645571771,topic/g/rfid,METAVERSE,44
1716750680290,paho800795645571771,topic/g/noise,METAVERSE,14
1716750680484,paho800795645571771,topic/s/rfid,METAVERSE,13
1716750680731,paho800795647668659,topic/maintenance,METAVERSE,1648
1716750680773,paho800795645571771,topic/e/lighting,METAVERSE,10
1716750680774,paho800795647178433,topic/e/lighting,METAVERSE,11
1716750680782,paho800795646617772,topic/security,METAVERSE,1019
1716750680807,paho800795645571771,topic/e/noise,METAVERSE,44
1716750680831,paho800795647668659,topic/maintenance,METAVERSE,1811
1716750680930,paho800795647668659,topic/maintenance,METAVERSE,1911
1716750680931,paho800795646617772,topic/security,METAVERSE,1116
1716750680980,paho800795647668659,topic/maintenance,METAVERSE,1685
1716750680989,paho800795646984376,topic/queueing,METAVERSE,898
1716750681031,paho800795647668659,topic/maintenance,METAVERSE,1684
1716750681039,paho800795647668659,topic/maintenance,METAVERSE,1599
1716750681084,paho800795646617772,topic/security,METAVERSE,1265
1716750681084,paho800795647668659,topic/maintenance,METAVERSE,1617
1716750681132,paho800795646617772,topic/security,METAVERSE,1261
1716750681133,paho800795647668659,topic/maintenance,METAVERSE,1578
1716750681236,paho800795646617772,topic/security,METAVERSE,1316
1716750681282,paho800795646984376,topic/queueing,METAVERSE,1039
1716750681283,paho800795646984376,topic/queueing,METAVERSE,812
1716750681335,paho800795646617772,topic/security,METAVERSE,1408
1716750681335,paho800795647668659,topic/maintenance,METAVERSE,1059
1716750681480,paho800795647668659,topic/maintenance,METAVERSE,765
1716750681484,paho800795645571771,topic/b/rfid,METAVERSE,25
1716750681535,paho800795646617772,topic/security,METAVERSE,1529
1716750681617,paho800795645571771,topic/d/rfid,METAVERSE,50
1716750681634,paho800795647668659,topic/maintenance,METAVERSE,871
1716750681680,paho800795646617772,topic/security,METAVERSE,1441
1716750681683,paho800795647668659,topic/maintenance,METAVERSE,473
1716750681780,paho800795646984376,topic/queueing,METAVERSE,321
1716750681834,paho800795646617772,topic/security,METAVERSE,1489
1716750681869,paho800795645571771,topic/d/noise,METAVERSE,10
1716750681881,paho800795646984376,topic/queueing,METAVERSE,314
1716750681933,paho800795646617772,topic/security,METAVERSE,1422
1716750682030,paho800795646984376,topic/occupancy,METAVERSE,2935
1716750682044,paho800795645571771,topic/s/lighting,METAVERSE,14
1716750682046,paho800795647178433,topic/s/lighting,METAVERSE,16
1716750682083,paho800795647668659,topic/maintenance,METAVERSE,224
1716750682083,paho800795646617772,topic/security,METAVERSE,1408
1716750682117,paho800795645571771,topic/c/noise,METAVERSE,10
1716750682221,paho800795645571771,topic/c/lighting,METAVERSE,12
1716750682222,paho800795647178433,topic/c/lighting,METAVERSE,13
1716750682233,paho800795646617772,topic/security,METAVERSE,1573
1716750682240,paho800795645571771,topic/b/noise,METAVERSE,28
1716750682336,paho800795646617772,topic/security,METAVERSE,1621
1716750682381,paho800795647668659,topic/maintenance,METAVERSE,274
1716750682414,paho800795645571771,topic/g/lighting,METAVERSE,10
1716750682415,paho800795647178433,topic/g/lighting,METAVERSE,11
1716750682432,paho800795646617772,topic/security,METAVERSE,1305
1716750682435,paho800795647668659,topic/maintenance,METAVERSE,223
1716750682435,paho800795647668659,topic/maintenance,METAVERSE,138
1716750682438,paho800795646617772,topic/security,METAVERSE,1283
1716750682482,paho800795647668659,topic/maintenance,METAVERSE,131
1716750682483,paho800795646617772,topic/security,METAVERSE,1131
1716750682484,paho800795646617772,topic/security,METAVERSE,1061
1716750682484,paho800795646617772,topic/security,METAVERSE,805
1716750682485,paho800795647178433,topic/s/lighting,METAVERSE,10
1716750682487,paho800795645571771,topic/s/lighting,METAVERSE,12
1716750682491,paho800795646617772,topic/security,METAVERSE,622
1716750682531,paho800795646617772,topic/security,METAVERSE,624
1716750682531,paho800795645571771,topic/b/noise,METAVERSE,52
1716750682625,paho800795645571771,topic/d/noise,METAVERSE,11
1716750682632,paho800795646617772,topic/security,METAVERSE,701
1716750682634,paho800795647668659,topic/maintenance,METAVERSE,155
1716750682683,paho800795647668659,topic/maintenance,METAVERSE,69
1716750682733,paho800795647668659,topic/maintenance,METAVERSE,74
1716750682733,paho800795646617772,topic/security,METAVERSE,774
1716750682781,paho800795646617772,topic/security,METAVERSE,774
1716750682821,paho800795645571771,topic/s/noise,METAVERSE,17
1716750682823,paho800795646617772,topic/security,METAVERSE,645
1716750682856,paho800795645571771,topic/c/lighting,METAVERSE,19
1716750682857,paho800795647178433,topic/c/lighting,METAVERSE,20
1716750682883,paho800795646617772,topic/security,METAVERSE,632
1716750682939,paho800795645571771,topic/d/lighting,METAVERSE,15
1716750682940,paho800795647178433,topic/d/lighting,METAVERSE,16
1716750682986,paho800795647668659,topic/maintenance,METAVERSE,183
1716750682986,paho800795647668659,topic/maintenance,METAVERSE,182
1716750683031,paho800795646617772,topic/security,METAVERSE,754
1716750683058,paho800795645571771,topic/b/lighting,METAVERSE,26
1716750683058,paho800795647178433,topic/b/lighting,METAVERSE,26
1716750683085,paho800795646617772,topic/security,METAVERSE,714
1716750683136,paho800795646617772,topic/security,METAVERSE,614
1716750683136,paho800795646617772,topic/security,METAVERSE,425
1716750683152,paho800795645571771,topic/v/lighting,METAVERSE,28
1716750683153,paho800795647178433,topic/v/lighting,METAVERSE,29
1716750683158,paho800795647178433,topic/g/lighting,METAVERSE,20
1716750683159,paho800795645571771,topic/v/rfid,METAVERSE,21
1716750683161,paho800795645571771,topic/g/lighting,METAVERSE,23
1716750683183,paho800795646984376,topic/queueing,METAVERSE,45
1716750683186,paho800795646984376,topic/occupancy,METAVERSE,4071
1716750683228,paho800795647178433,topic/e/lighting,METAVERSE,9
1716750683230,paho800795645571771,topic/e/lighting,METAVERSE,11
1716750683236,paho800795646617772,topic/security,METAVERSE,501
1716750683283,paho800795647668659,topic/maintenance,METAVERSE,108
1716750683333,paho800795647178433,topic/b/lighting,METAVERSE,38
1716750683333,paho800795646617772,topic/security,METAVERSE,530
1716750683334,paho800795645571771,topic/b/lighting,METAVERSE,39
1716750683357,paho800795645571771,topic/v/noise,METAVERSE,10
1716750683375,paho800795646617772,topic/security,METAVERSE,508
1716750683396,paho800795645571771,topic/e/noise,METAVERSE,9
1716750683433,paho800795646617772,topic/security,METAVERSE,546
1716750683534,paho800795646984376,topic/occupancy,METAVERSE,4183
1716750683534,paho800795646617772,topic/security,METAVERSE,611
1716750683534,paho800795646617772,topic/security,METAVERSE,396
1716750683534,paho800795646617772,topic/security,METAVERSE,323
1716750683575,paho800795645571771,topic/d/lighting,METAVERSE,12
1716750683576,paho800795647178433,topic/d/lighting,METAVERSE,13
1716750683579,paho800795646617772,topic/security,METAVERSE,204
1716750683681,paho800795647668659,topic/maintenance,METAVERSE,386
1716750683713,paho800795646617772,topic/security,METAVERSE,10
1716750683726,paho800795645571771,topic/b/lighting,METAVERSE,23
1716750683729,paho800795647178433,topic/b/lighting,METAVERSE,26
1716750683780,paho800795646617772,topic/security,METAVERSE,76
1716750683781,paho800795647668659,topic/maintenance,METAVERSE,434
1716750683807,paho800795645571771,topic/b/lighting,METAVERSE,12
1716750683808,paho800795647178433,topic/b/lighting,METAVERSE,13
1716750683823,paho800795646617772,topic/security,METAVERSE,111
1716750683835,paho800795647668659,topic/maintenance,METAVERSE,448
1716750683863,paho800795646617772,topic/security,METAVERSE,52
1716750683882,paho800795647668659,topic/maintenance,METAVERSE,310
1716750683916,paho800795646617772,topic/security,METAVERSE,9
1716750683955,paho800795646617772,topic/security,METAVERSE,23
1716750683985,paho800795646984376,topic/occupancy,METAVERSE,4166
1716750683986,paho800795646617772,topic/security,METAVERSE,27
1716750684039,paho800795646617772,topic/security,METAVERSE,9
1716750684088,paho800795646617772,topic/security,METAVERSE,57
1716750684121,paho800795645571771,topic/g/noise,METAVERSE,24
1716750684181,paho800795647668659,topic/maintenance,METAVERSE,84
1716750684183,paho800795646617772,topic/security,METAVERSE,16
1716750684187,paho800795645571771,topic/b/lighting,METAVERSE,10
1716750684188,paho800795647178433,topic/b/lighting,METAVERSE,11
1716750684202,paho800795645571771,topic/b/noise,METAVERSE,27
1716750684234,paho800795646984376,topic/occupancy,METAVERSE,4314
1716750684305,paho800795646617772,topic/security,METAVERSE,10
1716750684328,paho800795645571771,topic/g/rfid,METAVERSE,9
1716750684385,paho800795646984376,topic/queueing,METAVERSE,66
1716750684386,paho800795647668659,topic/maintenance,METAVERSE,211
1716750684436,paho800795646617772,topic/security,METAVERSE,41
1716750684482,paho800795645571771,topic/s/noise,METAVERSE,15
1716750684499,paho800795646617772,topic/security,METAVERSE,10
1716750684533,paho800795647668659,topic/maintenance,METAVERSE,66
1716750684550,paho800795646617772,topic/security,METAVERSE,9
1716750684581,paho800795646984376,topic/occupancy,METAVERSE,4575
1716750684612,paho800795645571771,topic/b/noise,METAVERSE,9
1716750684680,paho800795647668659,topic/maintenance,METAVERSE,77
1716750684778,paho800795646617772,topic/security,METAVERSE,19
1716750684880,paho800795647668659,topic/maintenance,METAVERSE,116
1716750684981,paho800795646984376,topic/occupancy,METAVERSE,4890
1716750685075,paho800795645571771,topic/c/rfid,METAVERSE,16
1716750685077,paho800795646984376,topic/queueing,METAVERSE,18
1716750685172,paho800795646617772,topic/security,METAVERSE,13
1716750685183,paho800795646984376,topic/occupancy,METAVERSE,4944
1716750685315,paho800795646617772,topic/security,METAVERSE,21
1716750685327,paho800795645571771,topic/g/noise,METAVERSE,28
1716750685419,paho800795646617772,topic/security,METAVERSE,52
1716750685431,paho800795647668659,topic/maintenance,METAVERSE,176
1716750685433,paho800795646617772,topic/security,METAVERSE,22
1716750685485,paho800795646984376,topic/occupancy,METAVERSE,5242
1716750685485,paho800795647668659,topic/maintenance,METAVERSE,186
1716750685683,paho800795646984376,topic/occupancy,METAVERSE,5338
1716750685709,paho800795646617772,topic/security,METAVERSE,10
1716750685787,paho800795646617772,topic/security,METAVERSE,82
1716750685827,paho800795646617772,topic/security,METAVERSE,122
1716750685837,paho800795645571771,topic/e/lighting,METAVERSE,11
1716750685838,paho800795647178433,topic/e/lighting,METAVERSE,12
1716750685863,paho800795645571771,topic/e/noise,METAVERSE,36
1716750685932,paho800795647668659,topic/maintenance,METAVERSE,105
1716750685969,paho800795646617772,topic/security,METAVERSE,39
1716750685980,paho800795646984376,topic/occupancy,METAVERSE,5509
1716750686007,paho800795646617772,topic/security,METAVERSE,12
1716750686033,paho800795646617772,topic/security,METAVERSE,22
1716750686090,paho800795646984376,topic/occupancy,METAVERSE,5579
1716750686134,paho800795646617772,topic/security,METAVERSE,63
1716750686185,paho800795646617772,topic/security,METAVERSE,70
1716750686240,paho800795646984376,topic/occupancy,METAVERSE,5525
1716750686310,paho800795646617772,topic/security,METAVERSE,31
1716750686332,paho800795646617772,topic/security,METAVERSE,34
1716750686465,paho800795646617772,topic/security,METAVERSE,18
1716750686533,paho800795646617772,topic/security,METAVERSE,70
1716750686582,paho800795647668659,topic/maintenance,METAVERSE,203
1716750686582,paho800795646984376,topic/occupancy,METAVERSE,5455
1716750686585,paho800795646617772,topic/security,METAVERSE,18
1716750686680,paho800795647668659,topic/maintenance,METAVERSE,295
1716750686732,paho800795646617772,topic/security,METAVERSE,61
1716750686781,paho800795646617772,topic/security,METAVERSE,18
1716750686797,paho800795646617772,topic/security,METAVERSE,30
1716750686835,paho800795647668659,topic/maintenance,METAVERSE,336
1716750686895,paho800795645571771,topic/d/noise,METAVERSE,8
1716750686935,paho800795647668659,topic/maintenance,METAVERSE,48
1716750687086,paho800795645571771,topic/s/lighting,METAVERSE,23
1716750687088,paho800795647178433,topic/s/lighting,METAVERSE,25
1716750687127,paho800795645571771,topic/c/noise,METAVERSE,8
1716750687146,paho800795645571771,topic/e/rfid,METAVERSE,10
1716750687180,paho800795646984376,topic/occupancy,METAVERSE,6025
1716750687182,paho800795646984376,topic/queueing,METAVERSE,46
1716750687182,paho800795647668659,topic/maintenance,METAVERSE,63
1716750687183,paho800795646617772,topic/security,METAVERSE,20
1716750687287,paho800795647178433,topic/c/lighting,METAVERSE,16
1716750687288,paho800795646984376,topic/occupancy,METAVERSE,5936
1716750687289,paho800795645571771,topic/c/lighting,METAVERSE,18
1716750687318,paho800795645571771,topic/b/noise,METAVERSE,39
1716750687319,paho800795647668659,topic/maintenance,METAVERSE,40
1716750687333,paho800795645571771,topic/g/rfid,METAVERSE,10
1716750687334,paho800795646984376,topic/queueing,METAVERSE,11
1716750687383,paho800795646617772,topic/security,METAVERSE,57
1716750687412,paho800795645571771,topic/g/lighting,METAVERSE,7
1716750687413,paho800795647178433,topic/g/lighting,METAVERSE,8
1716750687430,paho800795646617772,topic/security,METAVERSE,105
1716750687431,paho800795647668659,topic/maintenance,METAVERSE,104
1716750687443,paho800795646617772,topic/security,METAVERSE,12
1716750687485,paho800795645571771,topic/s/lighting,METAVERSE,9
1716750687486,paho800795647178433,topic/s/lighting,METAVERSE,10
1716750687531,paho800795646984376,topic/occupancy,METAVERSE,6072
1716750687579,paho800795645571771,topic/b/noise,METAVERSE,8
1716750687582,paho800795647668659,topic/maintenance,METAVERSE,11
1716750687635,paho800795646984376,topic/occupancy,METAVERSE,6068
1716750687638,paho800795645571771,topic/d/noise,METAVERSE,9
1716750687733,paho800795647668659,topic/maintenance,METAVERSE,104
1716750687734,paho800795646617772,topic/security,METAVERSE,15
1716750687831,paho800795646984376,topic/occupancy,METAVERSE,5962
1716750687875,paho800795645571771,topic/s/noise,METAVERSE,13
1716750687880,paho800795647668659,topic/maintenance,METAVERSE,18
1716750687887,paho800795645571771,topic/c/lighting,METAVERSE,15
1716750687888,paho800795647178433,topic/c/lighting,METAVERSE,16
1716750687909,paho800795646617772,topic/security,METAVERSE,18
1716750687936,paho800795646617772,topic/security,METAVERSE,9
1716750687995,paho800795646617772,topic/security,METAVERSE,26
1716750687996,paho800795647178433,topic/d/lighting,METAVERSE,41
1716750687997,paho800795645571771,topic/d/lighting,METAVERSE,42
1716750688024,paho800795646617772,topic/security,METAVERSE,9
1716750688031,paho800795646984376,topic/occupancy,METAVERSE,6100
1716750688096,paho800795646617772,topic/security,METAVERSE,17
1716750688097,paho800795647178433,topic/b/lighting,METAVERSE,18
1716750688097,paho800795645571771,topic/b/lighting,METAVERSE,18
1716750688135,paho800795646617772,topic/security,METAVERSE,10
1716750688184,paho800795646984376,topic/occupancy,METAVERSE,6177
1716750688191,paho800795646617772,topic/security,METAVERSE,9
1716750688219,paho800795645571771,topic/g/lighting,METAVERSE,8
1716750688220,paho800795647178433,topic/g/lighting,METAVERSE,9
1716750688239,paho800795647178433,topic/e/lighting,METAVERSE,8
1716750688243,paho800795645571771,topic/e/lighting,METAVERSE,12
1716750688246,paho800795647178433,topic/v/lighting,METAVERSE,79
1716750688248,paho800795645571771,topic/v/lighting,METAVERSE,81
1716750688356,paho800795646617772,topic/security,METAVERSE,11
1716750688389,paho800795647178433,topic/b/lighting,METAVERSE,34
1716750688391,paho800795645571771,topic/b/lighting,METAVERSE,36
1716750688413,paho800795645571771,topic/v/noise,METAVERSE,38
1716750688434,paho800795646984376,topic/occupancy,METAVERSE,6183
1716750688434,paho800795645571771,topic/e/noise,METAVERSE,9
1716750688525,paho800795646617772,topic/security,METAVERSE,14
1716750688533,paho800795647668659,topic/maintenance,METAVERSE,158
1716750688533,paho800795647668659,topic/maintenance,METAVERSE,108
1716750688574,paho800795645571771,topic/s/rfid,METAVERSE,59
1716750688575,paho800795646984376,topic/queueing,METAVERSE,60
1716750688634,paho800795646617772,topic/security,METAVERSE,35
1716750688645,paho800795647178433,topic/d/lighting,METAVERSE,26
1716750688646,paho800795645571771,topic/d/lighting,METAVERSE,27
1716750688730,paho800795646984376,topic/occupancy,METAVERSE,6359
1716750688743,paho800795647178433,topic/b/lighting,METAVERSE,17
1716750688744,paho800795645571771,topic/b/lighting,METAVERSE,18
1716750688786,paho800795646617772,topic/security,METAVERSE,15
1716750688858,paho800795645571771,topic/b/lighting,METAVERSE,10
1716750688859,paho800795647178433,topic/b/lighting,METAVERSE,11
1716750688932,paho800795646984376,topic/occupancy,METAVERSE,6410
1716750689135,paho800795646984376,topic/occupancy,METAVERSE,6400
1716750689179,paho800795645571771,topic/g/noise,METAVERSE,12
1716750689180,paho800795647668659,topic/maintenance,METAVERSE,13
1716750689197,paho800795645571771,topic/b/lighting,METAVERSE,9
1716750689198,paho800795647178433,topic/b/lighting,METAVERSE,10
1716750689208,paho800795646617772,topic/security,METAVERSE,18
1716750689227,paho800795645571771,topic/b/noise,METAVERSE,32
1716750689228,paho800795647668659,topic/maintenance,METAVERSE,33
1716750689333,paho800795647668659,topic/maintenance,METAVERSE,51
1716750689396,paho800795646617772,topic/security,METAVERSE,21
1716750689448,paho800795646617772,topic/security,METAVERSE,13
1716750689515,paho800795646617772,topic/security,METAVERSE,16
1716750689534,paho800795646617772,topic/security,METAVERSE,11
1716750689575,paho800795645571771,topic/s/noise,METAVERSE,36
1716750689580,paho800795645571771,topic/b/rfid,METAVERSE,55
1716750689587,paho800795646984376,topic/queueing,METAVERSE,62
1716750689645,paho800795645571771,topic/d/rfid,METAVERSE,10
1716750689658,paho800795645571771,topic/b/noise,METAVERSE,33
1716750689682,paho800795646984376,topic/queueing,METAVERSE,47
1716750689735,paho800795647668659,topic/maintenance,METAVERSE,196
1716750689787,paho800795647668659,topic/maintenance,METAVERSE,162
1716750689787,paho800795646617772,topic/security,METAVERSE,73
1716750689831,paho800795646984376,topic/occupancy,METAVERSE,6693
1716750689832,paho800795646617772,topic/security,METAVERSE,90
1716750690004,paho800795646617772,topic/security,METAVERSE,20
1716750690032,paho800795646984376,topic/occupancy,METAVERSE,6894
1716750690044,paho800795646617772,topic/security,METAVERSE,12
1716750690090,paho800795646617772,topic/security,METAVERSE,10
1716750690182,paho800795646984376,topic/occupancy,METAVERSE,6971
1716750690193,paho800795646617772,topic/security,METAVERSE,10
1716750690208,paho800795645571771,topic/v/rfid,METAVERSE,19
1716750690234,paho800795646617772,topic/security,METAVERSE,55
1716750690280,paho800795646984376,topic/queueing,METAVERSE,91
1716750690356,paho800795645571771,topic/g/noise,METAVERSE,9
1716750690380,paho800795646984376,topic/occupancy,METAVERSE,7005
1716750690413,paho800795646617772,topic/security,METAVERSE,52
1716750690572,paho800795646617772,topic/security,METAVERSE,13
1716750690580,paho800795647668659,topic/maintenance,METAVERSE,233
1716750690609,paho800795646617772,topic/security,METAVERSE,9
1716750690734,paho800795646984376,topic/occupancy,METAVERSE,6827
1716750690745,paho800795646617772,topic/security,METAVERSE,22
1716750690782,paho800795647668659,topic/maintenance,METAVERSE,373
1716750690797,paho800795646617772,topic/security,METAVERSE,24
1716750690908,paho800795645571771,topic/e/lighting,METAVERSE,9
1716750690909,paho800795647178433,topic/e/lighting,METAVERSE,10
1716750690932,paho800795645571771,topic/e/noise,METAVERSE,33
1716750690932,paho800795647668659,topic/maintenance,METAVERSE,501
1716750690983,paho800795647668659,topic/maintenance,METAVERSE,464
1716750691033,paho800795646984376,topic/occupancy,METAVERSE,7101
1716750691132,paho800795647668659,topic/maintenance,METAVERSE,233
1716750691220,paho800795646617772,topic/security,METAVERSE,9
1716750691232,paho800795647668659,topic/maintenance,METAVERSE,31
1716750691248,paho800795646617772,topic/security,METAVERSE,21
1716750691437,paho800795646617772,topic/security,METAVERSE,30
1716750691483,paho800795646984376,topic/occupancy,METAVERSE,7453
1716750691483,paho800795646617772,topic/security,METAVERSE,29
1716750691532,paho800795647668659,topic/maintenance,METAVERSE,330
1716750691682,paho800795646984376,topic/occupancy,METAVERSE,7387
1716750691833,paho800795647668659,topic/maintenance,METAVERSE,102
1716750691911,paho800795645571771,topic/d/noise,METAVERSE,12
1716750692032,paho800795647668659,topic/maintenance,METAVERSE,133
1716750692061,paho800795646617772,topic/security,METAVERSE,10
1716750692082,paho800795646617772,topic/security,METAVERSE,29
1716750692131,paho800795646984376,topic/occupancy,METAVERSE,7812
1716750692146,paho800795646617772,topic/security,METAVERSE,11
1716750692163,paho800795645571771,topic/s/lighting,METAVERSE,36
1716750692164,paho800795647178433,topic/s/lighting,METAVERSE,37
1716750692173,paho800795645571771,topic/c/noise,METAVERSE,10
1716750692210,paho800795646617772,topic/security,METAVERSE,12
1716750692282,paho800795646617772,topic/security,METAVERSE,63
1716750692338,paho800795646617772,topic/security,METAVERSE,23
1716750692359,paho800795645571771,topic/b/noise,METAVERSE,8
1716750692375,paho800795645571771,topic/c/lighting,METAVERSE,56
1716750692376,paho800795647178433,topic/c/lighting,METAVERSE,57
1716750692382,paho800795647668659,topic/maintenance,METAVERSE,219
1716750692414,paho800795646617772,topic/security,METAVERSE,10
1716750692432,paho800795647668659,topic/maintenance,METAVERSE,270
1716750692435,paho800795647668659,topic/maintenance,METAVERSE,84
1716750692440,paho800795645571771,topic/g/lighting,METAVERSE,8
1716750692441,paho800795647178433,topic/g/lighting,METAVERSE,9
1716750692482,paho800795646984376,topic/occupancy,METAVERSE,8087
1716750692543,paho800795645571771,topic/s/lighting,METAVERSE,14
1716750692545,paho800795647178433,topic/s/lighting,METAVERSE,16
1716750692612,paho800795645571771,topic/b/noise,METAVERSE,40
1716750692629,paho800795646617772,topic/security,METAVERSE,10
1716750692638,paho800795646617772,topic/security,METAVERSE,63
1716750692644,paho800795645571771,topic/d/noise,METAVERSE,10
1716750692783,paho800795647668659,topic/maintenance,METAVERSE,211
1716750692834,paho800795646617772,topic/security,METAVERSE,14
1716750692883,paho800795646617772,topic/security,METAVERSE,11
1716750692914,paho800795645571771,topic/s/noise,METAVERSE,8
1716750692923,paho800795645571771,topic/c/lighting,METAVERSE,8
1716750692924,paho800795647178433,topic/c/lighting,METAVERSE,9
1716750692940,paho800795646617772,topic/security,METAVERSE,9
1716750692982,paho800795646617772,topic/security,METAVERSE,65
1716750693021,paho800795647178433,topic/d/lighting,METAVERSE,14
1716750693022,paho800795645571771,topic/d/lighting,METAVERSE,15
1716750693121,paho800795645571771,topic/b/lighting,METAVERSE,30
1716750693122,paho800795647178433,topic/b/lighting,METAVERSE,31
1716750693131,paho800795647668659,topic/maintenance,METAVERSE,527
1716750693178,paho800795645571771,topic/e/rfid,METAVERSE,27
1716750693180,paho800795646984376,topic/queueing,METAVERSE,29
1716750693230,paho800795646984376,topic/occupancy,METAVERSE,8689
1716750693231,paho800795647668659,topic/maintenance,METAVERSE,597
1716750693244,paho800795646617772,topic/security,METAVERSE,11
1716750693246,paho800795647178433,topic/v/lighting,METAVERSE,9
1716750693247,paho800795645571771,topic/v/lighting,METAVERSE,10
1716750693256,paho800795647178433,topic/e/lighting,METAVERSE,13
1716750693257,paho800795645571771,topic/e/lighting,METAVERSE,14
1716750693342,paho800795645571771,topic/g/lighting,METAVERSE,43
1716750693342,paho800795647178433,topic/g/lighting,METAVERSE,43
1716750693422,paho800795646617772,topic/security,METAVERSE,11
1716750693458,paho800795645571771,topic/v/noise,METAVERSE,19
1716750693464,paho800795645571771,topic/e/noise,METAVERSE,9
1716750693476,paho800795645571771,topic/b/lighting,METAVERSE,65
1716750693477,paho800795647178433,topic/b/lighting,METAVERSE,66
1716750693508,paho800795646617772,topic/security,METAVERSE,9
1716750693574,paho800795646617772,topic/security,METAVERSE,11
1716750693631,paho800795647668659,topic/maintenance,METAVERSE,917
1716750693680,paho800795645571771,topic/d/lighting,METAVERSE,9
1716750693688,paho800795647178433,topic/d/lighting,METAVERSE,17
1716750693688,paho800795647668659,topic/maintenance,METAVERSE,953
1716750693730,paho800795647668659,topic/maintenance,METAVERSE,927
1716750693782,paho800795647668659,topic/maintenance,METAVERSE,960
1716750693833,paho800795647668659,topic/maintenance,METAVERSE,966
1716750693834,paho800795646617772,topic/security,METAVERSE,12
1716750693874,paho800795645571771,topic/b/lighting,METAVERSE,16
1716750693875,paho800795647178433,topic/b/lighting,METAVERSE,17
1716750693877,paho800795647178433,topic/b/lighting,METAVERSE,70
1716750693878,paho800795645571771,topic/b/lighting,METAVERSE,71
1716750694031,paho800795647668659,topic/maintenance,METAVERSE,1163
1716750694063,paho800795646617772,topic/security,METAVERSE,8
1716750694100,paho800795646617772,topic/security,METAVERSE,12
1716750694131,paho800795646984376,topic/occupancy,METAVERSE,9372
1716750694161,paho800795646617772,topic/security,METAVERSE,10
1716750694183,paho800795647668659,topic/maintenance,METAVERSE,1277
1716750694205,paho800795645571771,topic/b/lighting,METAVERSE,10
1716750694205,paho800795647178433,topic/b/lighting,METAVERSE,10
1716750694214,paho800795645571771,topic/g/noise,METAVERSE,9
1716750694280,paho800795646617772,topic/security,METAVERSE,72
1716750694304,paho800795645571771,topic/b/noise,METAVERSE,9
1716750694332,paho800795647668659,topic/maintenance,METAVERSE,1387
1716750694332,paho800795646617772,topic/security,METAVERSE,105
1716750694333,paho800795646617772,topic/security,METAVERSE,78
1716750694416,paho800795646617772,topic/security,METAVERSE,11
1716750694532,paho800795647668659,topic/maintenance,METAVERSE,1561
1716750694542,paho800795646617772,topic/security,METAVERSE,11
1716750694645,paho800795645571771,topic/s/noise,METAVERSE,15
1716750694680,paho800795646617772,topic/security,METAVERSE,45
1716750694681,paho800795647668659,topic/maintenance,METAVERSE,1670
1716750694683,paho800795646617772,topic/security,METAVERSE,40
1716750694714,paho800795645571771,topic/b/noise,METAVERSE,19
1716750694730,paho800795647668659,topic/maintenance,METAVERSE,1599
1716750694743,paho800795646617772,topic/security,METAVERSE,15
1716750694833,paho800795646617772,topic/security,METAVERSE,10
1716750694880,paho800795647668659,topic/maintenance,METAVERSE,1728
1716750694932,paho800795647668659,topic/maintenance,METAVERSE,1725
1716750695083,paho800795647668659,topic/maintenance,METAVERSE,1756
1716750695112,paho800795645571771,topic/c/rfid,METAVERSE,17
1716750695113,paho800795646984376,topic/queueing,METAVERSE,18
1716750695133,paho800795647668659,topic/maintenance,METAVERSE,1721
1716750695231,paho800795647668659,topic/maintenance,METAVERSE,1792
1716750695242,paho800795645571771,topic/v/rfid,METAVERSE,32
1716750695243,paho800795646984376,topic/queueing,METAVERSE,33
1716750695279,paho800795646617772,topic/security,METAVERSE,24
1716750695332,paho800795647668659,topic/maintenance,METAVERSE,1877
1716750695373,paho800795645571771,topic/g/noise,METAVERSE,18
1716750695379,paho800795646984376,topic/occupancy,METAVERSE,10320
1716750695381,paho800795646617772,topic/security,METAVERSE,26
1716750695424,paho800795646617772,topic/security,METAVERSE,9
1716750695434,paho800795647668659,topic/maintenance,METAVERSE,1907
1716750695456,paho800795646617772,topic/security,METAVERSE,13
1716750695523,paho800795646617772,topic/security,METAVERSE,8
1716750695531,paho800795647668659,topic/maintenance,METAVERSE,1971
1716750695555,paho800795646617772,topic/security,METAVERSE,28
1716750695630,paho800795647668659,topic/maintenance,METAVERSE,1983
1716750695631,paho800795647668659,topic/maintenance,METAVERSE,1908
1716750695631,paho800795647668659,topic/maintenance,METAVERSE,1500
1716750695732,paho800795647668659,topic/maintenance,METAVERSE,1598
1716750695732,paho800795647668659,topic/maintenance,METAVERSE,1576
1716750695732,paho800795647668659,topic/maintenance,METAVERSE,1527
1716750695732,paho800795647668659,topic/maintenance,METAVERSE,1464
1716750695732,paho800795647668659,topic/maintenance,METAVERSE,1437
1716750695732,paho800795647668659,topic/maintenance,METAVERSE,1292
1716750695732,paho800795647668659,topic/maintenance,METAVERSE,1197
1716750695732,paho800795647668659,topic/maintenance,METAVERSE,1102
1716750695732,paho800795647668659,topic/maintenance,METAVERSE,1037
1716750695732,paho800795647668659,topic/maintenance,METAVERSE,948
1716750695732,paho800795647668659,topic/maintenance,METAVERSE,522
1716750695787,paho800795647668659,topic/maintenance,METAVERSE,484
1716750695820,paho800795646617772,topic/security,METAVERSE,10
1716750695883,paho800795647668659,topic/maintenance,METAVERSE,568
1716750695952,paho800795645571771,topic/e/lighting,METAVERSE,9
1716750695952,paho800795647178433,topic/e/lighting,METAVERSE,9
1716750695976,paho800795645571771,topic/e/noise,METAVERSE,33
1716750695983,paho800795646617772,topic/security,METAVERSE,14
1716750695987,paho800795646617772,topic/security,METAVERSE,19
1716750696030,paho800795647668659,topic/maintenance,METAVERSE,667
1716750696030,paho800795647668659,topic/maintenance,METAVERSE,675
1716750696066,paho800795646617772,topic/security,METAVERSE,10
1716750696079,paho800795646984376,topic/occupancy,METAVERSE,10920
1716750696083,paho800795647668659,topic/maintenance,METAVERSE,140
1716750696129,paho800795646617772,topic/security,METAVERSE,16
1716750696187,paho800795646617772,topic/security,METAVERSE,12
1716750696253,paho800795646617772,topic/security,METAVERSE,10
1716750696280,paho800795646984376,topic/occupancy,METAVERSE,10986
1716750696307,paho800795646617772,topic/security,METAVERSE,37
1716750696422,paho800795646617772,topic/security,METAVERSE,16
1716750696480,paho800795646984376,topic/occupancy,METAVERSE,11069
1716750696685,paho800795646984376,topic/occupancy,METAVERSE,10755
1716750696685,paho800795646617772,topic/security,METAVERSE,14
1716750696732,paho800795646617772,topic/security,METAVERSE,65
1716750696801,paho800795646617772,topic/security,METAVERSE,10
1716750696835,paho800795646617772,topic/security,METAVERSE,44
1716750696835,paho800795646984376,topic/occupancy,METAVERSE,10840
1716750696883,paho800795646617772,topic/security,METAVERSE,59
1716750696980,paho800795645571771,topic/d/noise,METAVERSE,9
1716750697032,paho800795647668659,topic/maintenance,METAVERSE,61
1716750697083,paho800795646984376,topic/occupancy,METAVERSE,11012
1716750697201,paho800795645571771,topic/c/noise,METAVERSE,10
1716750697202,paho800795647178433,topic/s/lighting,METAVERSE,35
1716750697204,paho800795645571771,topic/s/lighting,METAVERSE,37
1716750697235,paho800795647668659,topic/maintenance,METAVERSE,44
1716750697266,paho800795646617772,topic/security,METAVERSE,10
1716750697331,paho800795646984376,topic/occupancy,METAVERSE,11033
1716750697364,paho800795645571771,topic/g/rfid,METAVERSE,25
1716750697366,paho800795646984376,topic/queueing,METAVERSE,27
1716750697383,paho800795646617772,topic/security,METAVERSE,26
1716750697386,paho800795645571771,topic/b/noise,METAVERSE,34
1716750697436,paho800795646617772,topic/security,METAVERSE,89
1716750697438,paho800795645571771,topic/c/lighting,METAVERSE,13
1716750697439,paho800795647178433,topic/c/lighting,METAVERSE,14
1716750697485,paho800795647668659,topic/maintenance,METAVERSE,126
1716750697485,paho800795646617772,topic/security,METAVERSE,51
1716750697488,paho800795645571771,topic/g/lighting,METAVERSE,9
1716750697489,paho800795647178433,topic/g/lighting,METAVERSE,10
1716750697551,paho800795646617772,topic/security,METAVERSE,14
1716750697558,paho800795645571771,topic/s/lighting,METAVERSE,14
1716750697559,paho800795647178433,topic/s/lighting,METAVERSE,15
1716750697578,paho800795645571771,topic/s/rfid,METAVERSE,11
1716750697583,paho800795646984376,topic/queueing,METAVERSE,16
1716750697627,paho800795645571771,topic/b/noise,METAVERSE,16
1716750697647,paho800795645571771,topic/d/noise,METAVERSE,8
1716750697685,paho800795647668659,topic/maintenance,METAVERSE,333
1716750697732,paho800795646984376,topic/occupancy,METAVERSE,11285
1716750697830,paho800795647668659,topic/maintenance,METAVERSE,303
1716750697831,paho800795647668659,topic/maintenance,METAVERSE,220
1716750697881,paho800795647668659,topic/maintenance,METAVERSE,242
1716750697930,paho800795645571771,topic/s/noise,METAVERSE,9
1716750697949,paho800795646617772,topic/security,METAVERSE,10
1716750697993,paho800795646617772,topic/security,METAVERSE,22
1716750698015,paho800795645571771,topic/c/lighting,METAVERSE,36
1716750698016,paho800795647178433,topic/c/lighting,METAVERSE,37
1716750698033,paho800795647668659,topic/maintenance,METAVERSE,142
1716750698036,paho800795646984376,topic/occupancy,METAVERSE,11469
1716750698057,paho800795645571771,topic/d/lighting,METAVERSE,18
1716750698058,paho800795647178433,topic/d/lighting,METAVERSE,19
1716750698084,paho800795646617772,topic/security,METAVERSE,9
1716750698132,paho800795647668659,topic/maintenance,METAVERSE,211
1716750698140,paho800795645571771,topic/b/lighting,METAVERSE,12
1716750698140,paho800795647178433,topic/b/lighting,METAVERSE,13
1716750698192,paho800795646617772,topic/security,METAVERSE,9
1716750698195,paho800795645571771,topic/e/rfid,METAVERSE,14
1716750698235,paho800795646617772,topic/security,METAVERSE,60
1716750698236,paho800795647668659,topic/maintenance,METAVERSE,109
1716750698260,paho800795647178433,topic/v/lighting,METAVERSE,8
1716750698262,paho800795645571771,topic/v/lighting,METAVERSE,10
1716750698267,paho800795647178433,topic/e/lighting,METAVERSE,16
1716750698268,paho800795645571771,topic/e/lighting,METAVERSE,17
1716750698283,paho800795646617772,topic/security,METAVERSE,32
1716750698333,paho800795646984376,topic/queueing,METAVERSE,152
1716750698371,paho800795645571771,topic/g/lighting,METAVERSE,9
1716750698372,paho800795647178433,topic/g/lighting,METAVERSE,10
1716750698381,paho800795646617772,topic/security,METAVERSE,70
1716750698382,paho800795646984376,topic/occupancy,METAVERSE,11619
1716750698480,paho800795646617772,topic/security,METAVERSE,53
1716750698508,paho800795645571771,topic/e/noise,METAVERSE,9
1716750698534,paho800795647178433,topic/b/lighting,METAVERSE,23
1716750698535,paho800795645571771,topic/b/lighting,METAVERSE,24
1716750698553,paho800795645571771,topic/v/noise,METAVERSE,14
1716750698633,paho800795647668659,topic/maintenance,METAVERSE,134
1716750698633,paho800795646984376,topic/occupancy,METAVERSE,11497
1716750698688,paho800795646617772,topic/security,METAVERSE,12
1716750698698,paho800795645571771,topic/d/lighting,METAVERSE,11
1716750698699,paho800795647178433,topic/d/lighting,METAVERSE,12
1716750698732,paho800795646617772,topic/security,METAVERSE,27
1716750698782,paho800795647668659,topic/maintenance,METAVERSE,243
1716750698868,paho800795646617772,topic/security,METAVERSE,25
1716750698879,paho800795645571771,topic/b/lighting,METAVERSE,16
1716750698879,paho800795647178433,topic/b/lighting,METAVERSE,16
1716750698880,paho800795647668659,topic/maintenance,METAVERSE,313
1716750698884,paho800795646617772,topic/security,METAVERSE,23
1716750698945,paho800795645571771,topic/b/lighting,METAVERSE,84
1716750698946,paho800795647178433,topic/b/lighting,METAVERSE,85
1716750698980,paho800795646984376,topic/occupancy,METAVERSE,11817
1716750699183,paho800795647668659,topic/maintenance,METAVERSE,79
1716750699225,paho800795645571771,topic/b/lighting,METAVERSE,10
1716750699225,paho800795647178433,topic/b/lighting,METAVERSE,10
1716750699232,paho800795646984376,topic/occupancy,METAVERSE,11909
1716750699263,paho800795645571771,topic/v/rfid,METAVERSE,16
1716750699264,paho800795646984376,topic/queueing,METAVERSE,17
1716750699279,paho800795645571771,topic/g/noise,METAVERSE,19
1716750699329,paho800795646617772,topic/security,METAVERSE,70
1716750699330,paho800795647668659,topic/maintenance,METAVERSE,70
1716750699331,paho800795646617772,topic/security,METAVERSE,68
1716750699368,paho800795645571771,topic/b/noise,METAVERSE,39
1716750699382,paho800795647668659,topic/maintenance,METAVERSE,53
1716750699464,paho800795646617772,topic/security,METAVERSE,9
1716750699533,paho800795647668659,topic/maintenance,METAVERSE,147
1716750699568,paho800795646617772,topic/security,METAVERSE,17
1716750699631,paho800795646617772,topic/security,METAVERSE,69
1716750699633,paho800795646984376,topic/occupancy,METAVERSE,12307
1716750699680,paho800795646617772,topic/security,METAVERSE,113
1716750699680,paho800795646617772,topic/security,METAVERSE,141
1716750699712,paho800795645571771,topic/s/noise,METAVERSE,21
1716750699729,paho800795647668659,topic/maintenance,METAVERSE,38
1716750699736,paho800795645571771,topic/b/noise,METAVERSE,9
1716750699832,paho800795647668659,topic/maintenance,METAVERSE,105
1716750699833,paho800795646984376,topic/occupancy,METAVERSE,12402
1716750699979,paho800795647668659,topic/maintenance,METAVERSE,96
1716750700080,paho800795646984376,topic/occupancy,METAVERSE,12111
1716750700121,paho800795646617772,topic/security,METAVERSE,10
1716750700195,paho800795646617772,topic/security,METAVERSE,12
1716750700232,paho800795646984376,topic/occupancy,METAVERSE,12217
1716750700232,paho800795646617772,topic/security,METAVERSE,45
1716750700284,paho800795646617772,topic/security,METAVERSE,13
1716750700331,paho800795646617772,topic/security,METAVERSE,20
1716750700432,paho800795647668659,topic/maintenance,METAVERSE,97
1716750700435,paho800795645571771,topic/g/noise,METAVERSE,20
1716750700463,paho800795646617772,topic/security,METAVERSE,12
1716750700535,paho800795646984376,topic/occupancy,METAVERSE,12410
1716750700547,paho800795647668659,topic/maintenance,METAVERSE,132
1716750700716,paho800795646617772,topic/security,METAVERSE,17
1716750700731,paho800795646617772,topic/security,METAVERSE,12
1716750700783,paho800795647668659,topic/maintenance,METAVERSE,180
1716750700783,paho800795646984376,topic/occupancy,METAVERSE,12438
1716750700784,paho800795647668659,topic/maintenance,METAVERSE,19
1716750700786,paho800795646617772,topic/security,METAVERSE,47
1716750700881,paho800795646617772,topic/security,METAVERSE,106
1716750700888,paho800795646617772,topic/security,METAVERSE,73
1716750700932,paho800795646617772,topic/security,METAVERSE,52
1716750700980,paho800795645571771,topic/e/lighting,METAVERSE,9
1716750700981,paho800795647178433,topic/e/lighting,METAVERSE,10
1716750700981,paho800795646984376,topic/occupancy,METAVERSE,12470
1716750700982,paho800795647668659,topic/maintenance,METAVERSE,179
1716750700987,paho800795645571771,topic/e/noise,METAVERSE,16
1716750701179,paho800795647668659,topic/maintenance,METAVERSE,208
1716750701233,paho800795646984376,topic/occupancy,METAVERSE,12718
1716750701282,paho800795647668659,topic/maintenance,METAVERSE,31
1716750701289,paho800795646617772,topic/security,METAVERSE,10
1716750701489,paho800795646617772,topic/security,METAVERSE,10
1716750701580,paho800795646984376,topic/occupancy,METAVERSE,12981
1716750701581,paho800795646617772,topic/security,METAVERSE,10
1716750701633,paho800795647668659,topic/maintenance,METAVERSE,246
1716750701735,paho800795646984376,topic/occupancy,METAVERSE,12964
1716750701981,paho800795646984376,topic/occupancy,METAVERSE,12791
1716750701987,paho800795645571771,topic/d/noise,METAVERSE,9
1716750702132,paho800795647668659,topic/maintenance,METAVERSE,154
1716750702133,paho800795646617772,topic/security,METAVERSE,12
1716750702201,paho800795645571771,topic/e/rfid,METAVERSE,10
1716750702202,paho800795646984376,topic/queueing,METAVERSE,11
1716750702212,paho800795645571771,topic/c/noise,METAVERSE,10
1716750702235,paho800795646617772,topic/security,METAVERSE,22
1716750702279,paho800795645571771,topic/s/lighting,METAVERSE,11
1716750702280,paho800795647178433,topic/s/lighting,METAVERSE,12
1716750702281,paho800795646984376,topic/occupancy,METAVERSE,12906
1716750702282,paho800795647668659,topic/maintenance,METAVERSE,80
1716750702282,paho800795646617772,topic/security,METAVERSE,75
1716750702366,paho800795645571771,topic/v/rfid,METAVERSE,45
1716750702388,paho800795646984376,topic/queueing,METAVERSE,67
1716750702419,paho800795645571771,topic/b/noise,METAVERSE,24
1716750702480,paho800795647668659,topic/maintenance,METAVERSE,85
1716750702484,paho800795646617772,topic/security,METAVERSE,193
1716750702484,paho800795645571771,topic/c/lighting,METAVERSE,13
1716750702486,paho800795647178433,topic/c/lighting,METAVERSE,15
1716750702535,paho800795646984376,topic/occupancy,METAVERSE,13100
1716750702557,paho800795647178433,topic/g/lighting,METAVERSE,10
1716750702558,paho800795645571771,topic/g/lighting,METAVERSE,11
1716750702581,paho800795646617772,topic/security,METAVERSE,243
1716750702590,paho800795647178433,topic/s/lighting,METAVERSE,11
1716750702591,paho800795645571771,topic/s/lighting,METAVERSE,12
1716750702635,paho800795646617772,topic/security,METAVERSE,173
1716750702635,paho800795647668659,topic/maintenance,METAVERSE,55
1716750702687,paho800795645571771,topic/d/noise,METAVERSE,12
1716750702711,paho800795645571771,topic/b/noise,METAVERSE,30
1716750702717,paho800795646617772,topic/security,METAVERSE,10
1716750702804,paho800795646617772,topic/security,METAVERSE,59
1716750702912,paho800795646617772,topic/security,METAVERSE,13
1716750702944,paho800795645571771,topic/s/noise,METAVERSE,19
1716750702947,paho800795646617772,topic/security,METAVERSE,12
1716750702980,paho800795646617772,topic/security,METAVERSE,33
1716750702980,paho800795647668659,topic/maintenance,METAVERSE,305
1716750703047,paho800795647178433,topic/c/lighting,METAVERSE,36
1716750703048,paho800795645571771,topic/c/lighting,METAVERSE,37
1716750703069,paho800795646617772,topic/security,METAVERSE,58
1716750703083,paho800795646984376,topic/occupancy,METAVERSE,13558
1716750703083,paho800795647668659,topic/maintenance,METAVERSE,402
1716750703083,paho800795647668659,topic/maintenance,METAVERSE,331
1716750703099,paho800795647178433,topic/d/lighting,METAVERSE,38
1716750703100,paho800795645571771,topic/d/lighting,METAVERSE,39
1716750703132,paho800795647668659,topic/maintenance,METAVERSE,233
1716750703181,paho800795647668659,topic/maintenance,METAVERSE,256
1716750703189,paho800795647178433,topic/b/lighting,METAVERSE,28
1716750703190,paho800795645571771,topic/b/lighting,METAVERSE,29
1716750703209,paho800795645571771,topic/e/rfid,METAVERSE,10
1716750703211,paho800795646984376,topic/queueing,METAVERSE,12
1716750703264,paho800795647178433,topic/v/lighting,METAVERSE,9
1716750703266,paho800795645571771,topic/v/lighting,METAVERSE,11
1716750703266,paho800795647178433,topic/e/lighting,METAVERSE,11
1716750703267,paho800795645571771,topic/e/lighting,METAVERSE,12
1716750703333,paho800795646984376,topic/occupancy,METAVERSE,13698
1716750703333,paho800795646617772,topic/security,METAVERSE,49
1716750703393,paho800795645571771,topic/g/rfid,METAVERSE,10
1716750703393,paho800795646984376,topic/queueing,METAVERSE,10
1716750703403,paho800795645571771,topic/g/lighting,METAVERSE,32
1716750703403,paho800795647178433,topic/g/lighting,METAVERSE,32
1716750703433,paho800795646617772,topic/security,METAVERSE,39
1716750703435,paho800795647668659,topic/maintenance,METAVERSE,152
1716750703484,paho800795647668659,topic/maintenance,METAVERSE,155
1716750703493,paho800795646617772,topic/security,METAVERSE,10
1716750703563,paho800795645571771,topic/e/noise,METAVERSE,16
1716750703576,paho800795645571771,topic/v/noise,METAVERSE,9
1716750703599,paho800795646617772,topic/security,METAVERSE,12
1716750703642,paho800795645571771,topic/b/lighting,METAVERSE,72
1716750703642,paho800795647178433,topic/b/lighting,METAVERSE,72
1716750703683,paho800795646984376,topic/occupancy,METAVERSE,13699
1716750703723,paho800795645571771,topic/d/lighting,METAVERSE,9
1716750703723,paho800795647178433,topic/d/lighting,METAVERSE,9
1716750703786,paho800795647668659,topic/maintenance,METAVERSE,270
1716750703829,paho800795647668659,topic/maintenance,METAVERSE,282
1716750703838,paho800795646617772,topic/security,METAVERSE,11
1716750703933,paho800795647668659,topic/maintenance,METAVERSE,366
1716750704009,paho800795645571771,topic/b/lighting,METAVERSE,10
1716750704009,paho800795647178433,topic/b/lighting,METAVERSE,10
1716750704056,paho800795645571771,topic/b/lighting,METAVERSE,45
1716750704056,paho800795647178433,topic/b/lighting,METAVERSE,45
1716750704079,paho800795646984376,topic/occupancy,METAVERSE,14047
1716750704080,paho800795647668659,topic/maintenance,METAVERSE,482
1716750704116,paho800795645571771,topic/c/rfid,METAVERSE,9
1716750704117,paho800795646984376,topic/queueing,METAVERSE,10
1716750704131,paho800795647668659,topic/maintenance,METAVERSE,444
1716750704180,paho800795646617772,topic/security,METAVERSE,58
1716750704238,paho800795646617772,topic/security,METAVERSE,15
1716750704254,paho800795645571771,topic/b/lighting,METAVERSE,12
1716750704254,paho800795647178433,topic/b/lighting,METAVERSE,12
1716750704280,paho800795646617772,topic/security,METAVERSE,49
1716750704280,paho800795646984376,topic/occupancy,METAVERSE,14101
1716750704332,paho800795646617772,topic/security,METAVERSE,90
1716750704382,paho800795646617772,topic/security,METAVERSE,79
1716750704399,paho800795645571771,topic/g/noise,METAVERSE,88
1716750704432,paho800795647668659,topic/maintenance,METAVERSE,121
1716750704432,paho800795646617772,topic/security,METAVERSE,93
1716750704447,paho800795645571771,topic/b/noise,METAVERSE,36
1716750704482,paho800795646984376,topic/occupancy,METAVERSE,14293
1716750704488,paho800795646617772,topic/security,METAVERSE,23
1716750704575,paho800795646617772,topic/security,METAVERSE,12
1716750704579,paho800795647668659,topic/maintenance,METAVERSE,168
1716750704631,paho800795646617772,topic/security,METAVERSE,56
1716750704668,paho800795645571771,topic/d/rfid,METAVERSE,9
1716750704682,paho800795646984376,topic/occupancy,METAVERSE,14321
1716750704731,paho800795646617772,topic/security,METAVERSE,148
1716750704737,paho800795645571771,topic/b/noise,METAVERSE,10
1716750704758,paho800795645571771,topic/s/noise,METAVERSE,9
1716750704782,paho800795646984376,topic/queueing,METAVERSE,123
1716750704782,paho800795647668659,topic/maintenance,METAVERSE,55
1716750704834,paho800795646617772,topic/security,METAVERSE,109
1716750704881,paho800795646617772,topic/security,METAVERSE,66
1716750704881,paho800795646617772,topic/security,METAVERSE,62
1716750704980,paho800795647668659,topic/maintenance,METAVERSE,231
1716750704980,paho800795646617772,topic/security,METAVERSE,80
1716750705023,paho800795647668659,topic/maintenance,METAVERSE,228
1716750705032,paho800795646984376,topic/occupancy,METAVERSE,14473
1716750705187,paho800795646984376,topic/occupancy,METAVERSE,14587
1716750705248,paho800795645571771,topic/e/rfid,METAVERSE,14
1716750705249,paho800795646984376,topic/queueing,METAVERSE,15
1716750705313,paho800795646617772,topic/security,METAVERSE,10
1716750705332,paho800795647668659,topic/maintenance,METAVERSE,98
1716750705433,paho800795646984376,topic/occupancy,METAVERSE,14660
1716750705444,paho800795646617772,topic/security,METAVERSE,54
1716750705471,paho800795645571771,topic/v/rfid,METAVERSE,52
1716750705480,paho800795646984376,topic/queueing,METAVERSE,61
1716750705500,paho800795645571771,topic/g/noise,METAVERSE,11
1716750705531,paho800795646617772,topic/security,METAVERSE,44
1716750705583,paho800795646617772,topic/security,METAVERSE,52
1716750705610,paho800795645571771,topic/s/rfid,METAVERSE,11
1716750705631,paho800795646984376,topic/queueing,METAVERSE,32
1716750705640,paho800795646617772,topic/security,METAVERSE,9
1716750705710,paho800795646617772,topic/security,METAVERSE,35
1716750705733,paho800795647668659,topic/maintenance,METAVERSE,294
1716750705832,paho800795647668659,topic/maintenance,METAVERSE,343
1716750705833,paho800795647668659,topic/maintenance,METAVERSE,158
1716750705835,paho800795646984376,topic/occupancy,METAVERSE,14624
1716750705848,paho800795646617772,topic/security,METAVERSE,10
1716750705990,paho800795645571771,topic/e/lighting,METAVERSE,11
1716750705990,paho800795647178433,topic/e/lighting,METAVERSE,11
1716750706024,paho800795645571771,topic/e/noise,METAVERSE,9
1716750706080,paho800795646984376,topic/occupancy,METAVERSE,14673
1716750706081,paho800795647668659,topic/maintenance,METAVERSE,66
1716750706142,paho800795646617772,topic/security,METAVERSE,10
1716750706233,paho800795646984376,topic/occupancy,METAVERSE,14779
1716750706258,paho800795646617772,topic/security,METAVERSE,11
1716750706259,paho800795646617772,topic/security,METAVERSE,8
1716750706335,paho800795646617772,topic/security,METAVERSE,12
1716750706381,paho800795646984376,topic/occupancy,METAVERSE,14330
1716750706405,paho800795646617772,topic/security,METAVERSE,10
1716750706501,paho800795646617772,topic/security,METAVERSE,10
1716750706584,paho800795646984376,topic/occupancy,METAVERSE,14531
1716750706682,paho800795647668659,topic/maintenance,METAVERSE,67
1716750706745,paho800795646617772,topic/security,METAVERSE,10
1716750706833,paho800795646984376,topic/occupancy,METAVERSE,14614
1716750706833,paho800795646617772,topic/security,METAVERSE,10
1716750706945,paho800795646617772,topic/security,METAVERSE,10
1716750706995,paho800795645571771,topic/d/noise,METAVERSE,8
1716750707080,paho800795646984376,topic/occupancy,METAVERSE,14676
1716750707083,paho800795647668659,topic/maintenance,METAVERSE,96
1716750707215,paho800795645571771,topic/c/noise,METAVERSE,8
1716750707233,paho800795646984376,topic/occupancy,METAVERSE,14614
1716750707282,paho800795647668659,topic/maintenance,METAVERSE,75
1716750707332,paho800795647668659,topic/maintenance,METAVERSE,102
1716750707332,paho800795647178433,topic/s/lighting,METAVERSE,9
1716750707335,paho800795645571771,topic/s/lighting,METAVERSE,12
1716750707354,paho800795646617772,topic/security,METAVERSE,11
1716750707440,paho800795645571771,topic/b/noise,METAVERSE,8
1716750707459,paho800795646617772,topic/security,METAVERSE,16
1716750707484,paho800795647668659,topic/maintenance,METAVERSE,52
1716750707520,paho800795646617772,topic/security,METAVERSE,9
1716750707531,paho800795646984376,topic/occupancy,METAVERSE,14956
1716750707573,paho800795645571771,topic/c/lighting,METAVERSE,42
1716750707574,paho800795647178433,topic/c/lighting,METAVERSE,43
1716750707598,paho800795645571771,topic/s/lighting,METAVERSE,17
1716750707599,paho800795647178433,topic/s/lighting,METAVERSE,18
1716750707608,paho800795645571771,topic/g/lighting,METAVERSE,10
1716750707608,paho800795647178433,topic/g/lighting,METAVERSE,10
1716750707692,paho800795646617772,topic/security,METAVERSE,60
1716750707732,paho800795646984376,topic/occupancy,METAVERSE,14912
1716750707737,paho800795645571771,topic/b/noise,METAVERSE,19
1716750707739,paho800795645571771,topic/d/noise,METAVERSE,20
1716750707882,paho800795647668659,topic/maintenance,METAVERSE,163
1716750707931,paho800795647668659,topic/maintenance,METAVERSE,213
1716750707958,paho800795646617772,topic/security,METAVERSE,11
1716750707980,paho800795646984376,topic/occupancy,METAVERSE,14829
1716750708011,paho800795645571771,topic/s/noise,METAVERSE,47
1716750708062,paho800795645571771,topic/c/lighting,METAVERSE,9
1716750708062,paho800795647178433,topic/c/lighting,METAVERSE,9
1716750708099,paho800795646617772,topic/security,METAVERSE,22
1716750708146,paho800795647178433,topic/d/lighting,METAVERSE,15
1716750708146,paho800795645571771,topic/d/lighting,METAVERSE,15
1716750708159,paho800795646617772,topic/security,METAVERSE,8
1716750708180,paho800795646984376,topic/occupancy,METAVERSE,14947
1716750708181,paho800795647668659,topic/maintenance,METAVERSE,217
1716750708203,paho800795645571771,topic/b/lighting,METAVERSE,12
1716750708203,paho800795647178433,topic/b/lighting,METAVERSE,12
1716750708268,paho800795646617772,topic/security,METAVERSE,9
1716750708278,paho800795645571771,topic/e/lighting,METAVERSE,10
1716750708279,paho800795647178433,topic/e/lighting,METAVERSE,11
1716750708284,paho800795646617772,topic/security,METAVERSE,15
1716750708294,paho800795645571771,topic/v/lighting,METAVERSE,9
1716750708294,paho800795647178433,topic/v/lighting,METAVERSE,9
1716750708335,paho800795646617772,topic/security,METAVERSE,11
1716750708383,paho800795646984376,topic/occupancy,METAVERSE,14972
1716750708437,paho800795646617772,topic/security,METAVERSE,10
1716750708476,paho800795645571771,topic/g/lighting,METAVERSE,29
1716750708476,paho800795647178433,topic/g/lighting,METAVERSE,29
1716750708521,paho800795646617772,topic/security,METAVERSE,10
1716750708531,paho800795646984376,topic/queueing,METAVERSE,32
1716750708534,paho800795645571771,topic/v/rfid,METAVERSE,35
1716750708584,paho800795646984376,topic/occupancy,METAVERSE,15085
1716750708586,paho800795646617772,topic/security,METAVERSE,22
1716750708592,paho800795645571771,topic/v/noise,METAVERSE,24
1716750708608,paho800795645571771,topic/e/noise,METAVERSE,22
1716750708633,paho800795647668659,topic/maintenance,METAVERSE,65
1716750708682,paho800795647668659,topic/maintenance,METAVERSE,96
1716750708689,paho800795645571771,topic/b/lighting,METAVERSE,42
1716750708689,paho800795647178433,topic/b/lighting,METAVERSE,42
1716750708759,paho800795647178433,topic/d/lighting,METAVERSE,10
1716750708759,paho800795645571771,topic/d/lighting,METAVERSE,10
1716750708761,paho800795646617772,topic/security,METAVERSE,24
1716750708836,paho800795647668659,topic/maintenance,METAVERSE,156
1716750708837,paho800795646617772,topic/security,METAVERSE,10
1716750708882,paho800795646984376,topic/occupancy,METAVERSE,14827
1716750708925,paho800795646617772,topic/security,METAVERSE,18
1716750708970,paho800795646617772,topic/security,METAVERSE,11
1716750709058,paho800795647178433,topic/b/lighting,METAVERSE,11
1716750709059,paho800795645571771,topic/b/lighting,METAVERSE,12
1716750709063,paho800795647178433,topic/b/lighting,METAVERSE,16
1716750709067,paho800795645571771,topic/b/lighting,METAVERSE,20
1716750709081,paho800795646984376,topic/occupancy,METAVERSE,14993
1716750709259,paho800795645571771,topic/b/lighting,METAVERSE,8
1716750709259,paho800795647178433,topic/b/lighting,METAVERSE,8
1716750709277,paho800795645571771,topic/e/rfid,METAVERSE,11
1716750709278,paho800795646984376,topic/queueing,METAVERSE,12
1716750709332,paho800795646984376,topic/occupancy,METAVERSE,15105
1716750709415,paho800795646617772,topic/security,METAVERSE,43
1716750709419,paho800795645571771,topic/g/noise,METAVERSE,16
1716750709487,paho800795645571771,topic/b/noise,METAVERSE,29
1716750709521,paho800795646617772,topic/security,METAVERSE,9
1716750709535,paho800795647668659,topic/maintenance,METAVERSE,132
1716750709587,paho800795646617772,topic/security,METAVERSE,11
1716750709630,paho800795646984376,topic/occupancy,METAVERSE,15225
1716750709631,paho800795647668659,topic/maintenance,METAVERSE,180
1716750709631,paho800795647668659,topic/maintenance,METAVERSE,173
1716750709684,paho800795647668659,topic/maintenance,METAVERSE,57
1716750709701,paho800795646617772,topic/security,METAVERSE,10
1716750709775,paho800795645571771,topic/s/noise,METAVERSE,8
1716750709781,paho800795645571771,topic/b/noise,METAVERSE,18
1716750709837,paho800795647668659,topic/maintenance,METAVERSE,70
1716750709837,paho800795647668659,topic/maintenance,METAVERSE,74
1716750709837,paho800795646617772,topic/security,METAVERSE,13
1716750709933,paho800795646984376,topic/occupancy,METAVERSE,15298
1716750710135,paho800795646984376,topic/occupancy,METAVERSE,15492
1716750710176,paho800795646617772,topic/security,METAVERSE,9
1716750710285,paho800795646617772,topic/security,METAVERSE,16
1716750710308,paho800795646617772,topic/security,METAVERSE,9
1716750710330,paho800795646984376,topic/occupancy,METAVERSE,15507
1716750710368,paho800795646617772,topic/security,METAVERSE,9
1716750710383,paho800795647668659,topic/maintenance,METAVERSE,20
1716750710437,paho800795646617772,topic/security,METAVERSE,10
1716750710504,paho800795645571771,topic/g/noise,METAVERSE,10
1716750710524,paho800795646617772,topic/security,METAVERSE,9
1716750710533,paho800795646984376,topic/occupancy,METAVERSE,15438
1716750710585,paho800795647668659,topic/maintenance,METAVERSE,91
1716750710618,paho800795645571771,topic/s/rfid,METAVERSE,15
1716750710619,paho800795646984376,topic/queueing,METAVERSE,16
1716750710732,paho800795647668659,topic/maintenance,METAVERSE,101
1716750710732,paho800795646617772,topic/security,METAVERSE,12
1716750710764,paho800795646617772,topic/security,METAVERSE,9
1716750710837,paho800795646984376,topic/occupancy,METAVERSE,15627
1716750710837,paho800795646617772,topic/security,METAVERSE,9
1716750710882,paho800795646617772,topic/security,METAVERSE,43
1716750710995,paho800795645571771,topic/e/lighting,METAVERSE,13
1716750710995,paho800795647178433,topic/e/lighting,METAVERSE,13
1716750711012,paho800795646617772,topic/security,METAVERSE,9
1716750711079,paho800795645571771,topic/e/noise,METAVERSE,52
1716750711084,paho800795647668659,topic/maintenance,METAVERSE,57
1716750711084,paho800795646984376,topic/occupancy,METAVERSE,15829
1716750711283,paho800795646984376,topic/occupancy,METAVERSE,15868
1716750711433,paho800795646984376,topic/occupancy,METAVERSE,15918
1716750711434,paho800795646617772,topic/security,METAVERSE,11
1716750711496,paho800795646617772,topic/security,METAVERSE,30
1716750711521,paho800795646617772,topic/security,METAVERSE,9
1716750711634,paho800795646984376,topic/occupancy,METAVERSE,15578
1716750711689,paho800795646617772,topic/security,METAVERSE,11
1716750711737,paho800795646617772,topic/security,METAVERSE,45
1716750711839,paho800795647668659,topic/maintenance,METAVERSE,132
1716750711879,paho800795647668659,topic/maintenance,METAVERSE,120
1716750711935,paho800795646984376,topic/occupancy,METAVERSE,15822
1716750712020,paho800795645571771,topic/d/noise,METAVERSE,9
1716750712081,paho800795647668659,topic/maintenance,METAVERSE,70
1716750712138,paho800795646984376,topic/occupancy,METAVERSE,15895
1716750712179,paho800795646617772,topic/security,METAVERSE,11
1716750712231,paho800795645571771,topic/c/noise,METAVERSE,8
1716750712305,paho800795646617772,topic/security,METAVERSE,8
1716750712314,paho800795646617772,topic/security,METAVERSE,10
1716750712331,paho800795647668659,topic/maintenance,METAVERSE,144
1716750712384,paho800795646617772,topic/security,METAVERSE,24
1716750712428,paho800795645571771,topic/g/rfid,METAVERSE,26
1716750712436,paho800795646984376,topic/queueing,METAVERSE,34
1716750712451,paho800795645571771,topic/b/noise,METAVERSE,16
1716750712463,paho800795647178433,topic/s/lighting,METAVERSE,49
1716750712466,paho800795645571771,topic/s/lighting,METAVERSE,52
1716750712484,paho800795646617772,topic/security,METAVERSE,49
1716750712549,paho800795646617772,topic/security,METAVERSE,10
1716750712580,paho800795646984376,topic/occupancy,METAVERSE,16174
1716750712604,paho800795647178433,topic/c/lighting,METAVERSE,33
1716750712606,paho800795645571771,topic/c/lighting,METAVERSE,35
1716750712610,paho800795647178433,topic/s/lighting,METAVERSE,14
1716750712613,paho800795645571771,topic/s/lighting,METAVERSE,17
1716750712655,paho800795647178433,topic/g/lighting,METAVERSE,10
1716750712657,paho800795645571771,topic/g/lighting,METAVERSE,12
1716750712682,paho800795647668659,topic/maintenance,METAVERSE,459
1716750712684,paho800795647668659,topic/maintenance,METAVERSE,249
1716750712694,paho800795645571771,topic/d/rfid,METAVERSE,11
1716750712695,paho800795646984376,topic/queueing,METAVERSE,12
1716750712732,paho800795646617772,topic/security,METAVERSE,33
1716750712768,paho800795646617772,topic/security,METAVERSE,9
1716750712777,paho800795645571771,topic/b/noise,METAVERSE,18
1716750712819,paho800795645571771,topic/d/noise,METAVERSE,44
1716750712844,paho800795646617772,topic/security,METAVERSE,15
1716750712881,paho800795647668659,topic/maintenance,METAVERSE,234
1716750712886,paho800795647668659,topic/maintenance,METAVERSE,123
1716750712978,paho800795646617772,topic/security,METAVERSE,11
1716750713015,paho800795646617772,topic/security,METAVERSE,12
1716750713027,paho800795645571771,topic/s/noise,METAVERSE,15
1716750713055,paho800795646617772,topic/security,METAVERSE,48
1716750713096,paho800795647178433,topic/c/lighting,METAVERSE,9
1716750713098,paho800795645571771,topic/c/lighting,METAVERSE,11
1716750713112,paho800795646617772,topic/security,METAVERSE,20
1716750713131,paho800795646984376,topic/occupancy,METAVERSE,16460
1716750713163,paho800795647178433,topic/d/lighting,METAVERSE,24
1716750713165,paho800795645571771,topic/d/lighting,METAVERSE,26
1716750713211,paho800795647178433,topic/b/lighting,METAVERSE,8
1716750713214,paho800795645571771,topic/b/lighting,METAVERSE,11
1716750713297,paho800795647178433,topic/v/lighting,METAVERSE,10
1716750713300,paho800795647178433,topic/e/lighting,METAVERSE,10
1716750713301,paho800795645571771,topic/v/lighting,METAVERSE,14
1716750713304,paho800795645571771,topic/e/lighting,METAVERSE,14
1716750713437,paho800795646617772,topic/security,METAVERSE,10
1716750713494,paho800795645571771,topic/g/lighting,METAVERSE,14
1716750713494,paho800795647178433,topic/g/lighting,METAVERSE,14
1716750713531,paho800795646984376,topic/occupancy,METAVERSE,16864
1716750713538,paho800795646617772,topic/security,METAVERSE,15
1716750713539,paho800795646617772,topic/security,METAVERSE,9
1716750713581,paho800795647668659,topic/maintenance,METAVERSE,822
1716750713607,paho800795645571771,topic/v/noise,METAVERSE,20
1716750713680,paho800795647668659,topic/maintenance,METAVERSE,893
1716750713695,paho800795645571771,topic/b/lighting,METAVERSE,9
1716750713695,paho800795647178433,topic/b/lighting,METAVERSE,9
1716750713716,paho800795646617772,topic/security,METAVERSE,9
1716750713733,paho800795645571771,topic/e/noise,METAVERSE,64
1716750713848,paho800795645571771,topic/d/lighting,METAVERSE,9
1716750713848,paho800795647178433,topic/d/lighting,METAVERSE,9
1716750713865,paho800795646617772,topic/security,METAVERSE,26
1716750713983,paho800795647668659,topic/maintenance,METAVERSE,1208
1716750714073,paho800795645571771,topic/b/lighting,METAVERSE,22
1716750714073,paho800795647178433,topic/b/lighting,METAVERSE,22
1716750714079,paho800795647178433,topic/b/lighting,METAVERSE,16
1716750714083,paho800795645571771,topic/b/lighting,METAVERSE,20
1716750714191,paho800795646617772,topic/security,METAVERSE,21
1716750714260,paho800795645571771,topic/b/lighting,METAVERSE,9
1716750714260,paho800795647178433,topic/b/lighting,METAVERSE,9
1716750714307,paho800795646617772,topic/security,METAVERSE,30
1716750714335,paho800795646617772,topic/security,METAVERSE,36
1716750714380,paho800795647668659,topic/maintenance,METAVERSE,1545
1716750714380,paho800795647668659,topic/maintenance,METAVERSE,1501
1716750714383,paho800795646617772,topic/security,METAVERSE,68
1716750714391,paho800795646617772,topic/security,METAVERSE,12
1716750714420,paho800795645571771,topic/g/noise,METAVERSE,16
1716750714464,paho800795646617772,topic/security,METAVERSE,9
1716750714479,paho800795647668659,topic/maintenance,METAVERSE,1604
1716750714500,paho800795647668659,topic/maintenance,METAVERSE,1561
1716750714503,paho800795645571771,topic/b/noise,METAVERSE,12
1716750714569,paho800795646617772,topic/security,METAVERSE,10
1716750714600,paho800795645571771,topic/v/rfid,METAVERSE,30
1716750714601,paho800795646984376,topic/queueing,METAVERSE,31
1716750714635,paho800795646617772,topic/security,METAVERSE,28
1716750714679,paho800795647668659,topic/maintenance,METAVERSE,1704
1716750714770,paho800795646617772,topic/security,METAVERSE,10
1716750714791,paho800795645571771,topic/b/noise,METAVERSE,8
1716750714804,paho800795645571771,topic/s/noise,METAVERSE,17
1716750714831,paho800795647668659,topic/maintenance,METAVERSE,1844
1716750714832,paho800795647668659,topic/maintenance,METAVERSE,1820
1716750714849,paho800795646617772,topic/security,METAVERSE,10
1716750715017,paho800795646617772,topic/security,METAVERSE,9
1716750715081,paho800795647668659,topic/maintenance,METAVERSE,2006
1716750715081,paho800795646984376,topic/occupancy,METAVERSE,18257
1716750715082,paho800795647668659,topic/maintenance,METAVERSE,1913
1716750715082,paho800795647668659,topic/maintenance,METAVERSE,1917
1716750715082,paho800795647668659,topic/maintenance,METAVERSE,1797
1716750715132,paho800795647668659,topic/maintenance,METAVERSE,1677
1716750715141,paho800795645571771,topic/c/rfid,METAVERSE,9
1716750715142,paho800795646984376,topic/queueing,METAVERSE,10
1716750715180,paho800795647668659,topic/maintenance,METAVERSE,1705
1716750715244,paho800795647668659,topic/maintenance,METAVERSE,1657
1716750715333,paho800795647668659,topic/maintenance,METAVERSE,1730
1716750715380,paho800795647668659,topic/maintenance,METAVERSE,1773
1716750715484,paho800795646617772,topic/security,METAVERSE,49
1716750715520,paho800795645571771,topic/g/noise,METAVERSE,25
1716750715564,paho800795646617772,topic/security,METAVERSE,9
1716750715583,paho800795646984376,topic/occupancy,METAVERSE,18327
1716750715592,paho800795646617772,topic/security,METAVERSE,28
1716750715635,paho800795647668659,topic/maintenance,METAVERSE,1920
1716750715683,paho800795647668659,topic/maintenance,METAVERSE,2014
1716750715736,paho800795646617772,topic/security,METAVERSE,35
1716750715736,paho800795646617772,topic/security,METAVERSE,19
1716750715861,paho800795646617772,topic/security,METAVERSE,10
1716750715983,paho800795647668659,topic/maintenance,METAVERSE,2232
1716750716008,paho800795645571771,topic/e/lighting,METAVERSE,9
1716750716009,paho800795647178433,topic/e/lighting,METAVERSE,10
1716750716033,paho800795647668659,topic/maintenance,METAVERSE,1890
1716750716033,paho800795647668659,topic/maintenance,METAVERSE,1846
1716750716033,paho800795647668659,topic/maintenance,METAVERSE,1850
1716750716033,paho800795647668659,topic/maintenance,METAVERSE,1679
1716750716033,paho800795647668659,topic/maintenance,METAVERSE,1629
1716750716033,paho800795647668659,topic/maintenance,METAVERSE,1542
1716750716033,paho800795647668659,topic/maintenance,METAVERSE,1501
1716750716033,paho800795647668659,topic/maintenance,METAVERSE,1400
1716750716033,paho800795647668659,topic/maintenance,METAVERSE,1263
1716750716081,paho800795647668659,topic/maintenance,METAVERSE,1298
1716750716127,paho800795645571771,topic/e/noise,METAVERSE,9
1716750716135,paho800795647668659,topic/maintenance,METAVERSE,1348
1716750716182,paho800795647668659,topic/maintenance,METAVERSE,1387
1716750716195,paho800795646617772,topic/security,METAVERSE,8
1716750716242,paho800795646984376,topic/occupancy,METAVERSE,18903
1716750716381,paho800795646617772,topic/security,METAVERSE,49
1716750716381,paho800795646617772,topic/security,METAVERSE,46
1716750716407,paho800795646617772,topic/security,METAVERSE,8
1716750716431,paho800795647668659,topic/maintenance,METAVERSE,1170
1716750716432,paho800795647668659,topic/maintenance,METAVERSE,1113
1716750716432,paho800795647668659,topic/maintenance,METAVERSE,1105
1716750716432,paho800795647668659,topic/maintenance,METAVERSE,1061
1716750716438,paho800795646617772,topic/security,METAVERSE,27
1716750716439,paho800795647668659,topic/maintenance,METAVERSE,944
1716750716531,paho800795646617772,topic/security,METAVERSE,68
1716750716535,paho800795647668659,topic/maintenance,METAVERSE,752
1716750716535,paho800795647668659,topic/maintenance,METAVERSE,417
1716750716632,paho800795646617772,topic/security,METAVERSE,49
1716750716680,paho800795646984376,topic/occupancy,METAVERSE,19246
1716750716739,paho800795646617772,topic/security,METAVERSE,58
1716750716808,paho800795646617772,topic/security,METAVERSE,9
1716750716833,paho800795646984376,topic/occupancy,METAVERSE,19296
1716750716856,paho800795646617772,topic/security,METAVERSE,9
1716750716981,paho800795646984376,topic/occupancy,METAVERSE,19414
1716750717028,paho800795645571771,topic/d/noise,METAVERSE,9
1716750717033,paho800795646617772,topic/security,METAVERSE,10
1716750717080,paho800795647668659,topic/maintenance,METAVERSE,61
1716750717183,paho800795646984376,topic/occupancy,METAVERSE,19108
1716750717246,paho800795645571771,topic/c/noise,METAVERSE,14
1716750717284,paho800795645571771,topic/e/rfid,METAVERSE,8
1716750717285,paho800795646984376,topic/queueing,METAVERSE,9
1716750717330,paho800795647668659,topic/maintenance,METAVERSE,98
1716750717332,paho800795646617772,topic/security,METAVERSE,21
1716750717380,paho800795646984376,topic/occupancy,METAVERSE,19205
1716750717446,paho800795645571771,topic/b/noise,METAVERSE,10
1716750717487,paho800795645571771,topic/s/lighting,METAVERSE,16
1716750717487,paho800795647178433,topic/s/lighting,METAVERSE,16
1716750717499,paho800795645571771,topic/g/rfid,METAVERSE,20
1716750717500,paho800795646984376,topic/queueing,METAVERSE,21
1716750717535,paho800795647668659,topic/maintenance,METAVERSE,99
1716750717535,paho800795646617772,topic/security,METAVERSE,48
1716750717582,paho800795646617772,topic/security,METAVERSE,9
1716750717612,paho800795647178433,topic/s/lighting,METAVERSE,9
1716750717612,paho800795645571771,topic/s/lighting,METAVERSE,9
1716750717634,paho800795647668659,topic/maintenance,METAVERSE,150
1716750717643,paho800795645571771,topic/c/lighting,METAVERSE,37
1716750717643,paho800795647178433,topic/c/lighting,METAVERSE,37
1716750717663,paho800795647178433,topic/g/lighting,METAVERSE,9
1716750717664,paho800795645571771,topic/g/lighting,METAVERSE,10
1716750717732,paho800795646984376,topic/occupancy,METAVERSE,19551
1716750717733,paho800795646617772,topic/security,METAVERSE,14
1716750717833,paho800795646984376,topic/occupancy,METAVERSE,19582
1716750717843,paho800795646617772,topic/security,METAVERSE,16
1716750717848,paho800795645571771,topic/b/noise,METAVERSE,22
1716750717858,paho800795645571771,topic/d/noise,METAVERSE,39
1716750717982,paho800795647668659,topic/maintenance,METAVERSE,156
1716750717982,paho800795647668659,topic/maintenance,METAVERSE,163
1716750717998,paho800795646617772,topic/security,METAVERSE,11
1716750718032,paho800795647668659,topic/maintenance,METAVERSE,189
1716750718042,paho800795645571771,topic/s/noise,METAVERSE,11
1716750718082,paho800795647668659,topic/maintenance,METAVERSE,51
1716750718148,paho800795646617772,topic/security,METAVERSE,13
1716750718149,paho800795645571771,topic/c/lighting,METAVERSE,42
1716750718149,paho800795647178433,topic/c/lighting,METAVERSE,42
1716750718183,paho800795647668659,topic/maintenance,METAVERSE,24
1716750718205,paho800795646617772,topic/security,METAVERSE,10
1716750718227,paho800795645571771,topic/d/lighting,METAVERSE,29
1716750718227,paho800795647178433,topic/d/lighting,METAVERSE,29
1716750718233,paho800795647178433,topic/b/lighting,METAVERSE,9
1716750718234,paho800795645571771,topic/b/lighting,METAVERSE,10
1716750718288,paho800795646984376,topic/queueing,METAVERSE,12
1716750718288,paho800795646984376,topic/occupancy,METAVERSE,19861
1716750718288,paho800795645571771,topic/e/rfid,METAVERSE,12
1716750718292,paho800795645571771,topic/e/rfid,METAVERSE,15
1716750718316,paho800795645571771,topic/v/lighting,METAVERSE,9
1716750718316,paho800795647178433,topic/v/lighting,METAVERSE,9
1716750718324,paho800795647178433,topic/e/lighting,METAVERSE,8
1716750718325,paho800795645571771,topic/e/lighting,METAVERSE,9
1716750718334,paho800795646984376,topic/queueing,METAVERSE,57
1716750718435,paho800795646617772,topic/security,METAVERSE,88
1716750718435,paho800795647668659,topic/maintenance,METAVERSE,90
1716750718438,paho800795646617772,topic/security,METAVERSE,69
1716750718483,paho800795646617772,topic/security,METAVERSE,56
1716750718523,paho800795647178433,topic/g/lighting,METAVERSE,8
1716750718523,paho800795645571771,topic/g/lighting,METAVERSE,8
1716750718535,paho800795646984376,topic/occupancy,METAVERSE,19859
1716750718537,paho800795646617772,topic/security,METAVERSE,10
1716750718593,paho800795646617772,topic/security,METAVERSE,9
1716750718601,paho800795645571771,topic/v/rfid,METAVERSE,10
1716750718611,paho800795645571771,topic/v/noise,METAVERSE,9
1716750718635,paho800795647668659,topic/maintenance,METAVERSE,33
1716750718639,paho800795646984376,topic/queueing,METAVERSE,48
1716750718654,paho800795647668659,topic/maintenance,METAVERSE,9
1716750718699,paho800795645571771,topic/b/lighting,METAVERSE,8
1716750718699,paho800795647178433,topic/b/lighting,METAVERSE,8
1716750718775,paho800795645571771,topic/e/noise,METAVERSE,52
1716750718820,paho800795646617772,topic/security,METAVERSE,13
1716750718864,paho800795646617772,topic/security,METAVERSE,9
1716750718880,paho800795647668659,topic/maintenance,METAVERSE,157
1716750718889,paho800795645571771,topic/d/lighting,METAVERSE,9
1716750718889,paho800795647178433,topic/d/lighting,METAVERSE,9
1716750718916,paho800795646617772,topic/security,METAVERSE,65
1716750719008,paho800795646617772,topic/security,METAVERSE,21
1716750719078,paho800795645571771,topic/b/lighting,METAVERSE,11
1716750719079,paho800795647178433,topic/b/lighting,METAVERSE,12
1716750719083,paho800795646617772,topic/security,METAVERSE,20
1716750719116,paho800795645571771,topic/b/lighting,METAVERSE,13
1716750719116,paho800795647178433,topic/b/lighting,METAVERSE,13
1716750719230,paho800795647668659,topic/maintenance,METAVERSE,123
1716750719285,paho800795647178433,topic/b/lighting,METAVERSE,10
1716750719291,paho800795645571771,topic/b/lighting,METAVERSE,16
1716750719420,paho800795645571771,topic/g/noise,METAVERSE,9
1716750719511,paho800795645571771,topic/b/noise,METAVERSE,15
1716750719512,paho800795646617772,topic/security,METAVERSE,12
1716750719543,paho800795645571771,topic/g/rfid,METAVERSE,12
1716750719544,paho800795646984376,topic/queueing,METAVERSE,13
1716750719582,paho800795647668659,topic/maintenance,METAVERSE,171
1716750719583,paho800795647668659,topic/maintenance,METAVERSE,98
1716750719583,paho800795647668659,topic/maintenance,METAVERSE,87
1716750719589,paho800795646617772,topic/security,METAVERSE,9
1716750719641,paho800795646617772,topic/security,METAVERSE,10
1716750719744,paho800795646617772,topic/security,METAVERSE,9
1716750719748,paho800795646617772,topic/security,METAVERSE,9
1716750719805,paho800795645571771,topic/s/noise,METAVERSE,9
1716750719810,paho800795645571771,topic/b/noise,METAVERSE,9
1716750719835,paho800795647668659,topic/maintenance,METAVERSE,39
1716750720031,paho800795646617772,topic/security,METAVERSE,12
1716750720050,paho800795646617772,topic/security,METAVERSE,31
1716750720083,paho800795647668659,topic/maintenance,METAVERSE,282
1716750720083,paho800795647668659,topic/maintenance,METAVERSE,280
1716750720208,paho800795646617772,topic/security,METAVERSE,9
1716750720365,paho800795646617772,topic/security,METAVERSE,10
1716750720381,paho800795646617772,topic/security,METAVERSE,11
1716750720383,paho800795647668659,topic/maintenance,METAVERSE,107
1716750720442,paho800795646617772,topic/security,METAVERSE,11
1716750720547,paho800795646617772,topic/security,METAVERSE,12
1716750720576,paho800795645571771,topic/g/noise,METAVERSE,9
1716750720580,paho800795646617772,topic/security,METAVERSE,81
1716750720626,paho800795645571771,topic/s/rfid,METAVERSE,15
1716750720631,paho800795646617772,topic/security,METAVERSE,30
1716750720632,paho800795647668659,topic/maintenance,METAVERSE,65
1716750720682,paho800795646984376,topic/queueing,METAVERSE,71
1716750720738,paho800795646617772,topic/security,METAVERSE,9
1716750720873,paho800795646617772,topic/security,METAVERSE,10
1716750720873,paho800795646617772,topic/security,METAVERSE,9
1716750720883,paho800795646617772,topic/security,METAVERSE,64
1716750721009,paho800795645571771,topic/e/lighting,METAVERSE,9
1716750721009,paho800795647178433,topic/e/lighting,METAVERSE,9
1716750721103,paho800795646617772,topic/security,METAVERSE,16
1716750721155,paho800795645571771,topic/e/noise,METAVERSE,8
1716750721284,paho800795647668659,topic/maintenance,METAVERSE,137
1716750721529,paho800795646617772,topic/security,METAVERSE,10
1716750721583,paho800795647668659,topic/maintenance,METAVERSE,90
1716750721615,paho800795646617772,topic/security,METAVERSE,9
1716750721779,paho800795646617772,topic/security,METAVERSE,12
1716750721865,paho800795646617772,topic/security,METAVERSE,10
1716750721871,paho800795646617772,topic/security,METAVERSE,16
1716750722039,paho800795645571771,topic/d/noise,METAVERSE,8
1716750722134,paho800795647668659,topic/maintenance,METAVERSE,103
1716750722209,paho800795646617772,topic/security,METAVERSE,9
1716750722253,paho800795645571771,topic/c/noise,METAVERSE,10
1716750722283,paho800795647668659,topic/maintenance,METAVERSE,40
1716750722291,paho800795645571771,topic/e/rfid,METAVERSE,8
1716750722292,paho800795646984376,topic/queueing,METAVERSE,9
1716750722383,paho800795646617772,topic/security,METAVERSE,13
1716750722389,paho800795646617772,topic/security,METAVERSE,22
1716750722452,paho800795646617772,topic/security,METAVERSE,9
1716750722460,paho800795645571771,topic/b/noise,METAVERSE,8
1716750722482,paho800795647668659,topic/maintenance,METAVERSE,30
1716750722490,paho800795645571771,topic/s/lighting,METAVERSE,10
1716750722491,paho800795647178433,topic/s/lighting,METAVERSE,11
1716750722584,paho800795646617772,topic/security,METAVERSE,32
1716750722648,paho800795645571771,topic/c/lighting,METAVERSE,9
1716750722648,paho800795647178433,topic/c/lighting,METAVERSE,9
1716750722664,paho800795645571771,topic/g/lighting,METAVERSE,9
1716750722664,paho800795647178433,topic/g/lighting,METAVERSE,9
1716750722683,paho800795646617772,topic/security,METAVERSE,76
1716750722693,paho800795645571771,topic/s/lighting,METAVERSE,9
1716750722693,paho800795647178433,topic/s/lighting,METAVERSE,9
1716750722779,paho800795647668659,topic/maintenance,METAVERSE,133
1716750722848,paho800795645571771,topic/b/noise,METAVERSE,9
1716750722879,paho800795646617772,topic/security,METAVERSE,12
1716750722880,paho800795645571771,topic/d/noise,METAVERSE,12
1716750722880,paho800795647668659,topic/maintenance,METAVERSE,115
1716750722907,paho800795646617772,topic/security,METAVERSE,10
1716750722987,paho800795647668659,topic/maintenance,METAVERSE,148
1716750722987,paho800795647668659,topic/maintenance,METAVERSE,119
1716750722999,paho800795646617772,topic/security,METAVERSE,10
1716750723072,paho800795646617772,topic/security,METAVERSE,9
1716750723087,paho800795647668659,topic/maintenance,METAVERSE,86
1716750723095,paho800795645571771,topic/s/noise,METAVERSE,10
1716750723120,paho800795646617772,topic/security,METAVERSE,9
1716750723148,paho800795646617772,topic/security,METAVERSE,9
1716750723185,paho800795645571771,topic/c/lighting,METAVERSE,10
1716750723185,paho800795647178433,topic/c/lighting,METAVERSE,10
1716750723228,paho800795645571771,topic/d/lighting,METAVERSE,9
1716750723230,paho800795647178433,topic/d/lighting,METAVERSE,11
1716750723243,paho800795645571771,topic/b/lighting,METAVERSE,8
1716750723243,paho800795647178433,topic/b/lighting,METAVERSE,8
1716750723316,paho800795645571771,topic/v/lighting,METAVERSE,9
1716750723316,paho800795647178433,topic/v/lighting,METAVERSE,9
1716750723331,paho800795645571771,topic/e/lighting,METAVERSE,8
1716750723331,paho800795647178433,topic/e/lighting,METAVERSE,8
1716750723432,paho800795647668659,topic/maintenance,METAVERSE,347
1716750723475,paho800795647668659,topic/maintenance,METAVERSE,190
1716750723531,paho800795645571771,topic/g/lighting,METAVERSE,10
1716750723531,paho800795647178433,topic/g/lighting,METAVERSE,10
1716750723545,paho800795645571771,topic/g/rfid,METAVERSE,9
1716750723546,paho800795646984376,topic/queueing,METAVERSE,10
1716750723583,paho800795646617772,topic/security,METAVERSE,38
1716750723608,paho800795645571771,topic/v/rfid,METAVERSE,9
1716750723609,paho800795646984376,topic/queueing,METAVERSE,10
1716750723617,paho800795645571771,topic/v/noise,METAVERSE,8
1716750723632,paho800795647668659,topic/maintenance,METAVERSE,23
1716750723634,paho800795646617772,topic/security,METAVERSE,27
1716750723724,paho800795646617772,topic/security,METAVERSE,13
1716750723755,paho800795645571771,topic/b/lighting,METAVERSE,8
1716750723756,paho800795647178433,topic/b/lighting,METAVERSE,9
1716750723782,paho800795647668659,topic/maintenance,METAVERSE,35
1716750723803,paho800795645571771,topic/e/noise,METAVERSE,8
1716750723813,paho800795646617772,topic/security,METAVERSE,10
1716750723874,paho800795646617772,topic/security,METAVERSE,11
1716750723879,paho800795647668659,topic/maintenance,METAVERSE,84
1716750723911,paho800795645571771,topic/d/lighting,METAVERSE,8
1716750723911,paho800795647178433,topic/d/lighting,METAVERSE,8
1716750724097,paho800795645571771,topic/b/lighting,METAVERSE,10
1716750724097,paho800795647178433,topic/b/lighting,METAVERSE,10
1716750724133,paho800795647178433,topic/b/lighting,METAVERSE,8
1716750724133,paho800795645571771,topic/b/lighting,METAVERSE,8
1716750724228,paho800795646617772,topic/security,METAVERSE,9
1716750724304,paho800795645571771,topic/b/lighting,METAVERSE,9
1716750724304,paho800795647178433,topic/b/lighting,METAVERSE,9
1716750724331,paho800795647668659,topic/maintenance,METAVERSE,82
1716750724386,paho800795646617772,topic/security,METAVERSE,31
1716750724421,paho800795645571771,topic/g/noise,METAVERSE,9
1716750724433,paho800795646617772,topic/security,METAVERSE,46
1716750724467,paho800795646617772,topic/security,METAVERSE,50
1716750724483,paho800795647668659,topic/maintenance,METAVERSE,71
1716750724507,paho800795646617772,topic/security,METAVERSE,48
1716750724519,paho800795645571771,topic/b/noise,METAVERSE,8
1716750724534,paho800795647668659,topic/maintenance,METAVERSE,23
1716750724616,paho800795646617772,topic/security,METAVERSE,8
1716750724632,paho800795646617772,topic/security,METAVERSE,19
1716750724649,paho800795646617772,topic/security,METAVERSE,10
1716750724811,paho800795645571771,topic/s/noise,METAVERSE,8
1716750724819,paho800795645571771,topic/b/noise,METAVERSE,11
1716750724883,paho800795646617772,topic/security,METAVERSE,12
1716750724907,paho800795646617772,topic/security,METAVERSE,9
1716750724981,paho800795647668659,topic/maintenance,METAVERSE,178
1716750724981,paho800795647668659,topic/maintenance,METAVERSE,173
1716750724981,paho800795647668659,topic/maintenance,METAVERSE,134
1716750724981,paho800795647668659,topic/maintenance,METAVERSE,118
1716750725124,paho800795646617772,topic/security,METAVERSE,9
1716750725228,paho800795646984376,topic/occupancy,METAVERSE,26523
1716750725228,paho800795646984376,topic/occupancy,METAVERSE,26367
1716750725228,paho800795646984376,topic/occupancy,METAVERSE,25981
1716750725228,paho800795646984376,topic/occupancy,METAVERSE,25965
1716750725228,paho800795646984376,topic/occupancy,METAVERSE,25773
1716750725229,paho800795646984376,topic/occupancy,METAVERSE,25678
1716750725229,paho800795646984376,topic/occupancy,METAVERSE,25118
1716750725229,paho800795646984376,topic/occupancy,METAVERSE,25046
1716750725229,paho800795646984376,topic/occupancy,METAVERSE,24958
1716750725229,paho800795646984376,topic/occupancy,METAVERSE,24778
1716750725229,paho800795646984376,topic/occupancy,METAVERSE,24530
1716750725229,paho800795646984376,topic/occupancy,METAVERSE,24490
1716750725229,paho800795646984376,topic/occupancy,METAVERSE,24349
1716750725229,paho800795646984376,topic/occupancy,METAVERSE,23950
1716750725229,paho800795646984376,topic/occupancy,METAVERSE,23750
1716750725229,paho800795646984376,topic/occupancy,METAVERSE,23658
1716750725229,paho800795646984376,topic/occupancy,METAVERSE,23108
1716750725229,paho800795646984376,topic/occupancy,METAVERSE,23038
1716750725229,paho800795646984376,topic/occupancy,METAVERSE,23016
1716750725229,paho800795646984376,topic/occupancy,METAVERSE,22938
1716750725229,paho800795646984376,topic/occupancy,METAVERSE,22908
1716750725229,paho800795646984376,topic/occupancy,METAVERSE,22767
1716750725229,paho800795646984376,topic/occupancy,METAVERSE,22522
1716750725229,paho800795646984376,topic/occupancy,METAVERSE,22484
1716750725229,paho800795646984376,topic/occupancy,METAVERSE,22330
1716750725332,paho800795646984376,topic/occupancy,METAVERSE,22133
1716750725479,paho800795646984376,topic/occupancy,METAVERSE,22195
1716750725557,paho800795646617772,topic/security,METAVERSE,10
1716750725584,paho800795645571771,topic/g/noise,METAVERSE,9
1716750725680,paho800795647668659,topic/maintenance,METAVERSE,153
1716750725680,paho800795647668659,topic/maintenance,METAVERSE,105
1716750725683,paho800795646617772,topic/security,METAVERSE,60
1716750725683,paho800795646617772,topic/security,METAVERSE,70
1716750725872,paho800795646617772,topic/security,METAVERSE,13
1716750725904,paho800795646617772,topic/security,METAVERSE,20
1716750726011,paho800795645571771,topic/e/lighting,METAVERSE,10
1716750726011,paho800795647178433,topic/e/lighting,METAVERSE,10
1716750726153,paho800795645571771,topic/c/rfid,METAVERSE,10
1716750726154,paho800795646984376,topic/queueing,METAVERSE,11
1716750726161,paho800795645571771,topic/e/noise,METAVERSE,12
1716750726232,paho800795647668659,topic/maintenance,METAVERSE,83
1716750726255,paho800795646617772,topic/security,METAVERSE,12
1716750726434,paho800795647668659,topic/maintenance,METAVERSE,70
1716750726446,paho800795646617772,topic/security,METAVERSE,15
1716750726482,paho800795647668659,topic/maintenance,METAVERSE,79
1716750726533,paho800795646617772,topic/security,METAVERSE,145
1716750726534,paho800795646617772,topic/security,METAVERSE,52
1716750726621,paho800795646617772,topic/security,METAVERSE,9
1716750726672,paho800795646617772,topic/security,METAVERSE,9
1716750726680,paho800795647668659,topic/maintenance,METAVERSE,33
1716750726751,paho800795645571771,topic/d/rfid,METAVERSE,8
1716750726752,paho800795646984376,topic/queueing,METAVERSE,9
1716750726868,paho800795646617772,topic/security,METAVERSE,9
1716750726894,paho800795646617772,topic/security,METAVERSE,11
1716750726931,paho800795647668659,topic/maintenance,METAVERSE,32
1716750726950,paho800795646617772,topic/security,METAVERSE,8
1716750727071,paho800795645571771,topic/d/noise,METAVERSE,8
1716750727082,paho800795647668659,topic/maintenance,METAVERSE,19
1716750727139,paho800795646617772,topic/security,METAVERSE,8
1716750727256,paho800795645571771,topic/c/noise,METAVERSE,9
1716750727332,paho800795647668659,topic/maintenance,METAVERSE,85
1716750727461,paho800795645571771,topic/b/noise,METAVERSE,9
1716750727482,paho800795647668659,topic/maintenance,METAVERSE,30
1716750727505,paho800795645571771,topic/s/lighting,METAVERSE,10
1716750727505,paho800795647178433,topic/s/lighting,METAVERSE,10
1716750727565,paho800795646617772,topic/security,METAVERSE,10
1716750727648,paho800795646617772,topic/security,METAVERSE,13
1716750727656,paho800795645571771,topic/c/lighting,METAVERSE,9
1716750727657,paho800795647178433,topic/c/lighting,METAVERSE,10
1716750727674,paho800795645571771,topic/g/lighting,METAVERSE,14
1716750727674,paho800795647178433,topic/g/lighting,METAVERSE,14
1716750727715,paho800795645571771,topic/s/lighting,METAVERSE,9
1716750727715,paho800795647178433,topic/s/lighting,METAVERSE,9
1716750727752,paho800795646617772,topic/security,METAVERSE,9
1716750727861,paho800795645571771,topic/b/noise,METAVERSE,18
1716750727895,paho800795645571771,topic/d/noise,METAVERSE,16
