1716766384520,paho813425239909742,topic/maintenance,METAVERSE,207
1716766384546,paho813425239909742,topic/maintenance,METAVERSE,120
1716766384738,paho813425239909742,topic/maintenance,METAVERSE,67
1716766384810,paho813425239013978,topic/security,METAVERSE,205
1716766384811,paho813425239489692,topic/occupancy,METAVERSE,206
1716766384848,paho813425239909742,topic/maintenance,METAVERSE,88
1716766384850,paho813425239909742,topic/maintenance,METAVERSE,58
1716766384856,paho813425239013978,topic/security,METAVERSE,116
1716766384868,paho813425228234663,topic/s/rfid,METAVERSE,72
1716766384894,paho813425239013978,topic/security,METAVERSE,54
1716766384894,paho813425239489692,topic/occupancy,METAVERSE,98
1716766384940,paho813425239909742,topic/maintenance,METAVERSE,97
1716766384980,paho813425239013978,topic/security,METAVERSE,128
1716766385000,paho813425228234663,topic/c/rfid,METAVERSE,12
1716766385029,paho813425239489692,topic/queueing,METAVERSE,233
1716766385062,paho813425239909742,topic/maintenance,METAVERSE,37
1716766385066,paho813425239489692,topic/occupancy,METAVERSE,78
1716766385077,paho813425239489692,topic/queueing,METAVERSE,89
1716766385078,paho813425228234663,topic/e/noise,METAVERSE,7
1716766385084,paho813425239013978,topic/security,METAVERSE,214
1716766385085,paho813425239710286,topic/c/lighting,METAVERSE,7
1716766385087,paho813425239909742,topic/maintenance,METAVERSE,16
1716766385088,paho813425228234663,topic/c/lighting,METAVERSE,10
1716766385104,paho813425239710286,topic/v/lighting,METAVERSE,44
1716766385122,paho813425228234663,topic/v/lighting,METAVERSE,62
1716766385140,paho813425239013978,topic/security,METAVERSE,257
1716766385178,paho813425239013978,topic/security,METAVERSE,283
1716766385185,paho813425239909742,topic/maintenance,METAVERSE,22
1716766385195,paho813425239013978,topic/security,METAVERSE,252
1716766385205,paho813425239013978,topic/security,METAVERSE,238
1716766385212,paho813425239909742,topic/maintenance,METAVERSE,54
1716766385225,paho813425239013978,topic/security,METAVERSE,254
1716766385231,paho813425239909742,topic/maintenance,METAVERSE,15
1716766385233,paho813425239013978,topic/security,METAVERSE,261
1716766385272,paho813425228234663,topic/c/noise,METAVERSE,6
1716766385273,paho813425239909742,topic/maintenance,METAVERSE,7
1716766385284,paho813425239013978,topic/security,METAVERSE,225
1716766385289,paho813425239013978,topic/security,METAVERSE,228
1716766385290,paho813425239013978,topic/security,METAVERSE,203
1716766385290,paho813425239013978,topic/security,METAVERSE,179
1716766385290,paho813425239013978,topic/security,METAVERSE,169
1716766385290,paho813425239013978,topic/security,METAVERSE,169
1716766385290,paho813425239013978,topic/security,METAVERSE,162
1716766385300,paho813425239013978,topic/security,METAVERSE,108
1716766385329,paho813425239909742,topic/maintenance,METAVERSE,17
1716766385330,paho813425239013978,topic/security,METAVERSE,127
1716766385341,paho813425239013978,topic/security,METAVERSE,137
1716766385342,paho813425239909742,topic/maintenance,METAVERSE,10
1716766385379,paho813425239013978,topic/security,METAVERSE,173
1716766385402,paho813425228234663,topic/c/lighting,METAVERSE,6
1716766385402,paho813425239710286,topic/c/lighting,METAVERSE,6
1716766385424,paho813425239013978,topic/security,METAVERSE,217
1716766385428,paho813425239013978,topic/security,METAVERSE,220
1716766385431,paho813425239013978,topic/security,METAVERSE,223
1716766385439,paho813425239013978,topic/security,METAVERSE,224
1716766385444,paho813425239909742,topic/maintenance,METAVERSE,65
1716766385446,paho813425239489692,topic/occupancy,METAVERSE,129
1716766385477,paho813425239013978,topic/security,METAVERSE,257
1716766385506,paho813425239909742,topic/maintenance,METAVERSE,10
1716766385527,paho813425239013978,topic/security,METAVERSE,306
1716766385536,paho813425239013978,topic/security,METAVERSE,327
1716766385546,paho813425239013978,topic/security,METAVERSE,313
1716766385588,paho813425239013978,topic/security,METAVERSE,329
1716766385589,paho813425239013978,topic/security,METAVERSE,329
1716766385628,paho813425239013978,topic/security,METAVERSE,368
1716766385632,paho813425239013978,topic/security,METAVERSE,363
1716766385678,paho813425239013978,topic/security,METAVERSE,401
1716766385696,paho813425239013978,topic/security,METAVERSE,412
1716766385722,paho813425228234663,topic/v/rfid,METAVERSE,10
1716766385728,paho813425239013978,topic/security,METAVERSE,420
1716766385737,paho813425239013978,topic/security,METAVERSE,400
1716766385737,paho813425239013978,topic/security,METAVERSE,396
1716766385737,paho813425239013978,topic/security,METAVERSE,420
1716766385744,paho813425239489692,topic/queueing,METAVERSE,32
1716766385767,paho813425239489692,topic/occupancy,METAVERSE,55
1716766385778,paho813425239013978,topic/security,METAVERSE,350
1716766385786,paho813425239013978,topic/security,METAVERSE,340
1716766385797,paho813425239013978,topic/security,METAVERSE,348
1716766385803,paho813425228234663,topic/d/noise,METAVERSE,32
1716766385806,paho813425239909742,topic/maintenance,METAVERSE,35
1716766385826,paho813425239013978,topic/security,METAVERSE,375
1716766385827,paho813425239013978,topic/security,METAVERSE,301
1716766385836,paho813425239489692,topic/occupancy,METAVERSE,59
1716766385864,paho813425228234663,topic/s/rfid,METAVERSE,5
1716766385872,paho813425239013978,topic/security,METAVERSE,328
1716766385872,paho813425239013978,topic/security,METAVERSE,305
1716766385872,paho813425239013978,topic/security,METAVERSE,325
1716766385872,paho813425239013978,topic/security,METAVERSE,301
1716766385882,paho813425239013978,topic/security,METAVERSE,290
1716766385889,paho813425239489692,topic/queueing,METAVERSE,30
1716766385890,paho813425239013978,topic/security,METAVERSE,270
1716766385927,paho813425239013978,topic/security,METAVERSE,304
1716766385930,paho813425228234663,topic/s/rfid,METAVERSE,11
1716766385939,paho813425239489692,topic/queueing,METAVERSE,20
1716766385946,paho813425239489692,topic/occupancy,METAVERSE,87
1716766385972,paho813425239013978,topic/security,METAVERSE,348
1716766385972,paho813425239013978,topic/security,METAVERSE,332
1716766385972,paho813425239013978,topic/security,METAVERSE,294
1716766385980,paho813425239013978,topic/security,METAVERSE,302
1716766385983,paho813425239013978,topic/security,METAVERSE,277
1716766385989,paho813425239489692,topic/occupancy,METAVERSE,70
1716766386000,paho813425239013978,topic/security,METAVERSE,292
1716766386006,paho813425239013978,topic/security,METAVERSE,277
1716766386022,paho813425239013978,topic/security,METAVERSE,245
1716766386031,paho813425239013978,topic/security,METAVERSE,253
1716766386032,paho813425239013978,topic/security,METAVERSE,253
1716766386044,paho813425239013978,topic/security,METAVERSE,265
1716766386051,paho813425239013978,topic/security,METAVERSE,259
1716766386078,paho813425239013978,topic/security,METAVERSE,285
1716766386081,paho813425239013978,topic/security,METAVERSE,257
1716766386085,paho813425239013978,topic/security,METAVERSE,245
1716766386129,paho813425239013978,topic/security,METAVERSE,6
1716766386188,paho813425228234663,topic/d/lighting,METAVERSE,15
1716766386188,paho813425239710286,topic/d/lighting,METAVERSE,15
1716766386223,paho813425228234663,topic/g/rfid,METAVERSE,10
1716766386226,paho813425239489692,topic/queueing,METAVERSE,13
1716766386275,paho813425239489692,topic/occupancy,METAVERSE,62
1716766386349,paho813425239909742,topic/maintenance,METAVERSE,6
1716766386391,paho813425239909742,topic/maintenance,METAVERSE,8
1716766386451,paho813425239013978,topic/security,METAVERSE,7
1716766386471,paho813425239909742,topic/maintenance,METAVERSE,19
1716766386489,paho813425239013978,topic/security,METAVERSE,86
1716766386498,paho813425239909742,topic/maintenance,METAVERSE,6
1716766386533,paho813425228234663,topic/v/noise,METAVERSE,13
1716766386533,paho813425239909742,topic/maintenance,METAVERSE,13
1716766386570,paho813425239909742,topic/maintenance,METAVERSE,46
1716766386570,paho813425239013978,topic/security,METAVERSE,37
1716766386581,paho813425239013978,topic/security,METAVERSE,14
1716766386640,paho813425239013978,topic/security,METAVERSE,38
1716766386677,paho813425239013978,topic/security,METAVERSE,13
1716766386682,paho813425239013978,topic/security,METAVERSE,72
1716766386691,paho813425239013978,topic/security,METAVERSE,27
1716766386733,paho813425239013978,topic/security,METAVERSE,12
1716766386741,paho813425239013978,topic/security,METAVERSE,8
1716766386741,paho813425239489692,topic/occupancy,METAVERSE,77
1716766386748,paho813425239909742,topic/maintenance,METAVERSE,6
1716766386755,paho813425239013978,topic/security,METAVERSE,6
1716766386780,paho813425239013978,topic/security,METAVERSE,15
1716766386793,paho813425239909742,topic/maintenance,METAVERSE,6
1716766386826,paho813425239909742,topic/maintenance,METAVERSE,15
1716766386832,paho813425239013978,topic/security,METAVERSE,6
1716766386868,paho813425228234663,topic/g/lighting,METAVERSE,12
1716766386868,paho813425239710286,topic/g/lighting,METAVERSE,12
1716766386891,paho813425239013978,topic/security,METAVERSE,7
1716766386896,paho813425239013978,topic/security,METAVERSE,6
1716766386912,paho813425228234663,topic/s/noise,METAVERSE,8
1716766386923,paho813425239909742,topic/maintenance,METAVERSE,19
1716766386924,paho813425239909742,topic/maintenance,METAVERSE,20
1716766386959,paho813425239013978,topic/security,METAVERSE,12
1716766386960,paho813425239909742,topic/maintenance,METAVERSE,33
1716766386969,paho813425239013978,topic/security,METAVERSE,8
1716766387002,paho813425239013978,topic/security,METAVERSE,17
1716766387020,paho813425239013978,topic/security,METAVERSE,25
1716766387030,paho813425239909742,topic/maintenance,METAVERSE,9
1716766387060,paho813425239013978,topic/security,METAVERSE,45
1716766387078,paho813425239013978,topic/security,METAVERSE,6
1716766387078,paho813425239909742,topic/maintenance,METAVERSE,54
1716766387083,paho813425228234663,topic/e/lighting,METAVERSE,15
1716766387083,paho813425239710286,topic/e/lighting,METAVERSE,15
1716766387084,paho813425239909742,topic/maintenance,METAVERSE,25
1716766387091,paho813425239013978,topic/security,METAVERSE,18
1716766387096,paho813425239013978,topic/security,METAVERSE,17
1716766387119,paho813425239013978,topic/security,METAVERSE,6
1716766387134,paho813425239013978,topic/security,METAVERSE,78
1716766387137,paho813425228234663,topic/e/lighting,METAVERSE,111
1716766387138,paho813425239710286,topic/e/lighting,METAVERSE,112
1716766387139,paho813425239013978,topic/security,METAVERSE,1787
1716766387147,paho813425239013978,topic/security,METAVERSE,1801
1716766387157,paho813425239013978,topic/security,METAVERSE,43
1716766387179,paho813425239013978,topic/security,METAVERSE,56
1716766387186,paho813425239013978,topic/security,METAVERSE,50
1716766387204,paho813425239013978,topic/security,METAVERSE,60
1716766387209,paho813425239013978,topic/security,METAVERSE,65
1716766387213,paho813425239013978,topic/security,METAVERSE,68
1716766387232,paho813425239013978,topic/security,METAVERSE,84
1716766387235,paho813425239013978,topic/security,METAVERSE,86
1716766387239,paho813425239013978,topic/security,METAVERSE,90
1716766387247,paho813425239013978,topic/security,METAVERSE,97
1716766387255,paho813425239013978,topic/security,METAVERSE,104
1716766387268,paho813425239489692,topic/occupancy,METAVERSE,53
1716766387280,paho813425239013978,topic/security,METAVERSE,129
1716766387284,paho813425239013978,topic/security,METAVERSE,132
1716766387303,paho813425239013978,topic/security,METAVERSE,151
1716766387303,paho813425239013978,topic/security,METAVERSE,144
1716766387311,paho813425239909742,topic/maintenance,METAVERSE,7
1716766387314,paho813425239013978,topic/security,METAVERSE,154
1716766387327,paho813425239013978,topic/security,METAVERSE,167
1716766387341,paho813425239909742,topic/maintenance,METAVERSE,8
1716766387371,paho813425239909742,topic/maintenance,METAVERSE,45
1716766387372,paho813425239013978,topic/security,METAVERSE,212
1716766387372,paho813425239013978,topic/security,METAVERSE,211
1716766387372,paho813425239013978,topic/security,METAVERSE,209
1716766387379,paho813425239013978,topic/security,METAVERSE,218
1716766387382,paho813425239013978,topic/security,METAVERSE,221
1716766387398,paho813425239013978,topic/security,METAVERSE,236
1716766387437,paho813425239013978,topic/security,METAVERSE,270
1716766387437,paho813425239013978,topic/security,METAVERSE,273
1716766387437,paho813425239013978,topic/security,METAVERSE,275
1716766387438,paho813425239013978,topic/security,METAVERSE,276
1716766387447,paho813425239489692,topic/occupancy,METAVERSE,66
1716766387448,paho813425239013978,topic/security,METAVERSE,285
1716766387483,paho813425239013978,topic/security,METAVERSE,320
1716766387492,paho813425228234663,topic/b/lighting,METAVERSE,5
1716766387491,paho813425239710286,topic/b/lighting,METAVERSE,4
1716766387497,paho813425239013978,topic/security,METAVERSE,334
1716766387527,paho813425239013978,topic/security,METAVERSE,364
1716766387528,paho813425239013978,topic/security,METAVERSE,364
1716766387528,paho813425239013978,topic/security,METAVERSE,362
1716766387533,paho813425239909742,topic/maintenance,METAVERSE,322
1716766387540,paho813425239013978,topic/security,METAVERSE,374
1716766387552,paho813425239013978,topic/security,METAVERSE,386
1716766387571,paho813425239909742,topic/maintenance,METAVERSE,7
1716766387734,paho813425239489692,topic/occupancy,METAVERSE,80
1716766387744,paho813425239013978,topic/security,METAVERSE,577
1716766387744,paho813425239013978,topic/security,METAVERSE,565
1716766387744,paho813425239013978,topic/security,METAVERSE,564
1716766387744,paho813425239013978,topic/security,METAVERSE,563
1716766387744,paho813425239013978,topic/security,METAVERSE,561
1716766387744,paho813425239013978,topic/security,METAVERSE,558
1716766387744,paho813425239013978,topic/security,METAVERSE,575
1716766387745,paho813425239013978,topic/security,METAVERSE,578
1716766387745,paho813425239013978,topic/security,METAVERSE,530
1716766387745,paho813425239013978,topic/security,METAVERSE,530
1716766387745,paho813425239013978,topic/security,METAVERSE,526
1716766387745,paho813425239013978,topic/security,METAVERSE,526
1716766387745,paho813425239013978,topic/security,METAVERSE,526
1716766387745,paho813425239013978,topic/security,METAVERSE,525
1716766387745,paho813425239013978,topic/security,METAVERSE,530
1716766387745,paho813425239013978,topic/security,METAVERSE,514
1716766387745,paho813425239013978,topic/security,METAVERSE,498
1716766387745,paho813425239013978,topic/security,METAVERSE,498
1716766387745,paho813425239013978,topic/security,METAVERSE,484
1716766387745,paho813425239013978,topic/security,METAVERSE,485
1716766387745,paho813425239013978,topic/security,METAVERSE,481
1716766387745,paho813425239013978,topic/security,METAVERSE,481
1716766387745,paho813425239013978,topic/security,METAVERSE,469
1716766387796,paho813425239489692,topic/occupancy,METAVERSE,18
1716766387834,paho813425239710286,topic/b/lighting,METAVERSE,5
1716766387834,paho813425228234663,topic/b/lighting,METAVERSE,5
1716766387911,paho813425228234663,topic/e/noise,METAVERSE,7
1716766387913,paho813425239909742,topic/maintenance,METAVERSE,9
1716766387945,paho813425239909742,topic/maintenance,METAVERSE,8
1716766387947,paho813425228234663,topic/d/lighting,METAVERSE,9
1716766387947,paho813425239710286,topic/d/lighting,METAVERSE,9
1716766387950,paho813425228234663,topic/d/noise,METAVERSE,10
1716766387959,paho813425228234663,topic/d/rfid,METAVERSE,22
1716766387981,paho813425239489692,topic/queueing,METAVERSE,44
1716766388036,paho813425239013978,topic/security,METAVERSE,751
1716766388037,paho813425239013978,topic/security,METAVERSE,751
1716766388037,paho813425239013978,topic/security,METAVERSE,761
1716766388037,paho813425239013978,topic/security,METAVERSE,751
1716766388037,paho813425239013978,topic/security,METAVERSE,742
1716766388037,paho813425239013978,topic/security,METAVERSE,738
1716766388037,paho813425239013978,topic/security,METAVERSE,730
1716766388037,paho813425239013978,topic/security,METAVERSE,723
1716766388037,paho813425239013978,topic/security,METAVERSE,715
1716766388037,paho813425239013978,topic/security,METAVERSE,715
1716766388037,paho813425239013978,topic/security,METAVERSE,714
1716766388037,paho813425239013978,topic/security,METAVERSE,711
1716766388038,paho813425239013978,topic/security,METAVERSE,691
1716766388038,paho813425239013978,topic/security,METAVERSE,685
1716766388038,paho813425239013978,topic/security,METAVERSE,705
1716766388038,paho813425239013978,topic/security,METAVERSE,685
1716766388038,paho813425239013978,topic/security,METAVERSE,685
1716766388038,paho813425239013978,topic/security,METAVERSE,679
1716766388038,paho813425239013978,topic/security,METAVERSE,674
1716766388038,paho813425239013978,topic/security,METAVERSE,675
1716766388038,paho813425239013978,topic/security,METAVERSE,674
1716766388038,paho813425239013978,topic/security,METAVERSE,660
1716766388038,paho813425239013978,topic/security,METAVERSE,657
1716766388038,paho813425239013978,topic/security,METAVERSE,648
1716766388038,paho813425239013978,topic/security,METAVERSE,647
1716766388038,paho813425239013978,topic/security,METAVERSE,639
1716766388038,paho813425239013978,topic/security,METAVERSE,626
1716766388038,paho813425239013978,topic/security,METAVERSE,690
1716766388038,paho813425239013978,topic/security,METAVERSE,1758
1716766388038,paho813425239013978,topic/security,METAVERSE,2190
1716766388070,paho813425239489692,topic/occupancy,METAVERSE,131
1716766388073,paho813425228234663,topic/g/noise,METAVERSE,56
1716766388097,paho813425239909742,topic/maintenance,METAVERSE,157
1716766388098,paho813425239909742,topic/maintenance,METAVERSE,160
1716766388113,paho813425239909742,topic/maintenance,METAVERSE,133
1716766388133,paho813425239909742,topic/maintenance,METAVERSE,117
1716766388180,paho813425239909742,topic/maintenance,METAVERSE,636
1716766388180,paho813425239909742,topic/maintenance,METAVERSE,163
1716766388216,paho813425239909742,topic/maintenance,METAVERSE,159
1716766388244,paho813425239489692,topic/occupancy,METAVERSE,307
1716766388256,paho813425239909742,topic/maintenance,METAVERSE,505
1716766388256,paho813425239909742,topic/maintenance,METAVERSE,409
1716766388256,paho813425239909742,topic/maintenance,METAVERSE,177
1716766388268,paho813425239909742,topic/maintenance,METAVERSE,162
1716766388320,paho813425239909742,topic/maintenance,METAVERSE,116
1716766388368,paho813425239909742,topic/maintenance,METAVERSE,82
1716766388368,paho813425239489692,topic/occupancy,METAVERSE,167
1716766388380,paho813425228234663,topic/g/lighting,METAVERSE,14
1716766388380,paho813425239710286,topic/g/lighting,METAVERSE,14
1716766388398,paho813425228234663,topic/g/noise,METAVERSE,47
1716766388399,paho813425239909742,topic/maintenance,METAVERSE,48
1716766388443,paho813425228234663,topic/s/lighting,METAVERSE,6
1716766388443,paho813425239710286,topic/s/lighting,METAVERSE,6
1716766388449,paho813425239909742,topic/maintenance,METAVERSE,11
1716766388457,paho813425228234663,topic/s/lighting,METAVERSE,214
1716766388458,paho813425239710286,topic/s/lighting,METAVERSE,215
1716766388495,paho813425239909742,topic/maintenance,METAVERSE,45
1716766388498,paho813425228234663,topic/s/noise,METAVERSE,48
1716766388549,paho813425239909742,topic/maintenance,METAVERSE,10
1716766388570,paho813425239909742,topic/maintenance,METAVERSE,5
1716766388756,paho813425239489692,topic/occupancy,METAVERSE,65
1716766388812,paho813425239909742,topic/maintenance,METAVERSE,20
1716766388828,paho813425239909742,topic/maintenance,METAVERSE,7
1716766388915,paho813425239489692,topic/occupancy,METAVERSE,43
1716766389033,paho813425239013978,topic/security,METAVERSE,1566
1716766389033,paho813425239013978,topic/security,METAVERSE,1582
1716766389033,paho813425239013978,topic/security,METAVERSE,1574
1716766389033,paho813425239013978,topic/security,METAVERSE,1553
1716766389033,paho813425239013978,topic/security,METAVERSE,1551
1716766389033,paho813425239013978,topic/security,METAVERSE,1546
1716766389033,paho813425239013978,topic/security,METAVERSE,1537
1716766389033,paho813425239013978,topic/security,METAVERSE,1536
1716766389034,paho813425239013978,topic/security,METAVERSE,1543
1716766389034,paho813425239013978,topic/security,METAVERSE,1597
1716766389034,paho813425239013978,topic/security,METAVERSE,1526
1716766389034,paho813425239013978,topic/security,METAVERSE,1531
1716766389034,paho813425239013978,topic/security,METAVERSE,1513
1716766389034,paho813425239013978,topic/security,METAVERSE,1512
1716766389034,paho813425239013978,topic/security,METAVERSE,1505
1716766389034,paho813425239013978,topic/security,METAVERSE,1484
1716766389034,paho813425239013978,topic/security,METAVERSE,1470
1716766389034,paho813425239013978,topic/security,METAVERSE,1483
1716766389034,paho813425239013978,topic/security,METAVERSE,1464
1716766389034,paho813425239013978,topic/security,METAVERSE,1505
1716766389034,paho813425239013978,topic/security,METAVERSE,1461
1716766389034,paho813425239013978,topic/security,METAVERSE,1445
1716766389034,paho813425239013978,topic/security,METAVERSE,1456
1716766389034,paho813425239013978,topic/security,METAVERSE,1443
1716766389034,paho813425239013978,topic/security,METAVERSE,1442
1716766389034,paho813425239013978,topic/security,METAVERSE,1442
1716766389034,paho813425239013978,topic/security,METAVERSE,1441
1716766389034,paho813425239013978,topic/security,METAVERSE,1440
1716766389035,paho813425239013978,topic/security,METAVERSE,1440
1716766389035,paho813425239013978,topic/security,METAVERSE,1439
1716766389035,paho813425239013978,topic/security,METAVERSE,1442
1716766389035,paho813425239013978,topic/security,METAVERSE,1439
1716766389035,paho813425239013978,topic/security,METAVERSE,1439
1716766389035,paho813425239013978,topic/security,METAVERSE,1438
1716766389035,paho813425239013978,topic/security,METAVERSE,1435
1716766389035,paho813425239013978,topic/security,METAVERSE,1408
1716766389035,paho813425239013978,topic/security,METAVERSE,1395
1716766389035,paho813425239013978,topic/security,METAVERSE,1395
1716766389035,paho813425239013978,topic/security,METAVERSE,1387
1716766389035,paho813425239013978,topic/security,METAVERSE,1380
1716766389035,paho813425239013978,topic/security,METAVERSE,1379
1716766389035,paho813425239013978,topic/security,METAVERSE,1374
1716766389035,paho813425239013978,topic/security,METAVERSE,1381
1716766389035,paho813425239013978,topic/security,METAVERSE,1363
1716766389035,paho813425239013978,topic/security,METAVERSE,1362
1716766389035,paho813425239013978,topic/security,METAVERSE,1362
1716766389035,paho813425239013978,topic/security,METAVERSE,1344
1716766389035,paho813425239013978,topic/security,METAVERSE,1343
1716766389036,paho813425239013978,topic/security,METAVERSE,1343
1716766389036,paho813425239013978,topic/security,METAVERSE,1339
1716766389036,paho813425239013978,topic/security,METAVERSE,1338
1716766389036,paho813425239013978,topic/security,METAVERSE,1325
1716766389036,paho813425239013978,topic/security,METAVERSE,1339
1716766389036,paho813425239013978,topic/security,METAVERSE,1320
1716766389036,paho813425239013978,topic/security,METAVERSE,1324
1716766389036,paho813425239013978,topic/security,METAVERSE,1318
1716766389036,paho813425239013978,topic/security,METAVERSE,1320
1716766389036,paho813425239013978,topic/security,METAVERSE,1309
1716766389037,paho813425239013978,topic/security,METAVERSE,1283
1716766389037,paho813425239013978,topic/security,METAVERSE,1282
1716766389037,paho813425239013978,topic/security,METAVERSE,1273
1716766389037,paho813425239013978,topic/security,METAVERSE,1273
1716766389037,paho813425239013978,topic/security,METAVERSE,1266
1716766389037,paho813425239013978,topic/security,METAVERSE,1265
1716766389037,paho813425239013978,topic/security,METAVERSE,1264
1716766389037,paho813425239013978,topic/security,METAVERSE,1299
1716766389037,paho813425239013978,topic/security,METAVERSE,1262
1716766389037,paho813425239013978,topic/security,METAVERSE,1259
1716766389037,paho813425239013978,topic/security,METAVERSE,1262
1716766389038,paho813425239013978,topic/security,METAVERSE,1259
1716766389038,paho813425239013978,topic/security,METAVERSE,1253
1716766389038,paho813425239013978,topic/security,METAVERSE,1252
1716766389038,paho813425239013978,topic/security,METAVERSE,1241
1716766389038,paho813425239013978,topic/security,METAVERSE,1271
1716766389039,paho813425239013978,topic/security,METAVERSE,1291
1716766389039,paho813425239013978,topic/security,METAVERSE,1225
1716766389039,paho813425239013978,topic/security,METAVERSE,1241
1716766389039,paho813425239013978,topic/security,METAVERSE,1224
1716766389039,paho813425239013978,topic/security,METAVERSE,1224
1716766389039,paho813425239013978,topic/security,METAVERSE,1223
1716766389039,paho813425239013978,topic/security,METAVERSE,1223
1716766389039,paho813425239013978,topic/security,METAVERSE,1223
1716766389039,paho813425239013978,topic/security,METAVERSE,1223
1716766389039,paho813425239013978,topic/security,METAVERSE,1223
1716766389039,paho813425239013978,topic/security,METAVERSE,1222
1716766389039,paho813425239013978,topic/security,METAVERSE,1222
1716766389070,paho813425239909742,topic/maintenance,METAVERSE,7
1716766389085,paho813425239909742,topic/maintenance,METAVERSE,6
1716766389104,paho813425239909742,topic/maintenance,METAVERSE,6
1716766389125,paho813425239909742,topic/maintenance,METAVERSE,18
1716766389155,paho813425228234663,topic/e/rfid,METAVERSE,7
1716766389182,paho813425239489692,topic/queueing,METAVERSE,34
1716766389202,paho813425239909742,topic/maintenance,METAVERSE,45
1716766389216,paho813425239489692,topic/occupancy,METAVERSE,68
1716766389276,paho813425239909742,topic/maintenance,METAVERSE,12
1716766389290,paho813425239489692,topic/occupancy,METAVERSE,57
1716766389417,paho813425239909742,topic/maintenance,METAVERSE,33
1716766389459,paho813425239909742,topic/maintenance,METAVERSE,11
1716766389487,paho813425239489692,topic/occupancy,METAVERSE,90
1716766389587,paho813425239909742,topic/maintenance,METAVERSE,6
1716766389708,paho813425239489692,topic/occupancy,METAVERSE,24
1716766389800,paho813425228234663,topic/v/rfid,METAVERSE,21
1716766389802,paho813425239489692,topic/queueing,METAVERSE,23
1716766389802,paho813425239489692,topic/occupancy,METAVERSE,22
1716766389832,paho813425228234663,topic/v/rfid,METAVERSE,17
1716766389834,paho813425239909742,topic/maintenance,METAVERSE,10
1716766389837,paho813425239489692,topic/queueing,METAVERSE,22
1716766389855,paho813425239909742,topic/maintenance,METAVERSE,27
1716766389889,paho813425228234663,topic/v/rfid,METAVERSE,9
1716766389893,paho813425239909742,topic/maintenance,METAVERSE,17
1716766389904,paho813425239489692,topic/occupancy,METAVERSE,125
1716766389927,paho813425239489692,topic/queueing,METAVERSE,47
1716766389999,paho813425228234663,topic/c/rfid,METAVERSE,8
1716766390004,paho813425239489692,topic/queueing,METAVERSE,13
1716766390009,paho813425239489692,topic/occupancy,METAVERSE,194
1716766390060,paho813425239489692,topic/occupancy,METAVERSE,180
1716766390077,paho813425228234663,topic/e/noise,METAVERSE,5
1716766390084,paho813425228234663,topic/c/lighting,METAVERSE,5
1716766390085,paho813425239710286,topic/c/lighting,METAVERSE,6
1716766390100,paho813425239909742,topic/maintenance,METAVERSE,30
1716766390108,paho813425239909742,topic/maintenance,METAVERSE,36
1716766390124,paho813425239909742,topic/maintenance,METAVERSE,29
1716766390148,paho813425239489692,topic/occupancy,METAVERSE,204
1716766390154,paho813425228234663,topic/v/lighting,METAVERSE,13
1716766390154,paho813425239710286,topic/v/lighting,METAVERSE,13
1716766390172,paho813425239909742,topic/maintenance,METAVERSE,77
1716766390172,paho813425239909742,topic/maintenance,METAVERSE,69
1716766390172,paho813425239909742,topic/maintenance,METAVERSE,61
1716766390208,paho813425239489692,topic/occupancy,METAVERSE,217
1716766390233,paho813425239909742,topic/maintenance,METAVERSE,7
1716766390278,paho813425239909742,topic/maintenance,METAVERSE,23
1716766390281,paho813425228234663,topic/c/noise,METAVERSE,10
1716766390293,paho813425239909742,topic/maintenance,METAVERSE,22
1716766390322,paho813425239489692,topic/occupancy,METAVERSE,88
1716766390423,paho813425239909742,topic/maintenance,METAVERSE,5
1716766390428,paho813425239710286,topic/c/lighting,METAVERSE,6
1716766390431,paho813425228234663,topic/c/lighting,METAVERSE,9
1716766390476,paho813425239909742,topic/maintenance,METAVERSE,20
1716766390479,paho813425239909742,topic/maintenance,METAVERSE,19
1716766390500,paho813425228234663,topic/b/noise,METAVERSE,33
1716766390511,paho813425239909742,topic/maintenance,METAVERSE,44
1716766390512,paho813425239489692,topic/occupancy,METAVERSE,79
1716766390511,paho813425228234663,topic/b/noise,METAVERSE,55
1716766390520,paho813425239710286,topic/b/lighting,METAVERSE,23
1716766390521,paho813425228234663,topic/b/lighting,METAVERSE,24
1716766390552,paho813425239909742,topic/maintenance,METAVERSE,96
1716766390564,paho813425239909742,topic/maintenance,METAVERSE,32
1716766390595,paho813425239909742,topic/maintenance,METAVERSE,17
1716766390631,paho813425239909742,topic/maintenance,METAVERSE,5
1716766390764,paho813425239489692,topic/occupancy,METAVERSE,60
1716766390815,paho813425228234663,topic/d/noise,METAVERSE,7
1716766390816,paho813425239909742,topic/maintenance,METAVERSE,8
1716766390919,paho813425228234663,topic/b/noise,METAVERSE,5
1716766390920,paho813425239909742,topic/maintenance,METAVERSE,6
1716766390973,paho813425239489692,topic/occupancy,METAVERSE,63
1716766390975,paho813425239909742,topic/maintenance,METAVERSE,13
1716766391018,paho813425228234663,topic/s/rfid,METAVERSE,23
1716766391032,paho813425239489692,topic/queueing,METAVERSE,37
1716766391034,paho813425239013978,topic/security,METAVERSE,3217
1716766391034,paho813425239013978,topic/security,METAVERSE,3216
1716766391034,paho813425239013978,topic/security,METAVERSE,3216
1716766391034,paho813425239013978,topic/security,METAVERSE,3208
1716766391034,paho813425239013978,topic/security,METAVERSE,3211
1716766391034,paho813425239013978,topic/security,METAVERSE,3207
1716766391034,paho813425239013978,topic/security,METAVERSE,3211
1716766391034,paho813425239013978,topic/security,METAVERSE,3204
1716766391034,paho813425239013978,topic/security,METAVERSE,3202
1716766391034,paho813425239013978,topic/security,METAVERSE,3275
1716766391034,paho813425239013978,topic/security,METAVERSE,3186
1716766391035,paho813425239013978,topic/security,METAVERSE,3212
1716766391036,paho813425239013978,topic/security,METAVERSE,3184
1716766391036,paho813425239013978,topic/security,METAVERSE,3180
1716766391036,paho813425239013978,topic/security,METAVERSE,3173
1716766391036,paho813425239013978,topic/security,METAVERSE,3146
1716766391036,paho813425239013978,topic/security,METAVERSE,3177
1716766391036,paho813425239013978,topic/security,METAVERSE,3136
1716766391036,paho813425239013978,topic/security,METAVERSE,3160
1716766391036,paho813425239013978,topic/security,METAVERSE,3136
1716766391036,paho813425239013978,topic/security,METAVERSE,3136
1716766391036,paho813425239013978,topic/security,METAVERSE,3135
1716766391036,paho813425239013978,topic/security,METAVERSE,3134
1716766391036,paho813425239013978,topic/security,METAVERSE,3143
1716766391036,paho813425239013978,topic/security,METAVERSE,3135
1716766391036,paho813425239013978,topic/security,METAVERSE,3132
1716766391036,paho813425239013978,topic/security,METAVERSE,3131
1716766391036,paho813425239013978,topic/security,METAVERSE,3132
1716766391036,paho813425239013978,topic/security,METAVERSE,3127
1716766391036,paho813425239013978,topic/security,METAVERSE,3127
1716766391036,paho813425239013978,topic/security,METAVERSE,3124
1716766391036,paho813425239013978,topic/security,METAVERSE,3104
1716766391037,paho813425239013978,topic/security,METAVERSE,3102
1716766391037,paho813425239013978,topic/security,METAVERSE,3110
1716766391037,paho813425239013978,topic/security,METAVERSE,3098
1716766391037,paho813425239013978,topic/security,METAVERSE,3096
1716766391037,paho813425239013978,topic/security,METAVERSE,3126
1716766391037,paho813425239013978,topic/security,METAVERSE,3082
1716766391037,paho813425239013978,topic/security,METAVERSE,3078
1716766391037,paho813425239013978,topic/security,METAVERSE,3078
1716766391037,paho813425239013978,topic/security,METAVERSE,3074
1716766391037,paho813425239013978,topic/security,METAVERSE,3060
1716766391037,paho813425239013978,topic/security,METAVERSE,3073
1716766391037,paho813425239013978,topic/security,METAVERSE,3082
1716766391037,paho813425239013978,topic/security,METAVERSE,3055
1716766391037,paho813425239013978,topic/security,METAVERSE,3057
1716766391038,paho813425239013978,topic/security,METAVERSE,3051
1716766391038,paho813425239013978,topic/security,METAVERSE,3036
1716766391038,paho813425239013978,topic/security,METAVERSE,3035
1716766391038,paho813425239013978,topic/security,METAVERSE,3494
1716766391038,paho813425239013978,topic/security,METAVERSE,3020
1716766391038,paho813425239013978,topic/security,METAVERSE,3037
1716766391038,paho813425239013978,topic/security,METAVERSE,3015
1716766391038,paho813425239013978,topic/security,METAVERSE,3019
1716766391038,paho813425239013978,topic/security,METAVERSE,3001
1716766391038,paho813425239013978,topic/security,METAVERSE,2998
1716766391038,paho813425239013978,topic/security,METAVERSE,2991
1716766391038,paho813425239013978,topic/security,METAVERSE,2985
1716766391038,paho813425239013978,topic/security,METAVERSE,2984
1716766391038,paho813425239013978,topic/security,METAVERSE,2992
1716766391038,paho813425239013978,topic/security,METAVERSE,2983
1716766391038,paho813425239013978,topic/security,METAVERSE,2981
1716766391038,paho813425239013978,topic/security,METAVERSE,2979
1716766391038,paho813425239013978,topic/security,METAVERSE,2979
1716766391038,paho813425239013978,topic/security,METAVERSE,2978
1716766391038,paho813425239013978,topic/security,METAVERSE,2978
1716766391038,paho813425239013978,topic/security,METAVERSE,2977
1716766391038,paho813425239013978,topic/security,METAVERSE,2978
1716766391039,paho813425239013978,topic/security,METAVERSE,2978
1716766391040,paho813425239013978,topic/security,METAVERSE,2975
1716766391040,paho813425239013978,topic/security,METAVERSE,2960
1716766391040,paho813425239013978,topic/security,METAVERSE,2955
1716766391040,paho813425239013978,topic/security,METAVERSE,2978
1716766391040,paho813425239013978,topic/security,METAVERSE,2936
1716766391040,paho813425239013978,topic/security,METAVERSE,2928
1716766391040,paho813425239013978,topic/security,METAVERSE,2934
1716766391041,paho813425239013978,topic/security,METAVERSE,2978
1716766391041,paho813425239013978,topic/security,METAVERSE,2917
1716766391041,paho813425239013978,topic/security,METAVERSE,2928
1716766391041,paho813425239013978,topic/security,METAVERSE,2908
1716766391041,paho813425239013978,topic/security,METAVERSE,2897
1716766391041,paho813425239013978,topic/security,METAVERSE,2895
1716766391041,paho813425239013978,topic/security,METAVERSE,2895
1716766391041,paho813425239013978,topic/security,METAVERSE,2893
1716766391041,paho813425239013978,topic/security,METAVERSE,2892
1716766391041,paho813425239013978,topic/security,METAVERSE,2877
1716766391041,paho813425239013978,topic/security,METAVERSE,2913
1716766391041,paho813425239013978,topic/security,METAVERSE,2876
1716766391041,paho813425239013978,topic/security,METAVERSE,2980
1716766391041,paho813425239013978,topic/security,METAVERSE,2871
1716766391041,paho813425239013978,topic/security,METAVERSE,2883
1716766391041,paho813425239013978,topic/security,METAVERSE,2840
1716766391041,paho813425239013978,topic/security,METAVERSE,2836
1716766391041,paho813425239013978,topic/security,METAVERSE,2818
1716766391041,paho813425239013978,topic/security,METAVERSE,2815
1716766391042,paho813425239013978,topic/security,METAVERSE,2807
1716766391070,paho813425239909742,topic/maintenance,METAVERSE,7
1716766391092,paho813425239489692,topic/occupancy,METAVERSE,97
1716766391137,paho813425239909742,topic/maintenance,METAVERSE,6
1716766391140,paho813425239909742,topic/maintenance,METAVERSE,7
1716766391177,paho813425239909742,topic/maintenance,METAVERSE,36
1716766391203,paho813425239909742,topic/maintenance,METAVERSE,57
1716766391229,paho813425239710286,topic/d/lighting,METAVERSE,11
1716766391229,paho813425228234663,topic/d/lighting,METAVERSE,11
1716766391277,paho813425228234663,topic/b/noise,METAVERSE,14
1716766391282,paho813425239909742,topic/maintenance,METAVERSE,19
1716766391302,paho813425239909742,topic/maintenance,METAVERSE,33
1716766391311,paho813425239489692,topic/occupancy,METAVERSE,165
1716766391358,paho813425239909742,topic/maintenance,METAVERSE,79
1716766391375,paho813425239710286,topic/b/lighting,METAVERSE,15
1716766391376,paho813425228234663,topic/b/lighting,METAVERSE,16
1716766391378,paho813425239489692,topic/occupancy,METAVERSE,144
1716766391379,paho813425239909742,topic/maintenance,METAVERSE,43
1716766391420,paho813425239909742,topic/maintenance,METAVERSE,78
1716766391424,paho813425239909742,topic/maintenance,METAVERSE,48
1716766391439,paho813425239909742,topic/maintenance,METAVERSE,18
1716766391456,paho813425239909742,topic/maintenance,METAVERSE,7
1716766391476,paho813425239909742,topic/maintenance,METAVERSE,37
1716766391484,paho813425239909742,topic/maintenance,METAVERSE,24
1716766391508,paho813425239909742,topic/maintenance,METAVERSE,15
1716766391568,paho813425239909742,topic/maintenance,METAVERSE,46
1716766391572,paho813425228234663,topic/v/noise,METAVERSE,7
1716766391573,paho813425239909742,topic/maintenance,METAVERSE,8
1716766391660,paho813425239909742,topic/maintenance,METAVERSE,5
1716766391664,paho813425239909742,topic/maintenance,METAVERSE,15
1716766391717,paho813425239710286,topic/b/lighting,METAVERSE,25
1716766391717,paho813425228234663,topic/b/lighting,METAVERSE,25
1716766391733,paho813425239489692,topic/occupancy,METAVERSE,169
1716766391776,paho813425239909742,topic/maintenance,METAVERSE,59
1716766391790,paho813425239909742,topic/maintenance,METAVERSE,13
1716766391794,paho813425239489692,topic/occupancy,METAVERSE,82
1716766391837,paho813425239909742,topic/maintenance,METAVERSE,19
1716766391877,paho813425239909742,topic/maintenance,METAVERSE,54
1716766391902,paho813425239489692,topic/occupancy,METAVERSE,110
1716766391907,paho813425239710286,topic/g/lighting,METAVERSE,6
1716766391908,paho813425228234663,topic/g/lighting,METAVERSE,7
1716766391924,paho813425239909742,topic/maintenance,METAVERSE,101
1716766391925,paho813425228234663,topic/s/noise,METAVERSE,6
1716766391955,paho813425239909742,topic/maintenance,METAVERSE,36
1716766391971,paho813425239909742,topic/maintenance,METAVERSE,24
1716766391976,paho813425239909742,topic/maintenance,METAVERSE,14
1716766391996,paho813425239909742,topic/maintenance,METAVERSE,21
1716766392063,paho813425239909742,topic/maintenance,METAVERSE,95
1716766392068,paho813425228234663,topic/b/rfid,METAVERSE,94
1716766392078,paho813425239489692,topic/occupancy,METAVERSE,126
1716766392080,paho813425239909742,topic/maintenance,METAVERSE,86
1716766392084,paho813425239489692,topic/queueing,METAVERSE,110
1716766392115,paho813425239710286,topic/e/lighting,METAVERSE,14
1716766392116,paho813425228234663,topic/e/lighting,METAVERSE,15
1716766392124,paho813425239909742,topic/maintenance,METAVERSE,129
1716766392136,paho813425239909742,topic/maintenance,METAVERSE,142
1716766392146,paho813425239710286,topic/e/lighting,METAVERSE,10
1716766392147,paho813425228234663,topic/e/lighting,METAVERSE,11
1716766392204,paho813425239909742,topic/maintenance,METAVERSE,214
1716766392256,paho813425239909742,topic/maintenance,METAVERSE,244
1716766392276,paho813425239489692,topic/occupancy,METAVERSE,302
1716766392292,paho813425239909742,topic/maintenance,METAVERSE,279
1716766392292,paho813425239909742,topic/maintenance,METAVERSE,275
1716766392292,paho813425239909742,topic/maintenance,METAVERSE,274
1716766392340,paho813425239909742,topic/maintenance,METAVERSE,319
1716766392374,paho813425239909742,topic/maintenance,METAVERSE,331
1716766392401,paho813425239909742,topic/maintenance,METAVERSE,357
1716766392448,paho813425239909742,topic/maintenance,METAVERSE,404
1716766392462,paho813425239909742,topic/maintenance,METAVERSE,418
1716766392478,paho813425239909742,topic/maintenance,METAVERSE,434
1716766392493,paho813425239710286,topic/b/lighting,METAVERSE,5
1716766392496,paho813425228234663,topic/b/lighting,METAVERSE,8
1716766392504,paho813425239909742,topic/maintenance,METAVERSE,459
1716766392504,paho813425239489692,topic/occupancy,METAVERSE,265
1716766392546,paho813425239909742,topic/maintenance,METAVERSE,501
1716766392548,paho813425239909742,topic/maintenance,METAVERSE,503
1716766392589,paho813425239909742,topic/maintenance,METAVERSE,526
1716766392632,paho813425239909742,topic/maintenance,METAVERSE,561
1716766392633,paho813425239909742,topic/maintenance,METAVERSE,566
1716766392647,paho813425239909742,topic/maintenance,METAVERSE,548
1716766392675,paho813425239909742,topic/maintenance,METAVERSE,571
1716766392689,paho813425239489692,topic/occupancy,METAVERSE,230
1716766392846,paho813425239710286,topic/b/lighting,METAVERSE,8
1716766392847,paho813425228234663,topic/b/lighting,METAVERSE,9
1716766392853,paho813425239013978,topic/security,METAVERSE,4617
1716766392853,paho813425239013978,topic/security,METAVERSE,4613
1716766392853,paho813425239013978,topic/security,METAVERSE,4611
1716766392853,paho813425239013978,topic/security,METAVERSE,4601
1716766392853,paho813425239013978,topic/security,METAVERSE,4608
1716766392853,paho813425239013978,topic/security,METAVERSE,4598
1716766392853,paho813425239013978,topic/security,METAVERSE,4597
1716766392853,paho813425239013978,topic/security,METAVERSE,4605
1716766392853,paho813425239013978,topic/security,METAVERSE,4595
1716766392853,paho813425239013978,topic/security,METAVERSE,4590
1716766392853,paho813425239013978,topic/security,METAVERSE,4589
1716766392853,paho813425239013978,topic/security,METAVERSE,4589
1716766392853,paho813425239013978,topic/security,METAVERSE,4589
1716766392853,paho813425239013978,topic/security,METAVERSE,4588
1716766392853,paho813425239013978,topic/security,METAVERSE,4584
1716766392853,paho813425239013978,topic/security,METAVERSE,4572
1716766392854,paho813425239013978,topic/security,METAVERSE,4585
1716766392854,paho813425239013978,topic/security,METAVERSE,4568
1716766392854,paho813425239013978,topic/security,METAVERSE,4562
1716766392854,paho813425239013978,topic/security,METAVERSE,4562
1716766392854,paho813425239013978,topic/security,METAVERSE,4575
1716766392854,paho813425239013978,topic/security,METAVERSE,4554
1716766392854,paho813425239013978,topic/security,METAVERSE,4551
1716766392854,paho813425239013978,topic/security,METAVERSE,4547
1716766392854,paho813425239013978,topic/security,METAVERSE,4561
1716766392854,paho813425239013978,topic/security,METAVERSE,4533
1716766392854,paho813425239013978,topic/security,METAVERSE,4522
1716766392854,paho813425239013978,topic/security,METAVERSE,4508
1716766392854,paho813425239013978,topic/security,METAVERSE,4491
1716766392854,paho813425239013978,topic/security,METAVERSE,4493
1716766392854,paho813425239013978,topic/security,METAVERSE,4490
1716766392854,paho813425239013978,topic/security,METAVERSE,4477
1716766392854,paho813425239013978,topic/security,METAVERSE,4463
1716766392854,paho813425239013978,topic/security,METAVERSE,4462
1716766392854,paho813425239013978,topic/security,METAVERSE,4461
1716766392854,paho813425239013978,topic/security,METAVERSE,4461
1716766392854,paho813425239013978,topic/security,METAVERSE,4455
1716766392854,paho813425239013978,topic/security,METAVERSE,4455
1716766392854,paho813425239013978,topic/security,METAVERSE,4454
1716766392854,paho813425239013978,topic/security,METAVERSE,4460
1716766392854,paho813425239013978,topic/security,METAVERSE,4447
1716766392854,paho813425239013978,topic/security,METAVERSE,4447
1716766392854,paho813425239013978,topic/security,METAVERSE,4458
1716766392854,paho813425239013978,topic/security,METAVERSE,4415
1716766392854,paho813425239013978,topic/security,METAVERSE,4414
1716766392857,paho813425239013978,topic/security,METAVERSE,4416
1716766392857,paho813425239013978,topic/security,METAVERSE,4414
1716766392857,paho813425239013978,topic/security,METAVERSE,4411
1716766392857,paho813425239013978,topic/security,METAVERSE,4404
1716766392858,paho813425239013978,topic/security,METAVERSE,4404
1716766392858,paho813425239013978,topic/security,METAVERSE,4403
1716766392858,paho813425239013978,topic/security,METAVERSE,4403
1716766392858,paho813425239013978,topic/security,METAVERSE,4403
1716766392858,paho813425239013978,topic/security,METAVERSE,4359
1716766392858,paho813425239013978,topic/security,METAVERSE,4358
1716766392858,paho813425239013978,topic/security,METAVERSE,4358
1716766392858,paho813425239013978,topic/security,METAVERSE,4358
1716766392858,paho813425239013978,topic/security,METAVERSE,4359
1716766392858,paho813425239013978,topic/security,METAVERSE,4370
1716766392858,paho813425239013978,topic/security,METAVERSE,4355
1716766392858,paho813425239013978,topic/security,METAVERSE,4324
1716766392858,paho813425239013978,topic/security,METAVERSE,4321
1716766392858,paho813425239013978,topic/security,METAVERSE,4319
1716766392858,paho813425239013978,topic/security,METAVERSE,4309
1716766392858,paho813425239013978,topic/security,METAVERSE,4310
1716766392858,paho813425239013978,topic/security,METAVERSE,4315
1716766392858,paho813425239013978,topic/security,METAVERSE,4299
1716766392858,paho813425239013978,topic/security,METAVERSE,4275
1716766392858,paho813425239013978,topic/security,METAVERSE,4304
1716766392858,paho813425239013978,topic/security,METAVERSE,4274
1716766392858,paho813425239013978,topic/security,METAVERSE,4271
1716766392858,paho813425239013978,topic/security,METAVERSE,4243
1716766392858,paho813425239013978,topic/security,METAVERSE,4242
1716766392858,paho813425239013978,topic/security,METAVERSE,4221
1716766392858,paho813425239013978,topic/security,METAVERSE,4220
1716766392859,paho813425239013978,topic/security,METAVERSE,4214
1716766392918,paho813425228234663,topic/e/noise,METAVERSE,12
1716766392960,paho813425239710286,topic/d/lighting,METAVERSE,13
1716766392960,paho813425228234663,topic/d/lighting,METAVERSE,13
1716766392968,paho813425239489692,topic/occupancy,METAVERSE,204
1716766392975,paho813425228234663,topic/d/noise,METAVERSE,27
1716766393013,paho813425228234663,topic/c/rfid,METAVERSE,9
1716766393013,paho813425239489692,topic/queueing,METAVERSE,9
1716766393083,paho813425239909742,topic/maintenance,METAVERSE,979
1716766393084,paho813425239909742,topic/maintenance,METAVERSE,980
1716766393084,paho813425239909742,topic/maintenance,METAVERSE,980
1716766393084,paho813425239909742,topic/maintenance,METAVERSE,980
1716766393084,paho813425239909742,topic/maintenance,METAVERSE,953
1716766393084,paho813425239909742,topic/maintenance,METAVERSE,943
1716766393084,paho813425239909742,topic/maintenance,METAVERSE,911
1716766393084,paho813425239909742,topic/maintenance,METAVERSE,911
1716766393084,paho813425239909742,topic/maintenance,METAVERSE,886
1716766393084,paho813425239909742,topic/maintenance,METAVERSE,873
1716766393084,paho813425239909742,topic/maintenance,METAVERSE,853
1716766393084,paho813425239909742,topic/maintenance,METAVERSE,852
1716766393084,paho813425239909742,topic/maintenance,METAVERSE,852
1716766393084,paho813425239909742,topic/maintenance,METAVERSE,852
1716766393084,paho813425239909742,topic/maintenance,METAVERSE,852
1716766393084,paho813425239909742,topic/maintenance,METAVERSE,851
1716766393084,paho813425239909742,topic/maintenance,METAVERSE,851
1716766393084,paho813425239909742,topic/maintenance,METAVERSE,851
1716766393084,paho813425239909742,topic/maintenance,METAVERSE,851
1716766393084,paho813425239909742,topic/maintenance,METAVERSE,837
1716766393093,paho813425239909742,topic/maintenance,METAVERSE,846
1716766393100,paho813425228234663,topic/s/rfid,METAVERSE,61
1716766393106,paho813425228234663,topic/s/rfid,METAVERSE,9
1716766393118,paho813425228234663,topic/g/noise,METAVERSE,11
1716766393126,paho813425239489692,topic/queueing,METAVERSE,87
1716766393132,paho813425239489692,topic/queueing,METAVERSE,35
1716766393175,paho813425239489692,topic/occupancy,METAVERSE,195
1716766393402,paho813425228234663,topic/g/noise,METAVERSE,5
1716766393426,paho813425239489692,topic/occupancy,METAVERSE,422
1716766393443,paho813425228234663,topic/g/lighting,METAVERSE,46
1716766393443,paho813425239710286,topic/g/lighting,METAVERSE,46
1716766393488,paho813425239710286,topic/s/lighting,METAVERSE,5
1716766393489,paho813425228234663,topic/s/lighting,METAVERSE,6
1716766393540,paho813425239489692,topic/occupancy,METAVERSE,501
1716766393555,paho813425228234663,topic/s/noise,METAVERSE,48
1716766393564,paho813425239710286,topic/s/lighting,METAVERSE,13
1716766393566,paho813425228234663,topic/s/lighting,METAVERSE,15
1716766393798,paho813425239489692,topic/occupancy,METAVERSE,701
1716766394028,paho813425239489692,topic/occupancy,METAVERSE,772
1716766394034,paho813425239909742,topic/maintenance,METAVERSE,1787
1716766394034,paho813425239909742,topic/maintenance,METAVERSE,1783
1716766394034,paho813425239909742,topic/maintenance,METAVERSE,1783
1716766394034,paho813425239909742,topic/maintenance,METAVERSE,1780
1716766394034,paho813425239909742,topic/maintenance,METAVERSE,1762
1716766394034,paho813425239909742,topic/maintenance,METAVERSE,1746
1716766394034,paho813425239909742,topic/maintenance,METAVERSE,1742
1716766394034,paho813425239909742,topic/maintenance,METAVERSE,1736
1716766394034,paho813425239909742,topic/maintenance,METAVERSE,1736
1716766394034,paho813425239909742,topic/maintenance,METAVERSE,1736
1716766394034,paho813425239909742,topic/maintenance,METAVERSE,1736
1716766394034,paho813425239909742,topic/maintenance,METAVERSE,1735
1716766394034,paho813425239909742,topic/maintenance,METAVERSE,1723
1716766394034,paho813425239909742,topic/maintenance,METAVERSE,1715
1716766394034,paho813425239909742,topic/maintenance,METAVERSE,1682
1716766394034,paho813425239909742,topic/maintenance,METAVERSE,1663
1716766394034,paho813425239909742,topic/maintenance,METAVERSE,1662
1716766394034,paho813425239909742,topic/maintenance,METAVERSE,1638
1716766394034,paho813425239909742,topic/maintenance,METAVERSE,1636
1716766394034,paho813425239909742,topic/maintenance,METAVERSE,1620
1716766394034,paho813425239909742,topic/maintenance,METAVERSE,1572
1716766394034,paho813425239909742,topic/maintenance,METAVERSE,1545
1716766394034,paho813425239909742,topic/maintenance,METAVERSE,1573
1716766394034,paho813425239909742,topic/maintenance,METAVERSE,1527
1716766394034,paho813425239909742,topic/maintenance,METAVERSE,1513
1716766394034,paho813425239909742,topic/maintenance,METAVERSE,1512
1716766394034,paho813425239909742,topic/maintenance,METAVERSE,1495
1716766394034,paho813425239909742,topic/maintenance,METAVERSE,1495
1716766394035,paho813425239909742,topic/maintenance,METAVERSE,1488
1716766394035,paho813425239909742,topic/maintenance,METAVERSE,1514
1716766394035,paho813425239909742,topic/maintenance,METAVERSE,1448
1716766394224,paho813425239489692,topic/occupancy,METAVERSE,954
1716766394426,paho813425239489692,topic/occupancy,METAVERSE,727
1716766394689,paho813425239489692,topic/occupancy,METAVERSE,902
1716766394875,paho813425239489692,topic/occupancy,METAVERSE,1053
1716766395032,paho813425239489692,topic/occupancy,METAVERSE,1056
1716766395079,paho813425228234663,topic/e/noise,METAVERSE,6
1716766395169,paho813425228234663,topic/v/lighting,METAVERSE,19
1716766395170,paho813425239710286,topic/v/lighting,METAVERSE,20
1716766395179,paho813425228234663,topic/c/lighting,METAVERSE,82
1716766395181,paho813425239710286,topic/c/lighting,METAVERSE,84
1716766395229,paho813425239489692,topic/occupancy,METAVERSE,973
1716766395283,paho813425228234663,topic/c/noise,METAVERSE,10
1716766395385,paho813425239489692,topic/occupancy,METAVERSE,885
1716766395444,paho813425228234663,topic/c/lighting,METAVERSE,5
1716766395444,paho813425239710286,topic/c/lighting,METAVERSE,5
1716766395483,paho813425239489692,topic/occupancy,METAVERSE,674
1716766395523,paho813425228234663,topic/b/noise,METAVERSE,26
1716766395526,paho813425228234663,topic/b/noise,METAVERSE,10
1716766395563,paho813425228234663,topic/b/lighting,METAVERSE,25
1716766395563,paho813425239710286,topic/b/lighting,METAVERSE,25
1716766395743,paho813425239489692,topic/occupancy,METAVERSE,747
1716766395826,paho813425228234663,topic/d/noise,METAVERSE,6
1716766395925,paho813425228234663,topic/b/noise,METAVERSE,10
1716766395926,paho813425239489692,topic/occupancy,METAVERSE,634
1716766396145,paho813425239489692,topic/occupancy,METAVERSE,851
1716766396154,paho813425228234663,topic/s/rfid,METAVERSE,15
1716766396178,paho813425239489692,topic/queueing,METAVERSE,39
1716766396246,paho813425239710286,topic/d/lighting,METAVERSE,13
1716766396246,paho813425228234663,topic/d/lighting,METAVERSE,13
1716766396303,paho813425228234663,topic/b/noise,METAVERSE,9
1716766396425,paho813425228234663,topic/b/lighting,METAVERSE,31
1716766396428,paho813425239710286,topic/b/lighting,METAVERSE,34
1716766396430,paho813425239489692,topic/occupancy,METAVERSE,719
1716766396600,paho813425228234663,topic/v/noise,METAVERSE,20
1716766396627,paho813425239489692,topic/occupancy,METAVERSE,828
1716766396783,paho813425239710286,topic/b/lighting,METAVERSE,12
1716766396783,paho813425228234663,topic/b/lighting,METAVERSE,12
1716766396855,paho813425239489692,topic/occupancy,METAVERSE,1017
1716766396886,paho813425239909742,topic/maintenance,METAVERSE,4282
1716766396886,paho813425239909742,topic/maintenance,METAVERSE,4282
1716766396887,paho813425239909742,topic/maintenance,METAVERSE,4282
1716766396887,paho813425239909742,topic/maintenance,METAVERSE,4282
1716766396887,paho813425239909742,topic/maintenance,METAVERSE,4282
1716766396887,paho813425239909742,topic/maintenance,METAVERSE,4281
1716766396887,paho813425239909742,topic/maintenance,METAVERSE,4273
1716766396887,paho813425239909742,topic/maintenance,METAVERSE,4279
1716766396887,paho813425239909742,topic/maintenance,METAVERSE,4278
1716766396887,paho813425239909742,topic/maintenance,METAVERSE,4268
1716766396887,paho813425239909742,topic/maintenance,METAVERSE,4267
1716766396951,paho813425239710286,topic/g/lighting,METAVERSE,32
1716766396951,paho813425228234663,topic/g/lighting,METAVERSE,32
1716766396969,paho813425228234663,topic/s/noise,METAVERSE,30
1716766397092,paho813425239489692,topic/occupancy,METAVERSE,1099
1716766397154,paho813425239710286,topic/e/lighting,METAVERSE,6
1716766397155,paho813425228234663,topic/e/lighting,METAVERSE,7
1716766397169,paho813425239710286,topic/e/lighting,METAVERSE,22
1716766397170,paho813425228234663,topic/e/lighting,METAVERSE,23
1716766397378,paho813425239489692,topic/occupancy,METAVERSE,1239
1716766397500,paho813425239710286,topic/b/lighting,METAVERSE,10
1716766397500,paho813425228234663,topic/b/lighting,METAVERSE,10
1716766397559,paho813425239489692,topic/occupancy,METAVERSE,1287
1716766397731,paho813425239489692,topic/occupancy,METAVERSE,1211
1716766397854,paho813425239710286,topic/b/lighting,METAVERSE,15
1716766397854,paho813425228234663,topic/b/lighting,METAVERSE,15
1716766397925,paho813425239489692,topic/occupancy,METAVERSE,1037
1716766397959,paho813425228234663,topic/e/noise,METAVERSE,12
1716766397964,paho813425239710286,topic/d/lighting,METAVERSE,5
1716766397965,paho813425228234663,topic/d/lighting,METAVERSE,6
1716766398005,paho813425228234663,topic/d/noise,METAVERSE,17
1716766398039,paho813425228234663,topic/c/rfid,METAVERSE,5
1716766398044,paho813425239489692,topic/queueing,METAVERSE,10
1716766398125,paho813425239489692,topic/occupancy,METAVERSE,1085
1716766398174,paho813425228234663,topic/g/noise,METAVERSE,15
1716766398329,paho813425239489692,topic/occupancy,METAVERSE,1021
1716766398431,paho813425228234663,topic/g/noise,METAVERSE,17
1716766398472,paho813425228234663,topic/g/lighting,METAVERSE,25
1716766398472,paho813425239710286,topic/g/lighting,METAVERSE,25
1716766398527,paho813425239489692,topic/occupancy,METAVERSE,1218
1716766398534,paho813425239710286,topic/s/lighting,METAVERSE,11
1716766398535,paho813425228234663,topic/s/lighting,METAVERSE,12
1716766398612,paho813425228234663,topic/s/noise,METAVERSE,13
1716766398616,paho813425239710286,topic/s/lighting,METAVERSE,8
1716766398617,paho813425228234663,topic/s/lighting,METAVERSE,9
1716766398703,paho813425239489692,topic/occupancy,METAVERSE,967
1716766399003,paho813425239489692,topic/occupancy,METAVERSE,1136
1716766399203,paho813425239489692,topic/occupancy,METAVERSE,1332
1716766399428,paho813425239489692,topic/occupancy,METAVERSE,1431
1716766399728,paho813425239489692,topic/occupancy,METAVERSE,1694
1716766399880,paho813425239489692,topic/occupancy,METAVERSE,1560
1716766400036,paho813425239489692,topic/occupancy,METAVERSE,1488
1716766400096,paho813425228234663,topic/e/noise,METAVERSE,23
1716766400186,paho813425228234663,topic/c/lighting,METAVERSE,13
1716766400186,paho813425239710286,topic/c/lighting,METAVERSE,13
1716766400232,paho813425239489692,topic/occupancy,METAVERSE,1313
1716766400244,paho813425239710286,topic/v/lighting,METAVERSE,5
1716766400244,paho813425228234663,topic/v/lighting,METAVERSE,5
1716766400280,paho813425228234663,topic/c/noise,METAVERSE,5
1716766400424,paho813425239489692,topic/occupancy,METAVERSE,1363
1716766400471,paho813425228234663,topic/c/lighting,METAVERSE,5
1716766400471,paho813425239710286,topic/c/lighting,METAVERSE,5
1716766400536,paho813425228234663,topic/b/noise,METAVERSE,6
1716766400547,paho813425228234663,topic/b/noise,METAVERSE,10
1716766400575,paho813425239489692,topic/occupancy,METAVERSE,1254
1716766400647,paho813425228234663,topic/b/lighting,METAVERSE,18
1716766400648,paho813425239710286,topic/b/lighting,METAVERSE,19
1716766400824,paho813425239489692,topic/occupancy,METAVERSE,1460
1716766400832,paho813425228234663,topic/d/noise,METAVERSE,8
1716766400931,paho813425228234663,topic/b/noise,METAVERSE,5
1716766400975,paho813425239489692,topic/occupancy,METAVERSE,1183
1716766401127,paho813425239489692,topic/occupancy,METAVERSE,1247
1716766401272,paho813425239710286,topic/d/lighting,METAVERSE,20
1716766401272,paho813425228234663,topic/d/lighting,METAVERSE,20
1716766401274,paho813425239489692,topic/occupancy,METAVERSE,1339
1716766401306,paho813425228234663,topic/b/noise,METAVERSE,11
1716766401455,paho813425239710286,topic/b/lighting,METAVERSE,18
1716766401456,paho813425228234663,topic/b/lighting,METAVERSE,19
1716766401503,paho813425239489692,topic/occupancy,METAVERSE,1490
1716766401617,paho813425228234663,topic/v/noise,METAVERSE,10
1716766401776,paho813425239489692,topic/occupancy,METAVERSE,1447
1716766401881,paho813425228234663,topic/b/lighting,METAVERSE,60
1716766401881,paho813425239710286,topic/b/lighting,METAVERSE,60
1716766401967,paho813425239710286,topic/g/lighting,METAVERSE,20
1716766401968,paho813425228234663,topic/g/lighting,METAVERSE,21
1716766401976,paho813425239489692,topic/occupancy,METAVERSE,1384
1716766401992,paho813425228234663,topic/s/noise,METAVERSE,21
1716766402057,paho813425228234663,topic/c/rfid,METAVERSE,7
1716766402059,paho813425239489692,topic/queueing,METAVERSE,9
1716766402162,paho813425239710286,topic/e/lighting,METAVERSE,7
1716766402162,paho813425228234663,topic/e/lighting,METAVERSE,7
1716766402175,paho813425239489692,topic/occupancy,METAVERSE,1187
1716766402181,paho813425239710286,topic/e/lighting,METAVERSE,7
1716766402182,paho813425228234663,topic/e/lighting,METAVERSE,8
1716766402459,paho813425239489692,topic/occupancy,METAVERSE,1389
1716766402504,paho813425239710286,topic/b/lighting,METAVERSE,13
1716766402504,paho813425228234663,topic/b/lighting,METAVERSE,13
1716766402683,paho813425239489692,topic/occupancy,METAVERSE,1339
1716766402858,paho813425239710286,topic/b/lighting,METAVERSE,7
1716766402858,paho813425228234663,topic/b/lighting,METAVERSE,7
1716766402878,paho813425239489692,topic/occupancy,METAVERSE,1428
1716766402981,paho813425228234663,topic/e/noise,METAVERSE,18
1716766402986,paho813425239710286,topic/d/lighting,METAVERSE,8
1716766402987,paho813425228234663,topic/d/lighting,METAVERSE,9
1716766403017,paho813425228234663,topic/d/noise,METAVERSE,7
1716766403033,paho813425239489692,topic/occupancy,METAVERSE,1194
1716766403201,paho813425228234663,topic/g/noise,METAVERSE,22
1716766403224,paho813425239489692,topic/occupancy,METAVERSE,1300
1716766403428,paho813425239489692,topic/occupancy,METAVERSE,1442
1716766403432,paho813425228234663,topic/g/noise,METAVERSE,13
1716766403508,paho813425228234663,topic/g/lighting,METAVERSE,5
1716766403508,paho813425239710286,topic/g/lighting,METAVERSE,5
1716766403554,paho813425239710286,topic/s/lighting,METAVERSE,4
1716766403555,paho813425228234663,topic/s/lighting,METAVERSE,5
1716766403580,paho813425239489692,topic/occupancy,METAVERSE,1557
1716766403660,paho813425239710286,topic/s/lighting,METAVERSE,26
1716766403661,paho813425228234663,topic/s/lighting,METAVERSE,27
1716766403667,paho813425228234663,topic/s/noise,METAVERSE,7
1716766403888,paho813425239489692,topic/occupancy,METAVERSE,1838
1716766404145,paho813425239489692,topic/occupancy,METAVERSE,1776
1716766404378,paho813425239489692,topic/occupancy,METAVERSE,1720
1716766404611,paho813425239489692,topic/occupancy,METAVERSE,1571
1716766404930,paho813425239489692,topic/occupancy,METAVERSE,1834
1716766405115,paho813425228234663,topic/e/noise,METAVERSE,28
1716766405125,paho813425239489692,topic/occupancy,METAVERSE,1720
1716766405196,paho813425239710286,topic/c/lighting,METAVERSE,14
1716766405196,paho813425228234663,topic/c/lighting,METAVERSE,14
1716766405256,paho813425228234663,topic/v/lighting,METAVERSE,17
1716766405256,paho813425239710286,topic/v/lighting,METAVERSE,17
1716766405318,paho813425228234663,topic/c/noise,METAVERSE,19
1716766405380,paho813425239489692,topic/occupancy,METAVERSE,1888
1716766405484,paho813425239710286,topic/c/lighting,METAVERSE,5
1716766405484,paho813425228234663,topic/c/lighting,METAVERSE,5
1716766405540,paho813425239489692,topic/occupancy,METAVERSE,1612
1716766405584,paho813425228234663,topic/b/noise,METAVERSE,40
1716766405610,paho813425228234663,topic/b/noise,METAVERSE,35
1716766405726,paho813425228234663,topic/b/lighting,METAVERSE,63
1716766405730,paho813425239710286,topic/b/lighting,METAVERSE,67
1716766405781,paho813425239489692,topic/occupancy,METAVERSE,1830
1716766405884,paho813425228234663,topic/d/noise,METAVERSE,24
1716766405977,paho813425228234663,topic/b/noise,METAVERSE,33
1716766406032,paho813425239489692,topic/occupancy,METAVERSE,2020
1716766406055,paho813425228234663,topic/c/rfid,METAVERSE,4
1716766406059,paho813425239489692,topic/queueing,METAVERSE,8
1716766406200,paho813425239489692,topic/occupancy,METAVERSE,2166
1716766406303,paho813425228234663,topic/d/lighting,METAVERSE,15
1716766406303,paho813425239710286,topic/d/lighting,METAVERSE,15
1716766406349,paho813425228234663,topic/b/noise,METAVERSE,32
1716766406456,paho813425239489692,topic/occupancy,METAVERSE,2068
1716766406584,paho813425239710286,topic/b/lighting,METAVERSE,82
1716766406586,paho813425228234663,topic/b/lighting,METAVERSE,84
1716766406660,paho813425228234663,topic/v/noise,METAVERSE,20
1716766406686,paho813425239489692,topic/occupancy,METAVERSE,1954
1716766406812,paho813425239489692,topic/occupancy,METAVERSE,1692
1716766406887,paho813425239489692,topic/occupancy,METAVERSE,1783
1716766406967,paho813425228234663,topic/b/lighting,METAVERSE,80
1716766406968,paho813425239710286,topic/b/lighting,METAVERSE,81
1716766406978,paho813425239489692,topic/occupancy,METAVERSE,1539
1716766407016,paho813425228234663,topic/g/lighting,METAVERSE,41
1716766407016,paho813425239710286,topic/g/lighting,METAVERSE,41
1716766407031,paho813425228234663,topic/s/noise,METAVERSE,20
1716766407051,paho813425239489692,topic/occupancy,METAVERSE,1532
1716766407093,paho813425239489692,topic/occupancy,METAVERSE,1134
1716766407174,paho813425239489692,topic/occupancy,METAVERSE,1170
1716766407205,paho813425239710286,topic/e/lighting,METAVERSE,18
1716766407205,paho813425228234663,topic/e/lighting,METAVERSE,18
1716766407253,paho813425239489692,topic/occupancy,METAVERSE,1222
1716766407297,paho813425239710286,topic/e/lighting,METAVERSE,82
1716766407297,paho813425228234663,topic/e/lighting,METAVERSE,82
1716766407355,paho813425239489692,topic/occupancy,METAVERSE,1304
1716766407435,paho813425239489692,topic/occupancy,METAVERSE,1367
1716766407503,paho813425239489692,topic/occupancy,METAVERSE,1108
1716766407523,paho813425228234663,topic/b/lighting,METAVERSE,28
1716766407523,paho813425239710286,topic/b/lighting,METAVERSE,28
1716766407584,paho813425239489692,topic/occupancy,METAVERSE,840
1716766407680,paho813425239489692,topic/occupancy,METAVERSE,538
1716766407749,paho813425239489692,topic/occupancy,METAVERSE,585
1716766407805,paho813425239489692,topic/occupancy,METAVERSE,353
1716766407887,paho813425239710286,topic/b/lighting,METAVERSE,6
1716766407887,paho813425228234663,topic/b/lighting,METAVERSE,6
1716766407939,paho813425239489692,topic/occupancy,METAVERSE,416
1716766407999,paho813425239710286,topic/d/lighting,METAVERSE,13
1716766407999,paho813425228234663,topic/d/lighting,METAVERSE,13
1716766408039,paho813425228234663,topic/d/noise,METAVERSE,6
1716766408049,paho813425228234663,topic/e/noise,METAVERSE,32
1716766408239,paho813425228234663,topic/g/noise,METAVERSE,28
1716766408249,paho813425239489692,topic/occupancy,METAVERSE,281
1716766408415,paho813425239489692,topic/occupancy,METAVERSE,361
1716766408427,paho813425228234663,topic/g/noise,METAVERSE,7
1716766408549,paho813425228234663,topic/g/lighting,METAVERSE,29
1716766408550,paho813425239710286,topic/g/lighting,METAVERSE,30
1716766408557,paho813425239489692,topic/occupancy,METAVERSE,465
1716766408569,paho813425239710286,topic/s/lighting,METAVERSE,5
1716766408570,paho813425228234663,topic/s/lighting,METAVERSE,6
1716766408634,paho813425239489692,topic/occupancy,METAVERSE,577
1716766408676,paho813425239710286,topic/s/lighting,METAVERSE,5
1716766408676,paho813425228234663,topic/s/lighting,METAVERSE,5
1716766408695,paho813425228234663,topic/s/noise,METAVERSE,10
1716766408829,paho813425239489692,topic/occupancy,METAVERSE,411
1716766408929,paho813425239489692,topic/occupancy,METAVERSE,185
1716766409257,paho813425239489692,topic/occupancy,METAVERSE,114
1716766409376,paho813425239489692,topic/occupancy,METAVERSE,166
1716766409571,paho813425239489692,topic/occupancy,METAVERSE,111
1716766409724,paho813425239489692,topic/occupancy,METAVERSE,199
1716766410071,paho813425228234663,topic/c/rfid,METAVERSE,5
1716766410071,paho813425239489692,topic/queueing,METAVERSE,5
1716766410101,paho813425228234663,topic/e/noise,METAVERSE,13
1716766410193,paho813425239710286,topic/c/lighting,METAVERSE,9
1716766410193,paho813425228234663,topic/c/lighting,METAVERSE,9
1716766410196,paho813425239489692,topic/occupancy,METAVERSE,225
1716766410291,paho813425239710286,topic/v/lighting,METAVERSE,17
1716766410292,paho813425228234663,topic/v/lighting,METAVERSE,18
1716766410320,paho813425228234663,topic/c/noise,METAVERSE,20
1716766410424,paho813425239489692,topic/occupancy,METAVERSE,358
1716766410490,paho813425239710286,topic/c/lighting,METAVERSE,5
1716766410491,paho813425228234663,topic/c/lighting,METAVERSE,6
1716766410626,paho813425239489692,topic/occupancy,METAVERSE,563
1716766410626,paho813425228234663,topic/b/noise,METAVERSE,36
1716766410759,paho813425228234663,topic/b/noise,METAVERSE,33
1716766410795,paho813425239710286,topic/b/lighting,METAVERSE,67
1716766410795,paho813425228234663,topic/b/lighting,METAVERSE,67
1716766410802,paho813425239489692,topic/occupancy,METAVERSE,701
1716766410903,paho813425228234663,topic/d/noise,METAVERSE,8
1716766410931,paho813425239489692,topic/occupancy,METAVERSE,810
1716766410971,paho813425228234663,topic/b/noise,METAVERSE,27
1716766411008,paho813425239489692,topic/occupancy,METAVERSE,568
1716766411073,paho813425239489692,topic/occupancy,METAVERSE,324
1716766411091,paho813425239489692,topic/queueing,METAVERSE,12
1716766411092,paho813425228234663,topic/c/rfid,METAVERSE,13
1716766411160,paho813425239489692,topic/occupancy,METAVERSE,81
1716766411227,paho813425239489692,topic/occupancy,METAVERSE,47
1716766411297,paho813425239489692,topic/occupancy,METAVERSE,77
1716766411318,paho813425239710286,topic/d/lighting,METAVERSE,6
1716766411318,paho813425228234663,topic/d/lighting,METAVERSE,6
1716766411344,paho813425228234663,topic/b/noise,METAVERSE,13
1716766411575,paho813425239489692,topic/occupancy,METAVERSE,93
1716766411592,paho813425239710286,topic/b/lighting,METAVERSE,15
1716766411593,paho813425228234663,topic/b/lighting,METAVERSE,16
1716766411633,paho813425239489692,topic/occupancy,METAVERSE,91
1716766411660,paho813425228234663,topic/v/noise,METAVERSE,13
1716766411990,paho813425239710286,topic/b/lighting,METAVERSE,53
1716766411993,paho813425228234663,topic/b/lighting,METAVERSE,56
1716766412028,paho813425239710286,topic/g/lighting,METAVERSE,41
1716766412030,paho813425228234663,topic/g/lighting,METAVERSE,43
1716766412073,paho813425228234663,topic/s/noise,METAVERSE,6
1716766412082,paho813425239489692,topic/occupancy,METAVERSE,82
1716766412175,paho813425239489692,topic/occupancy,METAVERSE,83
1716766412235,paho813425239489692,topic/occupancy,METAVERSE,122
1716766412264,paho813425239710286,topic/e/lighting,METAVERSE,29
1716766412265,paho813425228234663,topic/e/lighting,METAVERSE,30
1716766412294,paho813425239489692,topic/occupancy,METAVERSE,150
1716766412305,paho813425239710286,topic/e/lighting,METAVERSE,18
1716766412306,paho813425228234663,topic/e/lighting,METAVERSE,19
1716766412506,paho813425239489692,topic/occupancy,METAVERSE,66
1716766412523,paho813425239710286,topic/b/lighting,METAVERSE,16
1716766412524,paho813425228234663,topic/b/lighting,METAVERSE,17
1716766412804,paho813425239489692,topic/occupancy,METAVERSE,55
1716766412894,paho813425239710286,topic/b/lighting,METAVERSE,7
1716766412894,paho813425228234663,topic/b/lighting,METAVERSE,7
1716766413012,paho813425239710286,topic/d/lighting,METAVERSE,13
1716766413013,paho813425228234663,topic/d/lighting,METAVERSE,14
1716766413075,paho813425228234663,topic/d/noise,METAVERSE,4
1716766413080,paho813425228234663,topic/e/noise,METAVERSE,25
1716766413229,paho813425228234663,topic/g/noise,METAVERSE,17
1716766413252,paho813425239489692,topic/occupancy,METAVERSE,31
1716766413312,paho813425239489692,topic/occupancy,METAVERSE,73
1716766413447,paho813425228234663,topic/g/noise,METAVERSE,4
1716766413575,paho813425239489692,topic/occupancy,METAVERSE,52
1716766413582,paho813425239710286,topic/g/lighting,METAVERSE,24
1716766413582,paho813425228234663,topic/g/lighting,METAVERSE,24
1716766413592,paho813425239710286,topic/s/lighting,METAVERSE,5
1716766413592,paho813425228234663,topic/s/lighting,METAVERSE,5
1716766413646,paho813425239489692,topic/occupancy,METAVERSE,98
1716766413699,paho813425239710286,topic/s/lighting,METAVERSE,19
1716766413700,paho813425228234663,topic/s/lighting,METAVERSE,20
1716766413753,paho813425228234663,topic/s/noise,METAVERSE,10
1716766414162,paho813425239489692,topic/occupancy,METAVERSE,93
1716766414237,paho813425239489692,topic/occupancy,METAVERSE,117
1716766414255,paho813425239489692,topic/occupancy,METAVERSE,113
1716766414339,paho813425239489692,topic/occupancy,METAVERSE,186
1716766414493,paho813425239489692,topic/occupancy,METAVERSE,17
1716766414820,paho813425239489692,topic/occupancy,METAVERSE,70
1716766415111,paho813425228234663,topic/e/noise,METAVERSE,4
1716766415227,paho813425228234663,topic/c/lighting,METAVERSE,4
1716766415228,paho813425239710286,topic/c/lighting,METAVERSE,5
1716766415275,paho813425239489692,topic/occupancy,METAVERSE,36
1716766415303,paho813425239710286,topic/v/lighting,METAVERSE,12
1716766415303,paho813425228234663,topic/v/lighting,METAVERSE,12
1716766415322,paho813425239489692,topic/occupancy,METAVERSE,70
1716766415335,paho813425228234663,topic/c/noise,METAVERSE,4
1716766415519,paho813425239710286,topic/c/lighting,METAVERSE,4
1716766415519,paho813425228234663,topic/c/lighting,METAVERSE,4
1716766415551,paho813425239489692,topic/occupancy,METAVERSE,15
1716766415582,paho813425239489692,topic/occupancy,METAVERSE,27
1716766415612,paho813425228234663,topic/b/noise,METAVERSE,10
1716766415774,paho813425228234663,topic/b/noise,METAVERSE,21
1716766415814,paho813425239710286,topic/b/lighting,METAVERSE,11
1716766415814,paho813425228234663,topic/b/lighting,METAVERSE,11
1716766415921,paho813425228234663,topic/d/noise,METAVERSE,5
1716766415980,paho813425228234663,topic/b/noise,METAVERSE,35
1716766416215,paho813425239489692,topic/occupancy,METAVERSE,75
1716766416255,paho813425239489692,topic/occupancy,METAVERSE,100
1716766416311,paho813425239489692,topic/occupancy,METAVERSE,135
1716766416322,paho813425239489692,topic/occupancy,METAVERSE,159
1716766416340,paho813425228234663,topic/d/lighting,METAVERSE,7
1716766416340,paho813425239710286,topic/d/lighting,METAVERSE,7
1716766416358,paho813425228234663,topic/b/noise,METAVERSE,26
1716766416528,paho813425239489692,topic/occupancy,METAVERSE,48
1716766416641,paho813425239710286,topic/b/lighting,METAVERSE,25
1716766416641,paho813425228234663,topic/b/lighting,METAVERSE,25
1716766416690,paho813425228234663,topic/v/noise,METAVERSE,5
1716766416795,paho813425239489692,topic/occupancy,METAVERSE,35
1716766417007,paho813425239710286,topic/b/lighting,METAVERSE,23
1716766417008,paho813425228234663,topic/b/lighting,METAVERSE,24
1716766417051,paho813425239710286,topic/g/lighting,METAVERSE,12
1716766417051,paho813425228234663,topic/g/lighting,METAVERSE,12
1716766417073,paho813425228234663,topic/s/noise,METAVERSE,5
1716766417259,paho813425239710286,topic/e/lighting,METAVERSE,19
1716766417259,paho813425228234663,topic/e/lighting,METAVERSE,19
1716766417304,paho813425239489692,topic/occupancy,METAVERSE,64
1716766417335,paho813425239489692,topic/occupancy,METAVERSE,49
1716766417340,paho813425239710286,topic/e/lighting,METAVERSE,16
1716766417340,paho813425228234663,topic/e/lighting,METAVERSE,16
1716766417564,paho813425239710286,topic/b/lighting,METAVERSE,38
1716766417564,paho813425228234663,topic/b/lighting,METAVERSE,38
1716766417630,paho813425239489692,topic/occupancy,METAVERSE,75
1716766417680,paho813425239489692,topic/occupancy,METAVERSE,144
1716766417924,paho813425239710286,topic/b/lighting,METAVERSE,30
1716766417925,paho813425228234663,topic/b/lighting,METAVERSE,31
1716766418027,paho813425239710286,topic/d/lighting,METAVERSE,15
1716766418027,paho813425228234663,topic/d/lighting,METAVERSE,15
1716766418093,paho813425228234663,topic/e/noise,METAVERSE,14
1716766418098,paho813425228234663,topic/d/noise,METAVERSE,5
1716766418194,paho813425239489692,topic/occupancy,METAVERSE,46
1716766418217,paho813425239489692,topic/occupancy,METAVERSE,54
1716766418257,paho813425228234663,topic/g/noise,METAVERSE,4
1716766418310,paho813425239489692,topic/occupancy,METAVERSE,130
1716766418359,paho813425239489692,topic/occupancy,METAVERSE,163
1716766418449,paho813425228234663,topic/g/noise,METAVERSE,4
1716766418597,paho813425228234663,topic/g/lighting,METAVERSE,6
1716766418597,paho813425239710286,topic/g/lighting,METAVERSE,6
1716766418605,paho813425239489692,topic/occupancy,METAVERSE,97
1716766418612,paho813425239710286,topic/s/lighting,METAVERSE,5
1716766418612,paho813425228234663,topic/s/lighting,METAVERSE,5
1716766418711,paho813425239710286,topic/s/lighting,METAVERSE,8
1716766418712,paho813425228234663,topic/s/lighting,METAVERSE,9
1716766418829,paho813425228234663,topic/s/noise,METAVERSE,6
1716766418880,paho813425239489692,topic/occupancy,METAVERSE,103
1716766419281,paho813425239489692,topic/occupancy,METAVERSE,26
1716766419373,paho813425239489692,topic/occupancy,METAVERSE,84
1716766419634,paho813425239489692,topic/occupancy,METAVERSE,26
1716766419684,paho813425239489692,topic/occupancy,METAVERSE,128
1716766420128,paho813425228234663,topic/e/noise,METAVERSE,5
1716766420229,paho813425239710286,topic/c/lighting,METAVERSE,5
1716766420230,paho813425228234663,topic/c/lighting,METAVERSE,6
1716766420250,paho813425239489692,topic/occupancy,METAVERSE,98
1716766420288,paho813425239489692,topic/occupancy,METAVERSE,104
1716766420337,paho813425228234663,topic/c/noise,METAVERSE,4
1716766420348,paho813425239710286,topic/v/lighting,METAVERSE,23
1716766420348,paho813425228234663,topic/v/lighting,METAVERSE,23
1716766420370,paho813425239489692,topic/occupancy,METAVERSE,178
1716766420392,paho813425239489692,topic/occupancy,METAVERSE,194
1716766420536,paho813425239710286,topic/c/lighting,METAVERSE,12
1716766420536,paho813425228234663,topic/c/lighting,METAVERSE,12
1716766420586,paho813425239489692,topic/occupancy,METAVERSE,58
1716766420649,paho813425228234663,topic/b/noise,METAVERSE,41
1716766420862,paho813425228234663,topic/b/noise,METAVERSE,93
1716766420889,paho813425239710286,topic/b/lighting,METAVERSE,38
1716766420890,paho813425228234663,topic/b/lighting,METAVERSE,39
1716766420924,paho813425239489692,topic/occupancy,METAVERSE,124
1716766420944,paho813425228234663,topic/d/noise,METAVERSE,6
1716766421018,paho813425228234663,topic/b/noise,METAVERSE,49
1716766421344,paho813425239489692,topic/occupancy,METAVERSE,52
1716766421359,paho813425239710286,topic/d/lighting,METAVERSE,7
1716766421359,paho813425228234663,topic/d/lighting,METAVERSE,7
1716766421407,paho813425228234663,topic/b/noise,METAVERSE,38
1716766421408,paho813425239489692,topic/occupancy,METAVERSE,116
1716766421677,paho813425239710286,topic/b/lighting,METAVERSE,38
1716766421678,paho813425228234663,topic/b/lighting,METAVERSE,39
1716766421696,paho813425239489692,topic/occupancy,METAVERSE,88
1716766421706,paho813425228234663,topic/v/noise,METAVERSE,10
1716766421734,paho813425239489692,topic/occupancy,METAVERSE,167
1716766422053,paho813425239710286,topic/g/lighting,METAVERSE,6
1716766422053,paho813425228234663,topic/g/lighting,METAVERSE,6
1716766422058,paho813425239710286,topic/b/lighting,METAVERSE,60
1716766422058,paho813425228234663,topic/b/lighting,METAVERSE,60
1716766422164,paho813425228234663,topic/s/noise,METAVERSE,29
1716766422235,paho813425239489692,topic/occupancy,METAVERSE,80
1716766422264,paho813425239489692,topic/occupancy,METAVERSE,71
1716766422298,paho813425239710286,topic/e/lighting,METAVERSE,38
1716766422299,paho813425228234663,topic/e/lighting,METAVERSE,39
1716766422307,paho813425239489692,topic/occupancy,METAVERSE,107
1716766422361,paho813425239710286,topic/e/lighting,METAVERSE,26
1716766422362,paho813425228234663,topic/e/lighting,METAVERSE,27
1716766422362,paho813425239489692,topic/occupancy,METAVERSE,162
1716766422629,paho813425239489692,topic/occupancy,METAVERSE,63
1716766422648,paho813425239710286,topic/b/lighting,METAVERSE,75
1716766422649,paho813425228234663,topic/b/lighting,METAVERSE,76
1716766422930,paho813425239489692,topic/occupancy,METAVERSE,127
1716766422996,paho813425239710286,topic/b/lighting,METAVERSE,97
1716766422996,paho813425228234663,topic/b/lighting,METAVERSE,97
1716766423033,paho813425239710286,topic/d/lighting,METAVERSE,9
1716766423033,paho813425228234663,topic/d/lighting,METAVERSE,9
1716766423110,paho813425228234663,topic/d/noise,METAVERSE,13
1716766423195,paho813425228234663,topic/e/noise,METAVERSE,36
1716766423342,paho813425239489692,topic/occupancy,METAVERSE,26
1716766423345,paho813425228234663,topic/g/noise,METAVERSE,82
1716766423428,paho813425239489692,topic/occupancy,METAVERSE,134
1716766423486,paho813425228234663,topic/g/noise,METAVERSE,25
1716766423674,paho813425228234663,topic/g/lighting,METAVERSE,39
1716766423674,paho813425239489692,topic/occupancy,METAVERSE,61
1716766423674,paho813425239710286,topic/g/lighting,METAVERSE,39
1716766423683,paho813425239710286,topic/s/lighting,METAVERSE,22
1716766423684,paho813425228234663,topic/s/lighting,METAVERSE,23
1716766423725,paho813425239489692,topic/occupancy,METAVERSE,148
1716766423776,paho813425239710286,topic/s/lighting,METAVERSE,5
1716766423776,paho813425228234663,topic/s/lighting,METAVERSE,5
1716766423854,paho813425228234663,topic/s/noise,METAVERSE,15
1716766424179,paho813425239489692,topic/occupancy,METAVERSE,23
1716766424253,paho813425239489692,topic/occupancy,METAVERSE,35
1716766424363,paho813425239489692,topic/occupancy,METAVERSE,142
1716766424399,paho813425239489692,topic/occupancy,METAVERSE,183
1716766424608,paho813425239489692,topic/occupancy,METAVERSE,42
1716766424931,paho813425239489692,topic/occupancy,METAVERSE,103
1716766425173,paho813425228234663,topic/e/noise,METAVERSE,22
1716766425285,paho813425239710286,topic/c/lighting,METAVERSE,6
1716766425285,paho813425228234663,topic/c/lighting,METAVERSE,6
1716766425364,paho813425228234663,topic/c/noise,METAVERSE,26
1716766425380,paho813425239489692,topic/occupancy,METAVERSE,76
1716766425416,paho813425239710286,topic/v/lighting,METAVERSE,5
1716766425417,paho813425228234663,topic/v/lighting,METAVERSE,6
1716766425423,paho813425239489692,topic/occupancy,METAVERSE,91
1716766425592,paho813425239710286,topic/c/lighting,METAVERSE,5
1716766425592,paho813425228234663,topic/c/lighting,METAVERSE,5
1716766425670,paho813425239489692,topic/occupancy,METAVERSE,38
1716766425688,paho813425228234663,topic/b/noise,METAVERSE,58
1716766425727,paho813425239489692,topic/occupancy,METAVERSE,139
1716766425852,paho813425228234663,topic/b/noise,METAVERSE,83
1716766425928,paho813425239710286,topic/b/lighting,METAVERSE,40
1716766425929,paho813425228234663,topic/b/lighting,METAVERSE,41
1716766425946,paho813425228234663,topic/d/noise,METAVERSE,5
1716766426010,paho813425228234663,topic/b/noise,METAVERSE,41
1716766426240,paho813425239489692,topic/occupancy,METAVERSE,40
1716766426318,paho813425239489692,topic/occupancy,METAVERSE,97
1716766426364,paho813425239489692,topic/occupancy,METAVERSE,142
1716766426374,paho813425228234663,topic/d/lighting,METAVERSE,10
1716766426374,paho813425239710286,topic/d/lighting,METAVERSE,10
1716766426410,paho813425239489692,topic/occupancy,METAVERSE,162
1716766426465,paho813425228234663,topic/b/noise,METAVERSE,49
1716766426642,paho813425239489692,topic/occupancy,METAVERSE,68
1716766426693,paho813425239710286,topic/b/lighting,METAVERSE,46
1716766426694,paho813425228234663,topic/b/lighting,METAVERSE,47
1716766426741,paho813425228234663,topic/v/noise,METAVERSE,6
1716766426955,paho813425239489692,topic/occupancy,METAVERSE,127
1716766427078,paho813425239710286,topic/b/lighting,METAVERSE,80
1716766427083,paho813425239710286,topic/g/lighting,METAVERSE,29
1716766427084,paho813425228234663,topic/b/lighting,METAVERSE,86
1716766427085,paho813425228234663,topic/g/lighting,METAVERSE,31
1716766427204,paho813425228234663,topic/s/noise,METAVERSE,39
1716766427361,paho813425239710286,topic/e/lighting,METAVERSE,22
1716766427362,paho813425228234663,topic/e/lighting,METAVERSE,23
1716766427364,paho813425239710286,topic/e/lighting,METAVERSE,18
1716766427364,paho813425228234663,topic/e/lighting,METAVERSE,18
1716766427422,paho813425239489692,topic/occupancy,METAVERSE,76
1716766427447,paho813425239489692,topic/occupancy,METAVERSE,123
1716766427660,paho813425239710286,topic/b/lighting,METAVERSE,86
1716766427660,paho813425228234663,topic/b/lighting,METAVERSE,86
1716766427694,paho813425239489692,topic/occupancy,METAVERSE,57
1716766427770,paho813425239489692,topic/occupancy,METAVERSE,182
1716766428011,paho813425239710286,topic/b/lighting,METAVERSE,84
1716766428011,paho813425228234663,topic/b/lighting,METAVERSE,84
1716766428040,paho813425239710286,topic/d/lighting,METAVERSE,9
1716766428040,paho813425228234663,topic/d/lighting,METAVERSE,9
1716766428120,paho813425228234663,topic/d/noise,METAVERSE,5
1716766428222,paho813425239489692,topic/occupancy,METAVERSE,22
1716766428235,paho813425228234663,topic/e/noise,METAVERSE,40
1716766428383,paho813425239489692,topic/occupancy,METAVERSE,155
1716766428387,paho813425228234663,topic/g/noise,METAVERSE,46
1716766428466,paho813425239489692,topic/occupancy,METAVERSE,215
1716766428508,paho813425239489692,topic/occupancy,METAVERSE,243
1716766428543,paho813425228234663,topic/g/noise,METAVERSE,48
1716766428644,paho813425239489692,topic/occupancy,METAVERSE,69
1716766428716,paho813425228234663,topic/s/lighting,METAVERSE,5
1716766428717,paho813425239710286,topic/s/lighting,METAVERSE,6
1716766428722,paho813425239710286,topic/g/lighting,METAVERSE,65
1716766428722,paho813425228234663,topic/g/lighting,METAVERSE,65
1716766428796,paho813425239710286,topic/s/lighting,METAVERSE,5
1716766428796,paho813425228234663,topic/s/lighting,METAVERSE,5
1716766428859,paho813425228234663,topic/s/noise,METAVERSE,7
1716766428939,paho813425239489692,topic/occupancy,METAVERSE,100
1716766429396,paho813425239489692,topic/occupancy,METAVERSE,72
1716766429469,paho813425239489692,topic/occupancy,METAVERSE,108
1716766429665,paho813425239489692,topic/occupancy,METAVERSE,76
1716766429714,paho813425239489692,topic/occupancy,METAVERSE,76
1716766430207,paho813425228234663,topic/e/noise,METAVERSE,49
1716766430269,paho813425239489692,topic/occupancy,METAVERSE,58
1716766430306,paho813425228234663,topic/c/lighting,METAVERSE,5
1716766430306,paho813425239710286,topic/c/lighting,METAVERSE,5
1716766430319,paho813425239489692,topic/occupancy,METAVERSE,79
1716766430333,paho813425239489692,topic/occupancy,METAVERSE,82
1716766430383,paho813425228234663,topic/c/noise,METAVERSE,22
1716766430407,paho813425239489692,topic/occupancy,METAVERSE,142
1716766430429,paho813425239710286,topic/v/lighting,METAVERSE,4
1716766430429,paho813425228234663,topic/v/lighting,METAVERSE,4
1716766430623,paho813425239710286,topic/c/lighting,METAVERSE,20
1716766430624,paho813425228234663,topic/c/lighting,METAVERSE,21
1716766430673,paho813425239489692,topic/occupancy,METAVERSE,81
1716766430710,paho813425228234663,topic/b/noise,METAVERSE,75
1716766430854,paho813425228234663,topic/b/noise,METAVERSE,83
1716766430930,paho813425239710286,topic/b/lighting,METAVERSE,39
1716766430930,paho813425228234663,topic/b/lighting,METAVERSE,39
1716766430976,paho813425239489692,topic/occupancy,METAVERSE,113
1716766430991,paho813425228234663,topic/d/noise,METAVERSE,49
1716766431041,paho813425228234663,topic/b/noise,METAVERSE,71
1716766431387,paho813425239710286,topic/d/lighting,METAVERSE,20
1716766431388,paho813425228234663,topic/d/lighting,METAVERSE,21
1716766431431,paho813425239489692,topic/occupancy,METAVERSE,98
1716766431464,paho813425228234663,topic/b/noise,METAVERSE,47
1716766431477,paho813425239489692,topic/occupancy,METAVERSE,114
1716766431719,paho813425239489692,topic/occupancy,METAVERSE,80
1716766431737,paho813425239489692,topic/occupancy,METAVERSE,136
1716766431751,paho813425239710286,topic/b/lighting,METAVERSE,72
1716766431752,paho813425228234663,topic/b/lighting,METAVERSE,73
1716766431768,paho813425228234663,topic/v/noise,METAVERSE,27
1716766432060,paho813425239710286,topic/g/lighting,METAVERSE,6
1716766432061,paho813425228234663,topic/g/lighting,METAVERSE,7
1716766432108,paho813425239710286,topic/b/lighting,METAVERSE,103
1716766432108,paho813425228234663,topic/b/lighting,METAVERSE,103
1716766432244,paho813425239489692,topic/occupancy,METAVERSE,32
1716766432284,paho813425228234663,topic/s/noise,METAVERSE,77
1716766432325,paho813425239489692,topic/occupancy,METAVERSE,69
1716766432358,paho813425239710286,topic/e/lighting,METAVERSE,17
1716766432359,paho813425228234663,topic/e/lighting,METAVERSE,18
1716766432381,paho813425239710286,topic/e/lighting,METAVERSE,4
1716766432384,paho813425228234663,topic/e/lighting,METAVERSE,7
1716766432393,paho813425239489692,topic/occupancy,METAVERSE,113
1716766432451,paho813425239489692,topic/occupancy,METAVERSE,186
1716766432677,paho813425239489692,topic/occupancy,METAVERSE,73
1716766432697,paho813425239710286,topic/b/lighting,METAVERSE,103
1716766432698,paho813425228234663,topic/b/lighting,METAVERSE,104
1716766433043,paho813425239710286,topic/d/lighting,METAVERSE,6
1716766433044,paho813425228234663,topic/d/lighting,METAVERSE,7
1716766433070,paho813425239710286,topic/b/lighting,METAVERSE,106
1716766433071,paho813425228234663,topic/b/lighting,METAVERSE,107
1716766433148,paho813425239489692,topic/occupancy,METAVERSE,184
1716766433152,paho813425228234663,topic/d/noise,METAVERSE,29
1716766433279,paho813425228234663,topic/e/noise,METAVERSE,56
1716766433401,paho813425228234663,topic/g/noise,METAVERSE,60
1716766433455,paho813425239489692,topic/occupancy,METAVERSE,60
1716766433484,paho813425239489692,topic/occupancy,METAVERSE,117
1716766433595,paho813425228234663,topic/g/noise,METAVERSE,68
1716766433713,paho813425239489692,topic/occupancy,METAVERSE,68
1716766433739,paho813425239710286,topic/g/lighting,METAVERSE,68
1716766433739,paho813425228234663,topic/g/lighting,METAVERSE,68
1716766433775,paho813425239489692,topic/occupancy,METAVERSE,168
1716766433785,paho813425239710286,topic/s/lighting,METAVERSE,4
1716766433786,paho813425228234663,topic/s/lighting,METAVERSE,5
1716766433811,paho813425239710286,topic/s/lighting,METAVERSE,19
1716766433811,paho813425228234663,topic/s/lighting,METAVERSE,19
1716766433866,paho813425228234663,topic/s/noise,METAVERSE,7
1716766434305,paho813425239489692,topic/occupancy,METAVERSE,77
1716766434388,paho813425239489692,topic/occupancy,METAVERSE,129
1716766434441,paho813425239489692,topic/occupancy,METAVERSE,121
1716766434489,paho813425239489692,topic/occupancy,METAVERSE,214
1716766434654,paho813425239489692,topic/occupancy,METAVERSE,32
1716766435157,paho813425239489692,topic/occupancy,METAVERSE,133
1716766435251,paho813425228234663,topic/e/noise,METAVERSE,48
1716766435314,paho813425239710286,topic/c/lighting,METAVERSE,5
1716766435315,paho813425228234663,topic/c/lighting,METAVERSE,6
1716766435403,paho813425228234663,topic/c/noise,METAVERSE,23
1716766435438,paho813425239710286,topic/v/lighting,METAVERSE,6
1716766435438,paho813425228234663,topic/v/lighting,METAVERSE,6
1716766435448,paho813425239489692,topic/occupancy,METAVERSE,52
1716766435534,paho813425239489692,topic/occupancy,METAVERSE,147
1716766435689,paho813425239710286,topic/c/lighting,METAVERSE,41
1716766435690,paho813425228234663,topic/c/lighting,METAVERSE,42
1716766435717,paho813425228234663,topic/b/noise,METAVERSE,81
1716766435736,paho813425239489692,topic/occupancy,METAVERSE,89
1716766435809,paho813425239489692,topic/occupancy,METAVERSE,191
1716766435852,paho813425228234663,topic/b/noise,METAVERSE,81
1716766435963,paho813425239710286,topic/b/lighting,METAVERSE,43
1716766435964,paho813425228234663,topic/b/lighting,METAVERSE,44
1716766436018,paho813425228234663,topic/d/noise,METAVERSE,7
1716766436058,paho813425228234663,topic/b/noise,METAVERSE,84
1716766436312,paho813425239489692,topic/occupancy,METAVERSE,76
1716766436448,paho813425239489692,topic/occupancy,METAVERSE,177
1716766436449,paho813425239489692,topic/occupancy,METAVERSE,174
1716766436457,paho813425228234663,topic/d/lighting,METAVERSE,24
1716766436457,paho813425239710286,topic/d/lighting,METAVERSE,24
1716766436492,paho813425228234663,topic/b/noise,METAVERSE,65
1716766436520,paho813425239489692,topic/occupancy,METAVERSE,187
1716766436704,paho813425239489692,topic/occupancy,METAVERSE,78
1716766436763,paho813425228234663,topic/v/noise,METAVERSE,6
1716766436789,paho813425239710286,topic/b/lighting,METAVERSE,94
1716766436790,paho813425228234663,topic/b/lighting,METAVERSE,95
1716766437082,paho813425239710286,topic/g/lighting,METAVERSE,5
1716766437083,paho813425228234663,topic/g/lighting,METAVERSE,6
1716766437118,paho813425239710286,topic/b/lighting,METAVERSE,101
1716766437119,paho813425228234663,topic/b/lighting,METAVERSE,102
1716766437208,paho813425239489692,topic/occupancy,METAVERSE,183
1716766437309,paho813425228234663,topic/s/noise,METAVERSE,4
1716766437395,paho813425228234663,topic/e/lighting,METAVERSE,54
1716766437396,paho813425239710286,topic/e/lighting,METAVERSE,55
1716766437456,paho813425239489692,topic/occupancy,METAVERSE,52
1716766437471,paho813425228234663,topic/e/lighting,METAVERSE,41
1716766437471,paho813425239710286,topic/e/lighting,METAVERSE,41
1716766437520,paho813425239489692,topic/occupancy,METAVERSE,112
1716766437700,paho813425239489692,topic/occupancy,METAVERSE,47
1716766437705,paho813425239710286,topic/b/lighting,METAVERSE,83
1716766437705,paho813425228234663,topic/b/lighting,METAVERSE,83
1716766437760,paho813425239489692,topic/occupancy,METAVERSE,139
1716766438059,paho813425239710286,topic/b/lighting,METAVERSE,88
1716766438059,paho813425228234663,topic/b/lighting,METAVERSE,88
1716766438072,paho813425239710286,topic/d/lighting,METAVERSE,5
1716766438072,paho813425228234663,topic/d/lighting,METAVERSE,5
1716766438132,paho813425228234663,topic/d/noise,METAVERSE,5
1716766438232,paho813425228234663,topic/e/noise,METAVERSE,5
1716766438312,paho813425239489692,topic/occupancy,METAVERSE,68
1716766438356,paho813425239489692,topic/occupancy,METAVERSE,84
1716766438363,paho813425228234663,topic/g/noise,METAVERSE,4
1716766438386,paho813425239489692,topic/occupancy,METAVERSE,97
1716766438434,paho813425239489692,topic/occupancy,METAVERSE,48
1716766438536,paho813425228234663,topic/g/noise,METAVERSE,7
1716766438733,paho813425239489692,topic/occupancy,METAVERSE,70
1716766438740,paho813425228234663,topic/g/lighting,METAVERSE,65
1716766438740,paho813425239710286,topic/g/lighting,METAVERSE,65
1716766438814,paho813425228234663,topic/s/lighting,METAVERSE,23
1716766438815,paho813425239710286,topic/s/lighting,METAVERSE,24
1716766438856,paho813425239710286,topic/s/lighting,METAVERSE,32
1716766438856,paho813425228234663,topic/s/lighting,METAVERSE,32
1716766438899,paho813425228234663,topic/s/noise,METAVERSE,34
1716766439196,paho813425239489692,topic/occupancy,METAVERSE,168
1716766439540,paho813425239489692,topic/occupancy,METAVERSE,116
1716766439556,paho813425239489692,topic/occupancy,METAVERSE,99
1716766439736,paho813425239489692,topic/occupancy,METAVERSE,70
1716766439752,paho813425239489692,topic/occupancy,METAVERSE,125
1716766440237,paho813425228234663,topic/e/noise,METAVERSE,33
1716766440340,paho813425228234663,topic/c/lighting,METAVERSE,19
1716766440340,paho813425239710286,topic/c/lighting,METAVERSE,19
