1716757266678,paho804307523463714,topic/c/lighting,METAVERSE,262
1716757266679,paho804307523463714,topic/s/lighting,METAVERSE,176
1716757266632,paho804307522160225,topic/c/lighting,METAVERSE,216
1716757266680,paho804307522160225,topic/v/rfid,METAVERSE,224
1716757266682,paho804307522160225,topic/g/noise,METAVERSE,260
1716757266683,paho804307522160225,topic/s/lighting,METAVERSE,180
1716757266924,paho804307523463714,topic/v/lighting,METAVERSE,11
1716757266925,paho804307522160225,topic/v/lighting,METAVERSE,12
1716757267037,paho804307523463714,topic/g/lighting,METAVERSE,17
1716757267037,paho804307522160225,topic/g/lighting,METAVERSE,17
1716757267214,paho804307523463714,topic/c/lighting,METAVERSE,34
1716757267217,paho804307522160225,topic/c/lighting,METAVERSE,37
1716757267361,paho804307522160225,topic/v/noise,METAVERSE,5
1716757267387,paho804307522160225,topic/c/rfid,METAVERSE,14
1716757267452,paho804307522160225,topic/d/rfid,METAVERSE,16
1716757267832,paho804307522160225,topic/s/noise,METAVERSE,7
1716757268050,paho804307522160225,topic/c/noise,METAVERSE,6
1716757268108,paho804307522160225,topic/g/noise,METAVERSE,36
1716757268436,paho804307522160225,topic/e/rfid,METAVERSE,33
1716757268671,paho804307523463714,topic/g/lighting,METAVERSE,7
1716757268671,paho804307522160225,topic/g/lighting,METAVERSE,7
1716757268995,paho804307523463714,topic/e/lighting,METAVERSE,7
1716757268995,paho804307522160225,topic/e/lighting,METAVERSE,7
1716757269031,paho804307523225780,topic/queueing,METAVERSE,628
1716757269031,paho804307522950528,topic/security,METAVERSE,481
1716757269038,paho804307522950528,topic/security,METAVERSE,499
1716757269088,paho804307522160225,topic/d/noise,METAVERSE,5
1716757269127,paho804307522950528,topic/security,METAVERSE,560
1716757269180,paho804307523676984,topic/maintenance,METAVERSE,906
1716757269181,paho804307522950528,topic/security,METAVERSE,649
1716757269184,paho804307522950528,topic/security,METAVERSE,324
1716757269223,paho804307523676984,topic/maintenance,METAVERSE,779
1716757269226,paho804307523676984,topic/maintenance,METAVERSE,626
1716757269227,paho804307523676984,topic/maintenance,METAVERSE,443
1716757269227,paho804307522950528,topic/security,METAVERSE,194
1716757269228,paho804307523676984,topic/maintenance,METAVERSE,288
1716757269229,paho804307523676984,topic/maintenance,METAVERSE,238
1716757269272,paho804307522160225,topic/s/rfid,METAVERSE,32
1716757269280,paho804307523676984,topic/maintenance,METAVERSE,197
1716757269332,paho804307522950528,topic/security,METAVERSE,159
1716757269341,paho804307522160225,topic/g/rfid,METAVERSE,5
1716757269379,paho804307523225780,topic/queueing,METAVERSE,139
1716757269430,paho804307523225780,topic/queueing,METAVERSE,94
1716757269428,paho804307522950528,topic/security,METAVERSE,235
1716757269472,paho804307522950528,topic/security,METAVERSE,182
1716757269478,paho804307523676984,topic/maintenance,METAVERSE,266
1716757269478,paho804307522950528,topic/security,METAVERSE,175
1716757269493,paho804307523676984,topic/maintenance,METAVERSE,201
1716757269530,paho804307522950528,topic/security,METAVERSE,190
1716757269572,paho804307522950528,topic/security,METAVERSE,99
1716757269645,paho804307522950528,topic/security,METAVERSE,14
1716757269676,paho804307523676984,topic/maintenance,METAVERSE,237
1716757269705,paho804307522160225,topic/e/noise,METAVERSE,65
1716757269719,paho804307522160225,topic/s/noise,METAVERSE,36
1716757269727,paho804307523676984,topic/maintenance,METAVERSE,248
1716757269784,paho804307522160225,topic/d/noise,METAVERSE,4
1716757269792,paho804307522950528,topic/security,METAVERSE,14
1716757269792,paho804307522950528,topic/security,METAVERSE,14
1716757269824,paho804307523676984,topic/maintenance,METAVERSE,353
1716757269838,paho804307522950528,topic/security,METAVERSE,16
1716757269866,paho804307522950528,topic/security,METAVERSE,7
1716757269928,paho804307523676984,topic/maintenance,METAVERSE,395
1716757269961,paho804307522950528,topic/security,METAVERSE,21
1716757270025,paho804307523225780,topic/occupancy,METAVERSE,1622
1716757270066,paho804307522950528,topic/security,METAVERSE,6
1716757270125,paho804307523676984,topic/maintenance,METAVERSE,529
1716757270125,paho804307522950528,topic/security,METAVERSE,42
1716757270168,paho804307523676984,topic/maintenance,METAVERSE,516
1716757270168,paho804307523676984,topic/maintenance,METAVERSE,528
1716757270224,paho804307523676984,topic/maintenance,METAVERSE,513
1716757270275,paho804307522950528,topic/security,METAVERSE,8
1716757270280,paho804307523676984,topic/maintenance,METAVERSE,597
1716757270294,paho804307523463714,topic/d/lighting,METAVERSE,22
1716757270301,paho804307522160225,topic/d/lighting,METAVERSE,29
1716757270312,paho804307522950528,topic/security,METAVERSE,7
1716757270330,paho804307523676984,topic/maintenance,METAVERSE,1074
1716757270337,paho804307522950528,topic/security,METAVERSE,10
1716757270380,paho804307523676984,topic/maintenance,METAVERSE,600
1716757270431,paho804307523463714,topic/d/lighting,METAVERSE,31
1716757270434,paho804307523225780,topic/occupancy,METAVERSE,1884
1716757270434,paho804307523676984,topic/maintenance,METAVERSE,610
1716757270439,paho804307522160225,topic/d/lighting,METAVERSE,39
1716757270470,paho804307523463714,topic/s/lighting,METAVERSE,7
1716757270471,paho804307522160225,topic/s/lighting,METAVERSE,8
1716757270478,paho804307522950528,topic/security,METAVERSE,15
1716757270479,paho804307522950528,topic/security,METAVERSE,150
1716757270530,paho804307523676984,topic/maintenance,METAVERSE,371
1716757270631,paho804307523676984,topic/maintenance,METAVERSE,169
1716757270648,paho804307522950528,topic/security,METAVERSE,16
1716757270677,paho804307522950528,topic/security,METAVERSE,60
1716757270705,paho804307522950528,topic/security,METAVERSE,46
1716757270728,paho804307523676984,topic/maintenance,METAVERSE,69
1716757270780,paho804307523225780,topic/occupancy,METAVERSE,2241
1716757270780,paho804307523676984,topic/maintenance,METAVERSE,33
1716757270826,paho804307522950528,topic/security,METAVERSE,158
1716757270829,paho804307522160225,topic/e/noise,METAVERSE,12
1716757270831,paho804307523676984,topic/maintenance,METAVERSE,14
1716757270831,paho804307523676984,topic/maintenance,METAVERSE,14
1716757270835,paho804307522950528,topic/security,METAVERSE,13
1716757270855,paho804307522950528,topic/security,METAVERSE,33
1716757270896,paho804307522950528,topic/security,METAVERSE,32
1716757270944,paho804307522950528,topic/security,METAVERSE,45
1716757270979,paho804307523225780,topic/occupancy,METAVERSE,1806
1716757270979,paho804307523676984,topic/maintenance,METAVERSE,48
1716757271037,paho804307522950528,topic/security,METAVERSE,65
1716757271125,paho804307523676984,topic/maintenance,METAVERSE,149
1716757271160,paho804307523463714,topic/e/lighting,METAVERSE,30
1716757271161,paho804307522160225,topic/e/lighting,METAVERSE,31
1716757271168,paho804307523676984,topic/maintenance,METAVERSE,132
1716757271258,paho804307522950528,topic/security,METAVERSE,58
1716757271304,paho804307522950528,topic/security,METAVERSE,12
1716757271324,paho804307523225780,topic/occupancy,METAVERSE,2084
1716757271339,paho804307522950528,topic/security,METAVERSE,6
1716757271350,paho804307522160225,topic/g/rfid,METAVERSE,6
1716757271353,paho804307522950528,topic/security,METAVERSE,14
1716757271380,paho804307523225780,topic/queueing,METAVERSE,36
1716757271380,paho804307522950528,topic/security,METAVERSE,8
1716757271462,paho804307522160225,topic/c/rfid,METAVERSE,5
1716757271465,paho804307523225780,topic/queueing,METAVERSE,8
1716757271478,paho804307523225780,topic/occupancy,METAVERSE,2142
1716757271478,paho804307523676984,topic/maintenance,METAVERSE,202
1716757271498,paho804307522950528,topic/security,METAVERSE,10
1716757271498,paho804307522160225,topic/d/rfid,METAVERSE,27
1716757271500,paho804307523225780,topic/queueing,METAVERSE,29
1716757271512,paho804307523463714,topic/c/lighting,METAVERSE,5
1716757271512,paho804307522160225,topic/c/lighting,METAVERSE,5
1716757271528,paho804307523676984,topic/maintenance,METAVERSE,184
1716757271531,paho804307523676984,topic/maintenance,METAVERSE,86
1716757271536,paho804307522950528,topic/security,METAVERSE,12
1716757271559,paho804307522160225,topic/g/noise,METAVERSE,20
1716757271580,paho804307523676984,topic/maintenance,METAVERSE,50
1716757271633,paho804307523463714,topic/s/lighting,METAVERSE,22
1716757271633,paho804307522160225,topic/s/lighting,METAVERSE,22
1716757271679,paho804307523676984,topic/maintenance,METAVERSE,140
1716757271727,paho804307523676984,topic/maintenance,METAVERSE,125
1716757271729,paho804307523676984,topic/maintenance,METAVERSE,118
1716757271789,paho804307522950528,topic/security,METAVERSE,6
1716757271796,paho804307522950528,topic/security,METAVERSE,8
1716757271838,paho804307522950528,topic/security,METAVERSE,6
1716757271876,paho804307522950528,topic/security,METAVERSE,8
1716757271901,paho804307522950528,topic/security,METAVERSE,6
1716757271925,paho804307523676984,topic/maintenance,METAVERSE,285
1716757271926,paho804307523676984,topic/maintenance,METAVERSE,203
1716757271928,paho804307523225780,topic/occupancy,METAVERSE,2588
1716757271960,paho804307522950528,topic/security,METAVERSE,50
1716757271980,paho804307522160225,topic/v/lighting,METAVERSE,9
1716757271980,paho804307523463714,topic/v/lighting,METAVERSE,9
1716757272005,paho804307522950528,topic/security,METAVERSE,14
1716757272032,paho804307523676984,topic/maintenance,METAVERSE,19
1716757272063,paho804307522160225,topic/g/lighting,METAVERSE,4
1716757272064,paho804307523463714,topic/g/lighting,METAVERSE,5
1716757272076,paho804307523225780,topic/occupancy,METAVERSE,2603
1716757272079,paho804307522950528,topic/security,METAVERSE,13
1716757272133,paho804307523225780,topic/occupancy,METAVERSE,2355
1716757272135,paho804307522950528,topic/security,METAVERSE,13
1716757272177,paho804307523676984,topic/maintenance,METAVERSE,47
1716757272238,paho804307523225780,topic/occupancy,METAVERSE,2460
1716757272260,paho804307522160225,topic/c/lighting,METAVERSE,29
1716757272261,paho804307523463714,topic/c/lighting,METAVERSE,30
1716757272328,paho804307523225780,topic/occupancy,METAVERSE,1696
1716757272379,paho804307522160225,topic/v/noise,METAVERSE,5
1716757272382,paho804307522950528,topic/security,METAVERSE,19
1716757272417,paho804307522950528,topic/security,METAVERSE,32
1716757272429,paho804307523225780,topic/occupancy,METAVERSE,1812
1716757272430,paho804307523676984,topic/maintenance,METAVERSE,56
1716757272475,paho804307523676984,topic/maintenance,METAVERSE,84
1716757272506,paho804307522160225,topic/c/rfid,METAVERSE,5
1716757272509,paho804307523225780,topic/queueing,METAVERSE,8
1716757272516,paho804307523676984,topic/maintenance,METAVERSE,117
1716757272536,paho804307522950528,topic/security,METAVERSE,14
1716757272589,paho804307523225780,topic/occupancy,METAVERSE,1767
1716757272677,paho804307523225780,topic/occupancy,METAVERSE,1477
1716757272688,paho804307522950528,topic/security,METAVERSE,8
1716757272699,paho804307522950528,topic/security,METAVERSE,7
1716757272745,paho804307522950528,topic/security,METAVERSE,22
1716757272760,paho804307522950528,topic/security,METAVERSE,17
1716757272777,paho804307523676984,topic/maintenance,METAVERSE,106
1716757272797,paho804307522950528,topic/security,METAVERSE,31
1716757272826,paho804307523225780,topic/occupancy,METAVERSE,1482
1716757272838,paho804307522160225,topic/s/noise,METAVERSE,7
1716757272902,paho804307522950528,topic/security,METAVERSE,7
1716757272907,paho804307522950528,topic/security,METAVERSE,56
1716757272926,paho804307523225780,topic/occupancy,METAVERSE,1554
1716757272927,paho804307522950528,topic/security,METAVERSE,31
1716757272929,paho804307522950528,topic/security,METAVERSE,33
1716757272977,paho804307523676984,topic/maintenance,METAVERSE,146
1716757273026,paho804307523225780,topic/occupancy,METAVERSE,1569
1716757273065,paho804307522950528,topic/security,METAVERSE,6
1716757273076,paho804307523676984,topic/maintenance,METAVERSE,65
1716757273089,paho804307522160225,topic/c/noise,METAVERSE,6
1716757273093,paho804307522950528,topic/security,METAVERSE,10
1716757273105,paho804307522950528,topic/security,METAVERSE,11
1716757273141,paho804307522950528,topic/security,METAVERSE,20
1716757273167,paho804307522160225,topic/g/noise,METAVERSE,12
1716757273178,paho804307522950528,topic/security,METAVERSE,11
1716757273227,paho804307523225780,topic/occupancy,METAVERSE,1756
1716757273229,paho804307523676984,topic/maintenance,METAVERSE,146
1716757273241,paho804307523676984,topic/maintenance,METAVERSE,150
1716757273293,paho804307522950528,topic/security,METAVERSE,27
1716757273296,paho804307522160225,topic/s/rfid,METAVERSE,7
1716757273297,paho804307523225780,topic/queueing,METAVERSE,8
1716757273324,paho804307523676984,topic/maintenance,METAVERSE,212
1716757273338,paho804307522160225,topic/b/lighting,METAVERSE,5
1716757273340,paho804307523463714,topic/b/lighting,METAVERSE,7
1716757273384,paho804307523676984,topic/maintenance,METAVERSE,295
1716757273390,paho804307522950528,topic/security,METAVERSE,7
1716757273408,paho804307522160225,topic/b/noise,METAVERSE,40
1716757273417,paho804307522160225,topic/g/rfid,METAVERSE,6
1716757273427,paho804307523225780,topic/queueing,METAVERSE,16
1716757273432,paho804307522950528,topic/security,METAVERSE,20
1716757273472,paho804307522160225,topic/g/rfid,METAVERSE,4
1716757273476,paho804307523225780,topic/queueing,METAVERSE,8
1716757273479,paho804307522950528,topic/security,METAVERSE,20
1716757273526,paho804307523676984,topic/maintenance,METAVERSE,406
1716757273551,paho804307522160225,topic/b/lighting,METAVERSE,6
1716757273552,paho804307523463714,topic/b/lighting,METAVERSE,7
1716757273575,paho804307523676984,topic/maintenance,METAVERSE,420
1716757273578,paho804307523225780,topic/occupancy,METAVERSE,2054
1716757273591,paho804307522950528,topic/security,METAVERSE,8
1716757273591,paho804307522950528,topic/security,METAVERSE,8
1716757273626,paho804307523676984,topic/maintenance,METAVERSE,404
1716757273674,paho804307522160225,topic/g/lighting,METAVERSE,4
1716757273676,paho804307523463714,topic/g/lighting,METAVERSE,6
1716757273779,paho804307523676984,topic/maintenance,METAVERSE,528
1716757273833,paho804307522950528,topic/security,METAVERSE,5
1716757273841,paho804307522950528,topic/security,METAVERSE,6
1716757273884,paho804307523676984,topic/maintenance,METAVERSE,572
1716757273884,paho804307522950528,topic/security,METAVERSE,37
1716757273902,paho804307522950528,topic/security,METAVERSE,5
1716757273927,paho804307522950528,topic/security,METAVERSE,7
1716757273968,paho804307522950528,topic/security,METAVERSE,48
1716757273979,paho804307523676984,topic/maintenance,METAVERSE,644
1716757273981,paho804307523225780,topic/occupancy,METAVERSE,2198
1716757274004,paho804307523463714,topic/e/lighting,METAVERSE,12
1716757274004,paho804307522160225,topic/e/lighting,METAVERSE,13
1716757274024,paho804307523676984,topic/maintenance,METAVERSE,657
1716757274032,paho804307522950528,topic/security,METAVERSE,36
1716757274073,paho804307522950528,topic/security,METAVERSE,6
1716757274075,paho804307523676984,topic/maintenance,METAVERSE,707
1716757274103,paho804307522160225,topic/d/noise,METAVERSE,19
1716757274132,paho804307523676984,topic/maintenance,METAVERSE,769
1716757274181,paho804307522950528,topic/security,METAVERSE,14
1716757274232,paho804307523676984,topic/maintenance,METAVERSE,856
1716757274232,paho804307523676984,topic/maintenance,METAVERSE,847
1716757274274,paho804307523225780,topic/occupancy,METAVERSE,2486
1716757274326,paho804307523676984,topic/maintenance,METAVERSE,940
1716757274372,paho804307523676984,topic/maintenance,METAVERSE,985
1716757274372,paho804307523676984,topic/maintenance,METAVERSE,1004
1716757274381,paho804307522950528,topic/security,METAVERSE,10
1716757274400,paho804307522950528,topic/security,METAVERSE,6
1716757274425,paho804307523676984,topic/maintenance,METAVERSE,973
1716757274425,paho804307522950528,topic/security,METAVERSE,19
1716757274455,paho804307522160225,topic/b/noise,METAVERSE,6
1716757274477,paho804307523225780,topic/occupancy,METAVERSE,1976
1716757274496,paho804307522160225,topic/e/rfid,METAVERSE,12
1716757274497,paho804307523225780,topic/queueing,METAVERSE,13
1716757274554,paho804307522950528,topic/security,METAVERSE,8
1716757274585,paho804307522950528,topic/security,METAVERSE,30
1716757274626,paho804307522950528,topic/security,METAVERSE,10
1716757274749,paho804307522950528,topic/security,METAVERSE,54
1716757274752,paho804307522160225,topic/s/noise,METAVERSE,25
1716757274764,paho804307522160225,topic/e/noise,METAVERSE,13
1716757274788,paho804307522160225,topic/d/noise,METAVERSE,5
1716757274825,paho804307522950528,topic/security,METAVERSE,21
1716757274905,paho804307522950528,topic/security,METAVERSE,7
1716757274926,paho804307523225780,topic/occupancy,METAVERSE,2246
1716757274954,paho804307522950528,topic/security,METAVERSE,6
1716757274960,paho804307522950528,topic/security,METAVERSE,63
1716757274997,paho804307522950528,topic/security,METAVERSE,13
1716757275032,paho804307522950528,topic/security,METAVERSE,23
1716757275121,paho804307522950528,topic/security,METAVERSE,8
1716757275126,paho804307522160225,topic/b/noise,METAVERSE,13
1716757275126,paho804307522950528,topic/security,METAVERSE,362
1716757275161,paho804307522950528,topic/security,METAVERSE,49
1716757275161,paho804307522950528,topic/security,METAVERSE,49
1716757275201,paho804307522950528,topic/security,METAVERSE,42
1716757275228,paho804307523225780,topic/occupancy,METAVERSE,2536
1716757275233,paho804307522950528,topic/security,METAVERSE,34
1716757275276,paho804307522950528,topic/security,METAVERSE,45
1716757275282,paho804307522950528,topic/security,METAVERSE,6
1716757275298,paho804307522950528,topic/security,METAVERSE,4
1716757275341,paho804307522950528,topic/security,METAVERSE,22
1716757275373,paho804307522950528,topic/security,METAVERSE,6
1716757275387,paho804307522160225,topic/d/lighting,METAVERSE,14
1716757275387,paho804307523463714,topic/d/lighting,METAVERSE,14
1716757275409,paho804307522950528,topic/security,METAVERSE,10
1716757275428,paho804307523676984,topic/maintenance,METAVERSE,2035
1716757275428,paho804307523676984,topic/maintenance,METAVERSE,1974
1716757275428,paho804307523676984,topic/maintenance,METAVERSE,1966
1716757275428,paho804307523676984,topic/maintenance,METAVERSE,1937
1716757275428,paho804307523676984,topic/maintenance,METAVERSE,1961
1716757275428,paho804307523676984,topic/maintenance,METAVERSE,1935
1716757275428,paho804307523676984,topic/maintenance,METAVERSE,1905
1716757275428,paho804307523676984,topic/maintenance,METAVERSE,1869
1716757275428,paho804307523676984,topic/maintenance,METAVERSE,1873
1716757275428,paho804307523676984,topic/maintenance,METAVERSE,1825
1716757275428,paho804307523676984,topic/maintenance,METAVERSE,1813
1716757275428,paho804307523676984,topic/maintenance,METAVERSE,1773
1716757275428,paho804307523676984,topic/maintenance,METAVERSE,1729
1716757275428,paho804307523676984,topic/maintenance,METAVERSE,1738
1716757275428,paho804307523676984,topic/maintenance,METAVERSE,1693
1716757275446,paho804307522950528,topic/security,METAVERSE,5
1716757275464,paho804307523463714,topic/d/lighting,METAVERSE,30
1716757275465,paho804307522160225,topic/d/lighting,METAVERSE,31
1716757275471,paho804307523463714,topic/s/lighting,METAVERSE,4
1716757275472,paho804307522160225,topic/s/lighting,METAVERSE,5
1716757275478,paho804307522950528,topic/security,METAVERSE,75
1716757275486,paho804307522950528,topic/security,METAVERSE,13
1716757275529,paho804307522160225,topic/d/rfid,METAVERSE,15
1716757275532,paho804307522950528,topic/security,METAVERSE,48
1716757275551,paho804307522160225,topic/b/noise,METAVERSE,7
1716757275580,paho804307523225780,topic/occupancy,METAVERSE,2729
1716757275580,paho804307522950528,topic/security,METAVERSE,64
1716757275632,paho804307523225780,topic/queueing,METAVERSE,118
1716757275676,paho804307522950528,topic/security,METAVERSE,162
1716757275678,paho804307522950528,topic/security,METAVERSE,135
1716757275684,paho804307522160225,topic/b/rfid,METAVERSE,12
1716757275684,paho804307522950528,topic/security,METAVERSE,140
1716757275776,paho804307522950528,topic/security,METAVERSE,231
1716757275784,paho804307523225780,topic/queueing,METAVERSE,112
1716757275832,paho804307522160225,topic/e/noise,METAVERSE,10
1716757275872,paho804307523463714,topic/b/lighting,METAVERSE,39
1716757275873,paho804307522160225,topic/b/lighting,METAVERSE,40
1716757275878,paho804307522950528,topic/security,METAVERSE,332
1716757275893,paho804307522950528,topic/security,METAVERSE,314
1716757275930,paho804307522950528,topic/security,METAVERSE,329
1716757275934,paho804307522950528,topic/security,METAVERSE,322
1716757275934,paho804307522950528,topic/security,METAVERSE,323
1716757275934,paho804307522950528,topic/security,METAVERSE,317
1716757275934,paho804307522950528,topic/security,METAVERSE,323
1716757275934,paho804307522950528,topic/security,METAVERSE,298
1716757275934,paho804307522950528,topic/security,METAVERSE,287
1716757275956,paho804307523463714,topic/b/lighting,METAVERSE,16
1716757275956,paho804307522160225,topic/b/lighting,METAVERSE,16
1716757275978,paho804307522950528,topic/security,METAVERSE,311
1716757275985,paho804307522950528,topic/security,METAVERSE,316
1716757276026,paho804307523463714,topic/b/lighting,METAVERSE,6
1716757276028,paho804307522160225,topic/b/lighting,METAVERSE,8
1716757276028,paho804307522950528,topic/security,METAVERSE,358
1716757276053,paho804307522950528,topic/security,METAVERSE,383
1716757276053,paho804307522950528,topic/security,METAVERSE,383
1716757276078,paho804307523225780,topic/occupancy,METAVERSE,2812
1716757276078,paho804307522950528,topic/security,METAVERSE,407
1716757276081,paho804307522950528,topic/security,METAVERSE,410
1716757276084,paho804307522950528,topic/security,METAVERSE,412
1716757276129,paho804307522950528,topic/security,METAVERSE,457
1716757276144,paho804307522950528,topic/security,METAVERSE,448
1716757276144,paho804307522950528,topic/security,METAVERSE,447
1716757276178,paho804307522950528,topic/security,METAVERSE,467
1716757276196,paho804307522160225,topic/e/lighting,METAVERSE,17
1716757276196,paho804307523463714,topic/e/lighting,METAVERSE,17
1716757276228,paho804307522950528,topic/security,METAVERSE,513
1716757276280,paho804307522950528,topic/security,METAVERSE,464
1716757276321,paho804307522160225,topic/s/rfid,METAVERSE,22
1716757276328,paho804307522950528,topic/security,METAVERSE,593
1716757276329,paho804307523225780,topic/queueing,METAVERSE,30
1716757276345,paho804307522950528,topic/security,METAVERSE,522
1716757276345,paho804307522950528,topic/security,METAVERSE,499
1716757276345,paho804307522950528,topic/security,METAVERSE,484
1716757276380,paho804307522950528,topic/security,METAVERSE,489
1716757276387,paho804307522950528,topic/security,METAVERSE,495
1716757276387,paho804307522950528,topic/security,METAVERSE,484
1716757276387,paho804307522950528,topic/security,METAVERSE,475
1716757276428,paho804307522950528,topic/security,METAVERSE,561
1716757276435,paho804307522950528,topic/security,METAVERSE,531
1716757276435,paho804307522950528,topic/security,METAVERSE,532
1716757276528,paho804307522950528,topic/security,METAVERSE,576
1716757276532,paho804307523463714,topic/c/lighting,METAVERSE,5
1716757276532,paho804307522160225,topic/c/lighting,METAVERSE,5
1716757276563,paho804307522160225,topic/e/rfid,METAVERSE,33
1716757276580,paho804307522950528,topic/security,METAVERSE,624
1716757276580,paho804307523225780,topic/queueing,METAVERSE,50
1716757276620,paho804307522950528,topic/security,METAVERSE,667
1716757276620,paho804307522950528,topic/security,METAVERSE,628
1716757276620,paho804307522950528,topic/security,METAVERSE,601
1716757276627,paho804307523225780,topic/occupancy,METAVERSE,3338
1716757276627,paho804307522950528,topic/security,METAVERSE,607
1716757276632,paho804307522950528,topic/security,METAVERSE,592
1716757276679,paho804307522950528,topic/security,METAVERSE,605
1716757276680,paho804307522950528,topic/security,METAVERSE,601
1716757276681,paho804307522950528,topic/security,METAVERSE,618
1716757276685,paho804307523463714,topic/s/lighting,METAVERSE,31
1716757276686,paho804307522160225,topic/s/lighting,METAVERSE,32
1716757276688,paho804307522160225,topic/g/noise,METAVERSE,73
1716757276732,paho804307522950528,topic/security,METAVERSE,660
1716757276732,paho804307522950528,topic/security,METAVERSE,653
1716757277022,paho804307523463714,topic/v/lighting,METAVERSE,23
1716757277022,paho804307522160225,topic/v/lighting,METAVERSE,23
1716757277028,paho804307523225780,topic/occupancy,METAVERSE,3616
1716757277149,paho804307523463714,topic/g/lighting,METAVERSE,50
1716757277149,paho804307522160225,topic/g/lighting,METAVERSE,50
1716757277179,paho804307522950528,topic/security,METAVERSE,1038
1716757277179,paho804307522950528,topic/security,METAVERSE,1038
1716757277179,paho804307522950528,topic/security,METAVERSE,1031
1716757277179,paho804307522950528,topic/security,METAVERSE,1032
1716757277179,paho804307522950528,topic/security,METAVERSE,1023
1716757277179,paho804307522950528,topic/security,METAVERSE,956
1716757277179,paho804307522950528,topic/security,METAVERSE,937
1716757277180,paho804307522950528,topic/security,METAVERSE,929
1716757277180,paho804307522950528,topic/security,METAVERSE,881
1716757277180,paho804307522950528,topic/security,METAVERSE,863
1716757277180,paho804307522950528,topic/security,METAVERSE,857
1716757277180,paho804307522950528,topic/security,METAVERSE,864
1716757277180,paho804307522950528,topic/security,METAVERSE,835
1716757277180,paho804307522950528,topic/security,METAVERSE,831
1716757277180,paho804307522950528,topic/security,METAVERSE,817
1716757277180,paho804307522950528,topic/security,METAVERSE,809
1716757277180,paho804307522950528,topic/security,METAVERSE,805
1716757277180,paho804307522950528,topic/security,METAVERSE,783
1716757277180,paho804307522950528,topic/security,METAVERSE,770
1716757277180,paho804307522950528,topic/security,METAVERSE,769
1716757277180,paho804307522950528,topic/security,METAVERSE,757
1716757277180,paho804307522950528,topic/security,METAVERSE,805
1716757277180,paho804307522950528,topic/security,METAVERSE,744
1716757277180,paho804307522950528,topic/security,METAVERSE,732
1716757277339,paho804307523463714,topic/c/lighting,METAVERSE,52
1716757277340,paho804307522160225,topic/c/lighting,METAVERSE,53
1716757277438,paho804307522160225,topic/v/noise,METAVERSE,59
1716757277477,paho804307523225780,topic/occupancy,METAVERSE,4066
1716757277588,paho804307522160225,topic/c/rfid,METAVERSE,64
1716757277628,paho804307523225780,topic/queueing,METAVERSE,104
1716757277848,paho804307522160225,topic/s/noise,METAVERSE,5
1716757278101,paho804307522160225,topic/c/noise,METAVERSE,6
1716757278176,paho804307523225780,topic/occupancy,METAVERSE,4708
1716757278217,paho804307522160225,topic/g/noise,METAVERSE,6
1716757278367,paho804307522160225,topic/b/lighting,METAVERSE,20
1716757278368,paho804307523463714,topic/b/lighting,METAVERSE,21
1716757278389,paho804307522160225,topic/s/rfid,METAVERSE,34
1716757278506,paho804307522160225,topic/b/noise,METAVERSE,84
1716757278533,paho804307523225780,topic/occupancy,METAVERSE,4950
1716757278533,paho804307522160225,topic/d/rfid,METAVERSE,8
1716757278577,paho804307523463714,topic/b/lighting,METAVERSE,6
1716757278579,paho804307522160225,topic/b/lighting,METAVERSE,8
1716757278579,paho804307523225780,topic/queueing,METAVERSE,224
1716757278579,paho804307523225780,topic/queueing,METAVERSE,54
1716757278636,paho804307522160225,topic/e/rfid,METAVERSE,5
1716757278720,paho804307523463714,topic/g/lighting,METAVERSE,5
1716757278720,paho804307522160225,topic/g/lighting,METAVERSE,5
1716757278729,paho804307523225780,topic/queueing,METAVERSE,98
1716757278878,paho804307523225780,topic/occupancy,METAVERSE,5050
1716757279015,paho804307523463714,topic/e/lighting,METAVERSE,7
1716757279016,paho804307522160225,topic/e/lighting,METAVERSE,8
1716757279133,paho804307522160225,topic/d/noise,METAVERSE,4
1716757279177,paho804307523225780,topic/occupancy,METAVERSE,5330
1716757279430,paho804307523225780,topic/occupancy,METAVERSE,4946
1716757279516,paho804307522160225,topic/b/noise,METAVERSE,40
1716757279581,paho804307522950528,topic/security,METAVERSE,3125
1716757279581,paho804307522950528,topic/security,METAVERSE,3121
1716757279581,paho804307522950528,topic/security,METAVERSE,3121
1716757279581,paho804307522950528,topic/security,METAVERSE,3113
1716757279581,paho804307522950528,topic/security,METAVERSE,3113
1716757279582,paho804307522950528,topic/security,METAVERSE,3111
1716757279582,paho804307522950528,topic/security,METAVERSE,3113
1716757279582,paho804307522950528,topic/security,METAVERSE,3090
1716757279582,paho804307522950528,topic/security,METAVERSE,3091
1716757279582,paho804307522950528,topic/security,METAVERSE,3075
1716757279582,paho804307522950528,topic/security,METAVERSE,3074
1716757279582,paho804307522950528,topic/security,METAVERSE,3074
1716757279582,paho804307522950528,topic/security,METAVERSE,3074
1716757279582,paho804307522950528,topic/security,METAVERSE,3073
1716757279582,paho804307522950528,topic/security,METAVERSE,3073
1716757279582,paho804307522950528,topic/security,METAVERSE,3071
1716757279582,paho804307522950528,topic/security,METAVERSE,3071
1716757279582,paho804307522950528,topic/security,METAVERSE,3067
1716757279582,paho804307522950528,topic/security,METAVERSE,3065
1716757279582,paho804307522950528,topic/security,METAVERSE,3055
1716757279583,paho804307522950528,topic/security,METAVERSE,3030
1716757279583,paho804307522950528,topic/security,METAVERSE,3005
1716757279584,paho804307522950528,topic/security,METAVERSE,3004
1716757279584,paho804307522950528,topic/security,METAVERSE,3009
1716757279584,paho804307522950528,topic/security,METAVERSE,2993
1716757279584,paho804307522950528,topic/security,METAVERSE,2993
1716757279584,paho804307522950528,topic/security,METAVERSE,2991
1716757279584,paho804307522950528,topic/security,METAVERSE,2992
1716757279584,paho804307522950528,topic/security,METAVERSE,2991
1716757279584,paho804307522950528,topic/security,METAVERSE,2988
1716757279584,paho804307522950528,topic/security,METAVERSE,2988
1716757279585,paho804307522950528,topic/security,METAVERSE,2970
1716757279679,paho804307523225780,topic/occupancy,METAVERSE,5133
1716757279817,paho804307522160225,topic/e/noise,METAVERSE,11
1716757279833,paho804307522160225,topic/d/noise,METAVERSE,6
1716757279836,paho804307522160225,topic/s/noise,METAVERSE,37
1716757280128,paho804307523225780,topic/occupancy,METAVERSE,5433
1716757280135,paho804307522160225,topic/b/noise,METAVERSE,8
1716757280389,paho804307522160225,topic/d/lighting,METAVERSE,5
1716757280389,paho804307523463714,topic/d/lighting,METAVERSE,5
1716757280478,paho804307522160225,topic/d/lighting,METAVERSE,17
1716757280479,paho804307523463714,topic/d/lighting,METAVERSE,18
1716757280499,paho804307523463714,topic/s/lighting,METAVERSE,4
1716757280500,paho804307522160225,topic/s/lighting,METAVERSE,5
1716757280551,paho804307522160225,topic/b/noise,METAVERSE,6
1716757280676,paho804307523225780,topic/occupancy,METAVERSE,5872
1716757280912,paho804307523463714,topic/b/lighting,METAVERSE,33
1716757280912,paho804307522160225,topic/b/lighting,METAVERSE,33
1716757280987,paho804307522160225,topic/e/noise,METAVERSE,68
1716757281035,paho804307523463714,topic/b/lighting,METAVERSE,51
1716757281036,paho804307522160225,topic/b/lighting,METAVERSE,52
1716757281038,paho804307522160225,topic/b/lighting,METAVERSE,9
1716757281039,paho804307523463714,topic/b/lighting,METAVERSE,10
1716757281076,paho804307523225780,topic/occupancy,METAVERSE,6179
1716757281264,paho804307523463714,topic/e/lighting,METAVERSE,25
1716757281265,paho804307522160225,topic/e/lighting,METAVERSE,26
1716757281479,paho804307523225780,topic/occupancy,METAVERSE,6366
1716757281552,paho804307522160225,topic/c/lighting,METAVERSE,5
1716757281553,paho804307523463714,topic/c/lighting,METAVERSE,6
1716757281650,paho804307522160225,topic/d/rfid,METAVERSE,67
1716757281729,paho804307523225780,topic/queueing,METAVERSE,146
1716757281732,paho804307523676984,topic/maintenance,METAVERSE,7992
1716757281732,paho804307523676984,topic/maintenance,METAVERSE,7989
1716757281733,paho804307523676984,topic/maintenance,METAVERSE,7978
1716757281733,paho804307523676984,topic/maintenance,METAVERSE,7969
1716757281733,paho804307523676984,topic/maintenance,METAVERSE,7936
1716757281733,paho804307523676984,topic/maintenance,METAVERSE,7934
1716757281733,paho804307523676984,topic/maintenance,METAVERSE,7911
1716757281733,paho804307523676984,topic/maintenance,METAVERSE,7893
1716757281733,paho804307523676984,topic/maintenance,METAVERSE,7858
1716757281733,paho804307523676984,topic/maintenance,METAVERSE,7858
1716757281733,paho804307523676984,topic/maintenance,METAVERSE,7857
1716757281733,paho804307523676984,topic/maintenance,METAVERSE,7830
1716757281733,paho804307523676984,topic/maintenance,METAVERSE,7826
1716757281733,paho804307523676984,topic/maintenance,METAVERSE,7824
1716757281733,paho804307523676984,topic/maintenance,METAVERSE,7813
1716757281733,paho804307523676984,topic/maintenance,METAVERSE,7809
1716757281742,paho804307522160225,topic/g/noise,METAVERSE,7
1716757281827,paho804307522160225,topic/s/lighting,METAVERSE,8
1716757281828,paho804307523463714,topic/s/lighting,METAVERSE,9
1716757281831,paho804307523225780,topic/occupancy,METAVERSE,6537
1716757282076,paho804307523225780,topic/occupancy,METAVERSE,6635
1716757282100,paho804307523463714,topic/v/lighting,METAVERSE,12
1716757282101,paho804307522160225,topic/v/lighting,METAVERSE,13
1716757282191,paho804307523463714,topic/g/lighting,METAVERSE,23
1716757282192,paho804307522160225,topic/g/lighting,METAVERSE,24
1716757282343,paho804307523463714,topic/c/lighting,METAVERSE,4
1716757282344,paho804307522160225,topic/c/lighting,METAVERSE,5
1716757282475,paho804307523225780,topic/occupancy,METAVERSE,6961
1716757282476,paho804307522160225,topic/v/noise,METAVERSE,41
1716757282597,paho804307522160225,topic/c/rfid,METAVERSE,6
1716757282681,paho804307523225780,topic/queueing,METAVERSE,90
1716757282856,paho804307522160225,topic/s/noise,METAVERSE,8
1716757282877,paho804307523225780,topic/occupancy,METAVERSE,7266
1716757283077,paho804307523225780,topic/occupancy,METAVERSE,7405
1716757283131,paho804307522160225,topic/c/noise,METAVERSE,30
1716757283268,paho804307522160225,topic/g/noise,METAVERSE,13
1716757283405,paho804307522160225,topic/b/lighting,METAVERSE,43
1716757283406,paho804307523463714,topic/b/lighting,METAVERSE,44
1716757283533,paho804307522160225,topic/b/noise,METAVERSE,14
1716757283578,paho804307523225780,topic/occupancy,METAVERSE,7732
1716757283617,paho804307523463714,topic/b/lighting,METAVERSE,22
1716757283618,paho804307522160225,topic/b/lighting,METAVERSE,23
1716757283772,paho804307523463714,topic/g/lighting,METAVERSE,4
1716757283773,paho804307522160225,topic/g/lighting,METAVERSE,5
1716757284020,paho804307523463714,topic/e/lighting,METAVERSE,8
1716757284020,paho804307522160225,topic/e/lighting,METAVERSE,8
1716757284145,paho804307522160225,topic/d/noise,METAVERSE,6
1716757284179,paho804307523225780,topic/occupancy,METAVERSE,8267
1716757284528,paho804307523225780,topic/occupancy,METAVERSE,8229
1716757284542,paho804307522160225,topic/b/noise,METAVERSE,27
1716757284837,paho804307522160225,topic/d/noise,METAVERSE,6
1716757284852,paho804307522160225,topic/e/noise,METAVERSE,13
1716757284859,paho804307522160225,topic/s/noise,METAVERSE,12
1716757285076,paho804307523225780,topic/occupancy,METAVERSE,8546
1716757285168,paho804307522160225,topic/b/noise,METAVERSE,29
1716757285412,paho804307522160225,topic/d/lighting,METAVERSE,6
1716757285412,paho804307523463714,topic/d/lighting,METAVERSE,6
1716757285503,paho804307523463714,topic/s/lighting,METAVERSE,4
1716757285504,paho804307522160225,topic/s/lighting,METAVERSE,5
1716757285519,paho804307523463714,topic/d/lighting,METAVERSE,28
1716757285519,paho804307522160225,topic/d/lighting,METAVERSE,28
1716757285589,paho804307522160225,topic/b/noise,METAVERSE,37
1716757285645,paho804307522160225,topic/c/rfid,METAVERSE,9
1716757285679,paho804307523225780,topic/queueing,METAVERSE,43
1716757285687,paho804307522160225,topic/d/rfid,METAVERSE,9
1716757285727,paho804307523225780,topic/queueing,METAVERSE,49
1716757285961,paho804307523463714,topic/b/lighting,METAVERSE,46
1716757285962,paho804307522160225,topic/b/lighting,METAVERSE,47
1716757286058,paho804307523463714,topic/b/lighting,METAVERSE,21
1716757286059,paho804307522160225,topic/b/lighting,METAVERSE,22
1716757286062,paho804307522160225,topic/b/lighting,METAVERSE,31
1716757286064,paho804307523463714,topic/b/lighting,METAVERSE,33
1716757286104,paho804307522160225,topic/e/noise,METAVERSE,61
1716757286181,paho804307523225780,topic/occupancy,METAVERSE,9606
1716757286310,paho804307523463714,topic/e/lighting,METAVERSE,26
1716757286310,paho804307522160225,topic/e/lighting,METAVERSE,26
1716757286487,paho804307523225780,topic/occupancy,METAVERSE,9742
1716757286595,paho804307523463714,topic/c/lighting,METAVERSE,9
1716757286595,paho804307522160225,topic/c/lighting,METAVERSE,9
1716757286765,paho804307522160225,topic/g/noise,METAVERSE,5
1716757286859,paho804307523463714,topic/s/lighting,METAVERSE,11
1716757286860,paho804307522160225,topic/s/lighting,METAVERSE,12
1716757287168,paho804307523463714,topic/v/lighting,METAVERSE,5
1716757287168,paho804307522160225,topic/v/lighting,METAVERSE,5
1716757287180,paho804307523225780,topic/occupancy,METAVERSE,10292
1716757287211,paho804307523463714,topic/g/lighting,METAVERSE,7
1716757287211,paho804307522160225,topic/g/lighting,METAVERSE,7
1716757287388,paho804307522160225,topic/c/lighting,METAVERSE,29
1716757287388,paho804307523463714,topic/c/lighting,METAVERSE,29
1716757287476,paho804307522160225,topic/v/noise,METAVERSE,4
1716757287657,paho804307522160225,topic/c/rfid,METAVERSE,10
1716757287678,paho804307523225780,topic/queueing,METAVERSE,31
1716757287734,paho804307523225780,topic/occupancy,METAVERSE,10736
1716757287884,paho804307522160225,topic/s/noise,METAVERSE,5
1716757288126,paho804307523225780,topic/occupancy,METAVERSE,11010
1716757288148,paho804307522160225,topic/c/noise,METAVERSE,5
1716757288343,paho804307522160225,topic/g/noise,METAVERSE,18
1716757288435,paho804307523463714,topic/b/lighting,METAVERSE,25
1716757288436,paho804307522160225,topic/b/lighting,METAVERSE,26
1716757288530,paho804307523225780,topic/occupancy,METAVERSE,11236
1716757288534,paho804307522160225,topic/b/noise,METAVERSE,11
1716757288665,paho804307523463714,topic/b/lighting,METAVERSE,24
1716757288666,paho804307522160225,topic/b/lighting,METAVERSE,25
1716757288792,paho804307523463714,topic/g/lighting,METAVERSE,5
1716757288793,paho804307522160225,topic/g/lighting,METAVERSE,6
1716757288832,paho804307523225780,topic/occupancy,METAVERSE,11384
1716757289079,paho804307523225780,topic/occupancy,METAVERSE,11555
1716757289096,paho804307523463714,topic/e/lighting,METAVERSE,53
1716757289097,paho804307522160225,topic/e/lighting,METAVERSE,54
1716757289155,paho804307522160225,topic/d/noise,METAVERSE,16
1716757289527,paho804307523225780,topic/occupancy,METAVERSE,11908
1716757289561,paho804307522160225,topic/b/noise,METAVERSE,10
1716757289856,paho804307522160225,topic/d/noise,METAVERSE,20
1716757289864,paho804307522160225,topic/s/noise,METAVERSE,5
1716757289877,paho804307523225780,topic/occupancy,METAVERSE,12029
1716757289904,paho804307522160225,topic/e/noise,METAVERSE,17
1716757290223,paho804307522160225,topic/b/noise,METAVERSE,8
1716757290225,paho804307523225780,topic/occupancy,METAVERSE,12309
1716757290415,paho804307522160225,topic/d/lighting,METAVERSE,8
1716757290416,paho804307523463714,topic/d/lighting,METAVERSE,9
1716757290508,paho804307523463714,topic/s/lighting,METAVERSE,5
1716757290508,paho804307522160225,topic/s/lighting,METAVERSE,5
1716757290571,paho804307523463714,topic/d/lighting,METAVERSE,4
1716757290572,paho804307522160225,topic/d/lighting,METAVERSE,5
1716757290577,paho804307523225780,topic/occupancy,METAVERSE,12222
1716757290624,paho804307522160225,topic/b/noise,METAVERSE,56
1716757290695,paho804307522160225,topic/d/rfid,METAVERSE,8
1716757290696,paho804307523225780,topic/queueing,METAVERSE,9
1716757290876,paho804307523225780,topic/occupancy,METAVERSE,12351
1716757290999,paho804307523463714,topic/b/lighting,METAVERSE,13
1716757290999,paho804307522160225,topic/b/lighting,METAVERSE,13
1716757291081,paho804307523463714,topic/b/lighting,METAVERSE,44
1716757291082,paho804307522160225,topic/b/lighting,METAVERSE,45
1716757291120,paho804307523463714,topic/b/lighting,METAVERSE,35
1716757291121,paho804307522160225,topic/b/lighting,METAVERSE,36
1716757291147,paho804307522160225,topic/e/noise,METAVERSE,35
1716757291232,paho804307523225780,topic/occupancy,METAVERSE,12641
1716757291351,paho804307523463714,topic/e/lighting,METAVERSE,11
1716757291352,paho804307522160225,topic/e/lighting,METAVERSE,12
1716757291583,paho804307523225780,topic/occupancy,METAVERSE,12952
1716757291608,paho804307523463714,topic/c/lighting,METAVERSE,5
1716757291608,paho804307522160225,topic/c/lighting,METAVERSE,5
1716757291793,paho804307522160225,topic/g/noise,METAVERSE,5
1716757291946,paho804307523463714,topic/s/lighting,METAVERSE,11
1716757291946,paho804307522160225,topic/s/lighting,METAVERSE,11
1716757292031,paho804307523225780,topic/occupancy,METAVERSE,13271
1716757292224,paho804307523463714,topic/v/lighting,METAVERSE,20
1716757292224,paho804307522160225,topic/v/lighting,METAVERSE,20
1716757292232,paho804307523225780,topic/occupancy,METAVERSE,13326
1716757292291,paho804307523463714,topic/g/lighting,METAVERSE,28
1716757292292,paho804307522160225,topic/g/lighting,METAVERSE,29
1716757292381,paho804307523225780,topic/occupancy,METAVERSE,13373
1716757292408,paho804307523463714,topic/c/lighting,METAVERSE,5
1716757292412,paho804307522160225,topic/c/lighting,METAVERSE,9
1716757292484,paho804307522160225,topic/v/noise,METAVERSE,7
1716757292675,paho804307523225780,topic/occupancy,METAVERSE,13528
1716757292731,paho804307522160225,topic/d/rfid,METAVERSE,4
1716757292732,paho804307523225780,topic/queueing,METAVERSE,5
1716757292826,paho804307523225780,topic/occupancy,METAVERSE,13523
1716757292892,paho804307522160225,topic/s/noise,METAVERSE,7
1716757293077,paho804307523225780,topic/occupancy,METAVERSE,13612
1716757293208,paho804307522160225,topic/c/noise,METAVERSE,5
1716757293228,paho804307523225780,topic/occupancy,METAVERSE,13598
1716757293381,paho804307523225780,topic/occupancy,METAVERSE,13507
1716757293391,paho804307522160225,topic/g/noise,METAVERSE,28
1716757293431,paho804307522160225,topic/b/lighting,METAVERSE,16
1716757293432,paho804307523463714,topic/b/lighting,METAVERSE,17
1716757293580,paho804307523225780,topic/occupancy,METAVERSE,13609
1716757293624,paho804307522160225,topic/b/noise,METAVERSE,37
1716757293720,paho804307523463714,topic/b/lighting,METAVERSE,26
1716757293720,paho804307522160225,topic/b/lighting,METAVERSE,26
1716757293828,paho804307523463714,topic/g/lighting,METAVERSE,5
1716757293829,paho804307522160225,topic/g/lighting,METAVERSE,6
1716757293878,paho804307523225780,topic/occupancy,METAVERSE,13275
1716757294132,paho804307523225780,topic/occupancy,METAVERSE,13348
1716757294183,paho804307522160225,topic/d/noise,METAVERSE,9
1716757294203,paho804307523463714,topic/e/lighting,METAVERSE,7
1716757294203,paho804307522160225,topic/e/lighting,METAVERSE,7
1716757294384,paho804307523225780,topic/occupancy,METAVERSE,13372
1716757294613,paho804307522160225,topic/b/noise,METAVERSE,18
1716757294679,paho804307523225780,topic/occupancy,METAVERSE,13567
1716757294763,paho804307523225780,topic/occupancy,METAVERSE,13563
1716757294831,paho804307523225780,topic/occupancy,METAVERSE,13499
1716757294867,paho804307522160225,topic/d/noise,METAVERSE,11
1716757294925,paho804307523225780,topic/occupancy,METAVERSE,13459
1716757294935,paho804307522160225,topic/e/noise,METAVERSE,12
1716757294939,paho804307522160225,topic/s/noise,METAVERSE,4
1716757294983,paho804307523225780,topic/occupancy,METAVERSE,13400
1716757295082,paho804307523225780,topic/occupancy,METAVERSE,13430
1716757295131,paho804307523225780,topic/occupancy,METAVERSE,13234
1716757295232,paho804307523225780,topic/occupancy,METAVERSE,13192
1716757295263,paho804307522160225,topic/b/noise,METAVERSE,24
1716757295329,paho804307523225780,topic/occupancy,METAVERSE,12738
1716757295383,paho804307523225780,topic/occupancy,METAVERSE,12711
1716757295443,paho804307522160225,topic/d/lighting,METAVERSE,6
1716757295445,paho804307523463714,topic/d/lighting,METAVERSE,8
1716757295483,paho804307523225780,topic/occupancy,METAVERSE,12643
1716757295520,paho804307522160225,topic/s/lighting,METAVERSE,9
1716757295521,paho804307523463714,topic/s/lighting,METAVERSE,10
1716757295606,paho804307523225780,topic/occupancy,METAVERSE,12550
1716757295609,paho804307523463714,topic/d/lighting,METAVERSE,8
1716757295610,paho804307522160225,topic/d/lighting,METAVERSE,9
1716757295677,paho804307523225780,topic/occupancy,METAVERSE,12517
1716757295681,paho804307522160225,topic/b/noise,METAVERSE,60
1716757295782,paho804307523225780,topic/occupancy,METAVERSE,12494
1716757295862,paho804307523225780,topic/occupancy,METAVERSE,12515
1716757295931,paho804307523225780,topic/occupancy,METAVERSE,12435
1716757296036,paho804307523225780,topic/occupancy,METAVERSE,12329
1716757296043,paho804307523463714,topic/b/lighting,METAVERSE,36
1716757296044,paho804307522160225,topic/b/lighting,METAVERSE,37
1716757296082,paho804307523225780,topic/occupancy,METAVERSE,12165
1716757296098,paho804307523463714,topic/b/lighting,METAVERSE,29
1716757296099,paho804307522160225,topic/b/lighting,METAVERSE,30
1716757296178,paho804307523463714,topic/b/lighting,METAVERSE,59
1716757296178,paho804307522160225,topic/b/lighting,METAVERSE,59
1716757296184,paho804307523225780,topic/occupancy,METAVERSE,12135
1716757296217,paho804307522160225,topic/e/noise,METAVERSE,50
1716757296296,paho804307523225780,topic/occupancy,METAVERSE,11588
1716757296362,paho804307522160225,topic/e/lighting,METAVERSE,6
1716757296363,paho804307523463714,topic/e/lighting,METAVERSE,7
1716757296380,paho804307523225780,topic/occupancy,METAVERSE,11520
1716757296445,paho804307523225780,topic/occupancy,METAVERSE,11388
1716757296529,paho804307523225780,topic/occupancy,METAVERSE,11362
1716757296588,paho804307523225780,topic/occupancy,METAVERSE,11256
1716757296630,paho804307523463714,topic/c/lighting,METAVERSE,9
1716757296631,paho804307522160225,topic/c/lighting,METAVERSE,10
1716757296725,paho804307523225780,topic/occupancy,METAVERSE,11296
1716757296800,paho804307522160225,topic/g/noise,METAVERSE,6
1716757296824,paho804307523225780,topic/occupancy,METAVERSE,11319
1716757296879,paho804307523225780,topic/occupancy,METAVERSE,11243
1716757296932,paho804307523225780,topic/occupancy,METAVERSE,11254
1716757297011,paho804307523463714,topic/s/lighting,METAVERSE,20
1716757297011,paho804307522160225,topic/s/lighting,METAVERSE,20
1716757297030,paho804307523225780,topic/occupancy,METAVERSE,11298
1716757297104,paho804307523225780,topic/occupancy,METAVERSE,11154
1716757297186,paho804307523225780,topic/occupancy,METAVERSE,11130
1716757297256,paho804307523463714,topic/v/lighting,METAVERSE,13
1716757297256,paho804307522160225,topic/v/lighting,METAVERSE,13
1716757297283,paho804307523225780,topic/occupancy,METAVERSE,10537
1716757297376,paho804307523463714,topic/g/lighting,METAVERSE,33
1716757297376,paho804307522160225,topic/g/lighting,METAVERSE,33
1716757297379,paho804307523225780,topic/occupancy,METAVERSE,10505
1716757297432,paho804307523225780,topic/occupancy,METAVERSE,10367
1716757297440,paho804307523463714,topic/c/lighting,METAVERSE,9
1716757297440,paho804307522160225,topic/c/lighting,METAVERSE,9
1716757297489,paho804307522160225,topic/v/noise,METAVERSE,4
1716757297528,paho804307523225780,topic/occupancy,METAVERSE,10309
1716757297630,paho804307523225780,topic/occupancy,METAVERSE,10290
1716757297724,paho804307523225780,topic/occupancy,METAVERSE,10291
1716757297780,paho804307523225780,topic/occupancy,METAVERSE,10273
1716757297808,paho804307522160225,topic/d/rfid,METAVERSE,20
1716757297809,paho804307523225780,topic/queueing,METAVERSE,21
1716757297892,paho804307523225780,topic/occupancy,METAVERSE,10245
1716757297908,paho804307522160225,topic/s/noise,METAVERSE,5
1716757297998,paho804307523225780,topic/occupancy,METAVERSE,10246
1716757298075,paho804307523225780,topic/occupancy,METAVERSE,10088
1716757298132,paho804307523225780,topic/occupancy,METAVERSE,10060
1716757298226,paho804307523225780,topic/occupancy,METAVERSE,9471
1716757298248,paho804307522160225,topic/c/noise,METAVERSE,13
1716757298327,paho804307523225780,topic/occupancy,METAVERSE,9432
1716757298385,paho804307523225780,topic/occupancy,METAVERSE,9311
1716757298415,paho804307522160225,topic/g/noise,METAVERSE,8
1716757298465,paho804307522160225,topic/b/lighting,METAVERSE,18
1716757298466,paho804307523463714,topic/b/lighting,METAVERSE,19
1716757298484,paho804307523225780,topic/occupancy,METAVERSE,9224
1716757298575,paho804307523225780,topic/occupancy,METAVERSE,9235
1716757298629,paho804307522160225,topic/b/noise,METAVERSE,6
1716757298648,paho804307523225780,topic/occupancy,METAVERSE,9160
1716757298725,paho804307523225780,topic/occupancy,METAVERSE,9211
1716757298740,paho804307523463714,topic/b/lighting,METAVERSE,29
1716757298741,paho804307522160225,topic/b/lighting,METAVERSE,30
1716757298828,paho804307523225780,topic/occupancy,METAVERSE,9057
1716757298868,paho804307523463714,topic/g/lighting,METAVERSE,5
1716757298868,paho804307522160225,topic/g/lighting,METAVERSE,5
1716757298931,paho804307523225780,topic/occupancy,METAVERSE,8942
1716757298992,paho804307523225780,topic/occupancy,METAVERSE,8920
1716757299135,paho804307523225780,topic/occupancy,METAVERSE,8448
1716757299195,paho804307522160225,topic/d/noise,METAVERSE,8
1716757299228,paho804307523225780,topic/occupancy,METAVERSE,8472
1716757299253,paho804307522160225,topic/e/lighting,METAVERSE,27
1716757299253,paho804307523463714,topic/e/lighting,METAVERSE,27
1716757299284,paho804307523225780,topic/occupancy,METAVERSE,8372
1716757299409,paho804307523225780,topic/occupancy,METAVERSE,8325
1716757299485,paho804307523225780,topic/occupancy,METAVERSE,8201
1716757299576,paho804307523225780,topic/occupancy,METAVERSE,8184
1716757299630,paho804307522160225,topic/b/noise,METAVERSE,7
1716757299680,paho804307523225780,topic/occupancy,METAVERSE,8154
1716757299731,paho804307523225780,topic/occupancy,METAVERSE,8207
1716757299829,paho804307523225780,topic/occupancy,METAVERSE,8048
1716757299872,paho804307522160225,topic/d/noise,METAVERSE,9
1716757299890,paho804307523225780,topic/occupancy,METAVERSE,7896
1716757299973,paho804307522160225,topic/s/noise,METAVERSE,12
1716757300003,paho804307522160225,topic/e/noise,METAVERSE,15
1716757300026,paho804307523225780,topic/occupancy,METAVERSE,7931
1716757300125,paho804307523225780,topic/occupancy,METAVERSE,7398
1716757300184,paho804307523225780,topic/occupancy,METAVERSE,7424
1716757300284,paho804307523225780,topic/occupancy,METAVERSE,7372
1716757300290,paho804307522160225,topic/b/noise,METAVERSE,24
1716757300377,paho804307523225780,topic/occupancy,METAVERSE,7281
1716757300463,paho804307522160225,topic/d/lighting,METAVERSE,4
1716757300464,paho804307523463714,topic/d/lighting,METAVERSE,5
1716757300477,paho804307523225780,topic/occupancy,METAVERSE,7182
1716757300528,paho804307523463714,topic/s/lighting,METAVERSE,4
1716757300529,paho804307522160225,topic/s/lighting,METAVERSE,5
1716757300544,paho804307523225780,topic/occupancy,METAVERSE,7150
1716757300626,paho804307523225780,topic/occupancy,METAVERSE,7067
1716757300639,paho804307523463714,topic/d/lighting,METAVERSE,14
1716757300640,paho804307522160225,topic/d/lighting,METAVERSE,15
1716757300717,paho804307522160225,topic/b/noise,METAVERSE,49
1716757300725,paho804307523225780,topic/occupancy,METAVERSE,7187
1716757300781,paho804307523225780,topic/occupancy,METAVERSE,6998
1716757300881,paho804307523225780,topic/occupancy,METAVERSE,6861
1716757300930,paho804307523225780,topic/occupancy,METAVERSE,6830
1716757301015,paho804307523463714,topic/b/lighting,METAVERSE,5
1716757301015,paho804307522160225,topic/b/lighting,METAVERSE,5
1716757301029,paho804307523225780,topic/occupancy,METAVERSE,6268
1716757301079,paho804307523463714,topic/b/lighting,METAVERSE,4
1716757301079,paho804307522160225,topic/b/lighting,METAVERSE,4
1716757301125,paho804307523225780,topic/occupancy,METAVERSE,6208
1716757301163,paho804307523463714,topic/b/lighting,METAVERSE,12
1716757301164,paho804307522160225,topic/b/lighting,METAVERSE,13
1716757301179,paho804307523225780,topic/occupancy,METAVERSE,6075
1716757301234,paho804307523225780,topic/occupancy,METAVERSE,5926
1716757301235,paho804307522160225,topic/e/noise,METAVERSE,12
1716757301374,paho804307523225780,topic/occupancy,METAVERSE,5951
1716757301381,paho804307523463714,topic/e/lighting,METAVERSE,10
1716757301381,paho804307522160225,topic/e/lighting,METAVERSE,10
1716757301433,paho804307523225780,topic/occupancy,METAVERSE,5865
1716757301529,paho804307523225780,topic/occupancy,METAVERSE,5934
1716757301582,paho804307523225780,topic/occupancy,METAVERSE,5762
1716757301681,paho804307523463714,topic/c/lighting,METAVERSE,4
1716757301682,paho804307522160225,topic/c/lighting,METAVERSE,5
1716757301682,paho804307523225780,topic/occupancy,METAVERSE,5659
1716757301774,paho804307523225780,topic/occupancy,METAVERSE,5660
1716757301835,paho804307522160225,topic/g/noise,METAVERSE,12
1716757301876,paho804307523225780,topic/occupancy,METAVERSE,5111
1716757301929,paho804307523225780,topic/occupancy,METAVERSE,5009
1716757302025,paho804307523225780,topic/occupancy,METAVERSE,4918
1716757302076,paho804307523463714,topic/s/lighting,METAVERSE,29
1716757302082,paho804307522160225,topic/s/lighting,METAVERSE,35
1716757302101,paho804307523225780,topic/occupancy,METAVERSE,4782
1716757302181,paho804307523225780,topic/occupancy,METAVERSE,4705
1716757302297,paho804307523463714,topic/v/lighting,METAVERSE,4
1716757302298,paho804307522160225,topic/v/lighting,METAVERSE,5
1716757302316,paho804307523225780,topic/occupancy,METAVERSE,4739
1716757302389,paho804307523225780,topic/occupancy,METAVERSE,4794
1716757302430,paho804307523225780,topic/occupancy,METAVERSE,4642
1716757302433,paho804307523463714,topic/g/lighting,METAVERSE,4
1716757302433,paho804307522160225,topic/g/lighting,METAVERSE,4
1716757302466,paho804307523463714,topic/c/lighting,METAVERSE,7
1716757302467,paho804307522160225,topic/c/lighting,METAVERSE,8
1716757302496,paho804307522160225,topic/v/noise,METAVERSE,5
1716757302544,paho804307523225780,topic/occupancy,METAVERSE,4706
1716757302634,paho804307523225780,topic/occupancy,METAVERSE,4598
1716757302725,paho804307523225780,topic/occupancy,METAVERSE,4610
1716757302825,paho804307523225780,topic/occupancy,METAVERSE,4057
1716757302883,paho804307522160225,topic/d/rfid,METAVERSE,20
1716757302884,paho804307523225780,topic/queueing,METAVERSE,21
1716757302890,paho804307523225780,topic/occupancy,METAVERSE,3947
1716757302908,paho804307522160225,topic/s/noise,METAVERSE,4
1716757303124,paho804307523225780,topic/occupancy,METAVERSE,4012
1716757303228,paho804307523225780,topic/occupancy,METAVERSE,3893
1716757303295,paho804307522160225,topic/c/noise,METAVERSE,32
1716757303334,paho804307523225780,topic/occupancy,METAVERSE,3858
1716757303425,paho804307523225780,topic/occupancy,METAVERSE,3789
1716757303439,paho804307522160225,topic/g/noise,METAVERSE,22
1716757303480,paho804307523225780,topic/occupancy,METAVERSE,3839
1716757303486,paho804307523463714,topic/b/lighting,METAVERSE,38
1716757303486,paho804307522160225,topic/b/lighting,METAVERSE,38
1716757303529,paho804307523225780,topic/occupancy,METAVERSE,3690
1716757303629,paho804307523225780,topic/occupancy,METAVERSE,3576
1716757303678,paho804307523225780,topic/occupancy,METAVERSE,3538
1716757303703,paho804307522160225,topic/b/noise,METAVERSE,21
1716757303736,paho804307523225780,topic/occupancy,METAVERSE,2941
1716757303776,paho804307522160225,topic/b/lighting,METAVERSE,21
1716757303777,paho804307523463714,topic/b/lighting,METAVERSE,22
1716757303827,paho804307523225780,topic/occupancy,METAVERSE,2875
1716757303891,paho804307523463714,topic/g/lighting,METAVERSE,4
1716757303892,paho804307522160225,topic/g/lighting,METAVERSE,5
1716757303926,paho804307523225780,topic/occupancy,METAVERSE,2813
1716757303976,paho804307523225780,topic/occupancy,METAVERSE,2617
1716757304033,paho804307523225780,topic/occupancy,METAVERSE,2555
1716757304124,paho804307523225780,topic/occupancy,METAVERSE,2484
1716757304181,paho804307523225780,topic/occupancy,METAVERSE,2509
1716757304212,paho804307522160225,topic/d/noise,METAVERSE,4
1716757304233,paho804307523225780,topic/occupancy,METAVERSE,2316
1716757304263,paho804307523463714,topic/e/lighting,METAVERSE,4
1716757304263,paho804307522160225,topic/e/lighting,METAVERSE,4
1716757304328,paho804307523225780,topic/occupancy,METAVERSE,2272
1716757304381,paho804307523225780,topic/occupancy,METAVERSE,2233
1716757304427,paho804307523225780,topic/occupancy,METAVERSE,1610
1716757304543,paho804307523225780,topic/occupancy,METAVERSE,1680
1716757304629,paho804307523225780,topic/occupancy,METAVERSE,1649
1716757304671,paho804307522160225,topic/b/noise,METAVERSE,22
1716757304688,paho804307523225780,topic/occupancy,METAVERSE,1559
1716757304782,paho804307523225780,topic/occupancy,METAVERSE,1394
1716757304879,paho804307523225780,topic/occupancy,METAVERSE,1400
1716757304895,paho804307522160225,topic/d/noise,METAVERSE,12
1716757304908,paho804307522160225,topic/d/rfid,METAVERSE,4
1716757304908,paho804307523225780,topic/queueing,METAVERSE,4
1716757304974,paho804307523225780,topic/occupancy,METAVERSE,1286
1716757305011,paho804307522160225,topic/s/noise,METAVERSE,8
1716757305027,paho804307523225780,topic/occupancy,METAVERSE,1307
1716757305037,paho804307522160225,topic/e/noise,METAVERSE,17
1716757305088,paho804307523225780,topic/occupancy,METAVERSE,1160
1716757305182,paho804307523225780,topic/occupancy,METAVERSE,1125
1716757305275,paho804307523225780,topic/occupancy,METAVERSE,1123
1716757305290,paho804307522160225,topic/b/noise,METAVERSE,9
1716757305356,paho804307523225780,topic/occupancy,METAVERSE,518
1716757305424,paho804307523225780,topic/occupancy,METAVERSE,520
1716757305489,paho804307522160225,topic/d/lighting,METAVERSE,5
1716757305489,paho804307523463714,topic/d/lighting,METAVERSE,5
1716757305504,paho804307523225780,topic/occupancy,METAVERSE,519
1716757305533,paho804307523463714,topic/s/lighting,METAVERSE,8
1716757305533,paho804307522160225,topic/s/lighting,METAVERSE,8
1716757305584,paho804307523225780,topic/occupancy,METAVERSE,424
1716757305677,paho804307523225780,topic/occupancy,METAVERSE,276
1716757305679,paho804307522160225,topic/d/lighting,METAVERSE,18
1716757305680,paho804307523463714,topic/d/lighting,METAVERSE,19
1716757305714,paho804307522160225,topic/b/noise,METAVERSE,46
1716757305731,paho804307523225780,topic/occupancy,METAVERSE,252
1716757305831,paho804307523225780,topic/occupancy,METAVERSE,137
1716757305884,paho804307523225780,topic/occupancy,METAVERSE,128
1716757305982,paho804307523225780,topic/occupancy,METAVERSE,51
1716757306080,paho804307523225780,topic/occupancy,METAVERSE,21
1716757306098,paho804307523463714,topic/b/lighting,METAVERSE,38
1716757306099,paho804307522160225,topic/b/lighting,METAVERSE,39
1716757306124,paho804307523463714,topic/b/lighting,METAVERSE,28
1716757306125,paho804307522160225,topic/b/lighting,METAVERSE,29
1716757306178,paho804307523463714,topic/b/lighting,METAVERSE,25
1716757306179,paho804307522160225,topic/b/lighting,METAVERSE,26
1716757306226,paho804307523225780,topic/occupancy,METAVERSE,58
1716757306283,paho804307522160225,topic/e/noise,METAVERSE,32
1716757306416,paho804307523463714,topic/e/lighting,METAVERSE,9
1716757306417,paho804307522160225,topic/e/lighting,METAVERSE,10
1716757306707,paho804307523463714,topic/c/lighting,METAVERSE,6
1716757306708,paho804307522160225,topic/c/lighting,METAVERSE,7
1716757306886,paho804307522160225,topic/g/noise,METAVERSE,30
1716757306902,paho804307523225780,topic/occupancy,METAVERSE,54
1716757307039,paho804307523225780,topic/occupancy,METAVERSE,42
1716757307136,paho804307523463714,topic/s/lighting,METAVERSE,56
1716757307136,paho804307522160225,topic/s/lighting,METAVERSE,56
1716757307260,paho804307523225780,topic/occupancy,METAVERSE,59
1716757307332,paho804307523463714,topic/v/lighting,METAVERSE,5
1716757307332,paho804307522160225,topic/v/lighting,METAVERSE,5
1716757307474,paho804307523225780,topic/occupancy,METAVERSE,69
1716757307480,paho804307523463714,topic/c/lighting,METAVERSE,5
1716757307481,paho804307522160225,topic/c/lighting,METAVERSE,6
1716757307490,paho804307523463714,topic/g/lighting,METAVERSE,23
1716757307490,paho804307522160225,topic/g/lighting,METAVERSE,23
1716757307515,paho804307522160225,topic/v/noise,METAVERSE,8
1716757307527,paho804307523225780,topic/occupancy,METAVERSE,45
1716757307736,paho804307523225780,topic/occupancy,METAVERSE,40
1716757307850,paho804307523225780,topic/occupancy,METAVERSE,90
1716757307940,paho804307522160225,topic/s/noise,METAVERSE,5
1716757307986,paho804307523225780,topic/occupancy,METAVERSE,35
1716757308120,paho804307523225780,topic/occupancy,METAVERSE,60
1716757308242,paho804307523225780,topic/occupancy,METAVERSE,54
1716757308308,paho804307522160225,topic/c/noise,METAVERSE,5
1716757308471,paho804307522160225,topic/g/noise,METAVERSE,16
1716757308518,paho804307522160225,topic/b/lighting,METAVERSE,36
1716757308519,paho804307523463714,topic/b/lighting,METAVERSE,37
1716757308727,paho804307522160225,topic/b/noise,METAVERSE,31
1716757308808,paho804307523463714,topic/b/lighting,METAVERSE,21
1716757308809,paho804307522160225,topic/b/lighting,METAVERSE,22
1716757308940,paho804307523225780,topic/occupancy,METAVERSE,72
1716757308951,paho804307523463714,topic/g/lighting,METAVERSE,56
1716757308952,paho804307522160225,topic/g/lighting,METAVERSE,57
1716757309082,paho804307523225780,topic/occupancy,METAVERSE,62
1716757309230,paho804307522160225,topic/d/noise,METAVERSE,7
1716757309295,paho804307523463714,topic/e/lighting,METAVERSE,16
1716757309296,paho804307522160225,topic/e/lighting,METAVERSE,17
1716757309316,paho804307523225780,topic/occupancy,METAVERSE,80
1716757309441,paho804307523225780,topic/occupancy,METAVERSE,35
1716757309552,paho804307523225780,topic/occupancy,METAVERSE,70
1716757309699,paho804307522160225,topic/b/noise,METAVERSE,32
1716757309782,paho804307523225780,topic/occupancy,METAVERSE,66
1716757309860,paho804307523225780,topic/occupancy,METAVERSE,100
1716757309901,paho804307522160225,topic/d/noise,METAVERSE,5
1716757309980,paho804307523225780,topic/occupancy,METAVERSE,26
1716757310061,paho804307522160225,topic/s/noise,METAVERSE,30
1716757310116,paho804307522160225,topic/e/noise,METAVERSE,10
1716757310126,paho804307523225780,topic/occupancy,METAVERSE,58
1716757310235,paho804307523225780,topic/occupancy,METAVERSE,38
1716757310310,paho804307522160225,topic/b/noise,METAVERSE,28
1716757310521,paho804307523463714,topic/d/lighting,METAVERSE,5
1716757310521,paho804307522160225,topic/d/lighting,METAVERSE,5
1716757310556,paho804307523463714,topic/s/lighting,METAVERSE,5
1716757310556,paho804307522160225,topic/s/lighting,METAVERSE,5
1716757310673,paho804307522160225,topic/b/noise,METAVERSE,4
1716757310679,paho804307523463714,topic/d/lighting,METAVERSE,3
1716757310680,paho804307522160225,topic/d/lighting,METAVERSE,4
1716757310932,paho804307522160225,topic/d/rfid,METAVERSE,5
1716757310935,paho804307522160225,topic/d/rfid,METAVERSE,7
1716757310936,paho804307523225780,topic/queueing,METAVERSE,9
1716757310936,paho804307523225780,topic/queueing,METAVERSE,8
1716757310937,paho804307523225780,topic/occupancy,METAVERSE,57
1716757311071,paho804307523463714,topic/b/lighting,METAVERSE,4
1716757311072,paho804307522160225,topic/b/lighting,METAVERSE,5
1716757311077,paho804307523225780,topic/occupancy,METAVERSE,150
1716757311107,paho804307523463714,topic/b/lighting,METAVERSE,4
1716757311108,paho804307522160225,topic/b/lighting,METAVERSE,5
1716757311127,paho804307523225780,topic/occupancy,METAVERSE,199
1716757311203,paho804307523225780,topic/occupancy,METAVERSE,182
1716757311226,paho804307523463714,topic/b/lighting,METAVERSE,72
1716757311227,paho804307522160225,topic/b/lighting,METAVERSE,73
1716757311296,paho804307523225780,topic/occupancy,METAVERSE,60
1716757311339,paho804307522160225,topic/e/noise,METAVERSE,26
1716757311429,paho804307523463714,topic/e/lighting,METAVERSE,6
1716757311430,paho804307522160225,topic/e/lighting,METAVERSE,7
1716757311479,paho804307523225780,topic/occupancy,METAVERSE,55
1716757311580,paho804307523225780,topic/occupancy,METAVERSE,67
1716757311731,paho804307523463714,topic/c/lighting,METAVERSE,8
1716757311732,paho804307522160225,topic/c/lighting,METAVERSE,9
1716757311782,paho804307523225780,topic/occupancy,METAVERSE,43
1716757311876,paho804307523225780,topic/occupancy,METAVERSE,110
1716757311919,paho804307522160225,topic/g/noise,METAVERSE,31
1716757312036,paho804307523225780,topic/occupancy,METAVERSE,45
1716757312128,paho804307523225780,topic/occupancy,METAVERSE,56
1716757312154,paho804307523463714,topic/s/lighting,METAVERSE,19
1716757312155,paho804307522160225,topic/s/lighting,METAVERSE,20
1716757312252,paho804307523225780,topic/occupancy,METAVERSE,44
1716757312359,paho804307523463714,topic/v/lighting,METAVERSE,4
1716757312360,paho804307522160225,topic/v/lighting,METAVERSE,5
1716757312484,paho804307523463714,topic/c/lighting,METAVERSE,5
1716757312485,paho804307522160225,topic/c/lighting,METAVERSE,6
1716757312517,paho804307522160225,topic/v/noise,METAVERSE,6
1716757312530,paho804307523463714,topic/g/lighting,METAVERSE,11
1716757312530,paho804307522160225,topic/g/lighting,METAVERSE,11
1716757312948,paho804307522160225,topic/s/noise,METAVERSE,7
1716757312975,paho804307523225780,topic/occupancy,METAVERSE,87
1716757313084,paho804307523225780,topic/occupancy,METAVERSE,60
1716757313310,paho804307523225780,topic/occupancy,METAVERSE,62
1716757313318,paho804307522160225,topic/c/noise,METAVERSE,9
1716757313480,paho804307523225780,topic/occupancy,METAVERSE,50
1716757313523,paho804307522160225,topic/g/noise,METAVERSE,33
1716757313532,paho804307522160225,topic/b/lighting,METAVERSE,39
1716757313532,paho804307523463714,topic/b/lighting,METAVERSE,39
1716757313587,paho804307523225780,topic/occupancy,METAVERSE,73
1716757313726,paho804307522160225,topic/b/noise,METAVERSE,24
1716757313793,paho804307523225780,topic/occupancy,METAVERSE,47
1716757313824,paho804307523463714,topic/b/lighting,METAVERSE,25
1716757313825,paho804307522160225,topic/b/lighting,METAVERSE,26
1716757313886,paho804307523225780,topic/occupancy,METAVERSE,114
1716757313942,paho804307522160225,topic/d/rfid,METAVERSE,5
1716757313943,paho804307523225780,topic/queueing,METAVERSE,6
1716757313956,paho804307523463714,topic/g/lighting,METAVERSE,5
1716757313956,paho804307522160225,topic/g/lighting,METAVERSE,5
1716757313976,paho804307522160225,topic/d/rfid,METAVERSE,5
1716757313978,paho804307523225780,topic/queueing,METAVERSE,7
1716757313981,paho804307522160225,topic/d/rfid,METAVERSE,9
1716757313983,paho804307522160225,topic/d/rfid,METAVERSE,11
1716757313984,paho804307523225780,topic/queueing,METAVERSE,12
1716757314028,paho804307523225780,topic/queueing,METAVERSE,56
1716757314032,paho804307523225780,topic/occupancy,METAVERSE,95
1716757314178,paho804307523225780,topic/occupancy,METAVERSE,207
1716757314235,paho804307522160225,topic/d/noise,METAVERSE,4
1716757314276,paho804307523225780,topic/occupancy,METAVERSE,304
1716757314328,paho804307523225780,topic/occupancy,METAVERSE,356
1716757314400,paho804307522160225,topic/e/lighting,METAVERSE,45
1716757314399,paho804307523463714,topic/e/lighting,METAVERSE,44
1716757314427,paho804307523225780,topic/occupancy,METAVERSE,435
1716757314484,paho804307523225780,topic/occupancy,METAVERSE,388
1716757314578,paho804307523225780,topic/occupancy,METAVERSE,350
1716757314724,paho804307522160225,topic/b/noise,METAVERSE,25
1716757314902,paho804307522160225,topic/d/noise,METAVERSE,4
1716757314992,paho804307523225780,topic/occupancy,METAVERSE,100
1716757315079,paho804307523225780,topic/occupancy,METAVERSE,52
1716757315090,paho804307522160225,topic/s/noise,METAVERSE,28
1716757315198,paho804307522160225,topic/e/noise,METAVERSE,15
1716757315308,paho804307522160225,topic/b/noise,METAVERSE,24
1716757315315,paho804307523225780,topic/occupancy,METAVERSE,67
1716757315503,paho804307523225780,topic/occupancy,METAVERSE,50
1716757315521,paho804307522160225,topic/d/lighting,METAVERSE,4
1716757315522,paho804307523463714,topic/d/lighting,METAVERSE,5
1716757315566,paho804307522160225,topic/s/lighting,METAVERSE,8
1716757315567,paho804307523463714,topic/s/lighting,METAVERSE,9
1716757315632,paho804307523225780,topic/occupancy,METAVERSE,111
1716757315691,paho804307523463714,topic/d/lighting,METAVERSE,4
1716757315692,paho804307522160225,topic/d/lighting,METAVERSE,5
1716757315700,paho804307522160225,topic/b/noise,METAVERSE,31
1716757315829,paho804307523225780,topic/occupancy,METAVERSE,65
1716757315882,paho804307523225780,topic/occupancy,METAVERSE,95
1716757316124,paho804307523463714,topic/b/lighting,METAVERSE,28
1716757316125,paho804307522160225,topic/b/lighting,METAVERSE,29
1716757316132,paho804307523463714,topic/b/lighting,METAVERSE,28
1716757316133,paho804307522160225,topic/b/lighting,METAVERSE,29
1716757316152,paho804307523225780,topic/occupancy,METAVERSE,47
1716757316204,paho804307523463714,topic/b/lighting,METAVERSE,32
1716757316205,paho804307522160225,topic/b/lighting,METAVERSE,33
1716757316226,paho804307523225780,topic/occupancy,METAVERSE,224
1716757316314,paho804307523225780,topic/occupancy,METAVERSE,66
1716757316342,paho804307522160225,topic/e/noise,METAVERSE,5
1716757316440,paho804307523463714,topic/e/lighting,METAVERSE,5
1716757316440,paho804307522160225,topic/e/lighting,METAVERSE,5
1716757316762,paho804307523463714,topic/c/lighting,METAVERSE,5
1716757316762,paho804307522160225,topic/c/lighting,METAVERSE,5
1716757316960,paho804307522160225,topic/g/noise,METAVERSE,5
1716757317004,paho804307523225780,topic/occupancy,METAVERSE,104
1716757317099,paho804307523225780,topic/occupancy,METAVERSE,63
1716757317159,paho804307522160225,topic/s/lighting,METAVERSE,5
1716757317161,paho804307523463714,topic/s/lighting,METAVERSE,7
1716757317324,paho804307523225780,topic/occupancy,METAVERSE,56
1716757317373,paho804307523463714,topic/v/lighting,METAVERSE,5
1716757317373,paho804307522160225,topic/v/lighting,METAVERSE,5
1716757317506,paho804307523463714,topic/c/lighting,METAVERSE,9
1716757317507,paho804307522160225,topic/c/lighting,METAVERSE,10
1716757317524,paho804307522160225,topic/v/noise,METAVERSE,8
1716757317560,paho804307523463714,topic/g/lighting,METAVERSE,7
1716757317560,paho804307522160225,topic/g/lighting,METAVERSE,7
1716757317575,paho804307523225780,topic/occupancy,METAVERSE,83
1716757317699,paho804307523225780,topic/occupancy,METAVERSE,178
1716757317836,paho804307523225780,topic/occupancy,METAVERSE,71
1716757317882,paho804307523225780,topic/occupancy,METAVERSE,82
1716757317964,paho804307522160225,topic/s/noise,METAVERSE,9
1716757317983,paho804307522160225,topic/d/rfid,METAVERSE,4
1716757317986,paho804307523225780,topic/queueing,METAVERSE,7
1716757318048,paho804307523225780,topic/occupancy,METAVERSE,69
1716757318162,paho804307523225780,topic/occupancy,METAVERSE,56
1716757318226,paho804307523225780,topic/occupancy,METAVERSE,93
1716757318324,paho804307523225780,topic/occupancy,METAVERSE,75
1716757318325,paho804307522160225,topic/c/noise,METAVERSE,4
1716757318551,paho804307522160225,topic/g/noise,METAVERSE,25
1716757318606,paho804307522160225,topic/b/lighting,METAVERSE,83
1716757318606,paho804307523463714,topic/b/lighting,METAVERSE,83
1716757318769,paho804307522160225,topic/b/noise,METAVERSE,58
1716757318867,paho804307523463714,topic/b/lighting,METAVERSE,54
1716757318867,paho804307522160225,topic/b/lighting,METAVERSE,54
1716757318976,paho804307522160225,topic/g/lighting,METAVERSE,16
1716757318976,paho804307523463714,topic/g/lighting,METAVERSE,16
1716757319078,paho804307523225780,topic/occupancy,METAVERSE,166
1716757319178,paho804307523225780,topic/occupancy,METAVERSE,138
1716757319250,paho804307522160225,topic/d/noise,METAVERSE,4
1716757319325,paho804307523225780,topic/occupancy,METAVERSE,57
1716757319444,paho804307523463714,topic/e/lighting,METAVERSE,5
1716757319446,paho804307522160225,topic/e/lighting,METAVERSE,7
1716757319528,paho804307523225780,topic/occupancy,METAVERSE,36
1716757319605,paho804307523225780,topic/occupancy,METAVERSE,61
1716757319717,paho804307522160225,topic/b/noise,METAVERSE,17
1716757319833,paho804307523225780,topic/occupancy,METAVERSE,49
1716757319903,paho804307522160225,topic/d/noise,METAVERSE,4
1716757319928,paho804307523225780,topic/occupancy,METAVERSE,112
1716757320096,paho804307522160225,topic/s/noise,METAVERSE,5
1716757320217,paho804307522160225,topic/e/noise,METAVERSE,18
1716757320224,paho804307523225780,topic/occupancy,METAVERSE,96
1716757320280,paho804307523225780,topic/occupancy,METAVERSE,121
1716757320300,paho804307522160225,topic/b/noise,METAVERSE,16
1716757320380,paho804307523225780,topic/occupancy,METAVERSE,118
1716757320554,paho804307523463714,topic/d/lighting,METAVERSE,4
1716757320557,paho804307522160225,topic/d/lighting,METAVERSE,7
1716757320567,paho804307523463714,topic/s/lighting,METAVERSE,4
1716757320570,paho804307522160225,topic/s/lighting,METAVERSE,7
1716757320692,paho804307523463714,topic/d/lighting,METAVERSE,4
1716757320695,paho804307522160225,topic/d/lighting,METAVERSE,7
1716757320719,paho804307522160225,topic/b/noise,METAVERSE,32
1716757321012,paho804307522160225,topic/d/rfid,METAVERSE,5
1716757321013,paho804307523225780,topic/queueing,METAVERSE,6
1716757321051,paho804307523225780,topic/occupancy,METAVERSE,44
1716757321130,paho804307523225780,topic/occupancy,METAVERSE,190
1716757321168,paho804307523463714,topic/b/lighting,METAVERSE,69
1716757321171,paho804307522160225,topic/b/lighting,METAVERSE,72
1716757321181,paho804307523463714,topic/b/lighting,METAVERSE,77
1716757321184,paho804307522160225,topic/b/lighting,METAVERSE,80
1716757321226,paho804307523225780,topic/occupancy,METAVERSE,170
1716757321289,paho804307523463714,topic/b/lighting,METAVERSE,86
1716757321291,paho804307522160225,topic/b/lighting,METAVERSE,88
1716757321323,paho804307523225780,topic/occupancy,METAVERSE,54
1716757321351,paho804307522160225,topic/e/noise,METAVERSE,4
1716757321456,paho804307523463714,topic/e/lighting,METAVERSE,5
1716757321459,paho804307522160225,topic/e/lighting,METAVERSE,8
1716757321550,paho804307523225780,topic/occupancy,METAVERSE,55
1716757321658,paho804307523225780,topic/occupancy,METAVERSE,111
1716757321832,paho804307523463714,topic/c/lighting,METAVERSE,9
1716757321835,paho804307522160225,topic/c/lighting,METAVERSE,12
1716757321863,paho804307523225780,topic/occupancy,METAVERSE,73
1716757321929,paho804307523225780,topic/occupancy,METAVERSE,80
1716757321984,paho804307522160225,topic/g/noise,METAVERSE,5
1716757322160,paho804307523463714,topic/s/lighting,METAVERSE,5
1716757322164,paho804307522160225,topic/s/lighting,METAVERSE,9
1716757322227,paho804307523225780,topic/occupancy,METAVERSE,91
1716757322290,paho804307523225780,topic/occupancy,METAVERSE,113
1716757322376,paho804307523225780,topic/occupancy,METAVERSE,112
1716757322380,paho804307523463714,topic/v/lighting,METAVERSE,5
1716757322382,paho804307522160225,topic/v/lighting,METAVERSE,7
1716757322513,paho804307523463714,topic/c/lighting,METAVERSE,6
1716757322514,paho804307522160225,topic/c/lighting,METAVERSE,7
1716757322529,paho804307522160225,topic/v/noise,METAVERSE,5
1716757322579,paho804307523463714,topic/g/lighting,METAVERSE,4
1716757322580,paho804307522160225,topic/g/lighting,METAVERSE,5
1716757322990,paho804307522160225,topic/s/noise,METAVERSE,13
