1716766351876,paho816476349085937,topic/g/noise,METAVERSE,76
1716766352499,paho816476349085937,topic/c/lighting,METAVERSE,23
1716766352507,paho816476350194220,topic/c/lighting,METAVERSE,31
1716766352583,paho816476349085937,topic/v/rfid,METAVERSE,8
1716766352791,paho816476349085937,topic/e/noise,METAVERSE,27
1716766352861,paho816476349085937,topic/s/noise,METAVERSE,7
1716766352886,paho816476349085937,topic/e/rfid,METAVERSE,20
1716766352978,paho816476350194220,topic/c/lighting,METAVERSE,6
1716766352981,paho816476349085937,topic/c/lighting,METAVERSE,9
1716766353008,paho816476349085937,topic/g/rfid,METAVERSE,43
1716766353081,paho816476349085937,topic/g/noise,METAVERSE,6
1716766353151,paho816476350194220,topic/b/lighting,METAVERSE,14
1716766353155,paho816476349085937,topic/b/lighting,METAVERSE,18
1716766353176,paho816476349085937,topic/v/noise,METAVERSE,7
1716766353213,paho816476349085937,topic/c/rfid,METAVERSE,14
1716766353221,paho816476349085937,topic/c/noise,METAVERSE,5
1716766353249,paho816476350194220,topic/v/lighting,METAVERSE,15
1716766353253,paho816476349085937,topic/v/lighting,METAVERSE,19
1716766353528,paho816476350194220,topic/s/lighting,METAVERSE,14
1716766353533,paho816476349085937,topic/s/lighting,METAVERSE,19
1716766353591,paho816476349085937,topic/e/noise,METAVERSE,9
1716766353876,paho816476349085937,topic/s/rfid,METAVERSE,6
1716766354101,paho816476350194220,topic/s/lighting,METAVERSE,5
1716766354104,paho816476349085937,topic/s/lighting,METAVERSE,8
1716766354546,paho816476349085937,topic/s/noise,METAVERSE,6
1716766354578,paho816476350194220,topic/d/lighting,METAVERSE,25
1716766354595,paho816476349085937,topic/d/lighting,METAVERSE,42
1716766354678,paho816476350194220,topic/g/lighting,METAVERSE,39
1716766354685,paho816476349085937,topic/g/lighting,METAVERSE,46
1716766354711,paho816476349085937,topic/d/rfid,METAVERSE,16
1716766355160,paho816476349085937,topic/d/noise,METAVERSE,23
1716766355467,paho816476350194220,topic/d/lighting,METAVERSE,10
1716766355470,paho816476349085937,topic/d/lighting,METAVERSE,13
1716766355489,paho816476349085937,topic/g/rfid,METAVERSE,470
1716766355544,paho816476350194220,topic/g/lighting,METAVERSE,70
1716766355547,paho816476349085937,topic/g/lighting,METAVERSE,73
1716766355702,paho816476350194220,topic/e/lighting,METAVERSE,17
1716766355703,paho816476350194220,topic/e/lighting,METAVERSE,19
1716766355707,paho816476349085937,topic/e/lighting,METAVERSE,22
1716766355709,paho816476349085937,topic/e/lighting,METAVERSE,25
1716766355742,paho816476349085937,topic/d/noise,METAVERSE,5
1716766356847,paho816476349085937,topic/g/noise,METAVERSE,4
1716766356923,paho816476349085937,topic/e/rfid,METAVERSE,20
1716766356971,paho816476349085937,topic/e/rfid,METAVERSE,44
1716766357270,paho816476350194220,topic/b/lighting,METAVERSE,13
1716766357273,paho816476349085937,topic/b/lighting,METAVERSE,16
1716766357305,paho816476350194220,topic/b/lighting,METAVERSE,33
1716766357309,paho816476349085937,topic/b/lighting,METAVERSE,37
1716766357367,paho816476349085937,topic/b/noise,METAVERSE,15
1716766357571,paho816476350194220,topic/c/lighting,METAVERSE,20
1716766357575,paho816476349085937,topic/c/lighting,METAVERSE,24
1716766357863,paho816476349085937,topic/e/noise,METAVERSE,48
1716766357886,paho816476349085937,topic/s/noise,METAVERSE,5
1716766357992,paho816476350194220,topic/c/lighting,METAVERSE,5
1716766357993,paho816476349085937,topic/c/lighting,METAVERSE,6
1716766358142,paho816476349085937,topic/g/noise,METAVERSE,27
1716766358181,paho816476349085937,topic/b/rfid,METAVERSE,5
1716766358191,paho816476349085937,topic/v/noise,METAVERSE,7
1716766358239,paho816476349085937,topic/c/noise,METAVERSE,4
1716766358243,paho816476349085937,topic/b/lighting,METAVERSE,16
1716766358243,paho816476350194220,topic/b/lighting,METAVERSE,16
1716766358263,paho816476350194220,topic/v/lighting,METAVERSE,4
1716766358265,paho816476349085937,topic/v/lighting,METAVERSE,6
1716766358399,paho816476349085937,topic/b/noise,METAVERSE,23
1716766358490,paho816476349085937,topic/b/noise,METAVERSE,32
1716766358565,paho816476349085937,topic/b/noise,METAVERSE,5
1716766358567,paho816476350194220,topic/s/lighting,METAVERSE,4
1716766358569,paho816476349085937,topic/s/lighting,METAVERSE,6
1716766358619,paho816476349085937,topic/e/noise,METAVERSE,15
1716766358876,paho816476349085937,topic/s/rfid,METAVERSE,5
1716766359108,paho816476350194220,topic/s/lighting,METAVERSE,5
1716766359109,paho816476349085937,topic/s/lighting,METAVERSE,6
1716766359120,paho816476350194220,topic/b/lighting,METAVERSE,32
1716766359121,paho816476349085937,topic/b/lighting,METAVERSE,33
1716766359423,paho816476350194220,topic/b/lighting,METAVERSE,7
1716766359424,paho816476349085937,topic/b/lighting,METAVERSE,8
1716766359611,paho816476350194220,topic/d/lighting,METAVERSE,24
1716766359615,paho816476349085937,topic/d/lighting,METAVERSE,28
1716766359646,paho816476349085937,topic/s/noise,METAVERSE,17
1716766359738,paho816476350194220,topic/g/lighting,METAVERSE,23
1716766359739,paho816476349085937,topic/g/lighting,METAVERSE,24
1716766360179,paho816476349085937,topic/d/noise,METAVERSE,6
1716766360539,paho816476349085937,topic/g/rfid,METAVERSE,6
1716766360579,paho816476350194220,topic/d/lighting,METAVERSE,16
1716766360582,paho816476349085937,topic/d/lighting,METAVERSE,19
1716766360647,paho816476350194220,topic/g/lighting,METAVERSE,92
1716766360649,paho816476349085937,topic/g/lighting,METAVERSE,94
1716766360692,paho816476350194220,topic/e/lighting,METAVERSE,7
1716766360693,paho816476349085937,topic/e/lighting,METAVERSE,8
1716766360703,paho816476350194220,topic/e/lighting,METAVERSE,4
1716766360704,paho816476349085937,topic/e/lighting,METAVERSE,5
1716766360759,paho816476349085937,topic/d/noise,METAVERSE,16
1716766361063,paho816476349085937,topic/e/rfid,METAVERSE,4
1716766361381,paho816476350357622,topic/maintenance,METAVERSE,1752
1716766361384,paho816476349996290,topic/queueing,METAVERSE,851
1716766361636,paho816476349996290,topic/queueing,METAVERSE,577
1716766361684,paho816476350357622,topic/maintenance,METAVERSE,1997
1716766361832,paho816476350357622,topic/maintenance,METAVERSE,1659
1716766361920,paho816476349085937,topic/g/noise,METAVERSE,69
1716766361939,paho816476350357622,topic/maintenance,METAVERSE,1196
1716766362036,paho816476350357622,topic/maintenance,METAVERSE,1109
1716766362081,paho816476349782383,topic/security,METAVERSE,2822
1716766362120,paho816476349085937,topic/e/rfid,METAVERSE,5
1716766362134,paho816476350357622,topic/maintenance,METAVERSE,1087
1716766362187,paho816476349782383,topic/security,METAVERSE,2946
1716766362187,paho816476350357622,topic/maintenance,METAVERSE,672
1716766362207,paho816476349085937,topic/b/rfid,METAVERSE,30
1716766362328,paho816476350194220,topic/b/lighting,METAVERSE,33
1716766362329,paho816476349085937,topic/b/lighting,METAVERSE,34
1716766362358,paho816476350194220,topic/b/lighting,METAVERSE,7
1716766362360,paho816476349085937,topic/b/lighting,METAVERSE,9
1716766362379,paho816476349085937,topic/b/noise,METAVERSE,8
1716766362381,paho816476349996290,topic/queueing,METAVERSE,266
1716766362382,paho816476350357622,topic/maintenance,METAVERSE,655
1716766362435,paho816476349996290,topic/queueing,METAVERSE,258
1716766362435,paho816476349782383,topic/security,METAVERSE,3163
1716766362475,paho816476349782383,topic/security,METAVERSE,3187
1716766362475,paho816476349782383,topic/security,METAVERSE,3134
1716766362475,paho816476349782383,topic/security,METAVERSE,3087
1716766362476,paho816476349782383,topic/security,METAVERSE,2817
1716766362481,paho816476349996290,topic/occupancy,METAVERSE,2822
1716766362531,paho816476349782383,topic/security,METAVERSE,2644
1716766362630,paho816476350194220,topic/c/lighting,METAVERSE,31
1716766362632,paho816476349085937,topic/c/lighting,METAVERSE,33
1716766362633,paho816476349782383,topic/security,METAVERSE,2678
1716766362733,paho816476349782383,topic/security,METAVERSE,2666
1716766362784,paho816476349782383,topic/security,METAVERSE,2685
1716766362824,paho816476349782383,topic/security,METAVERSE,2629
1716766362824,paho816476349782383,topic/security,METAVERSE,2543
1716766362824,paho816476349782383,topic/security,METAVERSE,2511
1716766362824,paho816476349782383,topic/security,METAVERSE,2492
1716766362824,paho816476349782383,topic/security,METAVERSE,2413
1716766362824,paho816476349782383,topic/security,METAVERSE,2291
1716766362824,paho816476349782383,topic/security,METAVERSE,2193
1716766362824,paho816476349782383,topic/security,METAVERSE,2137
1716766362835,paho816476349782383,topic/security,METAVERSE,1941
1716766362835,paho816476349782383,topic/security,METAVERSE,1816
1716766362835,paho816476350357622,topic/maintenance,METAVERSE,984
1716766362887,paho816476349782383,topic/security,METAVERSE,1686
1716766362887,paho816476349782383,topic/security,METAVERSE,1644
1716766362887,paho816476349782383,topic/security,METAVERSE,1616
1716766362902,paho816476349085937,topic/s/rfid,METAVERSE,5
1716766362905,paho816476349085937,topic/s/noise,METAVERSE,8
1716766362911,paho816476349085937,topic/e/noise,METAVERSE,12
1716766362931,paho816476349996290,topic/occupancy,METAVERSE,3044
1716766362980,paho816476349782383,topic/security,METAVERSE,1661
1716766362984,paho816476349996290,topic/queueing,METAVERSE,87
1716766363020,paho816476350194220,topic/c/lighting,METAVERSE,5
1716766363021,paho816476349085937,topic/c/lighting,METAVERSE,6
1716766363092,paho816476350357622,topic/maintenance,METAVERSE,977
1716766363181,paho816476349782383,topic/security,METAVERSE,1826
1716766363200,paho816476349085937,topic/v/noise,METAVERSE,12
1716766363212,paho816476349085937,topic/g/noise,METAVERSE,21
1716766363223,paho816476349085937,topic/c/rfid,METAVERSE,4
1716766363243,paho816476349085937,topic/c/noise,METAVERSE,5
1716766363281,paho816476350194220,topic/b/lighting,METAVERSE,5
1716766363282,paho816476349085937,topic/b/lighting,METAVERSE,6
1716766363285,paho816476349782383,topic/security,METAVERSE,1818
1716766363285,paho816476349782383,topic/security,METAVERSE,1622
1716766363285,paho816476349996290,topic/queueing,METAVERSE,66
1716766363285,paho816476350357622,topic/maintenance,METAVERSE,1091
1716766363310,paho816476350194220,topic/v/lighting,METAVERSE,5
1716766363312,paho816476349085937,topic/v/lighting,METAVERSE,7
1716766363432,paho816476349782383,topic/security,METAVERSE,1476
1716766363448,paho816476349085937,topic/b/noise,METAVERSE,5
1716766363482,paho816476349782383,topic/security,METAVERSE,1471
1716766363484,paho816476350357622,topic/maintenance,METAVERSE,1113
1716766363522,paho816476349085937,topic/b/noise,METAVERSE,6
1716766363523,paho816476349782383,topic/security,METAVERSE,1360
1716766363523,paho816476349782383,topic/security,METAVERSE,1320
1716766363535,paho816476350357622,topic/maintenance,METAVERSE,711
1716766363551,paho816476349085937,topic/g/rfid,METAVERSE,15
1716766363572,paho816476349085937,topic/b/noise,METAVERSE,5
1716766363583,paho816476349782383,topic/security,METAVERSE,1366
1716766363583,paho816476350357622,topic/maintenance,METAVERSE,686
1716766363588,paho816476350194220,topic/s/lighting,METAVERSE,5
1716766363589,paho816476349085937,topic/s/lighting,METAVERSE,6
1716766363639,paho816476349996290,topic/occupancy,METAVERSE,3540
1716766363659,paho816476349085937,topic/e/noise,METAVERSE,4
1716766363686,paho816476349782383,topic/security,METAVERSE,1364
1716766363735,paho816476349996290,topic/queueing,METAVERSE,199
1716766363780,paho816476350357622,topic/maintenance,METAVERSE,881
1716766363837,paho816476349782383,topic/security,METAVERSE,1514
1716766363880,paho816476349782383,topic/security,METAVERSE,1537
1716766363882,paho816476349782383,topic/security,METAVERSE,1335
1716766363884,paho816476349782383,topic/security,METAVERSE,1193
1716766363933,paho816476349782383,topic/security,METAVERSE,1206
1716766363934,paho816476349782383,topic/security,METAVERSE,947
1716766363934,paho816476350357622,topic/maintenance,METAVERSE,803
1716766363935,paho816476349782383,topic/security,METAVERSE,876
1716766363936,paho816476349782383,topic/security,METAVERSE,681
1716766364035,paho816476350357622,topic/maintenance,METAVERSE,847
1716766364085,paho816476350357622,topic/maintenance,METAVERSE,894
1716766364132,paho816476349996290,topic/occupancy,METAVERSE,3937
1716766364134,paho816476349782383,topic/security,METAVERSE,776
1716766364143,paho816476349085937,topic/s/lighting,METAVERSE,4
1716766364144,paho816476350194220,topic/s/lighting,METAVERSE,5
1716766364147,paho816476350194220,topic/b/lighting,METAVERSE,30
1716766364148,paho816476349085937,topic/b/lighting,METAVERSE,31
1716766364175,paho816476349782383,topic/security,METAVERSE,764
1716766364175,paho816476349782383,topic/security,METAVERSE,746
1716766364235,paho816476350357622,topic/maintenance,METAVERSE,997
1716766364271,paho816476350357622,topic/maintenance,METAVERSE,828
1716766364281,paho816476349782383,topic/security,METAVERSE,714
1716766364282,paho816476349782383,topic/security,METAVERSE,616
1716766364332,paho816476350357622,topic/maintenance,METAVERSE,816
1716766364380,paho816476349782383,topic/security,METAVERSE,423
1716766364432,paho816476349782383,topic/security,METAVERSE,354
1716766364475,paho816476350194220,topic/b/lighting,METAVERSE,4
1716766364477,paho816476349085937,topic/b/lighting,METAVERSE,6
1716766364480,paho816476349782383,topic/security,METAVERSE,273
1716766364533,paho816476350357622,topic/maintenance,METAVERSE,966
1716766364534,paho816476349782383,topic/security,METAVERSE,252
1716766364534,paho816476349782383,topic/security,METAVERSE,243
1716766364581,paho816476349782383,topic/security,METAVERSE,295
1716766364600,paho816476349085937,topic/g/rfid,METAVERSE,5
1716766364623,paho816476349782383,topic/security,METAVERSE,228
1716766364623,paho816476349782383,topic/security,METAVERSE,236
1716766364623,paho816476349782383,topic/security,METAVERSE,77
1716766364634,paho816476349996290,topic/occupancy,METAVERSE,4353
1716766364635,paho816476350357622,topic/maintenance,METAVERSE,980
1716766364635,paho816476349996290,topic/queueing,METAVERSE,40
1716766364651,paho816476349085937,topic/s/noise,METAVERSE,9
1716766364680,paho816476349782383,topic/security,METAVERSE,57
1716766364683,paho816476350357622,topic/maintenance,METAVERSE,964
1716766364707,paho816476350194220,topic/d/lighting,METAVERSE,40
1716766364708,paho816476349085937,topic/d/lighting,METAVERSE,41
1716766364730,paho816476350357622,topic/maintenance,METAVERSE,999
1716766364779,paho816476349782383,topic/security,METAVERSE,33
1716766364780,paho816476350357622,topic/maintenance,METAVERSE,1009
1716766364796,paho816476350194220,topic/g/lighting,METAVERSE,21
1716766364797,paho816476349085937,topic/g/lighting,METAVERSE,22
1716766364809,paho816476349782383,topic/security,METAVERSE,47
1716766364833,paho816476350357622,topic/maintenance,METAVERSE,780
1716766364879,paho816476350357622,topic/maintenance,METAVERSE,772
1716766364880,paho816476350357622,topic/maintenance,METAVERSE,271
1716766364934,paho816476349782383,topic/security,METAVERSE,47
1716766364934,paho816476350357622,topic/maintenance,METAVERSE,292
1716766365068,paho816476349782383,topic/security,METAVERSE,21
1716766365144,paho816476349782383,topic/security,METAVERSE,39
1716766365180,paho816476350357622,topic/maintenance,METAVERSE,166
1716766365188,paho816476349996290,topic/occupancy,METAVERSE,4655
1716766365197,paho816476349085937,topic/d/noise,METAVERSE,10
1716766365233,paho816476349782383,topic/security,METAVERSE,46
1716766365332,paho816476349782383,topic/security,METAVERSE,70
1716766365335,paho816476349782383,topic/security,METAVERSE,40
1716766365384,paho816476350357622,topic/maintenance,METAVERSE,337
1716766365431,paho816476349782383,topic/security,METAVERSE,28
1716766365431,paho816476350357622,topic/maintenance,METAVERSE,340
1716766365487,paho816476350357622,topic/maintenance,METAVERSE,300
1716766365504,paho816476349782383,topic/security,METAVERSE,17
1716766365608,paho816476349996290,topic/queueing,METAVERSE,9
1716766365606,paho816476349085937,topic/g/rfid,METAVERSE,7
1716766365632,paho816476349996290,topic/occupancy,METAVERSE,5001
1716766365634,paho816476350357622,topic/maintenance,METAVERSE,439
1716766365639,paho816476350194220,topic/d/lighting,METAVERSE,29
1716766365642,paho816476349085937,topic/d/lighting,METAVERSE,32
1716766365684,paho816476349782383,topic/security,METAVERSE,13
1716766365691,paho816476350194220,topic/g/lighting,METAVERSE,20
1716766365692,paho816476349085937,topic/g/lighting,METAVERSE,21
1716766365713,paho816476350194220,topic/e/lighting,METAVERSE,22
1716766365715,paho816476349085937,topic/e/lighting,METAVERSE,24
1716766365730,paho816476350194220,topic/e/lighting,METAVERSE,8
1716766365732,paho816476349085937,topic/e/lighting,METAVERSE,10
1716766365733,paho816476349782383,topic/security,METAVERSE,62
1716766365855,paho816476349085937,topic/d/rfid,METAVERSE,84
1716766365856,paho816476349996290,topic/queueing,METAVERSE,85
1716766365876,paho816476349085937,topic/d/noise,METAVERSE,105
1716766365932,paho816476350357622,topic/maintenance,METAVERSE,632
1716766365982,paho816476350357622,topic/maintenance,METAVERSE,687
1716766365995,paho816476349782383,topic/security,METAVERSE,8
1716766366084,paho816476349782383,topic/security,METAVERSE,77
1716766366084,paho816476350357622,topic/maintenance,METAVERSE,504
1716766366085,paho816476350357622,topic/maintenance,METAVERSE,274
1716766366127,paho816476349782383,topic/security,METAVERSE,107
1716766366135,paho816476350357622,topic/maintenance,METAVERSE,364
1716766366233,paho816476349996290,topic/occupancy,METAVERSE,5546
1716766366297,paho816476349782383,topic/security,METAVERSE,54
1716766366376,paho816476349782383,topic/security,METAVERSE,41
1716766366483,paho816476349782383,topic/security,METAVERSE,77
1716766366483,paho816476349996290,topic/occupancy,METAVERSE,5589
1716766366483,paho816476349782383,topic/security,METAVERSE,52
1716766366635,paho816476349996290,topic/occupancy,METAVERSE,5576
1716766366682,paho816476349782383,topic/security,METAVERSE,7
1716766366732,paho816476349782383,topic/security,METAVERSE,49
1716766366795,paho816476349782383,topic/security,METAVERSE,32
1716766366827,paho816476349782383,topic/security,METAVERSE,12
1716766366836,paho816476349996290,topic/occupancy,METAVERSE,5635
1716766366930,paho816476349085937,topic/g/noise,METAVERSE,14
1716766366981,paho816476350357622,topic/maintenance,METAVERSE,65
1716766367033,paho816476350357622,topic/maintenance,METAVERSE,99
1716766367156,paho816476349782383,topic/security,METAVERSE,27
1716766367180,paho816476349782383,topic/security,METAVERSE,21
1716766367182,paho816476349996290,topic/occupancy,METAVERSE,5827
1716766367230,paho816476349782383,topic/security,METAVERSE,23
1716766367332,paho816476349782383,topic/security,METAVERSE,33
1716766367337,paho816476349782383,topic/security,METAVERSE,30
1716766367353,paho816476349085937,topic/b/lighting,METAVERSE,18
1716766367354,paho816476349782383,topic/security,METAVERSE,16
1716766367354,paho816476350194220,topic/b/lighting,METAVERSE,19
1716766367399,paho816476350194220,topic/b/lighting,METAVERSE,28
1716766367400,paho816476349085937,topic/b/lighting,METAVERSE,29
1716766367427,paho816476349085937,topic/b/noise,METAVERSE,12
1716766367432,paho816476350357622,topic/maintenance,METAVERSE,144
1716766367443,paho816476349782383,topic/security,METAVERSE,11
1716766367534,paho816476350357622,topic/maintenance,METAVERSE,203
1716766367606,paho816476349782383,topic/security,METAVERSE,15
1716766367637,paho816476350357622,topic/maintenance,METAVERSE,222
1716766367683,paho816476350194220,topic/c/lighting,METAVERSE,36
1716766367684,paho816476349085937,topic/c/lighting,METAVERSE,37
1716766367695,paho816476349782383,topic/security,METAVERSE,7
1716766367733,paho816476349782383,topic/security,METAVERSE,38
1716766367782,paho816476349996290,topic/occupancy,METAVERSE,6119
1716766367927,paho816476349085937,topic/s/noise,METAVERSE,5
1716766367931,paho816476349085937,topic/e/noise,METAVERSE,4
1716766367981,paho816476350357622,topic/maintenance,METAVERSE,114
1716766368052,paho816476350194220,topic/c/lighting,METAVERSE,5
1716766368052,paho816476349085937,topic/c/lighting,METAVERSE,5
1716766368131,paho816476349782383,topic/security,METAVERSE,79
1716766368131,paho816476349782383,topic/security,METAVERSE,24
1716766368132,paho816476350357622,topic/maintenance,METAVERSE,210
1716766368152,paho816476349085937,topic/e/rfid,METAVERSE,5
1716766368154,paho816476349996290,topic/queueing,METAVERSE,7
1716766368180,paho816476350357622,topic/maintenance,METAVERSE,253
1716766368233,paho816476349996290,topic/occupancy,METAVERSE,6277
1716766368235,paho816476349085937,topic/g/noise,METAVERSE,8
1716766368245,paho816476349782383,topic/security,METAVERSE,10
1716766368247,paho816476349085937,topic/c/noise,METAVERSE,8
1716766368318,paho816476349085937,topic/v/noise,METAVERSE,59
1716766368344,paho816476350194220,topic/v/lighting,METAVERSE,13
1716766368344,paho816476349085937,topic/v/lighting,METAVERSE,13
1716766368347,paho816476349782383,topic/security,METAVERSE,32
1716766368355,paho816476350194220,topic/b/lighting,METAVERSE,55
1716766368355,paho816476349085937,topic/b/lighting,METAVERSE,55
1716766368400,paho816476349782383,topic/security,METAVERSE,6
1716766368432,paho816476349782383,topic/security,METAVERSE,41
1716766368480,paho816476349782383,topic/security,METAVERSE,45
1716766368521,paho816476349085937,topic/b/noise,METAVERSE,4
1716766368523,paho816476349782383,topic/security,METAVERSE,71
1716766368543,paho816476349085937,topic/b/noise,METAVERSE,27
1716766368587,paho816476350357622,topic/maintenance,METAVERSE,440
1716766368591,paho816476350194220,topic/s/lighting,METAVERSE,5
1716766368592,paho816476349085937,topic/s/lighting,METAVERSE,6
1716766368639,paho816476349085937,topic/b/noise,METAVERSE,8
1716766368682,paho816476350357622,topic/maintenance,METAVERSE,478
1716766368691,paho816476349085937,topic/e/noise,METAVERSE,4
1716766368717,paho816476349782383,topic/security,METAVERSE,6
1716766368732,paho816476350357622,topic/maintenance,METAVERSE,505
1716766368824,paho816476349782383,topic/security,METAVERSE,13
1716766368880,paho816476350357622,topic/maintenance,METAVERSE,641
1716766368890,paho816476349782383,topic/security,METAVERSE,22
1716766368932,paho816476350357622,topic/maintenance,METAVERSE,673
1716766368980,paho816476349996290,topic/occupancy,METAVERSE,6865
1716766369088,paho816476350357622,topic/maintenance,METAVERSE,571
1716766369136,paho816476350357622,topic/maintenance,METAVERSE,620
1716766369148,paho816476350194220,topic/s/lighting,METAVERSE,5
1716766369148,paho816476349085937,topic/s/lighting,METAVERSE,5
1716766369182,paho816476350357622,topic/maintenance,METAVERSE,551
1716766369183,paho816476350357622,topic/maintenance,METAVERSE,496
1716766369194,paho816476350194220,topic/b/lighting,METAVERSE,27
1716766369194,paho816476349085937,topic/b/lighting,METAVERSE,27
1716766369225,paho816476349782383,topic/security,METAVERSE,20
1716766369231,paho816476350357622,topic/maintenance,METAVERSE,532
1716766369292,paho816476349782383,topic/security,METAVERSE,33
1716766369344,paho816476349782383,topic/security,METAVERSE,9
1716766369380,paho816476350357622,topic/maintenance,METAVERSE,77
1716766369401,paho816476349782383,topic/security,METAVERSE,46
1716766369424,paho816476349782383,topic/security,METAVERSE,41
1716766369432,paho816476349996290,topic/occupancy,METAVERSE,7255
1716766369437,paho816476349782383,topic/security,METAVERSE,6
1716766369535,paho816476349782383,topic/security,METAVERSE,60
1716766369546,paho816476350194220,topic/b/lighting,METAVERSE,7
1716766369547,paho816476349085937,topic/b/lighting,METAVERSE,8
1716766369619,paho816476349782383,topic/security,METAVERSE,24
1716766369630,paho816476349996290,topic/occupancy,METAVERSE,7427
1716766369637,paho816476349782383,topic/security,METAVERSE,14
1716766369681,paho816476350357622,topic/maintenance,METAVERSE,139
1716766369697,paho816476349085937,topic/s/noise,METAVERSE,34
1716766369712,paho816476349782383,topic/security,METAVERSE,9
1716766369733,paho816476349782383,topic/security,METAVERSE,18
1716766369759,paho816476350194220,topic/d/lighting,METAVERSE,8
1716766369760,paho816476349085937,topic/d/lighting,METAVERSE,9
1716766369782,paho816476350357622,topic/maintenance,METAVERSE,119
1716766369834,paho816476350357622,topic/maintenance,METAVERSE,98
1716766369837,paho816476350194220,topic/g/lighting,METAVERSE,14
1716766369837,paho816476349085937,topic/g/lighting,METAVERSE,14
1716766369917,paho816476349085937,topic/s/rfid,METAVERSE,4
1716766369923,paho816476349996290,topic/queueing,METAVERSE,10
1716766369934,paho816476350357622,topic/maintenance,METAVERSE,29
1716766370032,paho816476349782383,topic/security,METAVERSE,53
1716766370036,paho816476350357622,topic/maintenance,METAVERSE,109
1716766370125,paho816476349782383,topic/security,METAVERSE,18
1716766370180,paho816476349996290,topic/occupancy,METAVERSE,7963
1716766370199,paho816476349085937,topic/d/noise,METAVERSE,4
1716766370225,paho816476349782383,topic/security,METAVERSE,22
1716766370283,paho816476350357622,topic/maintenance,METAVERSE,88
1716766370371,paho816476349782383,topic/security,METAVERSE,16
1716766370382,paho816476349996290,topic/occupancy,METAVERSE,8039
1716766370424,paho816476349782383,topic/security,METAVERSE,9
1716766370472,paho816476349782383,topic/security,METAVERSE,21
1716766370495,paho816476349782383,topic/security,METAVERSE,12
1716766370580,paho816476349996290,topic/occupancy,METAVERSE,7889
1716766370589,paho816476349782383,topic/security,METAVERSE,58
1716766370638,paho816476349782383,topic/security,METAVERSE,79
1716766370680,paho816476350357622,topic/maintenance,METAVERSE,98
1716766370695,paho816476350194220,topic/d/lighting,METAVERSE,26
1716766370696,paho816476349085937,topic/d/lighting,METAVERSE,27
1716766370722,paho816476350194220,topic/g/lighting,METAVERSE,19
1716766370723,paho816476349085937,topic/g/lighting,METAVERSE,20
1716766370738,paho816476350357622,topic/maintenance,METAVERSE,19
1716766370738,paho816476349782383,topic/security,METAVERSE,7
1716766370763,paho816476350194220,topic/e/lighting,METAVERSE,16
1716766370763,paho816476349085937,topic/e/lighting,METAVERSE,16
1716766370786,paho816476350194220,topic/e/lighting,METAVERSE,3
1716766370787,paho816476349085937,topic/e/lighting,METAVERSE,4
1716766370800,paho816476349782383,topic/security,METAVERSE,42
1716766370872,paho816476349782383,topic/security,METAVERSE,6
1716766370877,paho816476349085937,topic/d/noise,METAVERSE,5
1716766370883,paho816476349996290,topic/occupancy,METAVERSE,8156
1716766370915,paho816476349782383,topic/security,METAVERSE,6
1716766371034,paho816476350357622,topic/maintenance,METAVERSE,162
1716766371180,paho816476349996290,topic/occupancy,METAVERSE,8283
1716766371220,paho816476349782383,topic/security,METAVERSE,67
1716766371235,paho816476350357622,topic/maintenance,METAVERSE,77
1716766371255,paho816476349782383,topic/security,METAVERSE,9
1716766371330,paho816476349782383,topic/security,METAVERSE,6
1716766371412,paho816476349782383,topic/security,METAVERSE,5
1716766371415,paho816476349782383,topic/security,METAVERSE,12
1716766371468,paho816476349782383,topic/security,METAVERSE,5
1716766371579,paho816476350357622,topic/maintenance,METAVERSE,232
1716766371592,paho816476349782383,topic/security,METAVERSE,5
1716766371631,paho816476349996290,topic/occupancy,METAVERSE,8572
1716766371679,paho816476349996290,topic/occupancy,METAVERSE,8460
1716766371692,paho816476349782383,topic/security,METAVERSE,25
1716766371739,paho816476349782383,topic/security,METAVERSE,7
1716766371780,paho816476349782383,topic/security,METAVERSE,45
1716766371886,paho816476349996290,topic/occupancy,METAVERSE,8631
1716766371886,paho816476350357622,topic/maintenance,METAVERSE,179
1716766371957,paho816476349085937,topic/g/noise,METAVERSE,15
1716766372032,paho816476350357622,topic/maintenance,METAVERSE,93
1716766372116,paho816476349782383,topic/security,METAVERSE,9
1716766372133,paho816476350357622,topic/maintenance,METAVERSE,191
1716766372169,paho816476349782383,topic/security,METAVERSE,12
1716766372331,paho816476349996290,topic/occupancy,METAVERSE,8902
1716766372331,paho816476350357622,topic/maintenance,METAVERSE,196
1716766372412,paho816476349782383,topic/security,METAVERSE,11
1716766372433,paho816476350194220,topic/b/lighting,METAVERSE,6
1716766372434,paho816476349085937,topic/b/lighting,METAVERSE,7
1716766372451,paho816476350194220,topic/b/lighting,METAVERSE,22
1716766372452,paho816476349085937,topic/b/lighting,METAVERSE,23
1716766372467,paho816476349085937,topic/b/noise,METAVERSE,20
1716766372479,paho816476350357622,topic/maintenance,METAVERSE,316
1716766372509,paho816476349782383,topic/security,METAVERSE,18
1716766372531,paho816476350357622,topic/maintenance,METAVERSE,284
1716766372539,paho816476349782383,topic/security,METAVERSE,5
1716766372560,paho816476349782383,topic/security,METAVERSE,25
1716766372585,paho816476350357622,topic/maintenance,METAVERSE,137
1716766372585,paho816476350357622,topic/maintenance,METAVERSE,138
1716766372609,paho816476349782383,topic/security,METAVERSE,6
1716766372716,paho816476350194220,topic/c/lighting,METAVERSE,10
1716766372717,paho816476349085937,topic/c/lighting,METAVERSE,11
1716766372732,paho816476349996290,topic/occupancy,METAVERSE,9196
1716766372744,paho816476349782383,topic/security,METAVERSE,5
1716766372780,paho816476350357622,topic/maintenance,METAVERSE,74
1716766372881,paho816476349782383,topic/security,METAVERSE,6
1716766372927,paho816476349085937,topic/s/noise,METAVERSE,4
1716766372929,paho816476350357622,topic/maintenance,METAVERSE,136
1716766372955,paho816476349085937,topic/e/noise,METAVERSE,8
1716766372981,paho816476349782383,topic/security,METAVERSE,79
1716766372992,paho816476349782383,topic/security,METAVERSE,68
1716766373032,paho816476350357622,topic/maintenance,METAVERSE,153
1716766373035,paho816476349782383,topic/security,METAVERSE,44
1716766373062,paho816476350194220,topic/c/lighting,METAVERSE,11
1716766373063,paho816476349085937,topic/c/lighting,METAVERSE,12
1716766373131,paho816476350357622,topic/maintenance,METAVERSE,208
1716766373167,paho816476349085937,topic/e/rfid,METAVERSE,8
1716766373168,paho816476349996290,topic/queueing,METAVERSE,9
1716766373182,paho816476350357622,topic/maintenance,METAVERSE,235
1716766373182,paho816476350357622,topic/maintenance,METAVERSE,215
1716766373183,paho816476350357622,topic/maintenance,METAVERSE,120
1716766373238,paho816476349782383,topic/security,METAVERSE,6
1716766373267,paho816476349085937,topic/c/noise,METAVERSE,16
1716766373299,paho816476349085937,topic/g/noise,METAVERSE,36
1716766373320,paho816476349085937,topic/v/noise,METAVERSE,8
1716766373331,paho816476350357622,topic/maintenance,METAVERSE,80
1716766373386,paho816476350194220,topic/v/lighting,METAVERSE,11
1716766373386,paho816476349085937,topic/v/lighting,METAVERSE,11
1716766373406,paho816476350194220,topic/b/lighting,METAVERSE,26
1716766373407,paho816476349085937,topic/b/lighting,METAVERSE,27
1716766373428,paho816476349782383,topic/security,METAVERSE,5
1716766373432,paho816476349996290,topic/occupancy,METAVERSE,9766
1716766373445,paho816476349782383,topic/security,METAVERSE,6
1716766373494,paho816476349782383,topic/security,METAVERSE,77
1716766373522,paho816476349085937,topic/b/noise,METAVERSE,5
1716766373532,paho816476350357622,topic/maintenance,METAVERSE,269
1716766373540,paho816476349782383,topic/security,METAVERSE,65
1716766373575,paho816476350357622,topic/maintenance,METAVERSE,280
1716766373591,paho816476350194220,topic/s/lighting,METAVERSE,4
1716766373592,paho816476349085937,topic/s/lighting,METAVERSE,5
1716766373610,paho816476349782383,topic/security,METAVERSE,6
1716766373635,paho816476350357622,topic/maintenance,METAVERSE,323
1716766373644,paho816476349085937,topic/b/noise,METAVERSE,5
1716766373657,paho816476349085937,topic/b/noise,METAVERSE,18
1716766373659,paho816476349782383,topic/security,METAVERSE,8
1716766373682,paho816476349782383,topic/security,METAVERSE,39
1716766373711,paho816476349085937,topic/e/noise,METAVERSE,13
1716766373739,paho816476350357622,topic/maintenance,METAVERSE,383
1716766373749,paho816476349782383,topic/security,METAVERSE,6
1716766373758,paho816476349782383,topic/security,METAVERSE,5
1716766373831,paho816476349782383,topic/security,METAVERSE,78
1716766373907,paho816476349085937,topic/d/rfid,METAVERSE,9
1716766373909,paho816476349996290,topic/queueing,METAVERSE,11
1716766374031,paho816476350357622,topic/maintenance,METAVERSE,629
1716766374136,paho816476350357622,topic/maintenance,METAVERSE,686
1716766374163,paho816476350194220,topic/s/lighting,METAVERSE,10
1716766374164,paho816476349085937,topic/s/lighting,METAVERSE,11
1716766374172,paho816476349782383,topic/security,METAVERSE,8
1716766374220,paho816476350194220,topic/b/lighting,METAVERSE,9
1716766374221,paho816476349085937,topic/b/lighting,METAVERSE,10
1716766374232,paho816476350357622,topic/maintenance,METAVERSE,744
1716766374236,paho816476349085937,topic/c/rfid,METAVERSE,5
1716766374237,paho816476349996290,topic/queueing,METAVERSE,6
1716766374280,paho816476349782383,topic/security,METAVERSE,31
1716766374333,paho816476349782383,topic/security,METAVERSE,90
1716766374333,paho816476350357622,topic/maintenance,METAVERSE,816
1716766374409,paho816476349782383,topic/security,METAVERSE,34
1716766374445,paho816476349782383,topic/security,METAVERSE,6
1716766374535,paho816476350357622,topic/maintenance,METAVERSE,896
1716766374560,paho816476349782383,topic/security,METAVERSE,6
1716766374595,paho816476350194220,topic/b/lighting,METAVERSE,20
1716766374596,paho816476349085937,topic/b/lighting,METAVERSE,21
1716766374631,paho816476349782383,topic/security,METAVERSE,67
1716766374644,paho816476349782383,topic/security,METAVERSE,12
1716766374711,paho816476349782383,topic/security,METAVERSE,16
1716766374733,paho816476350357622,topic/maintenance,METAVERSE,1094
1716766374737,paho816476349085937,topic/s/noise,METAVERSE,14
1716766374765,paho816476349782383,topic/security,METAVERSE,6
1716766374779,paho816476349996290,topic/occupancy,METAVERSE,10822
1716766374781,paho816476350357622,topic/maintenance,METAVERSE,1083
1716766374859,paho816476350194220,topic/d/lighting,METAVERSE,28
1716766374860,paho816476349085937,topic/d/lighting,METAVERSE,29
1716766374873,paho816476350194220,topic/g/lighting,METAVERSE,30
1716766374874,paho816476349085937,topic/g/lighting,METAVERSE,31
1716766374881,paho816476350357622,topic/maintenance,METAVERSE,1142
1716766374885,paho816476349782383,topic/security,METAVERSE,6
1716766374936,paho816476350357622,topic/maintenance,METAVERSE,1144
1716766374936,paho816476350357622,topic/maintenance,METAVERSE,1093
1716766374962,paho816476349782383,topic/security,METAVERSE,5
1716766374982,paho816476350357622,topic/maintenance,METAVERSE,1011
1716766375031,paho816476350357622,topic/maintenance,METAVERSE,1011
1716766375031,paho816476350357622,topic/maintenance,METAVERSE,878
1716766375039,paho816476350357622,topic/maintenance,METAVERSE,874
1716766375039,paho816476350357622,topic/maintenance,METAVERSE,852
1716766375039,paho816476350357622,topic/maintenance,METAVERSE,812
1716766375047,paho816476350357622,topic/maintenance,METAVERSE,761
1716766375055,paho816476350357622,topic/maintenance,METAVERSE,332
1716766375059,paho816476350357622,topic/maintenance,METAVERSE,192
1716766375069,paho816476349782383,topic/security,METAVERSE,6
1716766375201,paho816476349085937,topic/d/noise,METAVERSE,6
1716766375210,paho816476349085937,topic/e/rfid,METAVERSE,11
1716766375211,paho816476349996290,topic/queueing,METAVERSE,12
1716766375235,paho816476350357622,topic/maintenance,METAVERSE,40
1716766375362,paho816476349782383,topic/security,METAVERSE,7
1716766375433,paho816476349996290,topic/occupancy,METAVERSE,11226
1716766375434,paho816476349782383,topic/security,METAVERSE,7
1716766375479,paho816476349782383,topic/security,METAVERSE,28
1716766375581,paho816476350357622,topic/maintenance,METAVERSE,222
1716766375581,paho816476350357622,topic/maintenance,METAVERSE,107
1716766375658,paho816476349782383,topic/security,METAVERSE,6
1716766375735,paho816476349782383,topic/security,METAVERSE,60
1716766375738,paho816476350194220,topic/d/lighting,METAVERSE,17
1716766375738,paho816476349085937,topic/d/lighting,METAVERSE,17
1716766375781,paho816476350357622,topic/maintenance,METAVERSE,94
1716766375781,paho816476349782383,topic/security,METAVERSE,37
1716766375796,paho816476350194220,topic/g/lighting,METAVERSE,16
1716766375796,paho816476349085937,topic/g/lighting,METAVERSE,16
1716766375831,paho816476350194220,topic/e/lighting,METAVERSE,20
1716766375832,paho816476349085937,topic/e/lighting,METAVERSE,21
1716766375838,paho816476350194220,topic/e/lighting,METAVERSE,11
1716766375838,paho816476349085937,topic/e/lighting,METAVERSE,11
1716766375879,paho816476349085937,topic/d/noise,METAVERSE,4
1716766375883,paho816476349782383,topic/security,METAVERSE,108
1716766375883,paho816476350357622,topic/maintenance,METAVERSE,135
1716766375923,paho816476349782383,topic/security,METAVERSE,132
1716766376016,paho816476349782383,topic/security,METAVERSE,26
1716766376081,paho816476349996290,topic/occupancy,METAVERSE,11799
1716766376083,paho816476350357622,topic/maintenance,METAVERSE,332
1716766376087,paho816476350357622,topic/maintenance,METAVERSE,300
1716766376135,paho816476350357622,topic/maintenance,METAVERSE,260
1716766376187,paho816476350357622,topic/maintenance,METAVERSE,260
1716766376209,paho816476349782383,topic/security,METAVERSE,6
1716766376281,paho816476349782383,topic/security,METAVERSE,6
1716766376334,paho816476350357622,topic/maintenance,METAVERSE,377
1716766376381,paho816476350357622,topic/maintenance,METAVERSE,398
1716766376383,paho816476350357622,topic/maintenance,METAVERSE,396
1716766376460,paho816476349782383,topic/security,METAVERSE,5
1716766376524,paho816476349782383,topic/security,METAVERSE,13
1716766376560,paho816476349782383,topic/security,METAVERSE,5
1716766376580,paho816476350357622,topic/maintenance,METAVERSE,105
1716766376603,paho816476349782383,topic/security,METAVERSE,12
1716766376680,paho816476350357622,topic/maintenance,METAVERSE,177
1716766376709,paho816476349782383,topic/security,METAVERSE,6
1716766376732,paho816476350357622,topic/maintenance,METAVERSE,145
1716766376782,paho816476349996290,topic/occupancy,METAVERSE,12395
1716766376817,paho816476349782383,topic/security,METAVERSE,6
1716766376897,paho816476349782383,topic/security,METAVERSE,6
1716766376919,paho816476349085937,topic/s/rfid,METAVERSE,5
1716766376930,paho816476349996290,topic/queueing,METAVERSE,16
1716766376960,paho816476349085937,topic/g/noise,METAVERSE,4
1716766376980,paho816476349782383,topic/security,METAVERSE,13
1716766377031,paho816476349782383,topic/security,METAVERSE,16
1716766377031,paho816476349996290,topic/occupancy,METAVERSE,12436
1716766377079,paho816476350357622,topic/maintenance,METAVERSE,123
1716766377083,paho816476350357622,topic/maintenance,METAVERSE,44
1716766377221,paho816476349085937,topic/e/rfid,METAVERSE,4
1716766377222,paho816476349996290,topic/queueing,METAVERSE,5
1716766377280,paho816476349996290,topic/occupancy,METAVERSE,12534
1716766377325,paho816476349782383,topic/security,METAVERSE,6
1716766377331,paho816476350357622,topic/maintenance,METAVERSE,85
1716766377364,paho816476349782383,topic/security,METAVERSE,9
1716766377384,paho816476350357622,topic/maintenance,METAVERSE,109
1716766377431,paho816476350357622,topic/maintenance,METAVERSE,151
1716766377458,paho816476349782383,topic/security,METAVERSE,6
1716766377480,paho816476350194220,topic/b/lighting,METAVERSE,5
1716766377480,paho816476349085937,topic/b/lighting,METAVERSE,5
1716766377481,paho816476349782383,topic/security,METAVERSE,10
1716766377531,paho816476349085937,topic/b/noise,METAVERSE,16
1716766377535,paho816476350357622,topic/maintenance,METAVERSE,171
1716766377535,paho816476350357622,topic/maintenance,METAVERSE,20
1716766377611,paho816476350194220,topic/b/lighting,METAVERSE,44
1716766377611,paho816476349085937,topic/b/lighting,METAVERSE,44
1716766377737,paho816476349782383,topic/security,METAVERSE,30
1716766377737,paho816476349782383,topic/security,METAVERSE,26
1716766377737,paho816476350194220,topic/c/lighting,METAVERSE,10
1716766377739,paho816476349085937,topic/c/lighting,METAVERSE,12
1716766377792,paho816476350357622,topic/maintenance,METAVERSE,49
1716766377885,paho816476349996290,topic/occupancy,METAVERSE,13123
1716766377937,paho816476349085937,topic/s/noise,METAVERSE,6
1716766377986,paho816476349782383,topic/security,METAVERSE,230
1716766377988,paho816476350357622,topic/maintenance,METAVERSE,57
1716766377997,paho816476349085937,topic/e/noise,METAVERSE,34
1716766378027,paho816476349782383,topic/security,METAVERSE,224
1716766378032,paho816476349782383,topic/security,METAVERSE,217
1716766378075,paho816476350194220,topic/c/lighting,METAVERSE,4
1716766378076,paho816476349085937,topic/c/lighting,METAVERSE,5
1716766378183,paho816476350357622,topic/maintenance,METAVERSE,196
1716766378233,paho816476349996290,topic/occupancy,METAVERSE,13128
1716766378249,paho816476349782383,topic/security,METAVERSE,41
1716766378280,paho816476350357622,topic/maintenance,METAVERSE,317
1716766378308,paho816476349085937,topic/c/noise,METAVERSE,41
1716766378319,paho816476349085937,topic/g/noise,METAVERSE,8
1716766378380,paho816476350357622,topic/maintenance,METAVERSE,113
1716766378381,paho816476349085937,topic/v/noise,METAVERSE,18
1716766378420,paho816476350194220,topic/v/lighting,METAVERSE,4
1716766378421,paho816476349085937,topic/v/lighting,METAVERSE,5
1716766378423,paho816476350357622,topic/maintenance,METAVERSE,112
1716766378430,paho816476350357622,topic/maintenance,METAVERSE,67
1716766378459,paho816476350194220,topic/b/lighting,METAVERSE,12
1716766378460,paho816476349085937,topic/b/lighting,METAVERSE,13
1716766378521,paho816476349782383,topic/security,METAVERSE,10
1716766378555,paho816476349085937,topic/b/noise,METAVERSE,4
1716766378583,paho816476349782383,topic/security,METAVERSE,16
1716766378604,paho816476350194220,topic/s/lighting,METAVERSE,13
1716766378605,paho816476349085937,topic/s/lighting,METAVERSE,14
1716766378621,paho816476349782383,topic/security,METAVERSE,6
1716766378658,paho816476349085937,topic/b/noise,METAVERSE,4
1716766378686,paho816476349085937,topic/b/noise,METAVERSE,32
1716766378716,paho816476349782383,topic/security,METAVERSE,8
1716766378735,paho816476350357622,topic/maintenance,METAVERSE,184
1716766378751,paho816476349085937,topic/e/noise,METAVERSE,16
1716766378780,paho816476350357622,topic/maintenance,METAVERSE,185
1716766378823,paho816476350357622,topic/maintenance,METAVERSE,169
1716766378832,paho816476350357622,topic/maintenance,METAVERSE,178
1716766378884,paho816476349782383,topic/security,METAVERSE,65
1716766378884,paho816476349782383,topic/security,METAVERSE,65
1716766378934,paho816476349782383,topic/security,METAVERSE,39
1716766378992,paho816476349782383,topic/security,METAVERSE,5
1716766379133,paho816476350357622,topic/maintenance,METAVERSE,398
1716766379175,paho816476350194220,topic/s/lighting,METAVERSE,4
1716766379176,paho816476349085937,topic/s/lighting,METAVERSE,5
1716766379231,paho816476350357622,topic/maintenance,METAVERSE,460
1716766379232,paho816476350357622,topic/maintenance,METAVERSE,252
1716766379233,paho816476350357622,topic/maintenance,METAVERSE,218
1716766379295,paho816476350194220,topic/b/lighting,METAVERSE,8
1716766379295,paho816476349085937,topic/b/lighting,METAVERSE,8
1716766379309,paho816476349782383,topic/security,METAVERSE,6
1716766379432,paho816476349782383,topic/security,METAVERSE,7
1716766379486,paho816476349782383,topic/security,METAVERSE,4
1716766379567,paho816476349782383,topic/security,METAVERSE,16
1716766379590,paho816476349782383,topic/security,METAVERSE,4
1716766379670,paho816476350194220,topic/b/lighting,METAVERSE,7
1716766379671,paho816476349085937,topic/b/lighting,METAVERSE,8
1716766379724,paho816476349782383,topic/security,METAVERSE,27
1716766379730,paho816476350357622,topic/maintenance,METAVERSE,347
1716766379763,paho816476349782383,topic/security,METAVERSE,12
1716766379782,paho816476349782383,topic/security,METAVERSE,7
1716766379808,paho816476349782383,topic/security,METAVERSE,4
1716766379830,paho816476350357622,topic/maintenance,METAVERSE,287
1716766379846,paho816476349085937,topic/s/noise,METAVERSE,39
1716766379876,paho816476349782383,topic/security,METAVERSE,5
1716766379880,paho816476350357622,topic/maintenance,METAVERSE,285
1716766379906,paho816476350194220,topic/d/lighting,METAVERSE,7
1716766379907,paho816476349085937,topic/d/lighting,METAVERSE,8
1716766379927,paho816476350357622,topic/maintenance,METAVERSE,199
1716766379931,paho816476350357622,topic/maintenance,METAVERSE,124
1716766379940,paho816476349782383,topic/security,METAVERSE,5
1716766379962,paho816476350194220,topic/g/lighting,METAVERSE,11
1716766379963,paho816476349085937,topic/g/lighting,METAVERSE,12
1716766380187,paho816476350357622,topic/maintenance,METAVERSE,192
1716766380207,paho816476349085937,topic/d/noise,METAVERSE,4
1716766380235,paho816476350357622,topic/maintenance,METAVERSE,32
1716766380260,paho816476349782383,topic/security,METAVERSE,5
1716766380365,paho816476349782383,topic/security,METAVERSE,6
1716766380389,paho816476349782383,topic/security,METAVERSE,46
1716766380565,paho816476349782383,topic/security,METAVERSE,6
1716766380580,paho816476350357622,topic/maintenance,METAVERSE,353
1716766380605,paho816476349782383,topic/security,METAVERSE,6
1716766380623,paho816476350357622,topic/maintenance,METAVERSE,370
1716766380631,paho816476349782383,topic/security,METAVERSE,8
1716766380772,paho816476349782383,topic/security,METAVERSE,5
1716766380786,paho816476350194220,topic/d/lighting,METAVERSE,33
1716766380787,paho816476349085937,topic/d/lighting,METAVERSE,34
1716766380818,paho816476350194220,topic/g/lighting,METAVERSE,11
1716766380818,paho816476349085937,topic/g/lighting,METAVERSE,11
1716766380876,paho816476350194220,topic/e/lighting,METAVERSE,5
1716766380876,paho816476349085937,topic/e/lighting,METAVERSE,5
1716766380878,paho816476350194220,topic/e/lighting,METAVERSE,11
1716766380878,paho816476349085937,topic/e/lighting,METAVERSE,11
1716766380884,paho816476349085937,topic/d/noise,METAVERSE,7
1716766380886,paho816476349782383,topic/security,METAVERSE,13
1716766380933,paho816476349782383,topic/security,METAVERSE,37
1716766380959,paho816476349085937,topic/d/rfid,METAVERSE,8
1716766380959,paho816476349996290,topic/queueing,METAVERSE,8
1716766380980,paho816476350357622,topic/maintenance,METAVERSE,103
1716766381022,paho816476349085937,topic/s/rfid,METAVERSE,27
1716766381032,paho816476349782383,topic/security,METAVERSE,44
1716766381032,paho816476349996290,topic/queueing,METAVERSE,37
1716766381083,paho816476350357622,topic/maintenance,METAVERSE,32
1716766381135,paho816476350357622,topic/maintenance,METAVERSE,19
1716766381280,paho816476349782383,topic/security,METAVERSE,53
1716766381334,paho816476350357622,topic/maintenance,METAVERSE,19
1716766381334,paho816476349782383,topic/security,METAVERSE,10
1716766381490,paho816476349782383,topic/security,METAVERSE,5
1716766381580,paho816476350357622,topic/maintenance,METAVERSE,161
1716766381604,paho816476349782383,topic/security,METAVERSE,5
1716766381780,paho816476350357622,topic/maintenance,METAVERSE,177
1716766381796,paho816476349782383,topic/security,METAVERSE,9
1716766381882,paho816476349782383,topic/security,METAVERSE,78
1716766381935,paho816476349782383,topic/security,METAVERSE,88
1716766381935,paho816476349782383,topic/security,METAVERSE,48
1716766381964,paho816476349085937,topic/g/noise,METAVERSE,5
1716766381984,paho816476350357622,topic/maintenance,METAVERSE,117
1716766381984,paho816476349782383,topic/security,METAVERSE,61
1716766382037,paho816476349782383,topic/security,METAVERSE,114
1716766382227,paho816476349085937,topic/e/rfid,METAVERSE,9
1716766382228,paho816476349996290,topic/queueing,METAVERSE,10
1716766382233,paho816476350357622,topic/maintenance,METAVERSE,274
1716766382275,paho816476350357622,topic/maintenance,METAVERSE,264
1716766382287,paho816476349782383,topic/security,METAVERSE,8
1716766382333,paho816476349782383,topic/security,METAVERSE,26
1716766382547,paho816476350194220,topic/b/lighting,METAVERSE,28
1716766382547,paho816476349085937,topic/b/lighting,METAVERSE,28
1716766382589,paho816476349782383,topic/security,METAVERSE,6
1716766382608,paho816476349085937,topic/b/noise,METAVERSE,39
1716766382631,paho816476349782383,topic/security,METAVERSE,7
1716766382637,paho816476349782383,topic/security,METAVERSE,5
1716766382653,paho816476350194220,topic/b/lighting,METAVERSE,18
1716766382653,paho816476349085937,topic/b/lighting,METAVERSE,18
1716766382680,paho816476349782383,topic/security,METAVERSE,56
1716766382752,paho816476349782383,topic/security,METAVERSE,13
1716766382780,paho816476350357622,topic/maintenance,METAVERSE,211
1716766382795,paho816476350194220,topic/c/lighting,METAVERSE,8
1716766382796,paho816476349085937,topic/c/lighting,METAVERSE,9
1716766382804,paho816476349782383,topic/security,METAVERSE,13
1716766382907,paho816476349782383,topic/security,METAVERSE,8
1716766382942,paho816476349085937,topic/s/noise,METAVERSE,5
1716766382947,paho816476350357622,topic/maintenance,METAVERSE,10
1716766383030,paho816476349782383,topic/security,METAVERSE,103
1716766383033,paho816476349085937,topic/e/noise,METAVERSE,34
1716766383071,paho816476349782383,topic/security,METAVERSE,144
1716766383071,paho816476349782383,topic/security,METAVERSE,64
1716766383079,paho816476350194220,topic/c/lighting,METAVERSE,4
1716766383080,paho816476349085937,topic/c/lighting,METAVERSE,5
1716766383081,paho816476350357622,topic/maintenance,METAVERSE,82
1716766383120,paho816476350357622,topic/maintenance,METAVERSE,5
1716766383239,paho816476349085937,topic/c/rfid,METAVERSE,4
1716766383240,paho816476349996290,topic/queueing,METAVERSE,5
1716766383327,paho816476349085937,topic/c/noise,METAVERSE,12
1716766383359,paho816476349085937,topic/g/noise,METAVERSE,28
1716766383404,paho816476349782383,topic/security,METAVERSE,9
1716766383432,paho816476349782383,topic/security,METAVERSE,13
1716766383436,paho816476349085937,topic/v/noise,METAVERSE,17
1716766383479,paho816476350194220,topic/v/lighting,METAVERSE,24
1716766383479,paho816476349085937,topic/v/lighting,METAVERSE,24
1716766383480,paho816476350357622,topic/maintenance,METAVERSE,197
1716766383500,paho816476349782383,topic/security,METAVERSE,14
1716766383503,paho816476350194220,topic/b/lighting,METAVERSE,8
1716766383504,paho816476349085937,topic/b/lighting,METAVERSE,9
1716766383532,paho816476349782383,topic/security,METAVERSE,14
1716766383533,paho816476350357622,topic/maintenance,METAVERSE,218
1716766383582,paho816476350357622,topic/maintenance,METAVERSE,251
1716766383617,paho816476349782383,topic/security,METAVERSE,8
1716766383617,paho816476350194220,topic/s/lighting,METAVERSE,8
1716766383617,paho816476349085937,topic/s/lighting,METAVERSE,8
1716766383631,paho816476349085937,topic/b/noise,METAVERSE,6
1716766383672,paho816476349085937,topic/b/noise,METAVERSE,18
1716766383679,paho816476350357622,topic/maintenance,METAVERSE,252
1716766383737,paho816476349085937,topic/b/noise,METAVERSE,18
1716766383738,paho816476350357622,topic/maintenance,METAVERSE,319
1716766383768,paho816476349782383,topic/security,METAVERSE,5
1716766383790,paho816476349085937,topic/e/noise,METAVERSE,8
1716766383816,paho816476349782383,topic/security,METAVERSE,5
1716766383827,paho816476349782383,topic/security,METAVERSE,7
1716766383884,paho816476349782383,topic/security,METAVERSE,5
1716766383931,paho816476350357622,topic/maintenance,METAVERSE,306
1716766383967,paho816476349782383,topic/security,METAVERSE,8
1716766383981,paho816476349782383,topic/security,METAVERSE,18
1716766384035,paho816476350357622,topic/maintenance,METAVERSE,410
1716766384035,paho816476350357622,topic/maintenance,METAVERSE,408
1716766384035,paho816476349782383,topic/security,METAVERSE,32
1716766384086,paho816476349782383,topic/security,METAVERSE,68
1716766384181,paho816476350194220,topic/s/lighting,METAVERSE,5
1716766384181,paho816476349085937,topic/s/lighting,METAVERSE,5
1716766384182,paho816476350357622,topic/maintenance,METAVERSE,545
1716766384264,paho816476349782383,topic/security,METAVERSE,13
1716766384281,paho816476350357622,topic/maintenance,METAVERSE,627
1716766384285,paho816476349782383,topic/security,METAVERSE,5
1716766384323,paho816476350194220,topic/b/lighting,METAVERSE,12
1716766384324,paho816476349085937,topic/b/lighting,METAVERSE,13
1716766384330,paho816476350357622,topic/maintenance,METAVERSE,611
1716766384330,paho816476350357622,topic/maintenance,METAVERSE,554
1716766384348,paho816476349782383,topic/security,METAVERSE,5
1716766384379,paho816476350357622,topic/maintenance,METAVERSE,597
1716766384383,paho816476350357622,topic/maintenance,METAVERSE,368
1716766384481,paho816476349782383,topic/security,METAVERSE,30
1716766384580,paho816476350357622,topic/maintenance,METAVERSE,413
1716766384592,paho816476349782383,topic/security,METAVERSE,5
1716766384638,paho816476350357622,topic/maintenance,METAVERSE,11
1716766384639,paho816476349782383,topic/security,METAVERSE,4
1716766384684,paho816476349782383,topic/security,METAVERSE,5
1716766384733,paho816476350194220,topic/b/lighting,METAVERSE,14
1716766384734,paho816476349085937,topic/b/lighting,METAVERSE,15
1716766384762,paho816476349782383,topic/security,METAVERSE,5
1716766384845,paho816476349782383,topic/security,METAVERSE,6
1716766384891,paho816476349085937,topic/s/noise,METAVERSE,16
1716766384919,paho816476349782383,topic/security,METAVERSE,5
1716766384963,paho816476350194220,topic/d/lighting,METAVERSE,4
1716766384964,paho816476349085937,topic/d/lighting,METAVERSE,5
1716766384980,paho816476350357622,topic/maintenance,METAVERSE,105
1716766384985,paho816476349782383,topic/security,METAVERSE,5
1716766385034,paho816476349782383,topic/security,METAVERSE,25
1716766385048,paho816476349085937,topic/s/rfid,METAVERSE,5
1716766385049,paho816476349996290,topic/queueing,METAVERSE,6
1716766385063,paho816476350194220,topic/g/lighting,METAVERSE,33
1716766385063,paho816476349085937,topic/g/lighting,METAVERSE,33
1716766385075,paho816476349996290,topic/occupancy,METAVERSE,19813
1716766385075,paho816476349996290,topic/occupancy,METAVERSE,19588
1716766385075,paho816476349996290,topic/occupancy,METAVERSE,19476
1716766385076,paho816476349996290,topic/occupancy,METAVERSE,19405
1716766385076,paho816476349996290,topic/occupancy,METAVERSE,19305
1716766385076,paho816476349996290,topic/occupancy,METAVERSE,19069
1716766385076,paho816476349996290,topic/occupancy,METAVERSE,18833
1716766385076,paho816476349996290,topic/occupancy,METAVERSE,18741
1716766385076,paho816476349996290,topic/occupancy,METAVERSE,18645
1716766385076,paho816476349996290,topic/occupancy,METAVERSE,18313
1716766385076,paho816476349996290,topic/occupancy,METAVERSE,18261
1716766385076,paho816476349996290,topic/occupancy,METAVERSE,17869
1716766385076,paho816476349996290,topic/occupancy,METAVERSE,17769
1716766385076,paho816476349996290,topic/occupancy,METAVERSE,17485
1716766385076,paho816476349996290,topic/occupancy,METAVERSE,17381
1716766385076,paho816476349996290,topic/occupancy,METAVERSE,17024
1716766385076,paho816476349996290,topic/occupancy,METAVERSE,16929
1716766385076,paho816476349996290,topic/occupancy,METAVERSE,16761
1716766385076,paho816476349996290,topic/occupancy,METAVERSE,16685
1716766385076,paho816476349996290,topic/occupancy,METAVERSE,16641
1716766385076,paho816476349996290,topic/occupancy,METAVERSE,16265
1716766385180,paho816476350357622,topic/maintenance,METAVERSE,113
1716766385223,paho816476349085937,topic/d/noise,METAVERSE,8
1716766385335,paho816476349996290,topic/occupancy,METAVERSE,16467
1716766385335,paho816476349782383,topic/security,METAVERSE,27
1716766385335,paho816476350357622,topic/maintenance,METAVERSE,120
1716766385384,paho816476349782383,topic/security,METAVERSE,9
1716766385482,paho816476350357622,topic/maintenance,METAVERSE,21
1716766385528,paho816476349782383,topic/security,METAVERSE,5
1716766385635,paho816476349996290,topic/occupancy,METAVERSE,16376
1716766385640,paho816476349782383,topic/security,METAVERSE,30
1716766385692,paho816476349782383,topic/security,METAVERSE,9
1716766385816,paho816476350194220,topic/d/lighting,METAVERSE,29
1716766385816,paho816476349085937,topic/d/lighting,METAVERSE,29
1716766385846,paho816476350194220,topic/g/lighting,METAVERSE,4
1716766385847,paho816476349085937,topic/g/lighting,METAVERSE,5
1716766385883,paho816476349782383,topic/security,METAVERSE,20
1716766385883,paho816476349782383,topic/security,METAVERSE,20
1716766385903,paho816476349085937,topic/d/noise,METAVERSE,8
1716766385908,paho816476349782383,topic/security,METAVERSE,9
1716766385967,paho816476350194220,topic/e/lighting,METAVERSE,4
1716766385968,paho816476349085937,topic/e/lighting,METAVERSE,5
1716766385983,paho816476350357622,topic/maintenance,METAVERSE,88
1716766385991,paho816476350194220,topic/e/lighting,METAVERSE,15
1716766385991,paho816476349085937,topic/e/lighting,METAVERSE,15
1716766385994,paho816476349782383,topic/security,METAVERSE,11
1716766386101,paho816476349782383,topic/security,METAVERSE,6
1716766386133,paho816476350357622,topic/maintenance,METAVERSE,106
1716766386286,paho816476349782383,topic/security,METAVERSE,5
1716766386431,paho816476349782383,topic/security,METAVERSE,20
1716766386436,paho816476350357622,topic/maintenance,METAVERSE,150
1716766386437,paho816476349782383,topic/security,METAVERSE,6
1716766386482,paho816476350357622,topic/maintenance,METAVERSE,200
1716766386604,paho816476349782383,topic/security,METAVERSE,5
1716766386654,paho816476349782383,topic/security,METAVERSE,5
1716766386715,paho816476349782383,topic/security,METAVERSE,32
1716766386870,paho816476349782383,topic/security,METAVERSE,6
1716766386934,paho816476349782383,topic/security,METAVERSE,7
1716766386971,paho816476349085937,topic/g/noise,METAVERSE,8
1716766386981,paho816476350357622,topic/maintenance,METAVERSE,18
1716766387001,paho816476349782383,topic/security,METAVERSE,6
1716766387084,paho816476349782383,topic/security,METAVERSE,85
1716766387130,paho816476349782383,topic/security,METAVERSE,120
1716766387341,paho816476349782383,topic/security,METAVERSE,14
1716766387557,paho816476349782383,topic/security,METAVERSE,6
1716766387604,paho816476350194220,topic/b/lighting,METAVERSE,35
1716766387604,paho816476349085937,topic/b/lighting,METAVERSE,35
1716766387633,paho816476349085937,topic/b/noise,METAVERSE,6
1716766387644,paho816476349782383,topic/security,METAVERSE,5
1716766387672,paho816476350194220,topic/b/lighting,METAVERSE,27
1716766387673,paho816476349085937,topic/b/lighting,METAVERSE,28
1716766387735,paho816476350357622,topic/maintenance,METAVERSE,269
1716766387808,paho816476350194220,topic/c/lighting,METAVERSE,13
1716766387809,paho816476349085937,topic/c/lighting,METAVERSE,14
1716766387830,paho816476350357622,topic/maintenance,METAVERSE,203
1716766387889,paho816476349782383,topic/security,METAVERSE,6
1716766387933,paho816476349782383,topic/security,METAVERSE,50
1716766387934,paho816476350357622,topic/maintenance,METAVERSE,49
1716766387945,paho816476349782383,topic/security,METAVERSE,34
1716766387952,paho816476349085937,topic/s/noise,METAVERSE,4
1716766387985,paho816476349782383,topic/security,METAVERSE,42
1716766388034,paho816476349782383,topic/security,METAVERSE,35
1716766388067,paho816476349085937,topic/e/noise,METAVERSE,16
1716766388087,paho816476350194220,topic/c/lighting,METAVERSE,4
1716766388088,paho816476349085937,topic/c/lighting,METAVERSE,5
1716766388132,paho816476350357622,topic/maintenance,METAVERSE,184
1716766388230,paho816476350357622,topic/maintenance,METAVERSE,272
1716766388230,paho816476350357622,topic/maintenance,METAVERSE,187
1716766388233,paho816476350357622,topic/maintenance,METAVERSE,182
1716766388276,paho816476349085937,topic/e/rfid,METAVERSE,17
1716766388276,paho816476349996290,topic/queueing,METAVERSE,17
1716766388280,paho816476350357622,topic/maintenance,METAVERSE,177
1716766388289,paho816476349782383,topic/security,METAVERSE,6
1716766388324,paho816476349782383,topic/security,METAVERSE,12
1716766388375,paho816476349085937,topic/c/noise,METAVERSE,8
1716766388380,paho816476350357622,topic/maintenance,METAVERSE,13
1716766388400,paho816476349085937,topic/g/noise,METAVERSE,9
1716766388450,paho816476349085937,topic/v/noise,METAVERSE,17
1716766388530,paho816476350357622,topic/maintenance,METAVERSE,139
1716766388556,paho816476350194220,topic/v/lighting,METAVERSE,23
1716766388556,paho816476349085937,topic/v/lighting,METAVERSE,23
1716766388558,paho816476350194220,topic/b/lighting,METAVERSE,51
1716766388559,paho816476349085937,topic/b/lighting,METAVERSE,52
1716766388579,paho816476350357622,topic/maintenance,METAVERSE,146
1716766388624,paho816476349782383,topic/security,METAVERSE,5
1716766388638,paho816476350194220,topic/s/lighting,METAVERSE,20
1716766388638,paho816476349085937,topic/s/lighting,METAVERSE,20
1716766388655,paho816476349782383,topic/security,METAVERSE,5
1716766388683,paho816476349085937,topic/b/noise,METAVERSE,12
1716766388683,paho816476349085937,topic/b/noise,METAVERSE,8
1716766388696,paho816476349782383,topic/security,METAVERSE,9
1716766388740,paho816476349782383,topic/security,METAVERSE,5
1716766388743,paho816476349085937,topic/b/noise,METAVERSE,5
1716766388797,paho816476349782383,topic/security,METAVERSE,6
1716766388829,paho816476349085937,topic/e/noise,METAVERSE,16
1716766388880,paho816476350357622,topic/maintenance,METAVERSE,209
1716766388883,paho816476350357622,topic/maintenance,METAVERSE,212
1716766388892,paho816476349782383,topic/security,METAVERSE,8
1716766388931,paho816476350357622,topic/maintenance,METAVERSE,256
1716766388935,paho816476349782383,topic/security,METAVERSE,7
1716766388980,paho816476350357622,topic/maintenance,METAVERSE,242
1716766389006,paho816476349782383,topic/security,METAVERSE,7
1716766389031,paho816476350357622,topic/maintenance,METAVERSE,218
1716766389031,paho816476350357622,topic/maintenance,METAVERSE,176
1716766389068,paho816476349782383,topic/security,METAVERSE,57
1716766389136,paho816476350357622,topic/maintenance,METAVERSE,96
1716766389187,paho816476350194220,topic/s/lighting,METAVERSE,7
1716766389187,paho816476349085937,topic/s/lighting,METAVERSE,7
1716766389329,paho816476350194220,topic/b/lighting,METAVERSE,6
1716766389330,paho816476349085937,topic/b/lighting,METAVERSE,7
1716766389437,paho816476349782383,topic/security,METAVERSE,6
1716766389482,paho816476350357622,topic/maintenance,METAVERSE,154
1716766389482,paho816476349782383,topic/security,METAVERSE,35
1716766389552,paho816476349782383,topic/security,METAVERSE,49
1716766389562,paho816476349782383,topic/security,METAVERSE,7
1716766389652,paho816476349782383,topic/security,METAVERSE,5
1716766389683,paho816476350357622,topic/maintenance,METAVERSE,216
1716766389779,paho816476350194220,topic/b/lighting,METAVERSE,20
1716766389780,paho816476349085937,topic/b/lighting,METAVERSE,21
1716766389836,paho816476350357622,topic/maintenance,METAVERSE,129
1716766389890,paho816476349782383,topic/security,METAVERSE,6
1716766389933,paho816476349782383,topic/security,METAVERSE,38
1716766389965,paho816476350194220,topic/d/lighting,METAVERSE,5
1716766389966,paho816476349085937,topic/d/lighting,METAVERSE,6
1716766389968,paho816476349085937,topic/s/noise,METAVERSE,13
1716766389975,paho816476349782383,topic/security,METAVERSE,56
1716766389985,paho816476349782383,topic/security,METAVERSE,6
1716766390033,paho816476349782383,topic/security,METAVERSE,22
1716766390080,paho816476350357622,topic/maintenance,METAVERSE,125
1716766390089,paho816476349782383,topic/security,METAVERSE,71
1716766390099,paho816476349085937,topic/s/rfid,METAVERSE,16
1716766390105,paho816476350194220,topic/g/lighting,METAVERSE,4
1716766390105,paho816476349085937,topic/g/lighting,METAVERSE,4
1716766390137,paho816476349996290,topic/queueing,METAVERSE,54
1716766390183,paho816476350357622,topic/maintenance,METAVERSE,140
1716766390232,paho816476349085937,topic/d/noise,METAVERSE,5
1716766390232,paho816476350357622,topic/maintenance,METAVERSE,113
1716766390280,paho816476350357622,topic/maintenance,METAVERSE,53
1716766390292,paho816476349782383,topic/security,METAVERSE,5
1716766390364,paho816476349782383,topic/security,METAVERSE,6
1716766390625,paho816476349782383,topic/security,METAVERSE,5
1716766390660,paho816476349782383,topic/security,METAVERSE,5
1716766390731,paho816476350357622,topic/maintenance,METAVERSE,64
1716766390748,paho816476349782383,topic/security,METAVERSE,5
1716766390817,paho816476349782383,topic/security,METAVERSE,6
1716766390863,paho816476350194220,topic/d/lighting,METAVERSE,37
1716766390863,paho816476349085937,topic/d/lighting,METAVERSE,37
1716766390938,paho816476349085937,topic/d/noise,METAVERSE,12
1716766390967,paho816476350194220,topic/g/lighting,METAVERSE,20
1716766390967,paho816476349085937,topic/g/lighting,METAVERSE,20
1716766390970,paho816476349782383,topic/security,METAVERSE,7
1716766390972,paho816476349782383,topic/security,METAVERSE,17
1716766390993,paho816476350194220,topic/e/lighting,METAVERSE,5
1716766390994,paho816476349085937,topic/e/lighting,METAVERSE,6
1716766391018,paho816476349782383,topic/security,METAVERSE,6
1716766391069,paho816476349782383,topic/security,METAVERSE,6
1716766391099,paho816476350194220,topic/e/lighting,METAVERSE,21
1716766391100,paho816476349085937,topic/e/lighting,METAVERSE,22
1716766391141,paho816476349085937,topic/s/rfid,METAVERSE,22
1716766391142,paho816476349996290,topic/queueing,METAVERSE,23
1716766391180,paho816476350357622,topic/maintenance,METAVERSE,254
1716766391237,paho816476350357622,topic/maintenance,METAVERSE,167
1716766391328,paho816476349782383,topic/security,METAVERSE,9
1716766391380,paho816476349782383,topic/security,METAVERSE,5
1716766391565,paho816476349782383,topic/security,METAVERSE,6
1716766391591,paho816476350357622,topic/maintenance,METAVERSE,108
1716766391667,paho816476349782383,topic/security,METAVERSE,5
1716766391712,paho816476349782383,topic/security,METAVERSE,5
1716766391799,paho816476349782383,topic/security,METAVERSE,8
1716766391890,paho816476349782383,topic/security,METAVERSE,5
1716766391937,paho816476350357622,topic/maintenance,METAVERSE,225
1716766391941,paho816476349782383,topic/security,METAVERSE,10
1716766391982,paho816476349782383,topic/security,METAVERSE,7
1716766391991,paho816476349085937,topic/g/noise,METAVERSE,5
1716766392007,paho816476349782383,topic/security,METAVERSE,5
1716766392029,paho816476350357622,topic/maintenance,METAVERSE,43
1716766392039,paho816476349782383,topic/security,METAVERSE,9
1716766392133,paho816476350357622,topic/maintenance,METAVERSE,81
1716766392183,paho816476350357622,topic/maintenance,METAVERSE,47
1716766392297,paho816476349782383,topic/security,METAVERSE,6
1716766392449,paho816476349782383,topic/security,METAVERSE,10
1716766392481,paho816476349782383,topic/security,METAVERSE,25
1716766392637,paho816476349782383,topic/security,METAVERSE,6
1716766392656,paho816476350194220,topic/b/lighting,METAVERSE,41
1716766392657,paho816476349085937,topic/b/lighting,METAVERSE,42
1716766392681,paho816476349782383,topic/security,METAVERSE,25
1716766392707,paho816476349085937,topic/b/noise,METAVERSE,36
1716766392749,paho816476349782383,topic/security,METAVERSE,5
1716766392749,paho816476349085937,topic/b/lighting,METAVERSE,14
1716766392751,paho816476350194220,topic/b/lighting,METAVERSE,16
1716766392779,paho816476350357622,topic/maintenance,METAVERSE,564
1716766392838,paho816476350194220,topic/c/lighting,METAVERSE,34
1716766392839,paho816476349085937,topic/c/lighting,METAVERSE,35
1716766392934,paho816476350357622,topic/maintenance,METAVERSE,671
1716766392954,paho816476349085937,topic/s/noise,METAVERSE,4
1716766393008,paho816476349782383,topic/security,METAVERSE,5
1716766393027,paho816476349782383,topic/security,METAVERSE,10
1716766393091,paho816476349085937,topic/e/noise,METAVERSE,4
1716766393123,paho816476350194220,topic/c/lighting,METAVERSE,4
1716766393123,paho816476349085937,topic/c/lighting,METAVERSE,4
1716766393131,paho816476350357622,topic/maintenance,METAVERSE,843
1716766393131,paho816476349782383,topic/security,METAVERSE,78
1716766393175,paho816476349782383,topic/security,METAVERSE,104
1716766393231,paho816476350357622,topic/maintenance,METAVERSE,882
1716766393280,paho816476350357622,topic/maintenance,METAVERSE,813
1716766393280,paho816476350357622,topic/maintenance,METAVERSE,609
1716766393280,paho816476350357622,topic/maintenance,METAVERSE,560
1716766393280,paho816476350357622,topic/maintenance,METAVERSE,445
1716766393281,paho816476350357622,topic/maintenance,METAVERSE,370
1716766393287,paho816476349085937,topic/e/rfid,METAVERSE,4
1716766393290,paho816476349996290,topic/queueing,METAVERSE,7
1716766393331,paho816476350357622,topic/maintenance,METAVERSE,381
1716766393383,paho816476350357622,topic/maintenance,METAVERSE,296
1716766393428,paho816476349085937,topic/c/noise,METAVERSE,21
1716766393451,paho816476349085937,topic/v/noise,METAVERSE,4
1716766393454,paho816476349085937,topic/g/noise,METAVERSE,7
1716766393544,paho816476349782383,topic/security,METAVERSE,9
1716766393572,paho816476349782383,topic/security,METAVERSE,5
1716766393583,paho816476350194220,topic/b/lighting,METAVERSE,15
1716766393583,paho816476349085937,topic/b/lighting,METAVERSE,15
1716766393617,paho816476350194220,topic/v/lighting,METAVERSE,12
1716766393617,paho816476349085937,topic/v/lighting,METAVERSE,12
1716766393643,paho816476350194220,topic/s/lighting,METAVERSE,4
1716766393644,paho816476349085937,topic/s/lighting,METAVERSE,5
1716766393667,paho816476349782383,topic/security,METAVERSE,5
1716766393692,paho816476349085937,topic/b/noise,METAVERSE,16
1716766393694,paho816476349085937,topic/b/noise,METAVERSE,18
1716766393788,paho816476349085937,topic/b/noise,METAVERSE,17
1716766393879,paho816476350357622,topic/maintenance,METAVERSE,552
1716766393904,paho816476349782383,topic/security,METAVERSE,5
1716766393915,paho816476349085937,topic/e/noise,METAVERSE,31
1716766393969,paho816476349782383,topic/security,METAVERSE,6
1716766394009,paho816476349782383,topic/security,METAVERSE,6
1716766394023,paho816476349085937,topic/d/rfid,METAVERSE,16
1716766394027,paho816476349996290,topic/queueing,METAVERSE,20
1716766394082,paho816476349782383,topic/security,METAVERSE,19
1716766394083,paho816476350357622,topic/maintenance,METAVERSE,676
1716766394131,paho816476350357622,topic/maintenance,METAVERSE,684
1716766394187,paho816476350194220,topic/s/lighting,METAVERSE,4
1716766394188,paho816476349085937,topic/s/lighting,METAVERSE,5
1716766394279,paho816476349085937,topic/c/rfid,METAVERSE,5
1716766394282,paho816476349996290,topic/queueing,METAVERSE,8
1716766394300,paho816476349782383,topic/security,METAVERSE,5
1716766394342,paho816476349782383,topic/security,METAVERSE,7
1716766394342,paho816476350194220,topic/b/lighting,METAVERSE,7
1716766394343,paho816476349085937,topic/b/lighting,METAVERSE,8
1716766394387,paho816476349782383,topic/security,METAVERSE,8
1716766394588,paho816476349782383,topic/security,METAVERSE,9
1716766394639,paho816476349782383,topic/security,METAVERSE,7
1716766394652,paho816476349782383,topic/security,METAVERSE,9
1716766394685,paho816476349782383,topic/security,METAVERSE,19
1716766394783,paho816476349782383,topic/security,METAVERSE,56
1716766394785,paho816476350357622,topic/maintenance,METAVERSE,1338
1716766394786,paho816476349782383,topic/security,METAVERSE,33
1716766394788,paho816476350194220,topic/b/lighting,METAVERSE,5
1716766394788,paho816476349085937,topic/b/lighting,METAVERSE,5
1716766394833,paho816476350357622,topic/maintenance,METAVERSE,1349
1716766394929,paho816476350357622,topic/maintenance,METAVERSE,1430
1716766394967,paho816476349085937,topic/s/noise,METAVERSE,4
1716766394980,paho816476350357622,topic/maintenance,METAVERSE,1304
1716766394995,paho816476350194220,topic/d/lighting,METAVERSE,4
1716766394995,paho816476349085937,topic/d/lighting,METAVERSE,4
1716766395013,paho816476349782383,topic/security,METAVERSE,8
1716766395035,paho816476349782383,topic/security,METAVERSE,8
1716766395080,paho816476349782383,topic/security,METAVERSE,53
1716766395086,paho816476349782383,topic/security,METAVERSE,21
1716766395132,paho816476349782383,topic/security,METAVERSE,52
1716766395163,paho816476350194220,topic/g/lighting,METAVERSE,49
1716766395163,paho816476349085937,topic/g/lighting,METAVERSE,49
1716766395231,paho816476349782383,topic/security,METAVERSE,144
1716766395231,paho816476349782383,topic/security,METAVERSE,140
1716766395256,paho816476349085937,topic/d/noise,METAVERSE,5
1716766395331,paho816476350357622,topic/maintenance,METAVERSE,1655
1716766395428,paho816476349782383,topic/security,METAVERSE,5
1716766395431,paho816476350357622,topic/maintenance,METAVERSE,1755
1716766395450,paho816476349782383,topic/security,METAVERSE,6
1716766395530,paho816476349782383,topic/security,METAVERSE,59
1716766395535,paho816476350357622,topic/maintenance,METAVERSE,1759
1716766395536,paho816476350357622,topic/maintenance,METAVERSE,1765
1716766395581,paho816476350357622,topic/maintenance,METAVERSE,1766
1716766395627,paho816476350357622,topic/maintenance,METAVERSE,1736
1716766395627,paho816476350357622,topic/maintenance,METAVERSE,1743
1716766395627,paho816476350357622,topic/maintenance,METAVERSE,1696
1716766395627,paho816476350357622,topic/maintenance,METAVERSE,1592
1716766395629,paho816476350357622,topic/maintenance,METAVERSE,1574
1716766395632,paho816476349782383,topic/security,METAVERSE,64
1716766395679,paho816476350357622,topic/maintenance,METAVERSE,1500
1716766395680,paho816476349782383,topic/security,METAVERSE,13
1716766395730,paho816476350357622,topic/maintenance,METAVERSE,1559
1716766395731,paho816476350357622,topic/maintenance,METAVERSE,1433
1716766395780,paho816476350357622,topic/maintenance,METAVERSE,1077
1716766395809,paho816476350357622,topic/maintenance,METAVERSE,880
1716766395809,paho816476350357622,topic/maintenance,METAVERSE,846
1716766395809,paho816476350357622,topic/maintenance,METAVERSE,558
1716766395883,paho816476350357622,topic/maintenance,METAVERSE,505
1716766395892,paho816476350194220,topic/d/lighting,METAVERSE,5
1716766395892,paho816476349085937,topic/d/lighting,METAVERSE,5
1716766395908,paho816476349782383,topic/security,METAVERSE,5
1716766395956,paho816476349085937,topic/d/noise,METAVERSE,5
1716766395970,paho816476349782383,topic/security,METAVERSE,6
1716766395994,paho816476350194220,topic/e/lighting,METAVERSE,5
1716766395994,paho816476349085937,topic/e/lighting,METAVERSE,5
1716766396010,paho816476350194220,topic/g/lighting,METAVERSE,15
1716766396011,paho816476349085937,topic/g/lighting,METAVERSE,16
1716766396030,paho816476350357622,topic/maintenance,METAVERSE,507
1716766396035,paho816476349782383,topic/security,METAVERSE,10
1716766396083,paho816476349782383,topic/security,METAVERSE,52
1716766396104,paho816476349782383,topic/security,METAVERSE,5
1716766396127,paho816476350194220,topic/e/lighting,METAVERSE,10
1716766396128,paho816476349085937,topic/e/lighting,METAVERSE,11
1716766396131,paho816476350357622,topic/maintenance,METAVERSE,588
1716766396131,paho816476349782383,topic/security,METAVERSE,27
1716766396148,paho816476349782383,topic/security,METAVERSE,5
1716766396171,paho816476350357622,topic/maintenance,METAVERSE,422
1716766396306,paho816476349782383,topic/security,METAVERSE,6
1716766396353,paho816476349782383,topic/security,METAVERSE,6
1716766396431,paho816476350357622,topic/maintenance,METAVERSE,674
1716766396432,paho816476350357622,topic/maintenance,METAVERSE,677
1716766396437,paho816476350357622,topic/maintenance,METAVERSE,630
1716766396439,paho816476350357622,topic/maintenance,METAVERSE,551
1716766396530,paho816476350357622,topic/maintenance,METAVERSE,579
1716766396663,paho816476349782383,topic/security,METAVERSE,8
1716766396681,paho816476349782383,topic/security,METAVERSE,6
1716766396682,paho816476350357622,topic/maintenance,METAVERSE,695
1716766396787,paho816476349782383,topic/security,METAVERSE,6
1716766396818,paho816476349782383,topic/security,METAVERSE,25
1716766396829,paho816476350357622,topic/maintenance,METAVERSE,772
1716766396830,paho816476350357622,topic/maintenance,METAVERSE,751
1716766396830,paho816476350357622,topic/maintenance,METAVERSE,736
1716766396830,paho816476350357622,topic/maintenance,METAVERSE,707
1716766396830,paho816476350357622,topic/maintenance,METAVERSE,511
1716766396992,paho816476349085937,topic/g/noise,METAVERSE,5
1716766397047,paho816476349782383,topic/security,METAVERSE,8
1716766397079,paho816476350357622,topic/maintenance,METAVERSE,92
1716766397093,paho816476349782383,topic/security,METAVERSE,8
1716766397127,paho816476349782383,topic/security,METAVERSE,18
1716766397176,paho816476349782383,topic/security,METAVERSE,5
1716766397181,paho816476350357622,topic/maintenance,METAVERSE,88
1716766397299,paho816476349085937,topic/e/rfid,METAVERSE,4
1716766397302,paho816476349996290,topic/queueing,METAVERSE,7
1716766397357,paho816476349782383,topic/security,METAVERSE,6
1716766397379,paho816476350357622,topic/maintenance,METAVERSE,77
1716766397435,paho816476350357622,topic/maintenance,METAVERSE,133
1716766397583,paho816476350357622,topic/maintenance,METAVERSE,53
1716766397592,paho816476349782383,topic/security,METAVERSE,5
1716766397680,paho816476349782383,topic/security,METAVERSE,5
1716766397725,paho816476349085937,topic/b/noise,METAVERSE,6
1716766397736,paho816476349782383,topic/security,METAVERSE,5
1716766397743,paho816476350194220,topic/b/lighting,METAVERSE,11
1716766397743,paho816476349085937,topic/b/lighting,METAVERSE,11
1716766397779,paho816476350357622,topic/maintenance,METAVERSE,60
1716766397807,paho816476350194220,topic/b/lighting,METAVERSE,8
1716766397807,paho816476349085937,topic/b/lighting,METAVERSE,8
1716766397902,paho816476350194220,topic/c/lighting,METAVERSE,39
1716766397902,paho816476349085937,topic/c/lighting,METAVERSE,39
1716766397919,paho816476349782383,topic/security,METAVERSE,6
1716766397955,paho816476349085937,topic/s/noise,METAVERSE,5
1716766397976,paho816476349782383,topic/security,METAVERSE,5
1716766398045,paho816476349782383,topic/security,METAVERSE,6
1716766398131,paho816476349085937,topic/e/noise,METAVERSE,9
1716766398133,paho816476350357622,topic/maintenance,METAVERSE,183
1716766398137,paho816476350194220,topic/c/lighting,METAVERSE,14
1716766398138,paho816476349085937,topic/c/lighting,METAVERSE,15
1716766398184,paho816476349782383,topic/security,METAVERSE,12
1716766398324,paho816476349782383,topic/security,METAVERSE,5
1716766398382,paho816476350357622,topic/maintenance,METAVERSE,283
1716766398460,paho816476349782383,topic/security,METAVERSE,15
1716766398480,paho816476349085937,topic/v/noise,METAVERSE,5
1716766398481,paho816476349782383,topic/security,METAVERSE,6
1716766398497,paho816476349085937,topic/c/noise,METAVERSE,30
1716766398531,paho816476350357622,topic/maintenance,METAVERSE,410
1716766398551,paho816476349085937,topic/g/noise,METAVERSE,20
1716766398619,paho816476350194220,topic/b/lighting,METAVERSE,5
1716766398619,paho816476349085937,topic/b/lighting,METAVERSE,5
1716766398631,paho816476350357622,topic/maintenance,METAVERSE,509
1716766398659,paho816476350194220,topic/v/lighting,METAVERSE,16
1716766398659,paho816476349085937,topic/v/lighting,METAVERSE,16
1716766398662,paho816476350194220,topic/s/lighting,METAVERSE,7
1716766398663,paho816476349085937,topic/s/lighting,METAVERSE,8
1716766398667,paho816476349782383,topic/security,METAVERSE,8
1716766398675,paho816476350357622,topic/maintenance,METAVERSE,360
1716766398683,paho816476350357622,topic/maintenance,METAVERSE,328
1716766398683,paho816476350357622,topic/maintenance,METAVERSE,208
1716766398683,paho816476350357622,topic/maintenance,METAVERSE,216
1716766398684,paho816476350357622,topic/maintenance,METAVERSE,153
1716766398707,paho816476349085937,topic/b/noise,METAVERSE,8
1716766398710,paho816476349085937,topic/b/noise,METAVERSE,11
1716766398776,paho816476349782383,topic/security,METAVERSE,95
1716766398787,paho816476349782383,topic/security,METAVERSE,5
1716766398802,paho816476349782383,topic/security,METAVERSE,5
1716766398819,paho816476349085937,topic/b/noise,METAVERSE,4
1716766399004,paho816476349085937,topic/e/noise,METAVERSE,4
1716766399078,paho816476349782383,topic/security,METAVERSE,11
1716766399086,paho816476350357622,topic/maintenance,METAVERSE,387
1716766399100,paho816476349782383,topic/security,METAVERSE,5
1716766399131,paho816476349782383,topic/security,METAVERSE,6
1716766399132,paho816476350357622,topic/maintenance,METAVERSE,433
1716766399184,paho816476350357622,topic/maintenance,METAVERSE,404
1716766399195,paho816476350194220,topic/s/lighting,METAVERSE,4
1716766399196,paho816476349085937,topic/s/lighting,METAVERSE,5
1716766399221,paho816476349782383,topic/security,METAVERSE,6
1716766399283,paho816476350357622,topic/maintenance,METAVERSE,468
1716766399283,paho816476350357622,topic/maintenance,METAVERSE,283
1716766399331,paho816476350357622,topic/maintenance,METAVERSE,260
1716766399371,paho816476350194220,topic/b/lighting,METAVERSE,4
1716766399372,paho816476349085937,topic/b/lighting,METAVERSE,5
1716766399613,paho816476349782383,topic/security,METAVERSE,6
1716766399627,paho816476349782383,topic/security,METAVERSE,5
1716766399629,paho816476350357622,topic/maintenance,METAVERSE,70
1716766399695,paho816476349782383,topic/security,METAVERSE,19
1716766399839,paho816476350194220,topic/b/lighting,METAVERSE,4
1716766399840,paho816476349085937,topic/b/lighting,METAVERSE,5
1716766399923,paho816476349782383,topic/security,METAVERSE,4
1716766399933,paho816476350357622,topic/maintenance,METAVERSE,21
1716766399981,paho816476349996290,topic/occupancy,METAVERSE,30626
1716766399982,paho816476349996290,topic/occupancy,METAVERSE,30359
1716766399982,paho816476349996290,topic/occupancy,METAVERSE,30279
1716766399982,paho816476349996290,topic/occupancy,METAVERSE,30069
1716766399982,paho816476349996290,topic/occupancy,METAVERSE,29875
1716766399982,paho816476349996290,topic/occupancy,METAVERSE,29627
1716766399982,paho816476349996290,topic/occupancy,METAVERSE,29531
1716766399982,paho816476349996290,topic/occupancy,METAVERSE,29499
1716766399982,paho816476349996290,topic/occupancy,METAVERSE,29116
1716766399982,paho816476349996290,topic/occupancy,METAVERSE,29073
1716766399982,paho816476349996290,topic/occupancy,METAVERSE,28575
1716766399982,paho816476349996290,topic/occupancy,METAVERSE,28579
1716766399982,paho816476349996290,topic/occupancy,METAVERSE,28315
1716766399982,paho816476349996290,topic/occupancy,METAVERSE,28247
1716766399982,paho816476349996290,topic/occupancy,METAVERSE,27825
1716766399982,paho816476349996290,topic/occupancy,METAVERSE,27581
1716766399982,paho816476349996290,topic/occupancy,METAVERSE,27448
1716766399982,paho816476349996290,topic/occupancy,METAVERSE,27447
1716766399982,paho816476349996290,topic/occupancy,METAVERSE,27107
1716766399982,paho816476349996290,topic/occupancy,METAVERSE,27058
1716766399982,paho816476349996290,topic/occupancy,METAVERSE,26823
1716766399982,paho816476349996290,topic/occupancy,METAVERSE,26559
1716766399982,paho816476349996290,topic/occupancy,METAVERSE,26543
1716766399982,paho816476349996290,topic/occupancy,METAVERSE,26239
1716766399982,paho816476349996290,topic/occupancy,METAVERSE,26229
1716766399982,paho816476349996290,topic/occupancy,METAVERSE,26084
1716766399982,paho816476349996290,topic/occupancy,METAVERSE,25818
1716766399982,paho816476349996290,topic/occupancy,METAVERSE,25751
1716766399982,paho816476349996290,topic/occupancy,METAVERSE,25543
1716766399982,paho816476349996290,topic/occupancy,METAVERSE,25428
1716766399982,paho816476349996290,topic/occupancy,METAVERSE,25418
1716766399982,paho816476349996290,topic/occupancy,METAVERSE,25103
1716766399982,paho816476349996290,topic/occupancy,METAVERSE,25025
1716766399982,paho816476349996290,topic/occupancy,METAVERSE,24783
1716766399982,paho816476349996290,topic/occupancy,METAVERSE,24555
1716766399982,paho816476349996290,topic/occupancy,METAVERSE,24531
1716766399982,paho816476349996290,topic/occupancy,METAVERSE,24238
1716766399982,paho816476349996290,topic/occupancy,METAVERSE,24191
1716766399985,paho816476349085937,topic/s/noise,METAVERSE,6
1716766399989,paho816476349782383,topic/security,METAVERSE,6
1716766400014,paho816476350194220,topic/d/lighting,METAVERSE,4
1716766400015,paho816476349085937,topic/d/lighting,METAVERSE,5
1716766400096,paho816476349782383,topic/security,METAVERSE,5
1716766400118,paho816476349782383,topic/security,METAVERSE,7
1716766400132,paho816476350357622,topic/maintenance,METAVERSE,153
1716766400203,paho816476350194220,topic/g/lighting,METAVERSE,4
1716766400203,paho816476349085937,topic/g/lighting,METAVERSE,4
1716766400232,paho816476350357622,topic/maintenance,METAVERSE,193
1716766400238,paho816476349782383,topic/security,METAVERSE,6
1716766400267,paho816476349085937,topic/d/noise,METAVERSE,4
1716766400280,paho816476350357622,topic/maintenance,METAVERSE,157
1716766400281,paho816476349996290,topic/occupancy,METAVERSE,24078
1716766400343,paho816476349782383,topic/security,METAVERSE,18
1716766400353,paho816476349782383,topic/security,METAVERSE,5
1716766400381,paho816476349782383,topic/security,METAVERSE,10
1716766400433,paho816476350357622,topic/maintenance,METAVERSE,170
1716766400686,paho816476349782383,topic/security,METAVERSE,10
1716766400752,paho816476349782383,topic/security,METAVERSE,5
1716766400798,paho816476349782383,topic/security,METAVERSE,6
1716766400800,paho816476349782383,topic/security,METAVERSE,7
1716766400880,paho816476350357622,topic/maintenance,METAVERSE,113
1716766400892,paho816476350194220,topic/d/lighting,METAVERSE,5
1716766400893,paho816476349085937,topic/d/lighting,METAVERSE,6
1716766400933,paho816476350357622,topic/maintenance,METAVERSE,140
1716766401004,paho816476349085937,topic/d/noise,METAVERSE,5
1716766401015,paho816476350194220,topic/g/lighting,METAVERSE,4
1716766401016,paho816476349085937,topic/g/lighting,METAVERSE,5
1716766401036,paho816476350194220,topic/e/lighting,METAVERSE,5
1716766401036,paho816476349085937,topic/e/lighting,METAVERSE,5
1716766401079,paho816476350357622,topic/maintenance,METAVERSE,80
1716766401104,paho816476349782383,topic/security,METAVERSE,13
1716766401134,paho816476349782383,topic/security,METAVERSE,23
1716766401136,paho816476350194220,topic/e/lighting,METAVERSE,4
1716766401136,paho816476349085937,topic/e/lighting,METAVERSE,4
1716766401155,paho816476349085937,topic/s/rfid,METAVERSE,4
1716766401187,paho816476349996290,topic/queueing,METAVERSE,36
1716766401187,paho816476349085937,topic/d/rfid,METAVERSE,83
1716766401187,paho816476349996290,topic/queueing,METAVERSE,83
1716766401234,paho816476349782383,topic/security,METAVERSE,108
1716766401283,paho816476349782383,topic/security,METAVERSE,28
1716766401428,paho816476349782383,topic/security,METAVERSE,9
1716766401460,paho816476349782383,topic/security,METAVERSE,5
1716766401482,paho816476349782383,topic/security,METAVERSE,6
1716766401531,paho816476350357622,topic/maintenance,METAVERSE,96
1716766401624,paho816476349782383,topic/security,METAVERSE,5
1716766401704,paho816476349782383,topic/security,METAVERSE,5
1716766401779,paho816476350357622,topic/maintenance,METAVERSE,216
1716766401832,paho816476349782383,topic/security,METAVERSE,5
1716766401928,paho816476349782383,topic/security,METAVERSE,5
1716766402015,paho816476349085937,topic/g/noise,METAVERSE,8
1716766402016,paho816476349782383,topic/security,METAVERSE,9
1716766402038,paho816476349782383,topic/security,METAVERSE,6
1716766402083,paho816476350357622,topic/maintenance,METAVERSE,76
1716766402116,paho816476349782383,topic/security,METAVERSE,5
1716766402231,paho816476350357622,topic/maintenance,METAVERSE,102
1716766402233,paho816476350357622,topic/maintenance,METAVERSE,86
1716766402261,paho816476349782383,topic/security,METAVERSE,5
1716766402331,paho816476349085937,topic/e/rfid,METAVERSE,4
1716766402335,paho816476349996290,topic/queueing,METAVERSE,8
1716766402361,paho816476349782383,topic/security,METAVERSE,14
1716766402692,paho816476349782383,topic/security,METAVERSE,10
1716766402734,paho816476349085937,topic/b/noise,METAVERSE,5
1716766402752,paho816476349085937,topic/b/lighting,METAVERSE,5
1716766402756,paho816476350194220,topic/b/lighting,METAVERSE,9
1716766402781,paho816476350357622,topic/maintenance,METAVERSE,52
1716766402816,paho816476349782383,topic/security,METAVERSE,5
1716766402823,paho816476349782383,topic/security,METAVERSE,8
1716766402854,paho816476350194220,topic/b/lighting,METAVERSE,4
1716766402855,paho816476349085937,topic/b/lighting,METAVERSE,5
1716766402915,paho816476350194220,topic/c/lighting,METAVERSE,4
1716766402915,paho816476349085937,topic/c/lighting,METAVERSE,4
1716766402979,paho816476349085937,topic/s/noise,METAVERSE,4
1716766402983,paho816476350357622,topic/maintenance,METAVERSE,56
1716766403080,paho816476350357622,topic/maintenance,METAVERSE,105
1716766403130,paho816476349782383,topic/security,METAVERSE,5
1716766403135,paho816476349782383,topic/security,METAVERSE,11
1716766403139,paho816476349085937,topic/e/noise,METAVERSE,4
1716766403170,paho816476349085937,topic/c/lighting,METAVERSE,7
1716766403171,paho816476350194220,topic/c/lighting,METAVERSE,8
1716766403171,paho816476349782383,topic/security,METAVERSE,7
1716766403262,paho816476349782383,topic/security,METAVERSE,6
1716766403287,paho816476350357622,topic/maintenance,METAVERSE,182
1716766403327,paho816476350357622,topic/maintenance,METAVERSE,192
1716766403398,paho816476349782383,topic/security,METAVERSE,5
1716766403495,paho816476349085937,topic/v/noise,METAVERSE,15
1716766403551,paho816476349085937,topic/g/noise,METAVERSE,4
1716766403555,paho816476349085937,topic/c/noise,METAVERSE,12
1716766403577,paho816476349782383,topic/security,METAVERSE,6
1716766403633,paho816476350357622,topic/maintenance,METAVERSE,153
1716766403633,paho816476350357622,topic/maintenance,METAVERSE,86
1716766403633,paho816476350357622,topic/maintenance,METAVERSE,90
1716766403662,paho816476349085937,topic/b/lighting,METAVERSE,7
1716766403663,paho816476350194220,topic/b/lighting,METAVERSE,8
1716766403664,paho816476349782383,topic/security,METAVERSE,5
1716766403685,paho816476350194220,topic/s/lighting,METAVERSE,23
1716766403685,paho816476349085937,topic/s/lighting,METAVERSE,23
1716766403732,paho816476349085937,topic/b/noise,METAVERSE,5
1716766403740,paho816476349085937,topic/b/noise,METAVERSE,5
1716766403747,paho816476349782383,topic/security,METAVERSE,12
1716766403768,paho816476349782383,topic/security,METAVERSE,5
1716766403774,paho816476350194220,topic/v/lighting,METAVERSE,11
1716766403775,paho816476349085937,topic/v/lighting,METAVERSE,12
1716766403785,paho816476350357622,topic/maintenance,METAVERSE,130
1716766403829,paho816476349085937,topic/b/noise,METAVERSE,4
1716766403860,paho816476349782383,topic/security,METAVERSE,19
1716766403933,paho816476350357622,topic/maintenance,METAVERSE,206
1716766403952,paho816476349782383,topic/security,METAVERSE,28
1716766403983,paho816476350357622,topic/maintenance,METAVERSE,248
1716766404017,paho816476349782383,topic/security,METAVERSE,6
1716766404033,paho816476350357622,topic/maintenance,METAVERSE,298
1716766404059,paho816476349085937,topic/e/noise,METAVERSE,4
1716766404135,paho816476350357622,topic/maintenance,METAVERSE,348
1716766404135,paho816476349782383,topic/security,METAVERSE,9
1716766404152,paho816476350357622,topic/maintenance,METAVERSE,327
1716766404165,paho816476349085937,topic/s/rfid,METAVERSE,5
1716766404183,paho816476349996290,topic/queueing,METAVERSE,23
1716766404211,paho816476350194220,topic/s/lighting,METAVERSE,4
1716766404212,paho816476349085937,topic/s/lighting,METAVERSE,5
1716766404230,paho816476350357622,topic/maintenance,METAVERSE,175
1716766404269,paho816476349782383,topic/security,METAVERSE,6
1716766404373,paho816476350194220,topic/b/lighting,METAVERSE,5
1716766404374,paho816476349085937,topic/b/lighting,METAVERSE,6
1716766404382,paho816476350357622,topic/maintenance,METAVERSE,231
1716766404415,paho816476349782383,topic/security,METAVERSE,8
1716766404431,paho816476350357622,topic/maintenance,METAVERSE,244
1716766404464,paho816476349782383,topic/security,METAVERSE,5
1716766404481,paho816476350357622,topic/maintenance,METAVERSE,165
1716766404488,paho816476349782383,topic/security,METAVERSE,5
1716766404532,paho816476350357622,topic/maintenance,METAVERSE,141
1716766404635,paho816476349782383,topic/security,METAVERSE,8
1716766404698,paho816476349782383,topic/security,METAVERSE,5
1716766404831,paho816476349782383,topic/security,METAVERSE,4
1716766404884,paho816476349782383,topic/security,METAVERSE,65
1716766404911,paho816476350194220,topic/b/lighting,METAVERSE,8
1716766404911,paho816476349085937,topic/b/lighting,METAVERSE,8
1716766404931,paho816476350357622,topic/maintenance,METAVERSE,116
1716766404986,paho816476349085937,topic/s/noise,METAVERSE,5
1716766405031,paho816476350194220,topic/d/lighting,METAVERSE,21
1716766405032,paho816476349085937,topic/d/lighting,METAVERSE,22
1716766405033,paho816476350357622,topic/maintenance,METAVERSE,52
1716766405139,paho816476349782383,topic/security,METAVERSE,6
1716766405184,paho816476349782383,topic/security,METAVERSE,33
1716766405198,paho816476349782383,topic/security,METAVERSE,5
1716766405223,paho816476350194220,topic/g/lighting,METAVERSE,4
1716766405223,paho816476349085937,topic/g/lighting,METAVERSE,4
1716766405276,paho816476349782383,topic/security,METAVERSE,5
1716766405319,paho816476349085937,topic/d/noise,METAVERSE,4
1716766405379,paho816476350357622,topic/maintenance,METAVERSE,64
1716766405472,paho816476349782383,topic/security,METAVERSE,13
1716766405673,paho816476349782383,topic/security,METAVERSE,6
1716766405731,paho816476350357622,topic/maintenance,METAVERSE,30
1716766405775,paho816476349782383,topic/security,METAVERSE,16
1716766405893,paho816476350194220,topic/d/lighting,METAVERSE,5
1716766405893,paho816476349085937,topic/d/lighting,METAVERSE,5
1716766405964,paho816476349782383,topic/security,METAVERSE,5
1716766406008,paho816476349085937,topic/d/noise,METAVERSE,5
1716766406024,paho816476350194220,topic/g/lighting,METAVERSE,5
1716766406024,paho816476349085937,topic/g/lighting,METAVERSE,5
1716766406025,paho816476349782383,topic/security,METAVERSE,6
1716766406047,paho816476350194220,topic/e/lighting,METAVERSE,4
1716766406048,paho816476349085937,topic/e/lighting,METAVERSE,5
1716766406081,paho816476350357622,topic/maintenance,METAVERSE,117
1716766406110,paho816476349782383,topic/security,METAVERSE,5
1716766406129,paho816476350357622,topic/maintenance,METAVERSE,126
1716766406159,paho816476350194220,topic/e/lighting,METAVERSE,24
1716766406160,paho816476349085937,topic/e/lighting,METAVERSE,25
1716766406161,paho816476349782383,topic/security,METAVERSE,6
1716766406281,paho816476350357622,topic/maintenance,METAVERSE,121
1716766406288,paho816476349782383,topic/security,METAVERSE,5
1716766406399,paho816476349782383,topic/security,METAVERSE,5
1716766406413,paho816476349782383,topic/security,METAVERSE,5
1716766406439,paho816476349782383,topic/security,METAVERSE,6
1716766406698,paho816476349782383,topic/security,METAVERSE,4
1716766406792,paho816476349782383,topic/security,METAVERSE,9
1716766406835,paho816476349782383,topic/security,METAVERSE,6
1716766406851,paho816476349782383,topic/security,METAVERSE,4
1716766407011,paho816476349782383,topic/security,METAVERSE,6
1716766407037,paho816476349085937,topic/g/noise,METAVERSE,26
1716766407082,paho816476350357622,topic/maintenance,METAVERSE,71
1716766407142,paho816476349782383,topic/security,METAVERSE,5
1716766407188,paho816476349782383,topic/security,METAVERSE,7
1716766407231,paho816476349782383,topic/security,METAVERSE,16
1716766407297,paho816476349782383,topic/security,METAVERSE,6
1716766407472,paho816476349782383,topic/security,METAVERSE,9
1716766407496,paho816476349782383,topic/security,METAVERSE,13
1716766407533,paho816476350357622,topic/maintenance,METAVERSE,98
1716766407684,paho816476349782383,topic/security,METAVERSE,5
1716766407731,paho816476350357622,topic/maintenance,METAVERSE,16
1716766407739,paho816476349085937,topic/b/noise,METAVERSE,4
1716766407780,paho816476350357622,topic/maintenance,METAVERSE,45
1716766407799,paho816476349085937,topic/b/lighting,METAVERSE,33
1716766407800,paho816476350194220,topic/b/lighting,METAVERSE,34
1716766407824,paho816476349782383,topic/security,METAVERSE,17
1716766407836,paho816476349782383,topic/security,METAVERSE,13
1716766407871,paho816476350194220,topic/b/lighting,METAVERSE,8
1716766407871,paho816476349085937,topic/b/lighting,METAVERSE,8
1716766407922,paho816476350194220,topic/c/lighting,METAVERSE,4
1716766407923,paho816476349085937,topic/c/lighting,METAVERSE,5
1716766407972,paho816476349782383,topic/security,METAVERSE,5
1716766407983,paho816476349085937,topic/s/noise,METAVERSE,4
1716766408036,paho816476349782383,topic/security,METAVERSE,5
1716766408130,paho816476350357622,topic/maintenance,METAVERSE,151
1716766408145,paho816476349085937,topic/e/noise,METAVERSE,5
1716766408175,paho816476350194220,topic/c/lighting,METAVERSE,4
1716766408176,paho816476349085937,topic/c/lighting,METAVERSE,5
1716766408182,paho816476350357622,topic/maintenance,METAVERSE,42
1716766408224,paho816476349782383,topic/security,METAVERSE,5
1716766408330,paho816476350357622,topic/maintenance,METAVERSE,179
1716766408479,paho816476350357622,topic/maintenance,METAVERSE,300
1716766408495,paho816476349085937,topic/v/noise,METAVERSE,7
1716766408557,paho816476349085937,topic/c/noise,METAVERSE,5
