1716751221890,paho798262745805015,topic/d/rfid,METAVERSE,206
1716751221923,paho798262745805015,topic/d/rfid,METAVERSE,179
1716751222583,paho798262745805015,topic/c/rfid,METAVERSE,43
1716751222663,paho798262745805015,topic/c/rfid,METAVERSE,25
1716751222887,paho798262745805015,topic/v/rfid,METAVERSE,10
1716751222893,paho798262745805015,topic/v/rfid,METAVERSE,13
1716751222899,paho798262745805015,topic/v/rfid,METAVERSE,16
1716751222930,paho798262745805015,topic/c/lighting,METAVERSE,34
1716751222932,paho798262746963783,topic/c/lighting,METAVERSE,36
1716751223030,paho798262745805015,topic/d/noise,METAVERSE,14
1716751223247,paho798262745805015,topic/v/lighting,METAVERSE,9
1716751223247,paho798262746963783,topic/v/lighting,METAVERSE,9
1716751223297,paho798262745805015,topic/c/lighting,METAVERSE,18
1716751223297,paho798262746963783,topic/c/lighting,METAVERSE,18
1716751223317,paho798262745805015,topic/c/noise,METAVERSE,9
1716751223416,paho798262745805015,topic/v/noise,METAVERSE,37
1716751223500,paho798262745805015,topic/d/noise,METAVERSE,17
1716751223748,paho798262745805015,topic/b/noise,METAVERSE,46
1716751223779,paho798262745805015,topic/d/rfid,METAVERSE,8
1716751223784,paho798262745805015,topic/d/rfid,METAVERSE,12
1716751223961,paho798262745805015,topic/v/rfid,METAVERSE,53
1716751224095,paho798262746963783,topic/d/lighting,METAVERSE,17
1716751224097,paho798262745805015,topic/d/lighting,METAVERSE,19
1716751224631,paho798262745805015,topic/b/noise,METAVERSE,13
1716751225042,paho798262746963783,topic/g/lighting,METAVERSE,10
1716751225044,paho798262745805015,topic/g/lighting,METAVERSE,12
1716751225094,paho798262745805015,topic/s/rfid,METAVERSE,25
1716751225167,paho798262746963783,topic/d/lighting,METAVERSE,35
1716751225167,paho798262745805015,topic/d/lighting,METAVERSE,35
1716751225335,paho798262745805015,topic/g/noise,METAVERSE,26
1716751225422,paho798262746963783,topic/s/lighting,METAVERSE,18
1716751225422,paho798262745805015,topic/s/lighting,METAVERSE,18
1716751225627,paho798262745805015,topic/s/noise,METAVERSE,11
1716751225670,paho798262746963783,topic/s/lighting,METAVERSE,22
1716751225679,paho798262745805015,topic/s/lighting,METAVERSE,31
1716751225718,paho798262745805015,topic/g/noise,METAVERSE,22
1716751225799,paho798262745805015,topic/d/rfid,METAVERSE,19
1716751226160,paho798262745805015,topic/e/noise,METAVERSE,20
1716751226243,paho798262745805015,topic/s/noise,METAVERSE,87
1716751226890,paho798262745805015,topic/g/rfid,METAVERSE,276
1716751226893,paho798262745805015,topic/g/lighting,METAVERSE,22
1716751226893,paho798262746963783,topic/g/lighting,METAVERSE,22
1716751226987,paho798262745805015,topic/v/rfid,METAVERSE,12
1716751226991,paho798262745805015,topic/v/rfid,METAVERSE,11
1716751227632,paho798262745805015,topic/e/rfid,METAVERSE,1096
1716751227652,paho798262746963783,topic/e/lighting,METAVERSE,42
1716751227652,paho798262745805015,topic/e/lighting,METAVERSE,42
1716751227658,paho798262745805015,topic/e/noise,METAVERSE,47
1716751227944,paho798262746963783,topic/c/lighting,METAVERSE,9
1716751227947,paho798262745805015,topic/c/lighting,METAVERSE,12
1716751228051,paho798262746963783,topic/e/lighting,METAVERSE,25
1716751228051,paho798262745805015,topic/e/lighting,METAVERSE,25
1716751228053,paho798262745805015,topic/d/noise,METAVERSE,31
1716751228287,paho798262746963783,topic/v/lighting,METAVERSE,8
1716751228289,paho798262745805015,topic/v/lighting,METAVERSE,10
1716751228317,paho798262745805015,topic/c/noise,METAVERSE,8
1716751228367,paho798262745805015,topic/b/rfid,METAVERSE,32
1716751228370,paho798262745805015,topic/b/noise,METAVERSE,31
1716751228376,paho798262745805015,topic/c/lighting,METAVERSE,33
1716751228378,paho798262746963783,topic/c/lighting,METAVERSE,35
1716751228460,paho798262745805015,topic/v/noise,METAVERSE,40
1716751228509,paho798262745805015,topic/d/noise,METAVERSE,16
1716751228674,paho798262745805015,topic/c/rfid,METAVERSE,15
1716751228707,paho798262746963783,topic/b/lighting,METAVERSE,15
1716751228709,paho798262745805015,topic/b/lighting,METAVERSE,17
1716751228786,paho798262745805015,topic/b/noise,METAVERSE,34
1716751228849,paho798262746963783,topic/b/lighting,METAVERSE,17
1716751228849,paho798262745805015,topic/b/lighting,METAVERSE,17
1716751228959,paho798262746963783,topic/b/lighting,METAVERSE,23
1716751228959,paho798262745805015,topic/b/lighting,METAVERSE,23
1716751229123,paho798262746963783,topic/d/lighting,METAVERSE,12
1716751229123,paho798262745805015,topic/d/lighting,METAVERSE,12
1716751229849,paho798262745805015,topic/b/noise,METAVERSE,9
1716751229873,paho798262745805015,topic/b/noise,METAVERSE,24
1716751229881,paho798262745805015,topic/g/rfid,METAVERSE,10
1716751229897,paho798262746963783,topic/b/lighting,METAVERSE,21
1716751229897,paho798262745805015,topic/b/lighting,METAVERSE,21
1716751230096,paho798262746963783,topic/g/lighting,METAVERSE,9
1716751230099,paho798262745805015,topic/g/lighting,METAVERSE,12
1716751230230,paho798262746963783,topic/d/lighting,METAVERSE,15
1716751230230,paho798262745805015,topic/d/lighting,METAVERSE,15
1716751230351,paho798262745805015,topic/g/noise,METAVERSE,20
1716751230415,paho798262745805015,topic/b/rfid,METAVERSE,64
1716751230434,paho798262746963783,topic/s/lighting,METAVERSE,14
1716751230434,paho798262745805015,topic/s/lighting,METAVERSE,14
1716751230635,paho798262746963783,topic/b/lighting,METAVERSE,44
1716751230637,paho798262745805015,topic/b/lighting,METAVERSE,46
1716751230641,paho798262745805015,topic/s/noise,METAVERSE,12
1716751230725,paho798262745805015,topic/g/noise,METAVERSE,8
1716751230739,paho798262746963783,topic/s/lighting,METAVERSE,52
1716751230739,paho798262745805015,topic/s/lighting,METAVERSE,52
1716751231259,paho798262745805015,topic/e/noise,METAVERSE,28
1716751231334,paho798262745805015,topic/s/noise,METAVERSE,28
1716751231738,paho798262745805015,topic/c/rfid,METAVERSE,31
1716751231904,paho798262745805015,topic/g/lighting,METAVERSE,33
1716751231905,paho798262746963783,topic/g/lighting,METAVERSE,34
1716751232129,paho798262746778935,topic/queueing,METAVERSE,1778
1716751232283,paho798262746778935,topic/queueing,METAVERSE,576
1716751232631,paho798262746963783,topic/e/lighting,METAVERSE,15
1716751232631,paho798262745805015,topic/e/lighting,METAVERSE,15
1716751232635,paho798262745805015,topic/e/noise,METAVERSE,18
1716751232999,paho798262745805015,topic/v/rfid,METAVERSE,8
1716751233024,paho798262746963783,topic/c/lighting,METAVERSE,87
1716751233027,paho798262745805015,topic/c/lighting,METAVERSE,90
1716751233076,paho798262746963783,topic/e/lighting,METAVERSE,9
1716751233077,paho798262746778935,topic/queueing,METAVERSE,86
1716751233079,paho798262745805015,topic/e/lighting,METAVERSE,12
1716751233088,paho798262745805015,topic/d/noise,METAVERSE,8
1716751233315,paho798262746963783,topic/v/lighting,METAVERSE,8
1716751233315,paho798262745805015,topic/v/lighting,METAVERSE,8
1716751233376,paho798262745805015,topic/c/noise,METAVERSE,13
1716751233438,paho798262746963783,topic/c/lighting,METAVERSE,29
1716751233439,paho798262745805015,topic/c/lighting,METAVERSE,30
1716751233442,paho798262745805015,topic/b/noise,METAVERSE,87
1716751233504,paho798262745805015,topic/v/noise,METAVERSE,16
1716751233513,paho798262745805015,topic/d/noise,METAVERSE,9
1716751233732,paho798262746963783,topic/b/lighting,METAVERSE,39
1716751233732,paho798262745805015,topic/b/lighting,METAVERSE,39
1716751233806,paho798262745805015,topic/b/noise,METAVERSE,38
1716751233831,paho798262746544800,topic/security,METAVERSE,3751
1716751233832,paho798262746544800,topic/security,METAVERSE,3754
1716751233833,paho798262746544800,topic/security,METAVERSE,3729
1716751233833,paho798262746544800,topic/security,METAVERSE,3724
1716751233833,paho798262746544800,topic/security,METAVERSE,3709
1716751233833,paho798262746544800,topic/security,METAVERSE,3681
1716751233833,paho798262746544800,topic/security,METAVERSE,3657
1716751233833,paho798262746544800,topic/security,METAVERSE,3674
1716751233833,paho798262746544800,topic/security,METAVERSE,3652
1716751233833,paho798262746544800,topic/security,METAVERSE,3607
1716751233833,paho798262746544800,topic/security,METAVERSE,3581
1716751233835,paho798262746544800,topic/security,METAVERSE,3590
1716751233835,paho798262746544800,topic/security,METAVERSE,3566
1716751233835,paho798262746544800,topic/security,METAVERSE,3563
1716751233835,paho798262746544800,topic/security,METAVERSE,3540
1716751233835,paho798262746544800,topic/security,METAVERSE,3560
1716751233883,paho798262746963783,topic/b/lighting,METAVERSE,41
1716751233883,paho798262745805015,topic/b/lighting,METAVERSE,41
1716751233982,paho798262746963783,topic/b/lighting,METAVERSE,19
1716751233982,paho798262745805015,topic/b/lighting,METAVERSE,19
1716751234011,paho798262745805015,topic/v/rfid,METAVERSE,12
1716751234126,paho798262746778935,topic/queueing,METAVERSE,127
1716751234149,paho798262746963783,topic/d/lighting,METAVERSE,10
1716751234149,paho798262745805015,topic/d/lighting,METAVERSE,10
1716751234480,paho798262746778935,topic/occupancy,METAVERSE,4840
1716751234898,paho798262745805015,topic/b/noise,METAVERSE,57
1716751234923,paho798262745805015,topic/b/noise,METAVERSE,64
1716751234994,paho798262745805015,topic/b/lighting,METAVERSE,111
1716751234994,paho798262746963783,topic/b/lighting,METAVERSE,111
1716751235115,paho798262746963783,topic/g/lighting,METAVERSE,10
1716751235116,paho798262745805015,topic/g/lighting,METAVERSE,11
1716751235284,paho798262746963783,topic/d/lighting,METAVERSE,25
1716751235285,paho798262745805015,topic/d/lighting,METAVERSE,26
1716751235394,paho798262745805015,topic/g/noise,METAVERSE,14
1716751235438,paho798262746963783,topic/s/lighting,METAVERSE,7
1716751235439,paho798262745805015,topic/s/lighting,METAVERSE,8
1716751235663,paho798262745805015,topic/s/noise,METAVERSE,8
1716751235669,paho798262746963783,topic/b/lighting,METAVERSE,57
1716751235670,paho798262745805015,topic/b/lighting,METAVERSE,58
1716751235747,paho798262745805015,topic/g/noise,METAVERSE,15
1716751235793,paho798262746963783,topic/s/lighting,METAVERSE,10
1716751235793,paho798262745805015,topic/s/lighting,METAVERSE,10
1716751236080,paho798262746778935,topic/occupancy,METAVERSE,6337
1716751236334,paho798262745805015,topic/e/noise,METAVERSE,47
1716751236379,paho798262745805015,topic/s/noise,METAVERSE,13
1716751236938,paho798262746963783,topic/g/lighting,METAVERSE,25
1716751236938,paho798262745805015,topic/g/lighting,METAVERSE,25
1716751237664,paho798262746963783,topic/e/lighting,METAVERSE,8
1716751237664,paho798262745805015,topic/e/lighting,METAVERSE,8
1716751237669,paho798262745805015,topic/e/noise,METAVERSE,14
1716751238020,paho798262746963783,topic/c/lighting,METAVERSE,9
1716751238021,paho798262745805015,topic/c/lighting,METAVERSE,10
1716751238075,paho798262746963783,topic/e/lighting,METAVERSE,7
1716751238076,paho798262745805015,topic/e/lighting,METAVERSE,8
1716751238092,paho798262745805015,topic/d/noise,METAVERSE,9
1716751238128,paho798262746778935,topic/occupancy,METAVERSE,8257
1716751238363,paho798262746963783,topic/v/lighting,METAVERSE,8
1716751238363,paho798262745805015,topic/v/lighting,METAVERSE,8
1716751238376,paho798262745805015,topic/c/noise,METAVERSE,9
1716751238491,paho798262746963783,topic/c/lighting,METAVERSE,48
1716751238491,paho798262745805015,topic/c/lighting,METAVERSE,48
1716751238505,paho798262745805015,topic/v/noise,METAVERSE,8
1716751238508,paho798262745805015,topic/b/noise,METAVERSE,94
1716751238523,paho798262745805015,topic/d/noise,METAVERSE,16
1716751238780,paho798262746963783,topic/b/lighting,METAVERSE,85
1716751238780,paho798262745805015,topic/b/lighting,METAVERSE,85
1716751238888,paho798262745805015,topic/b/noise,METAVERSE,90
1716751238895,paho798262746963783,topic/b/lighting,METAVERSE,53
1716751238895,paho798262745805015,topic/b/lighting,METAVERSE,53
1716751239090,paho798262746963783,topic/b/lighting,METAVERSE,79
1716751239091,paho798262745805015,topic/b/lighting,METAVERSE,80
1716751239187,paho798262746963783,topic/d/lighting,METAVERSE,15
1716751239190,paho798262745805015,topic/d/lighting,METAVERSE,18
1716751239377,paho798262746778935,topic/occupancy,METAVERSE,9125
1716751239580,paho798262747138543,topic/maintenance,METAVERSE,9249
1716751239580,paho798262747138543,topic/maintenance,METAVERSE,8951
1716751239580,paho798262747138543,topic/maintenance,METAVERSE,8969
1716751239580,paho798262747138543,topic/maintenance,METAVERSE,8945
1716751239580,paho798262747138543,topic/maintenance,METAVERSE,8929
1716751239580,paho798262747138543,topic/maintenance,METAVERSE,8925
1716751239582,paho798262747138543,topic/maintenance,METAVERSE,8929
1716751239582,paho798262747138543,topic/maintenance,METAVERSE,8929
1716751239582,paho798262747138543,topic/maintenance,METAVERSE,8866
1716751239582,paho798262747138543,topic/maintenance,METAVERSE,8865
1716751239582,paho798262747138543,topic/maintenance,METAVERSE,8866
1716751239582,paho798262747138543,topic/maintenance,METAVERSE,8866
1716751239582,paho798262747138543,topic/maintenance,METAVERSE,8861
1716751239934,paho798262745805015,topic/b/noise,METAVERSE,91
1716751239950,paho798262745805015,topic/b/noise,METAVERSE,90
1716751240035,paho798262745805015,topic/b/lighting,METAVERSE,92
1716751240035,paho798262746963783,topic/b/lighting,METAVERSE,92
1716751240116,paho798262746963783,topic/g/lighting,METAVERSE,7
1716751240117,paho798262745805015,topic/g/lighting,METAVERSE,8
1716751240308,paho798262746963783,topic/d/lighting,METAVERSE,13
1716751240310,paho798262745805015,topic/d/lighting,METAVERSE,15
1716751240464,paho798262746963783,topic/s/lighting,METAVERSE,7
1716751240465,paho798262745805015,topic/s/lighting,METAVERSE,8
1716751240488,paho798262745805015,topic/g/noise,METAVERSE,89
1716751240675,paho798262745805015,topic/s/noise,METAVERSE,8
1716751240696,paho798262746963783,topic/b/lighting,METAVERSE,51
1716751240696,paho798262745805015,topic/b/lighting,METAVERSE,51
1716751240750,paho798262745805015,topic/g/noise,METAVERSE,9
1716751240858,paho798262745805015,topic/s/lighting,METAVERSE,31
1716751240859,paho798262746963783,topic/s/lighting,METAVERSE,32
1716751241178,paho798262746778935,topic/occupancy,METAVERSE,10827
1716751241396,paho798262745805015,topic/e/noise,METAVERSE,14
1716751241424,paho798262745805015,topic/s/noise,METAVERSE,9
1716751241880,paho798262746778935,topic/occupancy,METAVERSE,11529
1716751241965,paho798262746963783,topic/g/lighting,METAVERSE,8
1716751241966,paho798262745805015,topic/g/lighting,METAVERSE,9
1716751242526,paho798262746778935,topic/occupancy,METAVERSE,12139
1716751242580,paho798262746544800,topic/security,METAVERSE,12250
1716751242580,paho798262746544800,topic/security,METAVERSE,12250
1716751242580,paho798262746544800,topic/security,METAVERSE,12225
1716751242581,paho798262746544800,topic/security,METAVERSE,12249
1716751242581,paho798262746544800,topic/security,METAVERSE,12250
1716751242581,paho798262746544800,topic/security,METAVERSE,12225
1716751242714,paho798262746963783,topic/e/lighting,METAVERSE,21
1716751242715,paho798262745805015,topic/e/lighting,METAVERSE,22
1716751242741,paho798262745805015,topic/e/noise,METAVERSE,47
1716751242928,paho798262746778935,topic/occupancy,METAVERSE,12319
1716751243023,paho798262746963783,topic/c/lighting,METAVERSE,8
1716751243024,paho798262745805015,topic/c/lighting,METAVERSE,9
1716751243093,paho798262745805015,topic/d/noise,METAVERSE,8
1716751243121,paho798262746963783,topic/e/lighting,METAVERSE,16
1716751243122,paho798262745805015,topic/e/lighting,METAVERSE,17
1716751243382,paho798262745805015,topic/c/noise,METAVERSE,7
1716751243392,paho798262746963783,topic/v/lighting,METAVERSE,16
1716751243392,paho798262745805015,topic/v/lighting,METAVERSE,16
1716751243514,paho798262746963783,topic/c/lighting,METAVERSE,10
1716751243515,paho798262745805015,topic/c/lighting,METAVERSE,11
1716751243522,paho798262745805015,topic/v/noise,METAVERSE,18
1716751243529,paho798262745805015,topic/d/noise,METAVERSE,13
1716751243546,paho798262745805015,topic/b/noise,METAVERSE,106
1716751243866,paho798262746963783,topic/b/lighting,METAVERSE,99
1716751243866,paho798262745805015,topic/b/lighting,METAVERSE,99
1716751243935,paho798262745805015,topic/b/noise,METAVERSE,100
1716751243946,paho798262746963783,topic/b/lighting,METAVERSE,67
1716751243947,paho798262745805015,topic/b/lighting,METAVERSE,68
1716751244081,paho798262746778935,topic/occupancy,METAVERSE,13092
1716751244155,paho798262746963783,topic/b/lighting,METAVERSE,107
1716751244155,paho798262745805015,topic/b/lighting,METAVERSE,107
1716751244209,paho798262746963783,topic/d/lighting,METAVERSE,9
1716751244209,paho798262745805015,topic/d/lighting,METAVERSE,9
1716751244947,paho798262745805015,topic/b/noise,METAVERSE,100
1716751244962,paho798262745805015,topic/b/noise,METAVERSE,100
1716751244980,paho798262746778935,topic/occupancy,METAVERSE,13588
1716751245045,paho798262745805015,topic/b/lighting,METAVERSE,98
1716751245045,paho798262746963783,topic/b/lighting,METAVERSE,98
1716751245124,paho798262746963783,topic/g/lighting,METAVERSE,9
1716751245125,paho798262745805015,topic/g/lighting,METAVERSE,10
1716751245277,paho798262746778935,topic/occupancy,METAVERSE,13820
1716751245337,paho798262746963783,topic/d/lighting,METAVERSE,39
1716751245338,paho798262745805015,topic/d/lighting,METAVERSE,40
1716751245466,paho798262746963783,topic/s/lighting,METAVERSE,8
1716751245466,paho798262745805015,topic/s/lighting,METAVERSE,8
1716751245503,paho798262745805015,topic/g/noise,METAVERSE,10
1716751245692,paho798262745805015,topic/s/noise,METAVERSE,7
1716751245730,paho798262746778935,topic/occupancy,METAVERSE,14126
1716751245762,paho798262746963783,topic/b/lighting,METAVERSE,67
1716751245763,paho798262745805015,topic/b/lighting,METAVERSE,68
1716751245796,paho798262745805015,topic/g/noise,METAVERSE,37
1716751245867,paho798262746963783,topic/s/lighting,METAVERSE,8
1716751245867,paho798262745805015,topic/s/lighting,METAVERSE,8
1716751246128,paho798262746778935,topic/occupancy,METAVERSE,14449
1716751246445,paho798262745805015,topic/s/noise,METAVERSE,18
1716751246459,paho798262745805015,topic/e/noise,METAVERSE,39
1716751246576,paho798262746778935,topic/occupancy,METAVERSE,14869
1716751246982,paho798262746963783,topic/g/lighting,METAVERSE,13
1716751246983,paho798262745805015,topic/g/lighting,METAVERSE,14
1716751247528,paho798262746778935,topic/occupancy,METAVERSE,15681
1716751247772,paho798262745805015,topic/e/lighting,METAVERSE,9
1716751247776,paho798262746963783,topic/e/lighting,METAVERSE,13
1716751247780,paho798262745805015,topic/e/noise,METAVERSE,16
1716751248082,paho798262746963783,topic/c/lighting,METAVERSE,45
1716751248083,paho798262745805015,topic/c/lighting,METAVERSE,46
1716751248103,paho798262745805015,topic/d/noise,METAVERSE,7
1716751248127,paho798262745805015,topic/e/lighting,METAVERSE,8
1716751248128,paho798262746963783,topic/e/lighting,METAVERSE,9
1716751248399,paho798262746963783,topic/v/lighting,METAVERSE,8
1716751248400,paho798262745805015,topic/v/lighting,METAVERSE,9
1716751248475,paho798262746778935,topic/occupancy,METAVERSE,16159
1716751248476,paho798262745805015,topic/c/noise,METAVERSE,8
1716751248546,paho798262745805015,topic/v/noise,METAVERSE,28
1716751248586,paho798262746963783,topic/c/lighting,METAVERSE,67
1716751248587,paho798262745805015,topic/c/lighting,METAVERSE,68
1716751248596,paho798262745805015,topic/b/noise,METAVERSE,108
1716751248658,paho798262745805015,topic/d/noise,METAVERSE,47
1716751248866,paho798262746963783,topic/b/lighting,METAVERSE,98
1716751248866,paho798262745805015,topic/b/lighting,METAVERSE,98
1716751248927,paho798262746778935,topic/occupancy,METAVERSE,16559
1716751248950,paho798262745805015,topic/b/noise,METAVERSE,103
1716751249011,paho798262746963783,topic/b/lighting,METAVERSE,131
1716751249012,paho798262745805015,topic/b/lighting,METAVERSE,132
1716751249211,paho798262746963783,topic/b/lighting,METAVERSE,138
1716751249211,paho798262745805015,topic/b/lighting,METAVERSE,138
1716751249246,paho798262746963783,topic/d/lighting,METAVERSE,18
1716751249247,paho798262745805015,topic/d/lighting,METAVERSE,19
1716751249875,paho798262746778935,topic/occupancy,METAVERSE,17428
1716751250007,paho798262745805015,topic/b/noise,METAVERSE,107
1716751250009,paho798262745805015,topic/b/noise,METAVERSE,109
1716751250075,paho798262746963783,topic/b/lighting,METAVERSE,116
1716751250077,paho798262745805015,topic/b/lighting,METAVERSE,118
1716751250128,paho798262746963783,topic/g/lighting,METAVERSE,10
1716751250128,paho798262745805015,topic/g/lighting,METAVERSE,10
1716751250356,paho798262746963783,topic/d/lighting,METAVERSE,16
1716751250356,paho798262745805015,topic/d/lighting,METAVERSE,16
1716751250467,paho798262746963783,topic/s/lighting,METAVERSE,8
1716751250467,paho798262745805015,topic/s/lighting,METAVERSE,8
1716751250523,paho798262745805015,topic/g/noise,METAVERSE,23
1716751250718,paho798262745805015,topic/s/noise,METAVERSE,8
1716751250804,paho798262745805015,topic/g/noise,METAVERSE,11
1716751250805,paho798262746963783,topic/b/lighting,METAVERSE,98
1716751250806,paho798262745805015,topic/b/lighting,METAVERSE,99
1716751250927,paho798262746963783,topic/s/lighting,METAVERSE,46
1716751250927,paho798262745805015,topic/s/lighting,METAVERSE,46
1716751251480,paho798262745805015,topic/e/noise,METAVERSE,27
1716751251530,paho798262745805015,topic/s/noise,METAVERSE,28
1716751251987,paho798262746963783,topic/g/lighting,METAVERSE,11
1716751251988,paho798262745805015,topic/g/lighting,METAVERSE,12
1716751252841,paho798262746963783,topic/e/lighting,METAVERSE,10
1716751252841,paho798262745805015,topic/e/lighting,METAVERSE,10
1716751252845,paho798262745805015,topic/e/noise,METAVERSE,13
1716751253113,paho798262746963783,topic/c/lighting,METAVERSE,31
1716751253114,paho798262745805015,topic/c/lighting,METAVERSE,32
1716751253129,paho798262745805015,topic/d/noise,METAVERSE,10
1716751253163,paho798262746963783,topic/e/lighting,METAVERSE,8
1716751253163,paho798262745805015,topic/e/lighting,METAVERSE,8
1716751253419,paho798262746963783,topic/v/lighting,METAVERSE,8
1716751253419,paho798262745805015,topic/v/lighting,METAVERSE,8
1716751253478,paho798262745805015,topic/c/noise,METAVERSE,7
1716751253599,paho798262745805015,topic/v/noise,METAVERSE,20
1716751253611,paho798262746963783,topic/c/lighting,METAVERSE,26
1716751253611,paho798262745805015,topic/c/lighting,METAVERSE,26
1716751253623,paho798262745805015,topic/b/noise,METAVERSE,100
1716751253671,paho798262745805015,topic/d/noise,METAVERSE,8
1716751253885,paho798262746963783,topic/b/lighting,METAVERSE,97
1716751253885,paho798262745805015,topic/b/lighting,METAVERSE,97
1716751253973,paho798262745805015,topic/b/noise,METAVERSE,100
1716751254033,paho798262746963783,topic/b/lighting,METAVERSE,106
1716751254034,paho798262745805015,topic/b/lighting,METAVERSE,107
1716751254258,paho798262746963783,topic/b/lighting,METAVERSE,107
1716751254258,paho798262745805015,topic/b/lighting,METAVERSE,107
1716751254310,paho798262745805015,topic/d/lighting,METAVERSE,11
1716751254310,paho798262746963783,topic/d/lighting,METAVERSE,11
1716751254584,paho798262747138543,topic/maintenance,METAVERSE,23867
1716751254584,paho798262747138543,topic/maintenance,METAVERSE,23834
1716751254584,paho798262747138543,topic/maintenance,METAVERSE,23866
1716751254584,paho798262747138543,topic/maintenance,METAVERSE,23866
1716751254584,paho798262747138543,topic/maintenance,METAVERSE,23824
1716751254584,paho798262747138543,topic/maintenance,METAVERSE,23839
1716751254584,paho798262747138543,topic/maintenance,METAVERSE,23838
1716751254588,paho798262747138543,topic/maintenance,METAVERSE,23838
1716751254588,paho798262747138543,topic/maintenance,METAVERSE,23818
1716751254589,paho798262747138543,topic/maintenance,METAVERSE,23818
1716751254589,paho798262747138543,topic/maintenance,METAVERSE,23767
1716751254589,paho798262747138543,topic/maintenance,METAVERSE,23806
1716751254589,paho798262747138543,topic/maintenance,METAVERSE,23766
1716751254589,paho798262747138543,topic/maintenance,METAVERSE,23763
1716751254589,paho798262747138543,topic/maintenance,METAVERSE,23758
1716751254591,paho798262747138543,topic/maintenance,METAVERSE,23738
1716751254591,paho798262747138543,topic/maintenance,METAVERSE,23740
1716751254591,paho798262747138543,topic/maintenance,METAVERSE,23719
1716751254591,paho798262747138543,topic/maintenance,METAVERSE,23690
1716751254593,paho798262747138543,topic/maintenance,METAVERSE,23690
1716751254593,paho798262747138543,topic/maintenance,METAVERSE,23679
1716751254602,paho798262747138543,topic/maintenance,METAVERSE,23692
1716751255001,paho798262745805015,topic/b/noise,METAVERSE,101
1716751255012,paho798262745805015,topic/b/noise,METAVERSE,101
1716751255126,paho798262745805015,topic/b/lighting,METAVERSE,100
1716751255126,paho798262746963783,topic/b/lighting,METAVERSE,100
1716751255139,paho798262746963783,topic/g/lighting,METAVERSE,8
1716751255140,paho798262745805015,topic/g/lighting,METAVERSE,8
1716751255392,paho798262746963783,topic/d/lighting,METAVERSE,12
1716751255393,paho798262745805015,topic/d/lighting,METAVERSE,13
1716751255474,paho798262746963783,topic/s/lighting,METAVERSE,10
1716751255477,paho798262745805015,topic/s/lighting,METAVERSE,13
1716751255554,paho798262745805015,topic/g/noise,METAVERSE,27
1716751255726,paho798262745805015,topic/s/noise,METAVERSE,7
1716751255813,paho798262745805015,topic/g/noise,METAVERSE,8
1716751255838,paho798262746963783,topic/b/lighting,METAVERSE,101
1716751255838,paho798262745805015,topic/b/lighting,METAVERSE,101
1716751255968,paho798262746963783,topic/s/lighting,METAVERSE,17
1716751255971,paho798262745805015,topic/s/lighting,METAVERSE,20
1716751256483,paho798262745805015,topic/e/noise,METAVERSE,8
1716751256574,paho798262745805015,topic/s/noise,METAVERSE,27
1716751256991,paho798262746963783,topic/g/lighting,METAVERSE,8
1716751256992,paho798262745805015,topic/g/lighting,METAVERSE,9
1716751257844,paho798262745805015,topic/e/noise,METAVERSE,10
1716751257848,paho798262745805015,topic/e/lighting,METAVERSE,14
1716751257849,paho798262746963783,topic/e/lighting,METAVERSE,15
1716751258130,paho798262745805015,topic/c/lighting,METAVERSE,24
1716751258133,paho798262746963783,topic/c/lighting,METAVERSE,27
1716751258140,paho798262745805015,topic/d/noise,METAVERSE,12
1716751258168,paho798262746963783,topic/e/lighting,METAVERSE,9
1716751258169,paho798262745805015,topic/e/lighting,METAVERSE,10
1716751258447,paho798262746963783,topic/v/lighting,METAVERSE,8
1716751258447,paho798262745805015,topic/v/lighting,METAVERSE,8
1716751258511,paho798262745805015,topic/c/noise,METAVERSE,32
1716751258610,paho798262745805015,topic/v/noise,METAVERSE,11
1716751258627,paho798262745805015,topic/c/lighting,METAVERSE,17
1716751258627,paho798262746963783,topic/c/lighting,METAVERSE,17
1716751258654,paho798262745805015,topic/b/noise,METAVERSE,112
1716751258671,paho798262745805015,topic/d/noise,METAVERSE,7
1716751258817,paho798262746778935,topic/occupancy,METAVERSE,26176
1716751258818,paho798262746778935,topic/occupancy,METAVERSE,25827
1716751258818,paho798262746778935,topic/occupancy,METAVERSE,25807
1716751258818,paho798262746778935,topic/occupancy,METAVERSE,25417
1716751258818,paho798262746778935,topic/occupancy,METAVERSE,25339
1716751258818,paho798262746778935,topic/occupancy,METAVERSE,25150
1716751258818,paho798262746778935,topic/occupancy,METAVERSE,25086
1716751258818,paho798262746778935,topic/occupancy,METAVERSE,24918
1716751258818,paho798262746778935,topic/occupancy,METAVERSE,24819
1716751258818,paho798262746778935,topic/occupancy,METAVERSE,24458
1716751258818,paho798262746778935,topic/occupancy,METAVERSE,24446
1716751258818,paho798262746778935,topic/occupancy,METAVERSE,24337
1716751258818,paho798262746778935,topic/occupancy,METAVERSE,24140
1716751258818,paho798262746778935,topic/occupancy,METAVERSE,23802
1716751258818,paho798262746778935,topic/occupancy,METAVERSE,23403
1716751258818,paho798262746778935,topic/occupancy,METAVERSE,23338
1716751258818,paho798262746778935,topic/occupancy,METAVERSE,23090
1716751258818,paho798262746778935,topic/occupancy,METAVERSE,23025
1716751258818,paho798262746778935,topic/occupancy,METAVERSE,22834
1716751258818,paho798262746778935,topic/occupancy,METAVERSE,22445
1716751258818,paho798262746778935,topic/occupancy,METAVERSE,22425
1716751258818,paho798262746778935,topic/occupancy,METAVERSE,22314
1716751258825,paho798262746778935,topic/occupancy,METAVERSE,22081
1716751258825,paho798262746778935,topic/occupancy,METAVERSE,21801
1716751258825,paho798262746778935,topic/occupancy,METAVERSE,21382
1716751258825,paho798262746778935,topic/occupancy,METAVERSE,21344
1716751258825,paho798262746778935,topic/occupancy,METAVERSE,21033
1716751258825,paho798262746778935,topic/occupancy,METAVERSE,20958
1716751258825,paho798262746778935,topic/occupancy,METAVERSE,20809
1716751258897,paho798262745805015,topic/b/lighting,METAVERSE,98
1716751258898,paho798262746963783,topic/b/lighting,METAVERSE,99
1716751258976,paho798262746778935,topic/occupancy,METAVERSE,20578
1716751258990,paho798262745805015,topic/b/noise,METAVERSE,113
1716751259122,paho798262745805015,topic/b/lighting,METAVERSE,98
1716751259123,paho798262746963783,topic/b/lighting,METAVERSE,99
1716751259305,paho798262746963783,topic/b/lighting,METAVERSE,98
1716751259306,paho798262745805015,topic/b/lighting,METAVERSE,99
1716751259311,paho798262746963783,topic/d/lighting,METAVERSE,8
1716751259311,paho798262745805015,topic/d/lighting,METAVERSE,8
1716751260018,paho798262745805015,topic/b/noise,METAVERSE,107
1716751260020,paho798262745805015,topic/b/noise,METAVERSE,108
1716751260131,paho798262745805015,topic/b/lighting,METAVERSE,104
1716751260132,paho798262746963783,topic/b/lighting,METAVERSE,105
1716751260163,paho798262746963783,topic/g/lighting,METAVERSE,8
1716751260163,paho798262745805015,topic/g/lighting,METAVERSE,8
1716751260431,paho798262745805015,topic/d/lighting,METAVERSE,16
1716751260431,paho798262746963783,topic/d/lighting,METAVERSE,16
1716751260487,paho798262746963783,topic/s/lighting,METAVERSE,16
1716751260487,paho798262745805015,topic/s/lighting,METAVERSE,16
1716751260607,paho798262745805015,topic/g/noise,METAVERSE,12
1716751260742,paho798262745805015,topic/s/noise,METAVERSE,22
1716751260842,paho798262745805015,topic/b/lighting,METAVERSE,102
1716751260844,paho798262745805015,topic/g/noise,METAVERSE,13
1716751260845,paho798262746963783,topic/b/lighting,METAVERSE,105
1716751260990,paho798262746963783,topic/s/lighting,METAVERSE,23
1716751260991,paho798262745805015,topic/s/lighting,METAVERSE,24
1716751261486,paho798262745805015,topic/e/noise,METAVERSE,8
1716751261585,paho798262745805015,topic/s/noise,METAVERSE,14
1716751261998,paho798262746963783,topic/g/lighting,METAVERSE,8
1716751261998,paho798262745805015,topic/g/lighting,METAVERSE,8
1716751262852,paho798262745805015,topic/e/noise,METAVERSE,16
1716751262857,paho798262745805015,topic/e/lighting,METAVERSE,14
1716751262858,paho798262746963783,topic/e/lighting,METAVERSE,15
1716751263144,paho798262745805015,topic/d/noise,METAVERSE,7
1716751263151,paho798262746963783,topic/c/lighting,METAVERSE,8
1716751263151,paho798262745805015,topic/c/lighting,METAVERSE,8
1716751263171,paho798262746963783,topic/e/lighting,METAVERSE,9
1716751263172,paho798262745805015,topic/e/lighting,METAVERSE,10
1716751263467,paho798262745805015,topic/v/lighting,METAVERSE,20
1716751263468,paho798262746963783,topic/v/lighting,METAVERSE,21
1716751263566,paho798262745805015,topic/c/noise,METAVERSE,58
1716751263643,paho798262745805015,topic/v/noise,METAVERSE,8
1716751263658,paho798262746963783,topic/c/lighting,METAVERSE,21
1716751263659,paho798262745805015,topic/c/lighting,METAVERSE,22
1716751263683,paho798262745805015,topic/b/noise,METAVERSE,108
1716751263685,paho798262745805015,topic/d/noise,METAVERSE,18
1716751263908,paho798262746963783,topic/b/lighting,METAVERSE,101
1716751263908,paho798262745805015,topic/b/lighting,METAVERSE,101
1716751264025,paho798262745805015,topic/b/noise,METAVERSE,122
1716751264130,paho798262745805015,topic/b/lighting,METAVERSE,102
1716751264129,paho798262746963783,topic/b/lighting,METAVERSE,101
1716751264320,paho798262745805015,topic/d/lighting,METAVERSE,8
1716751264323,paho798262746963783,topic/d/lighting,METAVERSE,11
1716751264368,paho798262746963783,topic/b/lighting,METAVERSE,125
1716751264368,paho798262745805015,topic/b/lighting,METAVERSE,125
1716751265030,paho798262745805015,topic/b/noise,METAVERSE,104
1716751265052,paho798262745805015,topic/b/noise,METAVERSE,105
1716751265135,paho798262745805015,topic/b/lighting,METAVERSE,103
1716751265139,paho798262746963783,topic/b/lighting,METAVERSE,107
1716751265166,paho798262745805015,topic/g/lighting,METAVERSE,8
1716751265166,paho798262746963783,topic/g/lighting,METAVERSE,8
1716751265429,paho798262746963783,topic/d/lighting,METAVERSE,10
1716751265430,paho798262745805015,topic/d/lighting,METAVERSE,11
1716751265540,paho798262746963783,topic/s/lighting,METAVERSE,37
1716751265540,paho798262745805015,topic/s/lighting,METAVERSE,37
1716751265655,paho798262745805015,topic/g/noise,METAVERSE,48
1716751265795,paho798262745805015,topic/s/noise,METAVERSE,8
1716751265816,paho798262746778935,topic/occupancy,METAVERSE,27401
1716751265816,paho798262746778935,topic/occupancy,METAVERSE,27310
1716751265817,paho798262746778935,topic/occupancy,METAVERSE,27045
1716751265817,paho798262746778935,topic/occupancy,METAVERSE,26789
1716751265817,paho798262746778935,topic/occupancy,METAVERSE,26370
1716751265817,paho798262746778935,topic/occupancy,METAVERSE,26334
1716751265817,paho798262746778935,topic/occupancy,METAVERSE,25954
1716751265817,paho798262746778935,topic/occupancy,METAVERSE,25877
1716751265817,paho798262746778935,topic/occupancy,METAVERSE,25781
1716751265817,paho798262746778935,topic/occupancy,METAVERSE,25396
1716751265817,paho798262746778935,topic/occupancy,METAVERSE,25401
1716751265817,paho798262746778935,topic/occupancy,METAVERSE,25310
1716751265817,paho798262746778935,topic/occupancy,METAVERSE,25037
1716751265817,paho798262746778935,topic/occupancy,METAVERSE,24773
1716751265817,paho798262746778935,topic/occupancy,METAVERSE,24369
1716751265817,paho798262746778935,topic/occupancy,METAVERSE,24330
1716751265817,paho798262746778935,topic/occupancy,METAVERSE,23913
1716751265817,paho798262746778935,topic/occupancy,METAVERSE,23863
1716751265817,paho798262746778935,topic/occupancy,METAVERSE,23723
1716751265818,paho798262746778935,topic/occupancy,METAVERSE,23395
1716751265818,paho798262746778935,topic/occupancy,METAVERSE,23366
1716751265818,paho798262746778935,topic/occupancy,METAVERSE,23299
1716751265818,paho798262746778935,topic/occupancy,METAVERSE,23010
1716751265818,paho798262746778935,topic/occupancy,METAVERSE,22774
1716751265818,paho798262746778935,topic/occupancy,METAVERSE,22366
1716751265818,paho798262746778935,topic/occupancy,METAVERSE,22327
1716751265818,paho798262746778935,topic/occupancy,METAVERSE,21900
1716751265818,paho798262746778935,topic/occupancy,METAVERSE,21864
1716751265818,paho798262746778935,topic/occupancy,METAVERSE,21682
1716751265818,paho798262746778935,topic/occupancy,METAVERSE,21392
1716751265818,paho798262746778935,topic/occupancy,METAVERSE,21351
1716751265818,paho798262746778935,topic/occupancy,METAVERSE,21298
1716751265818,paho798262746778935,topic/occupancy,METAVERSE,20985
1716751265818,paho798262746778935,topic/occupancy,METAVERSE,20770
1716751265818,paho798262746778935,topic/occupancy,METAVERSE,20361
1716751265818,paho798262746778935,topic/occupancy,METAVERSE,20326
1716751265846,paho798262745805015,topic/g/noise,METAVERSE,14
1716751265868,paho798262746963783,topic/b/lighting,METAVERSE,105
1716751265868,paho798262745805015,topic/b/lighting,METAVERSE,105
1716751265877,paho798262746778935,topic/occupancy,METAVERSE,19937
1716751266012,paho798262746963783,topic/s/lighting,METAVERSE,8
1716751266013,paho798262745805015,topic/s/lighting,METAVERSE,9
1716751266511,paho798262745805015,topic/e/noise,METAVERSE,8
1716751266595,paho798262745805015,topic/s/noise,METAVERSE,8
1716751267002,paho798262745805015,topic/g/lighting,METAVERSE,8
1716751267003,paho798262746963783,topic/g/lighting,METAVERSE,9
1716751267859,paho798262745805015,topic/e/noise,METAVERSE,13
1716751267864,paho798262745805015,topic/e/lighting,METAVERSE,18
1716751267865,paho798262746963783,topic/e/lighting,METAVERSE,19
1716751268147,paho798262745805015,topic/d/noise,METAVERSE,8
1716751268171,paho798262746963783,topic/c/lighting,METAVERSE,8
1716751268171,paho798262745805015,topic/c/lighting,METAVERSE,8
1716751268192,paho798262746963783,topic/e/lighting,METAVERSE,9
1716751268192,paho798262745805015,topic/e/lighting,METAVERSE,9
1716751268490,paho798262746963783,topic/v/lighting,METAVERSE,23
1716751268491,paho798262745805015,topic/v/lighting,METAVERSE,24
1716751268612,paho798262745805015,topic/c/noise,METAVERSE,45
1716751268647,paho798262745805015,topic/v/noise,METAVERSE,8
1716751268685,paho798262745805015,topic/b/noise,METAVERSE,105
1716751268688,paho798262745805015,topic/c/lighting,METAVERSE,21
1716751268689,paho798262746963783,topic/c/lighting,METAVERSE,22
1716751268694,paho798262745805015,topic/d/noise,METAVERSE,15
1716751268917,paho798262746963783,topic/b/lighting,METAVERSE,102
1716751268918,paho798262745805015,topic/b/lighting,METAVERSE,103
1716751269043,paho798262745805015,topic/b/noise,METAVERSE,100
1716751269133,paho798262746963783,topic/b/lighting,METAVERSE,103
1716751269133,paho798262745805015,topic/b/lighting,METAVERSE,103
1716751269322,paho798262746963783,topic/d/lighting,METAVERSE,7
1716751269323,paho798262745805015,topic/d/lighting,METAVERSE,8
1716751269408,paho798262745805015,topic/b/lighting,METAVERSE,100
1716751269408,paho798262746963783,topic/b/lighting,METAVERSE,100
1716751270035,paho798262745805015,topic/b/noise,METAVERSE,109
1716751270076,paho798262745805015,topic/b/noise,METAVERSE,111
1716751270140,paho798262745805015,topic/b/lighting,METAVERSE,108
1716751270141,paho798262746963783,topic/b/lighting,METAVERSE,109
1716751270166,paho798262746963783,topic/g/lighting,METAVERSE,7
1716751270167,paho798262745805015,topic/g/lighting,METAVERSE,8
1716751270451,paho798262746963783,topic/d/lighting,METAVERSE,10
1716751270451,paho798262745805015,topic/d/lighting,METAVERSE,10
1716751270562,paho798262746963783,topic/s/lighting,METAVERSE,9
1716751270562,paho798262745805015,topic/s/lighting,METAVERSE,9
1716751270663,paho798262745805015,topic/g/noise,METAVERSE,12
1716751270851,paho798262745805015,topic/g/noise,METAVERSE,10
1716751270890,paho798262745805015,topic/b/lighting,METAVERSE,103
1716751270890,paho798262746963783,topic/b/lighting,METAVERSE,103
1716751270892,paho798262745805015,topic/s/noise,METAVERSE,89
1716751271057,paho798262746963783,topic/s/lighting,METAVERSE,48
1716751271057,paho798262745805015,topic/s/lighting,METAVERSE,48
1716751271524,paho798262745805015,topic/e/noise,METAVERSE,7
1716751271609,paho798262745805015,topic/s/noise,METAVERSE,10
1716751272010,paho798262745805015,topic/g/lighting,METAVERSE,8
1716751272010,paho798262746963783,topic/g/lighting,METAVERSE,8
1716751272069,paho798262746778935,topic/occupancy,METAVERSE,26093
1716751272069,paho798262746778935,topic/occupancy,METAVERSE,25930
1716751272069,paho798262746778935,topic/occupancy,METAVERSE,25638
1716751272069,paho798262746778935,topic/occupancy,METAVERSE,25598
1716751272069,paho798262746778935,topic/occupancy,METAVERSE,25548
1716751272069,paho798262746778935,topic/occupancy,METAVERSE,25221
1716751272069,paho798262746778935,topic/occupancy,METAVERSE,25017
1716751272069,paho798262746778935,topic/occupancy,METAVERSE,24589
1716751272069,paho798262746778935,topic/occupancy,METAVERSE,24576
1716751272069,paho798262746778935,topic/occupancy,METAVERSE,24105
1716751272069,paho798262746778935,topic/occupancy,METAVERSE,24091
1716751272069,paho798262746778935,topic/occupancy,METAVERSE,23897
1716751272069,paho798262746778935,topic/occupancy,METAVERSE,23602
1716751272069,paho798262746778935,topic/occupancy,METAVERSE,23563
1716751272069,paho798262746778935,topic/occupancy,METAVERSE,23548
1716751272069,paho798262746778935,topic/occupancy,METAVERSE,23219
1716751272070,paho798262746778935,topic/occupancy,METAVERSE,22985
1716751272070,paho798262746778935,topic/occupancy,METAVERSE,22575
1716751272070,paho798262746778935,topic/occupancy,METAVERSE,22558
1716751272070,paho798262746778935,topic/occupancy,METAVERSE,22098
1716751272070,paho798262746778935,topic/occupancy,METAVERSE,22081
1716751272070,paho798262746778935,topic/occupancy,METAVERSE,21847
1716751272070,paho798262746778935,topic/occupancy,METAVERSE,21572
1716751272070,paho798262746778935,topic/occupancy,METAVERSE,21564
1716751272070,paho798262746778935,topic/occupancy,METAVERSE,21547
1716751272070,paho798262746778935,topic/occupancy,METAVERSE,21198
1716751272070,paho798262746778935,topic/occupancy,METAVERSE,20946
1716751272070,paho798262746778935,topic/occupancy,METAVERSE,20571
1716751272070,paho798262746778935,topic/occupancy,METAVERSE,20556
1716751272070,paho798262746778935,topic/occupancy,METAVERSE,20075
1716751272070,paho798262746778935,topic/occupancy,METAVERSE,20068
1716751272070,paho798262746778935,topic/occupancy,METAVERSE,19830
1716751272075,paho798262746778935,topic/occupancy,METAVERSE,19547
1716751272878,paho798262745805015,topic/e/noise,METAVERSE,9
1716751272883,paho798262745805015,topic/e/lighting,METAVERSE,14
1716751272883,paho798262746963783,topic/e/lighting,METAVERSE,14
1716751273147,paho798262745805015,topic/d/noise,METAVERSE,7
1716751273175,paho798262746963783,topic/c/lighting,METAVERSE,8
1716751273180,paho798262745805015,topic/c/lighting,METAVERSE,13
1716751273218,paho798262746963783,topic/e/lighting,METAVERSE,8
1716751273219,paho798262745805015,topic/e/lighting,METAVERSE,9
1716751273491,paho798262746963783,topic/v/lighting,METAVERSE,7
1716751273491,paho798262745805015,topic/v/lighting,METAVERSE,7
1716751273617,paho798262745805015,topic/c/noise,METAVERSE,9
1716751273651,paho798262745805015,topic/v/noise,METAVERSE,9
1716751273683,paho798262745805015,topic/b/noise,METAVERSE,103
1716751273710,paho798262745805015,topic/c/lighting,METAVERSE,28
1716751273711,paho798262746963783,topic/c/lighting,METAVERSE,29
1716751273732,paho798262745805015,topic/d/noise,METAVERSE,21
1716751273919,paho798262746963783,topic/b/lighting,METAVERSE,103
1716751273919,paho798262745805015,topic/b/lighting,METAVERSE,103
1716751274045,paho798262745805015,topic/b/noise,METAVERSE,101
1716751274135,paho798262746963783,topic/b/lighting,METAVERSE,100
1716751274135,paho798262745805015,topic/b/lighting,METAVERSE,100
1716751274371,paho798262746963783,topic/d/lighting,METAVERSE,8
1716751274371,paho798262745805015,topic/d/lighting,METAVERSE,8
1716751274416,paho798262746963783,topic/b/lighting,METAVERSE,101
1716751274416,paho798262745805015,topic/b/lighting,METAVERSE,101
1716751275036,paho798262745805015,topic/b/noise,METAVERSE,105
1716751275072,paho798262745805015,topic/b/noise,METAVERSE,105
1716751275149,paho798262745805015,topic/b/lighting,METAVERSE,102
1716751275149,paho798262746963783,topic/b/lighting,METAVERSE,102
1716751275169,paho798262746963783,topic/g/lighting,METAVERSE,10
1716751275170,paho798262745805015,topic/g/lighting,METAVERSE,11
1716751275499,paho798262745805015,topic/d/lighting,METAVERSE,18
1716751275506,paho798262746963783,topic/d/lighting,METAVERSE,25
1716751275585,paho798262746963783,topic/s/lighting,METAVERSE,15
1716751275585,paho798262745805015,topic/s/lighting,METAVERSE,15
1716751275667,paho798262745805015,topic/g/noise,METAVERSE,8
1716751275897,paho798262745805015,topic/s/noise,METAVERSE,8
1716751275898,paho798262746963783,topic/b/lighting,METAVERSE,103
1716751275899,paho798262745805015,topic/b/lighting,METAVERSE,104
1716751275907,paho798262745805015,topic/g/noise,METAVERSE,36
1716751276103,paho798262745805015,topic/s/lighting,METAVERSE,8
1716751276104,paho798262746963783,topic/s/lighting,METAVERSE,9
1716751276528,paho798262745805015,topic/e/noise,METAVERSE,9
1716751276610,paho798262745805015,topic/s/noise,METAVERSE,7
1716751277012,paho798262745805015,topic/g/lighting,METAVERSE,8
1716751277012,paho798262746963783,topic/g/lighting,METAVERSE,8
1716751277915,paho798262746963783,topic/e/lighting,METAVERSE,13
1716751277916,paho798262745805015,topic/e/lighting,METAVERSE,14
1716751277919,paho798262745805015,topic/e/noise,METAVERSE,17
1716751278148,paho798262745805015,topic/d/noise,METAVERSE,7
1716751278215,paho798262746963783,topic/c/lighting,METAVERSE,12
1716751278216,paho798262745805015,topic/c/lighting,METAVERSE,13
1716751278224,paho798262746963783,topic/e/lighting,METAVERSE,10
1716751278225,paho798262745805015,topic/e/lighting,METAVERSE,11
1716751278494,paho798262745805015,topic/v/lighting,METAVERSE,8
1716751278495,paho798262746963783,topic/v/lighting,METAVERSE,9
1716751278620,paho798262745805015,topic/c/noise,METAVERSE,8
1716751278663,paho798262745805015,topic/v/noise,METAVERSE,9
1716751278686,paho798262745805015,topic/b/noise,METAVERSE,105
1716751278719,paho798262745805015,topic/c/lighting,METAVERSE,14
1716751278720,paho798262746963783,topic/c/lighting,METAVERSE,15
1716751278733,paho798262745805015,topic/d/noise,METAVERSE,13
