1716783537736,paho833661824575153,topic/c/lighting,METAVERSE,154
1716783537708,paho833661823065119,topic/c/lighting,METAVERSE,126
1716783537912,paho833661823065119,topic/g/noise,METAVERSE,26
1716783538317,paho833661823065119,topic/v/lighting,METAVERSE,23
1716783538321,paho833661823065119,topic/c/noise,METAVERSE,13
1716783538322,paho833661824575153,topic/v/lighting,METAVERSE,28
1716783538554,paho833661823065119,topic/v/noise,METAVERSE,7
1716783538617,paho833661823065119,topic/e/noise,METAVERSE,32
1716783538647,paho833661823065119,topic/s/lighting,METAVERSE,7
1716783538648,paho833661824575153,topic/s/lighting,METAVERSE,8
1716783538724,paho833661823065119,topic/d/noise,METAVERSE,35
1716783538786,paho833661823065119,topic/d/rfid,METAVERSE,64
1716783538923,paho833661824575153,topic/c/lighting,METAVERSE,68
1716783538926,paho833661823065119,topic/c/rfid,METAVERSE,78
1716783538937,paho833661823065119,topic/c/lighting,METAVERSE,82
1716783538973,paho833661823065119,topic/g/lighting,METAVERSE,10
1716783538974,paho833661824575153,topic/g/lighting,METAVERSE,11
1716783539108,paho833661823065119,topic/v/rfid,METAVERSE,57
1716783539214,paho833661823065119,topic/s/noise,METAVERSE,8
1716783539253,paho833661823065119,topic/g/noise,METAVERSE,6
1716783539415,paho833661823065119,topic/g/rfid,METAVERSE,8
1716783539456,paho833661823065119,topic/s/lighting,METAVERSE,37
1716783539457,paho833661824575153,topic/s/lighting,METAVERSE,38
1716783539467,paho833661823065119,topic/b/lighting,METAVERSE,68
1716783539468,paho833661824575153,topic/b/lighting,METAVERSE,69
1716783539552,paho833661823065119,topic/s/rfid,METAVERSE,6
1716783539603,paho833661823065119,topic/s/noise,METAVERSE,21
1716783540352,paho833661823065119,topic/d/lighting,METAVERSE,28
1716783540353,paho833661824575153,topic/d/lighting,METAVERSE,29
1716783540429,paho833661823065119,topic/d/lighting,METAVERSE,6
1716783540432,paho833661824575153,topic/d/lighting,METAVERSE,9
1716783540560,paho833661823065119,topic/e/lighting,METAVERSE,17
1716783540560,paho833661824575153,topic/e/lighting,METAVERSE,17
1716783540943,paho833661823065119,topic/g/lighting,METAVERSE,46
1716783540944,paho833661824575153,topic/g/lighting,METAVERSE,47
1716783541192,paho833661823065119,topic/e/rfid,METAVERSE,16
1716783541468,paho833661823065119,topic/d/noise,METAVERSE,12
1716783541480,paho833661823065119,topic/g/rfid,METAVERSE,5
1716783542557,paho833661823065119,topic/e/noise,METAVERSE,5
1716783542563,paho833661823065119,topic/s/rfid,METAVERSE,8
1716783542613,paho833661823065119,topic/c/lighting,METAVERSE,6
1716783542613,paho833661824575153,topic/c/lighting,METAVERSE,6
1716783542788,paho833661823065119,topic/e/lighting,METAVERSE,16
1716783542788,paho833661824575153,topic/e/lighting,METAVERSE,16
1716783542928,paho833661823065119,topic/g/noise,METAVERSE,9
1716783543319,paho833661823065119,topic/c/noise,METAVERSE,5
1716783543324,paho833661823065119,topic/v/lighting,METAVERSE,5
1716783543325,paho833661824575153,topic/v/lighting,METAVERSE,6
1716783543635,paho833661823065119,topic/v/noise,METAVERSE,8
1716783543673,paho833661823065119,topic/e/noise,METAVERSE,6
1716783543679,paho833661823065119,topic/s/lighting,METAVERSE,5
1716783543681,paho833661824575153,topic/s/lighting,METAVERSE,7
1716783543760,paho833661823065119,topic/d/noise,METAVERSE,13
1716783543942,paho833661823065119,topic/c/lighting,METAVERSE,24
1716783543943,paho833661824575153,topic/c/lighting,METAVERSE,25
1716783544124,paho833661823065119,topic/g/lighting,METAVERSE,5
1716783544125,paho833661824575153,topic/g/lighting,METAVERSE,6
1716783544251,paho833661823065119,topic/e/rfid,METAVERSE,20
1716783544264,paho833661823065119,topic/s/noise,METAVERSE,36
1716783544365,paho833661823065119,topic/g/noise,METAVERSE,42
1716783544468,paho833661823065119,topic/b/lighting,METAVERSE,5
1716783544469,paho833661824575153,topic/b/lighting,METAVERSE,6
1716783544515,paho833661823065119,topic/s/lighting,METAVERSE,12
1716783544516,paho833661824575153,topic/s/lighting,METAVERSE,13
1716783544519,paho833661823065119,topic/b/noise,METAVERSE,33
1716783544616,paho833661823065119,topic/s/noise,METAVERSE,5
1716783544645,paho833661823065119,topic/b/lighting,METAVERSE,5
1716783544646,paho833661824575153,topic/b/lighting,METAVERSE,6
1716783544836,paho833661823065119,topic/d/rfid,METAVERSE,8
1716783544868,paho833661823065119,topic/b/lighting,METAVERSE,9
1716783544869,paho833661824575153,topic/b/lighting,METAVERSE,10
1716783544949,paho833661823065119,topic/c/rfid,METAVERSE,15
1716783545215,paho833661823065119,topic/b/noise,METAVERSE,23
1716783545304,paho833661823065119,topic/e/rfid,METAVERSE,5
1716783545369,paho833661823065119,topic/d/lighting,METAVERSE,21
1716783545369,paho833661824575153,topic/d/lighting,METAVERSE,21
1716783545515,paho833661823065119,topic/d/lighting,METAVERSE,6
1716783545515,paho833661824575153,topic/d/lighting,METAVERSE,6
1716783545522,paho833661823065119,topic/g/rfid,METAVERSE,8
1716783545627,paho833661823065119,topic/e/lighting,METAVERSE,36
1716783545628,paho833661824575153,topic/e/lighting,METAVERSE,37
1716783545988,paho833661823065119,topic/g/lighting,METAVERSE,13
1716783545989,paho833661824575153,topic/g/lighting,METAVERSE,14
1716783546193,paho833661823065119,topic/b/lighting,METAVERSE,7
1716783546194,paho833661824575153,topic/b/lighting,METAVERSE,8
1716783546464,paho833661823065119,topic/d/noise,METAVERSE,7
1716783546575,paho833661823065119,topic/b/noise,METAVERSE,56
1716783546634,paho833661823729739,topic/security,METAVERSE,1443
1716783546783,paho833661823729739,topic/security,METAVERSE,1558
1716783546826,paho833661823065119,topic/b/lighting,METAVERSE,51
1716783546827,paho833661824575153,topic/b/lighting,METAVERSE,52
1716783546839,paho833661823065119,topic/b/rfid,METAVERSE,23
1716783546841,paho833661824340274,topic/queueing,METAVERSE,1542
1716783546842,paho833661823065119,topic/b/rfid,METAVERSE,24
1716783546847,paho833661823065119,topic/d/rfid,METAVERSE,6
1716783546871,paho833661823065119,topic/b/rfid,METAVERSE,17
1716783546930,paho833661823065119,topic/b/noise,METAVERSE,37
1716783546947,paho833661823065119,topic/b/rfid,METAVERSE,22
1716783546984,paho833661824340274,topic/queueing,METAVERSE,1470
1716783547023,paho833661824340274,topic/queueing,METAVERSE,207
1716783547034,paho833661824340274,topic/queueing,METAVERSE,216
1716783547134,paho833661824340274,topic/queueing,METAVERSE,293
1716783547403,paho833661823065119,topic/e/rfid,METAVERSE,40
1716783547431,paho833661824340274,topic/queueing,METAVERSE,577
1716783547551,paho833661823065119,topic/g/rfid,METAVERSE,8
1716783547559,paho833661823065119,topic/e/noise,METAVERSE,5
1716783547562,paho833661823065119,topic/g/rfid,METAVERSE,10
1716783547664,paho833661823065119,topic/c/lighting,METAVERSE,9
1716783547665,paho833661824575153,topic/c/lighting,METAVERSE,10
1716783547824,paho833661823065119,topic/e/lighting,METAVERSE,5
1716783547825,paho833661824575153,topic/e/lighting,METAVERSE,6
1716783547932,paho833661824340274,topic/queueing,METAVERSE,1007
1716783547951,paho833661823065119,topic/g/noise,METAVERSE,12
1716783548085,paho833661824770420,topic/maintenance,METAVERSE,1710
1716783548133,paho833661824340274,topic/queueing,METAVERSE,770
1716783548186,paho833661824770420,topic/maintenance,METAVERSE,1729
1716783548283,paho833661824770420,topic/maintenance,METAVERSE,1808
1716783548285,paho833661824340274,topic/queueing,METAVERSE,742
1716783548286,paho833661824340274,topic/queueing,METAVERSE,734
1716783548331,paho833661823065119,topic/c/noise,METAVERSE,12
1716783548361,paho833661823065119,topic/v/lighting,METAVERSE,10
1716783548361,paho833661824575153,topic/v/lighting,METAVERSE,10
1716783548382,paho833661824770420,topic/maintenance,METAVERSE,1863
1716783548479,paho833661824770420,topic/maintenance,METAVERSE,1868
1716783548670,paho833661823065119,topic/v/noise,METAVERSE,5
1716783548674,paho833661823065119,topic/e/noise,METAVERSE,6
1716783548696,paho833661823065119,topic/s/lighting,METAVERSE,5
1716783548697,paho833661824575153,topic/s/lighting,METAVERSE,6
1716783548732,paho833661824770420,topic/maintenance,METAVERSE,2041
1716783548768,paho833661823065119,topic/d/noise,METAVERSE,5
1716783548917,paho833661823729739,topic/security,METAVERSE,3634
1716783548917,paho833661823729739,topic/security,METAVERSE,3631
1716783548917,paho833661823729739,topic/security,METAVERSE,3552
1716783548918,paho833661823729739,topic/security,METAVERSE,3459
1716783548918,paho833661823729739,topic/security,METAVERSE,3375
1716783548918,paho833661823729739,topic/security,METAVERSE,3375
1716783548918,paho833661823729739,topic/security,METAVERSE,3366
1716783548931,paho833661824770420,topic/maintenance,METAVERSE,2040
1716783548949,paho833661823065119,topic/c/lighting,METAVERSE,6
1716783548949,paho833661824575153,topic/c/lighting,METAVERSE,6
1716783549080,paho833661824770420,topic/maintenance,METAVERSE,2187
1716783549197,paho833661823065119,topic/g/lighting,METAVERSE,42
1716783549197,paho833661824575153,topic/g/lighting,METAVERSE,42
1716783549280,paho833661824770420,topic/maintenance,METAVERSE,2241
1716783549323,paho833661823065119,topic/s/noise,METAVERSE,63
1716783549383,paho833661824770420,topic/maintenance,METAVERSE,1829
1716783549388,paho833661823065119,topic/g/noise,METAVERSE,21
1716783549440,paho833661823065119,topic/e/rfid,METAVERSE,37
1716783549498,paho833661823065119,topic/b/lighting,METAVERSE,7
1716783549498,paho833661824575153,topic/b/lighting,METAVERSE,7
1716783549540,paho833661823065119,topic/s/lighting,METAVERSE,5
1716783549540,paho833661824575153,topic/s/lighting,METAVERSE,5
1716783549577,paho833661823065119,topic/b/noise,METAVERSE,49
1716783549620,paho833661823065119,topic/s/noise,METAVERSE,5
1716783549645,paho833661823065119,topic/b/lighting,METAVERSE,5
1716783549645,paho833661824575153,topic/b/lighting,METAVERSE,5
1716783549680,paho833661824770420,topic/maintenance,METAVERSE,2113
1716783549734,paho833661824340274,topic/queueing,METAVERSE,331
1716783549887,paho833661823065119,topic/d/rfid,METAVERSE,20
1716783549939,paho833661823065119,topic/b/lighting,METAVERSE,7
1716783549940,paho833661824575153,topic/b/lighting,METAVERSE,8
1716783549982,paho833661824770420,topic/maintenance,METAVERSE,2050
1716783550083,paho833661824340274,topic/occupancy,METAVERSE,3796
1716783550083,paho833661824340274,topic/queueing,METAVERSE,216
1716783550087,paho833661823065119,topic/b/rfid,METAVERSE,32
1716783550273,paho833661823065119,topic/b/noise,METAVERSE,6
1716783550434,paho833661824340274,topic/queueing,METAVERSE,379
1716783550437,paho833661823065119,topic/d/lighting,METAVERSE,6
1716783550437,paho833661824575153,topic/d/lighting,METAVERSE,6
1716783550504,paho833661823065119,topic/e/rfid,METAVERSE,5
1716783550573,paho833661823065119,topic/d/lighting,METAVERSE,5
1716783550573,paho833661824575153,topic/d/lighting,METAVERSE,5
1716783550583,paho833661824770420,topic/maintenance,METAVERSE,2644
1716783550680,paho833661824770420,topic/maintenance,METAVERSE,2652
1716783550682,paho833661823065119,topic/e/lighting,METAVERSE,44
1716783550683,paho833661824575153,topic/e/lighting,METAVERSE,45
1716783550736,paho833661824340274,topic/queueing,METAVERSE,237
1716783550787,paho833661824770420,topic/maintenance,METAVERSE,2716
1716783550981,paho833661824770420,topic/maintenance,METAVERSE,2886
1716783551028,paho833661823065119,topic/g/lighting,METAVERSE,7
1716783551029,paho833661824575153,topic/g/lighting,METAVERSE,8
1716783551133,paho833661824770420,topic/maintenance,METAVERSE,3041
1716783551182,paho833661824770420,topic/maintenance,METAVERSE,2863
1716783551268,paho833661824575153,topic/b/lighting,METAVERSE,6
1716783551268,paho833661823065119,topic/b/lighting,METAVERSE,6
1716783551283,paho833661824770420,topic/maintenance,METAVERSE,2918
1716783551335,paho833661824770420,topic/maintenance,METAVERSE,2710
1716783551385,paho833661824770420,topic/maintenance,METAVERSE,2720
1716783551433,paho833661824770420,topic/maintenance,METAVERSE,2765
1716783551495,paho833661823065119,topic/d/noise,METAVERSE,24
1716783551584,paho833661824770420,topic/maintenance,METAVERSE,2821
1716783551608,paho833661823065119,topic/s/rfid,METAVERSE,27
1716783551632,paho833661823065119,topic/b/noise,METAVERSE,18
1716783551681,paho833661824770420,topic/maintenance,METAVERSE,2698
1716783551684,paho833661824340274,topic/queueing,METAVERSE,103
1716783551731,paho833661824770420,topic/maintenance,METAVERSE,2619
1716783551785,paho833661824770420,topic/maintenance,METAVERSE,2525
1716783551833,paho833661824575153,topic/b/lighting,METAVERSE,14
1716783551834,paho833661823065119,topic/b/lighting,METAVERSE,15
1716783551985,paho833661824340274,topic/occupancy,METAVERSE,5603
1716783551985,paho833661824770420,topic/maintenance,METAVERSE,2626
1716783551989,paho833661823065119,topic/c/rfid,METAVERSE,12
1716783552005,paho833661823065119,topic/b/noise,METAVERSE,26
1716783552133,paho833661824340274,topic/queueing,METAVERSE,156
1716783552145,paho833661823065119,topic/b/rfid,METAVERSE,50
1716783552239,paho833661824770420,topic/maintenance,METAVERSE,2872
1716783552281,paho833661824770420,topic/maintenance,METAVERSE,2753
1716783552431,paho833661824770420,topic/maintenance,METAVERSE,2816
1716783552431,paho833661824340274,topic/queueing,METAVERSE,336
1716783552432,paho833661824340274,topic/occupancy,METAVERSE,5616
1716783552530,paho833661824770420,topic/maintenance,METAVERSE,2811
1716783552580,paho833661823065119,topic/e/noise,METAVERSE,5
1716783552631,paho833661824770420,topic/maintenance,METAVERSE,2904
1716783552681,paho833661824770420,topic/maintenance,METAVERSE,2672
1716783552722,paho833661823065119,topic/c/lighting,METAVERSE,41
1716783552724,paho833661824575153,topic/c/lighting,METAVERSE,43
1716783552732,paho833661824770420,topic/maintenance,METAVERSE,2708
1716783552780,paho833661824770420,topic/maintenance,METAVERSE,2629
1716783552835,paho833661824770420,topic/maintenance,METAVERSE,2568
1716783552839,paho833661823065119,topic/e/lighting,METAVERSE,16
1716783552840,paho833661824575153,topic/e/lighting,METAVERSE,17
1716783552927,paho833661823065119,topic/d/rfid,METAVERSE,18
1716783552936,paho833661824770420,topic/maintenance,METAVERSE,2560
1716783552964,paho833661823065119,topic/g/noise,METAVERSE,7
1716783553080,paho833661824770420,topic/maintenance,METAVERSE,2472
1716783553134,paho833661824340274,topic/queueing,METAVERSE,225
1716783553351,paho833661823065119,topic/c/noise,METAVERSE,6
1716783553380,paho833661824770420,topic/maintenance,METAVERSE,2631
1716783553418,paho833661823065119,topic/v/lighting,METAVERSE,47
1716783553419,paho833661824575153,topic/v/lighting,METAVERSE,48
1716783553431,paho833661824770420,topic/maintenance,METAVERSE,2370
1716783553534,paho833661824340274,topic/occupancy,METAVERSE,6716
1716783553581,paho833661824770420,topic/maintenance,METAVERSE,2436
1716783553631,paho833661824770420,topic/maintenance,METAVERSE,2424
1716783553638,paho833661823065119,topic/s/rfid,METAVERSE,11
1716783553682,paho833661824770420,topic/maintenance,METAVERSE,2211
1716783553682,paho833661824770420,topic/maintenance,METAVERSE,2211
1716783553682,paho833661824770420,topic/maintenance,METAVERSE,2070
1716783553723,paho833661824575153,topic/s/lighting,METAVERSE,8
1716783553724,paho833661823065119,topic/s/lighting,METAVERSE,9
1716783553731,paho833661824770420,topic/maintenance,METAVERSE,2117
1716783553752,paho833661823065119,topic/v/noise,METAVERSE,5
1716783553766,paho833661823065119,topic/e/noise,METAVERSE,15
1716783553783,paho833661824340274,topic/queueing,METAVERSE,156
1716783553803,paho833661823065119,topic/d/noise,METAVERSE,6
1716783553961,paho833661824575153,topic/c/lighting,METAVERSE,17
1716783553962,paho833661823065119,topic/c/lighting,METAVERSE,18
1716783554032,paho833661824340274,topic/occupancy,METAVERSE,7191
1716783554173,paho833661823729739,topic/security,METAVERSE,8578
1716783554174,paho833661823729739,topic/security,METAVERSE,8577
1716783554174,paho833661823729739,topic/security,METAVERSE,8487
1716783554174,paho833661823729739,topic/security,METAVERSE,8471
1716783554174,paho833661823729739,topic/security,METAVERSE,8498
1716783554174,paho833661823729739,topic/security,METAVERSE,8414
1716783554174,paho833661823729739,topic/security,METAVERSE,8413
1716783554174,paho833661823729739,topic/security,METAVERSE,8411
1716783554174,paho833661823729739,topic/security,METAVERSE,8410
1716783554174,paho833661823729739,topic/security,METAVERSE,8406
1716783554174,paho833661823729739,topic/security,METAVERSE,8348
1716783554174,paho833661823729739,topic/security,METAVERSE,8323
1716783554174,paho833661823729739,topic/security,METAVERSE,8242
1716783554174,paho833661823729739,topic/security,METAVERSE,8167
1716783554182,paho833661824770420,topic/maintenance,METAVERSE,2307
1716783554230,paho833661824770420,topic/maintenance,METAVERSE,2251
1716783554259,paho833661823065119,topic/g/lighting,METAVERSE,26
1716783554260,paho833661824575153,topic/g/lighting,METAVERSE,27
1716783554370,paho833661823065119,topic/s/noise,METAVERSE,27
1716783554385,paho833661824770420,topic/maintenance,METAVERSE,2318
1716783554444,paho833661823065119,topic/g/noise,METAVERSE,26
1716783554527,paho833661823065119,topic/b/lighting,METAVERSE,26
1716783554532,paho833661824575153,topic/b/lighting,METAVERSE,31
1716783554554,paho833661823065119,topic/s/lighting,METAVERSE,7
1716783554555,paho833661824575153,topic/s/lighting,METAVERSE,8
1716783554568,paho833661823065119,topic/g/rfid,METAVERSE,6
1716783554632,paho833661823065119,topic/s/noise,METAVERSE,5
1716783554633,paho833661824770420,topic/maintenance,METAVERSE,2530
1716783554634,paho833661824340274,topic/queueing,METAVERSE,72
1716783554670,paho833661824575153,topic/b/lighting,METAVERSE,28
1716783554671,paho833661823065119,topic/b/lighting,METAVERSE,29
1716783554681,paho833661823065119,topic/b/noise,METAVERSE,42
1716783554834,paho833661824770420,topic/maintenance,METAVERSE,2695
1716783554897,paho833661824770420,topic/maintenance,METAVERSE,2666
1716783554962,paho833661824575153,topic/b/lighting,METAVERSE,7
1716783554962,paho833661823065119,topic/b/lighting,METAVERSE,7
1716783554984,paho833661824340274,topic/occupancy,METAVERSE,8129
1716783555032,paho833661824770420,topic/maintenance,METAVERSE,2629
1716783555282,paho833661824770420,topic/maintenance,METAVERSE,2811
1716783555338,paho833661823065119,topic/b/noise,METAVERSE,31
1716783555383,paho833661824770420,topic/maintenance,METAVERSE,2808
1716783555464,paho833661823065119,topic/d/lighting,METAVERSE,9
1716783555465,paho833661824575153,topic/d/lighting,METAVERSE,10
1716783555487,paho833661824770420,topic/maintenance,METAVERSE,2530
1716783555583,paho833661824770420,topic/maintenance,METAVERSE,2524
1716783555624,paho833661823065119,topic/d/lighting,METAVERSE,5
1716783555624,paho833661824575153,topic/d/lighting,METAVERSE,5
1716783555749,paho833661823065119,topic/e/lighting,METAVERSE,40
1716783555750,paho833661824575153,topic/e/lighting,METAVERSE,41
1716783555839,paho833661824770420,topic/maintenance,METAVERSE,2728
1716783555935,paho833661824770420,topic/maintenance,METAVERSE,2772
1716783555952,paho833661823065119,topic/d/rfid,METAVERSE,9
1716783555983,paho833661824340274,topic/queueing,METAVERSE,40
1716783556059,paho833661823065119,topic/g/lighting,METAVERSE,6
1716783556060,paho833661824575153,topic/g/lighting,METAVERSE,7
1716783556082,paho833661824770420,topic/maintenance,METAVERSE,2844
1716783556130,paho833661824770420,topic/maintenance,METAVERSE,2785
1716783556234,paho833661824340274,topic/occupancy,METAVERSE,9336
1716783556281,paho833661824770420,topic/maintenance,METAVERSE,2534
1716783556317,paho833661823065119,topic/b/lighting,METAVERSE,5
1716783556318,paho833661824575153,topic/b/lighting,METAVERSE,6
1716783556480,paho833661824340274,topic/occupancy,METAVERSE,9581
1716783556549,paho833661823065119,topic/d/noise,METAVERSE,18
1716783556680,paho833661823065119,topic/b/noise,METAVERSE,34
1716783556782,paho833661824770420,topic/maintenance,METAVERSE,3031
1716783556837,paho833661824770420,topic/maintenance,METAVERSE,3082
1716783556881,paho833661823065119,topic/b/lighting,METAVERSE,10
1716783556882,paho833661824575153,topic/b/lighting,METAVERSE,11
1716783556935,paho833661824770420,topic/maintenance,METAVERSE,3138
1716783557024,paho833661823065119,topic/c/rfid,METAVERSE,17
1716783557067,paho833661823065119,topic/b/noise,METAVERSE,29
1716783557080,paho833661824770420,topic/maintenance,METAVERSE,3313
1716783557080,paho833661824340274,topic/queueing,METAVERSE,73
1716783557081,paho833661824340274,topic/occupancy,METAVERSE,10156
1716783557085,paho833661824770420,topic/maintenance,METAVERSE,3269
1716783557134,paho833661824770420,topic/maintenance,METAVERSE,3011
1716783557140,paho833661824770420,topic/maintenance,METAVERSE,2873
1716783557383,paho833661824770420,topic/maintenance,METAVERSE,3020
1716783557484,paho833661824770420,topic/maintenance,METAVERSE,3141
1716783557581,paho833661823065119,topic/e/noise,METAVERSE,5
1716783557682,paho833661824770420,topic/maintenance,METAVERSE,3264
1716783557703,paho833661823065119,topic/s/rfid,METAVERSE,10
1716783557731,paho833661824770420,topic/maintenance,METAVERSE,3302
1716783557764,paho833661823065119,topic/c/lighting,METAVERSE,5
1716783557764,paho833661824575153,topic/c/lighting,METAVERSE,5
1716783557782,paho833661824770420,topic/maintenance,METAVERSE,3155
1716783557783,paho833661824340274,topic/queueing,METAVERSE,90
1716783557784,paho833661823065119,topic/s/rfid,METAVERSE,13
1716783557805,paho833661823065119,topic/s/rfid,METAVERSE,5
1716783557831,paho833661824770420,topic/maintenance,METAVERSE,3172
1716783557883,paho833661824340274,topic/queueing,METAVERSE,112
1716783557895,paho833661823065119,topic/e/lighting,METAVERSE,41
1716783557896,paho833661824575153,topic/e/lighting,METAVERSE,42
1716783557933,paho833661824770420,topic/maintenance,METAVERSE,3294
1716783557981,paho833661824770420,topic/maintenance,METAVERSE,2852
1716783557982,paho833661824340274,topic/queueing,METAVERSE,182
1716783557989,paho833661823065119,topic/g/noise,METAVERSE,15
1716783557998,paho833661823065119,topic/d/rfid,METAVERSE,17
1716783558083,paho833661824340274,topic/queueing,METAVERSE,102
1716783558083,paho833661824770420,topic/maintenance,METAVERSE,2917
1716783558234,paho833661824770420,topic/maintenance,METAVERSE,2967
1716783558283,paho833661824770420,topic/maintenance,METAVERSE,2976
1716783558335,paho833661824770420,topic/maintenance,METAVERSE,2487
1716783558367,paho833661823065119,topic/c/noise,METAVERSE,5
1716783558432,paho833661824770420,topic/maintenance,METAVERSE,2377
1716783558487,paho833661823065119,topic/v/lighting,METAVERSE,54
1716783558488,paho833661824575153,topic/v/lighting,METAVERSE,55
1716783558583,paho833661824770420,topic/maintenance,METAVERSE,2453
1716783558764,paho833661823065119,topic/s/lighting,METAVERSE,5
1716783558764,paho833661824575153,topic/s/lighting,METAVERSE,5
1716783558803,paho833661823065119,topic/v/noise,METAVERSE,5
1716783558819,paho833661823065119,topic/d/noise,METAVERSE,8
1716783558829,paho833661823065119,topic/e/noise,METAVERSE,6
1716783558933,paho833661824770420,topic/maintenance,METAVERSE,2765
1716783558987,paho833661824770420,topic/maintenance,METAVERSE,2696
1716783559018,paho833661823065119,topic/c/lighting,METAVERSE,34
1716783559019,paho833661824575153,topic/c/lighting,METAVERSE,35
1716783559081,paho833661824770420,topic/maintenance,METAVERSE,2662
1716783559139,paho833661824770420,topic/maintenance,METAVERSE,2656
1716783559303,paho833661823065119,topic/g/lighting,METAVERSE,8
1716783559304,paho833661824575153,topic/g/lighting,METAVERSE,9
1716783559332,paho833661824770420,topic/maintenance,METAVERSE,2801
1716783559383,paho833661823065119,topic/s/noise,METAVERSE,7
1716783559503,paho833661823065119,topic/g/noise,METAVERSE,12
1716783559541,paho833661823065119,topic/b/lighting,METAVERSE,26
1716783559542,paho833661824575153,topic/b/lighting,METAVERSE,27
1716783559581,paho833661823065119,topic/s/lighting,METAVERSE,26
1716783559587,paho833661824575153,topic/s/lighting,METAVERSE,32
1716783559642,paho833661823065119,topic/s/noise,METAVERSE,4
1716783559677,paho833661823065119,topic/b/lighting,METAVERSE,18
1716783559678,paho833661824575153,topic/b/lighting,METAVERSE,19
1716783559732,paho833661823065119,topic/b/noise,METAVERSE,61
1716783559734,paho833661824770420,topic/maintenance,METAVERSE,3079
1716783559785,paho833661824770420,topic/maintenance,METAVERSE,3139
1716783559832,paho833661824770420,topic/maintenance,METAVERSE,2794
1716783559980,paho833661824770420,topic/maintenance,METAVERSE,2806
1716783560029,paho833661823065119,topic/b/lighting,METAVERSE,30
1716783560029,paho833661824575153,topic/b/lighting,METAVERSE,30
1716783560134,paho833661824770420,topic/maintenance,METAVERSE,2827
1716783560181,paho833661824770420,topic/maintenance,METAVERSE,2700
1716783560416,paho833661823065119,topic/b/noise,METAVERSE,36
1716783560523,paho833661823065119,topic/d/lighting,METAVERSE,36
1716783560524,paho833661824575153,topic/d/lighting,METAVERSE,37
1716783560582,paho833661824770420,topic/maintenance,METAVERSE,3006
1716783560583,paho833661824770420,topic/maintenance,METAVERSE,2937
1716783560583,paho833661824770420,topic/maintenance,METAVERSE,2891
1716783560649,paho833661823065119,topic/d/lighting,METAVERSE,5
1716783560649,paho833661824575153,topic/d/lighting,METAVERSE,5
1716783560775,paho833661823065119,topic/e/lighting,METAVERSE,16
1716783560778,paho833661824575153,topic/e/lighting,METAVERSE,19
1716783560831,paho833661824770420,topic/maintenance,METAVERSE,3032
1716783560882,paho833661824770420,topic/maintenance,METAVERSE,3049
1716783561104,paho833661823065119,topic/g/lighting,METAVERSE,5
1716783561104,paho833661824575153,topic/g/lighting,METAVERSE,5
1716783561134,paho833661824770420,topic/maintenance,METAVERSE,3160
1716783561183,paho833661824770420,topic/maintenance,METAVERSE,3052
1716783561183,paho833661824770420,topic/maintenance,METAVERSE,3016
1716783561187,paho833661824770420,topic/maintenance,METAVERSE,2992
1716783561283,paho833661824770420,topic/maintenance,METAVERSE,3082
1716783561283,paho833661824770420,topic/maintenance,METAVERSE,2976
1716783561284,paho833661824770420,topic/maintenance,METAVERSE,2933
1716783561382,paho833661824770420,topic/maintenance,METAVERSE,3020
1716783561385,paho833661824575153,topic/b/lighting,METAVERSE,30
1716783561386,paho833661823065119,topic/b/lighting,METAVERSE,31
1716783561579,paho833661824770420,topic/maintenance,METAVERSE,3148
1716783561601,paho833661823065119,topic/d/noise,METAVERSE,29
1716783561757,paho833661823065119,topic/b/noise,METAVERSE,62
1716783561883,paho833661824770420,topic/maintenance,METAVERSE,3408
1716783561933,paho833661824770420,topic/maintenance,METAVERSE,3422
1716783562040,paho833661823065119,topic/b/lighting,METAVERSE,73
1716783562041,paho833661824575153,topic/b/lighting,METAVERSE,74
1716783562073,paho833661823065119,topic/c/rfid,METAVERSE,6
1716783562131,paho833661824340274,topic/queueing,METAVERSE,64
1716783562136,paho833661823065119,topic/b/noise,METAVERSE,49
1716783562283,paho833661824770420,topic/maintenance,METAVERSE,3688
1716783562335,paho833661824770420,topic/maintenance,METAVERSE,3692
1716783562482,paho833661824770420,topic/maintenance,METAVERSE,3699
1716783562580,paho833661824770420,topic/maintenance,METAVERSE,3782
1716783562591,paho833661823065119,topic/e/noise,METAVERSE,13
1716783562682,paho833661824770420,topic/maintenance,METAVERSE,3871
1716783562733,paho833661824770420,topic/maintenance,METAVERSE,3910
1716783562782,paho833661824770420,topic/maintenance,METAVERSE,3931
1716783562784,paho833661823065119,topic/c/lighting,METAVERSE,5
1716783562784,paho833661824575153,topic/c/lighting,METAVERSE,5
1716783562787,paho833661824770420,topic/maintenance,METAVERSE,3828
1716783562934,paho833661823065119,topic/e/lighting,METAVERSE,15
1716783562939,paho833661824575153,topic/e/lighting,METAVERSE,20
1716783563027,paho833661823065119,topic/g/noise,METAVERSE,4
1716783563083,paho833661824770420,topic/maintenance,METAVERSE,3996
1716783563127,paho833661824770420,topic/maintenance,METAVERSE,3920
1716783563185,paho833661824770420,topic/maintenance,METAVERSE,3978
1716783563383,paho833661823065119,topic/c/noise,METAVERSE,4
1716783563430,paho833661824770420,topic/maintenance,METAVERSE,4121
1716783563575,paho833661823065119,topic/v/lighting,METAVERSE,40
1716783563576,paho833661824575153,topic/v/lighting,METAVERSE,41
1716783563579,paho833661824770420,topic/maintenance,METAVERSE,4204
1716783563682,paho833661824770420,topic/maintenance,METAVERSE,4306
1716783563687,paho833661824770420,topic/maintenance,METAVERSE,4196
1716783563735,paho833661824770420,topic/maintenance,METAVERSE,4164
1716783563815,paho833661823065119,topic/v/noise,METAVERSE,6
1716783563830,paho833661823065119,topic/d/noise,METAVERSE,5
1716783563835,paho833661823065119,topic/s/lighting,METAVERSE,4
1716783563838,paho833661824575153,topic/s/lighting,METAVERSE,7
1716783563846,paho833661823065119,topic/e/noise,METAVERSE,5
1716783563935,paho833661824770420,topic/maintenance,METAVERSE,4297
1716783564035,paho833661824770420,topic/maintenance,METAVERSE,4339
1716783564090,paho833661823065119,topic/c/lighting,METAVERSE,6
1716783564091,paho833661824575153,topic/c/lighting,METAVERSE,7
1716783564135,paho833661824770420,topic/maintenance,METAVERSE,4464
1716783564235,paho833661824770420,topic/maintenance,METAVERSE,4399
1716783564364,paho833661823065119,topic/g/lighting,METAVERSE,6
1716783564365,paho833661824575153,topic/g/lighting,METAVERSE,7
1716783564435,paho833661824770420,topic/maintenance,METAVERSE,4558
1716783564484,paho833661823065119,topic/s/noise,METAVERSE,13
1716783564571,paho833661823065119,topic/g/noise,METAVERSE,24
1716783564583,paho833661823065119,topic/b/lighting,METAVERSE,67
1716783564585,paho833661824575153,topic/b/lighting,METAVERSE,69
1716783564621,paho833661823065119,topic/s/lighting,METAVERSE,14
1716783564621,paho833661824575153,topic/s/lighting,METAVERSE,14
1716783564632,paho833661824770420,topic/maintenance,METAVERSE,4713
1716783564645,paho833661823065119,topic/s/noise,METAVERSE,6
1716783564684,paho833661823065119,topic/b/lighting,METAVERSE,25
1716783564686,paho833661824575153,topic/b/lighting,METAVERSE,27
1716783564733,paho833661824770420,topic/maintenance,METAVERSE,4670
1716783564750,paho833661823065119,topic/b/noise,METAVERSE,43
1716783564831,paho833661824770420,topic/maintenance,METAVERSE,4720
1716783564887,paho833661824770420,topic/maintenance,METAVERSE,4724
1716783564934,paho833661824770420,topic/maintenance,METAVERSE,4710
1716783565031,paho833661824770420,topic/maintenance,METAVERSE,4742
1716783565052,paho833661823065119,topic/b/lighting,METAVERSE,25
1716783565052,paho833661824575153,topic/b/lighting,METAVERSE,25
1716783565080,paho833661824770420,topic/maintenance,METAVERSE,4740
1716783565084,paho833661823065119,topic/c/rfid,METAVERSE,15
1716783565088,paho833661824340274,topic/queueing,METAVERSE,19
1716783565179,paho833661824770420,topic/maintenance,METAVERSE,4799
1716783565380,paho833661824770420,topic/maintenance,METAVERSE,4945
1716783565437,paho833661824770420,topic/maintenance,METAVERSE,4977
1716783565482,paho833661824770420,topic/maintenance,METAVERSE,4407
1716783565487,paho833661823065119,topic/b/noise,METAVERSE,62
1716783565535,paho833661824770420,topic/maintenance,METAVERSE,4429
1716783565555,paho833661823065119,topic/d/lighting,METAVERSE,28
1716783565556,paho833661824575153,topic/d/lighting,METAVERSE,29
1716783565635,paho833661824770420,topic/maintenance,METAVERSE,4410
1716783565700,paho833661823065119,topic/d/lighting,METAVERSE,6
1716783565701,paho833661824575153,topic/d/lighting,METAVERSE,7
1716783565731,paho833661824770420,topic/maintenance,METAVERSE,4384
1716783565780,paho833661824770420,topic/maintenance,METAVERSE,4356
1716783565834,paho833661824770420,topic/maintenance,METAVERSE,4365
1716783565859,paho833661823065119,topic/e/lighting,METAVERSE,35
1716783565860,paho833661824575153,topic/e/lighting,METAVERSE,36
1716783566135,paho833661824770420,topic/maintenance,METAVERSE,4663
1716783566153,paho833661823065119,topic/g/lighting,METAVERSE,9
1716783566154,paho833661824575153,topic/g/lighting,METAVERSE,10
1716783566235,paho833661824770420,topic/maintenance,METAVERSE,4663
1716783566283,paho833661824770420,topic/maintenance,METAVERSE,4588
1716783566283,paho833661824770420,topic/maintenance,METAVERSE,4522
1716783566283,paho833661824770420,topic/maintenance,METAVERSE,4476
1716783566283,paho833661824770420,topic/maintenance,METAVERSE,4429
1716783566284,paho833661824770420,topic/maintenance,METAVERSE,4429
1716783566433,paho833661824770420,topic/maintenance,METAVERSE,4527
1716783566481,paho833661823065119,topic/b/lighting,METAVERSE,44
1716783566482,paho833661824575153,topic/b/lighting,METAVERSE,45
1716783566616,paho833661823065119,topic/d/noise,METAVERSE,5
1716783566635,paho833661824770420,topic/maintenance,METAVERSE,4548
1716783566734,paho833661824770420,topic/maintenance,METAVERSE,4509
1716783566783,paho833661824770420,topic/maintenance,METAVERSE,4424
1716783566803,paho833661823065119,topic/b/noise,METAVERSE,54
1716783566887,paho833661824770420,topic/maintenance,METAVERSE,4404
1716783566887,paho833661824770420,topic/maintenance,METAVERSE,4309
1716783567032,paho833661824770420,topic/maintenance,METAVERSE,4465
1716783567081,paho833661823065119,topic/b/lighting,METAVERSE,41
1716783567081,paho833661824575153,topic/b/lighting,METAVERSE,41
1716783567172,paho833661823065119,topic/b/noise,METAVERSE,17
1716783567231,paho833661824770420,topic/maintenance,METAVERSE,4584
1716783567279,paho833661824770420,topic/maintenance,METAVERSE,4536
1716783567332,paho833661824770420,topic/maintenance,METAVERSE,4309
1716783567332,paho833661824770420,topic/maintenance,METAVERSE,4161
1716783567432,paho833661824770420,topic/maintenance,METAVERSE,4154
1716783567479,paho833661824770420,topic/maintenance,METAVERSE,4251
1716783567534,paho833661824770420,topic/maintenance,METAVERSE,4155
1716783567601,paho833661823065119,topic/e/noise,METAVERSE,7
1716783567632,paho833661824770420,topic/maintenance,METAVERSE,4273
1716783567733,paho833661824770420,topic/maintenance,METAVERSE,3974
1716783567781,paho833661824770420,topic/maintenance,METAVERSE,3972
1716783567795,paho833661823065119,topic/c/lighting,METAVERSE,4
1716783567796,paho833661824575153,topic/c/lighting,METAVERSE,5
1716783567934,paho833661824770420,topic/maintenance,METAVERSE,4109
1716783568013,paho833661823065119,topic/d/rfid,METAVERSE,5
1716783568017,paho833661824340274,topic/queueing,METAVERSE,9
1716783568019,paho833661823065119,topic/d/rfid,METAVERSE,9
1716783568022,paho833661824340274,topic/queueing,METAVERSE,12
1716783568056,paho833661823065119,topic/g/noise,METAVERSE,4
1716783568059,paho833661823065119,topic/e/lighting,METAVERSE,20
1716783568060,paho833661824575153,topic/e/lighting,METAVERSE,21
1716783568133,paho833661824770420,topic/maintenance,METAVERSE,4292
1716783568183,paho833661824770420,topic/maintenance,METAVERSE,4412
1716783568230,paho833661824770420,topic/maintenance,METAVERSE,4051
1716783568285,paho833661824770420,topic/maintenance,METAVERSE,4057
1716783568379,paho833661824770420,topic/maintenance,METAVERSE,4003
1716783568385,paho833661823065119,topic/c/noise,METAVERSE,6
1716783568432,paho833661824770420,topic/maintenance,METAVERSE,4065
1716783568432,paho833661824770420,topic/maintenance,METAVERSE,3961
1716783568479,paho833661824770420,topic/maintenance,METAVERSE,3990
1716783568611,paho833661823065119,topic/v/lighting,METAVERSE,11
1716783568611,paho833661824575153,topic/v/lighting,METAVERSE,12
1716783568731,paho833661824770420,topic/maintenance,METAVERSE,4184
1716783568779,paho833661824770420,topic/maintenance,METAVERSE,4140
1716783568831,paho833661823065119,topic/v/noise,METAVERSE,4
1716783568833,paho833661823065119,topic/d/noise,METAVERSE,6
1716783568875,paho833661823065119,topic/e/noise,METAVERSE,4
1716783568881,paho833661824770420,topic/maintenance,METAVERSE,4174
1716783568900,paho833661823065119,topic/s/lighting,METAVERSE,4
1716783568900,paho833661824575153,topic/s/lighting,METAVERSE,4
1716783568983,paho833661824770420,topic/maintenance,METAVERSE,3876
1716783569034,paho833661824770420,topic/maintenance,METAVERSE,3801
1716783569082,paho833661824770420,topic/maintenance,METAVERSE,3687
1716783569093,paho833661823065119,topic/c/lighting,METAVERSE,6
1716783569093,paho833661824575153,topic/c/lighting,METAVERSE,6
1716783569188,paho833661824770420,topic/maintenance,METAVERSE,3763
1716783569334,paho833661824770420,topic/maintenance,METAVERSE,3768
1716783569421,paho833661823065119,topic/g/lighting,METAVERSE,6
1716783569422,paho833661824575153,topic/g/lighting,METAVERSE,7
1716783569430,paho833661824770420,topic/maintenance,METAVERSE,3627
1716783569536,paho833661823065119,topic/s/noise,METAVERSE,19
1716783569554,paho833661823065119,topic/b/lighting,METAVERSE,35
1716783569555,paho833661824575153,topic/b/lighting,METAVERSE,36
1716783569585,paho833661824770420,topic/maintenance,METAVERSE,3762
1716783569631,paho833661824770420,topic/maintenance,METAVERSE,3735
1716783569631,paho833661824770420,topic/maintenance,METAVERSE,3388
1716783569631,paho833661824770420,topic/maintenance,METAVERSE,3340
1716783569631,paho833661824770420,topic/maintenance,METAVERSE,3220
1716783569631,paho833661824770420,topic/maintenance,METAVERSE,3084
1716783569651,paho833661823065119,topic/g/noise,METAVERSE,16
1716783569679,paho833661823065119,topic/s/noise,METAVERSE,16
1716783569684,paho833661824770420,topic/maintenance,METAVERSE,3073
1716783569698,paho833661823065119,topic/b/lighting,METAVERSE,23
1716783569699,paho833661824575153,topic/b/lighting,METAVERSE,24
1716783569711,paho833661823065119,topic/s/lighting,METAVERSE,16
1716783569712,paho833661824575153,topic/s/lighting,METAVERSE,17
1716783569784,paho833661824770420,topic/maintenance,METAVERSE,3157
1716783569789,paho833661823065119,topic/b/noise,METAVERSE,70
1716783569883,paho833661824770420,topic/maintenance,METAVERSE,3134
1716783569884,paho833661824770420,topic/maintenance,METAVERSE,3105
1716783569983,paho833661824770420,topic/maintenance,METAVERSE,3234
1716783570023,paho833661824770420,topic/maintenance,METAVERSE,2878
1716783570034,paho833661824770420,topic/maintenance,METAVERSE,2879
1716783570054,paho833661823065119,topic/d/rfid,METAVERSE,7
1716783570059,paho833661824340274,topic/queueing,METAVERSE,12
1716783570084,paho833661824770420,topic/maintenance,METAVERSE,2917
1716783570086,paho833661824770420,topic/maintenance,METAVERSE,2827
1716783570095,paho833661823065119,topic/b/lighting,METAVERSE,27
1716783570095,paho833661824575153,topic/b/lighting,METAVERSE,27
1716783570189,paho833661824770420,topic/maintenance,METAVERSE,2770
1716783570189,paho833661824770420,topic/maintenance,METAVERSE,2595
1716783570235,paho833661824770420,topic/maintenance,METAVERSE,2183
1716783570284,paho833661824770420,topic/maintenance,METAVERSE,2097
1716783570383,paho833661824770420,topic/maintenance,METAVERSE,2160
1716783570536,paho833661824770420,topic/maintenance,METAVERSE,2293
1716783570544,paho833661823065119,topic/b/noise,METAVERSE,39
1716783570568,paho833661823065119,topic/d/lighting,METAVERSE,8
1716783570568,paho833661824575153,topic/d/lighting,METAVERSE,8
1716783570583,paho833661824770420,topic/maintenance,METAVERSE,2308
1716783570683,paho833661824770420,topic/maintenance,METAVERSE,2304
1716783570716,paho833661824340274,topic/occupancy,METAVERSE,23805
1716783570716,paho833661824340274,topic/occupancy,METAVERSE,23544
1716783570716,paho833661824340274,topic/occupancy,METAVERSE,23523
1716783570716,paho833661824340274,topic/occupancy,METAVERSE,23353
1716783570716,paho833661824340274,topic/occupancy,METAVERSE,23173
1716783570716,paho833661824340274,topic/occupancy,METAVERSE,23164
1716783570716,paho833661824340274,topic/occupancy,METAVERSE,23061
1716783570716,paho833661824340274,topic/occupancy,METAVERSE,23009
1716783570716,paho833661824340274,topic/occupancy,METAVERSE,22940
1716783570716,paho833661824340274,topic/occupancy,METAVERSE,22393
1716783570716,paho833661824340274,topic/occupancy,METAVERSE,22306
1716783570716,paho833661824340274,topic/occupancy,METAVERSE,21766
1716783570716,paho833661824340274,topic/occupancy,METAVERSE,21783
1716783570716,paho833661824340274,topic/occupancy,METAVERSE,21697
1716783570716,paho833661824340274,topic/occupancy,METAVERSE,21499
1716783570716,paho833661824340274,topic/occupancy,METAVERSE,21509
1716783570716,paho833661824340274,topic/occupancy,METAVERSE,21313
1716783570716,paho833661824340274,topic/occupancy,METAVERSE,21041
1716783570717,paho833661824340274,topic/occupancy,METAVERSE,20910
1716783570717,paho833661824340274,topic/occupancy,METAVERSE,20862
1716783570717,paho833661824340274,topic/occupancy,METAVERSE,20850
1716783570717,paho833661824340274,topic/occupancy,METAVERSE,20662
1716783570717,paho833661824340274,topic/occupancy,METAVERSE,20363
1716783570776,paho833661823065119,topic/d/lighting,METAVERSE,5
1716783570776,paho833661824575153,topic/d/lighting,METAVERSE,5
1716783570834,paho833661824770420,topic/maintenance,METAVERSE,2400
1716783570845,paho833661824770420,topic/maintenance,METAVERSE,2350
1716783570883,paho833661824770420,topic/maintenance,METAVERSE,2360
1716783570925,paho833661824770420,topic/maintenance,METAVERSE,2354
1716783570950,paho833661823065119,topic/e/lighting,METAVERSE,45
1716783570951,paho833661824575153,topic/e/lighting,METAVERSE,46
1716783570982,paho833661824770420,topic/maintenance,METAVERSE,2292
1716783571033,paho833661824340274,topic/occupancy,METAVERSE,20569
1716783571033,paho833661824770420,topic/maintenance,METAVERSE,2342
1716783571083,paho833661824770420,topic/maintenance,METAVERSE,2256
1716783571123,paho833661823065119,topic/c/rfid,METAVERSE,6
1716783571127,paho833661824340274,topic/queueing,METAVERSE,10
1716783571192,paho833661824575153,topic/g/lighting,METAVERSE,5
1716783571192,paho833661823065119,topic/g/lighting,METAVERSE,5
1716783571282,paho833661824770420,topic/maintenance,METAVERSE,2455
1716783571386,paho833661824770420,topic/maintenance,METAVERSE,2515
1716783571427,paho833661824770420,topic/maintenance,METAVERSE,2148
1716783571436,paho833661824770420,topic/maintenance,METAVERSE,2129
1716783571436,paho833661824770420,topic/maintenance,METAVERSE,2049
1716783571528,paho833661823065119,topic/b/lighting,METAVERSE,49
1716783571529,paho833661824575153,topic/b/lighting,METAVERSE,50
1716783571633,paho833661824770420,topic/maintenance,METAVERSE,2198
1716783571663,paho833661823065119,topic/d/noise,METAVERSE,28
1716783571684,paho833661824770420,topic/maintenance,METAVERSE,2202
1716783571730,paho833661824770420,topic/maintenance,METAVERSE,2213
1716783571796,paho833661823065119,topic/b/noise,METAVERSE,9
1716783571834,paho833661824770420,topic/maintenance,METAVERSE,2199
1716783571934,paho833661824770420,topic/maintenance,METAVERSE,2271
1716783572080,paho833661824770420,topic/maintenance,METAVERSE,2361
1716783572087,paho833661824770420,topic/maintenance,METAVERSE,2256
1716783572100,paho833661823065119,topic/b/lighting,METAVERSE,29
1716783572100,paho833661824575153,topic/b/lighting,METAVERSE,29
1716783572186,paho833661823065119,topic/b/noise,METAVERSE,15
1716783572235,paho833661824770420,topic/maintenance,METAVERSE,2268
1716783572236,paho833661824770420,topic/maintenance,METAVERSE,1945
1716783572283,paho833661824770420,topic/maintenance,METAVERSE,1843
1716783572431,paho833661824770420,topic/maintenance,METAVERSE,1926
1716783572535,paho833661824770420,topic/maintenance,METAVERSE,1848
1716783572647,paho833661823065119,topic/e/noise,METAVERSE,8
1716783572681,paho833661824770420,topic/maintenance,METAVERSE,1846
1716783572803,paho833661823065119,topic/c/lighting,METAVERSE,12
1716783572803,paho833661824575153,topic/c/lighting,METAVERSE,12
1716783572885,paho833661824770420,topic/maintenance,METAVERSE,1570
1716783573078,paho833661823065119,topic/e/lighting,METAVERSE,11
1716783573079,paho833661824575153,topic/e/lighting,METAVERSE,12
1716783573126,paho833661823065119,topic/g/noise,METAVERSE,55
1716783573130,paho833661824770420,topic/maintenance,METAVERSE,1631
1716783573131,paho833661824770420,topic/maintenance,METAVERSE,1654
1716783573131,paho833661824770420,topic/maintenance,METAVERSE,1496
1716783573131,paho833661824770420,topic/maintenance,METAVERSE,1344
1716783573131,paho833661824770420,topic/maintenance,METAVERSE,1372
1716783573132,paho833661824770420,topic/maintenance,METAVERSE,1299
1716783573132,paho833661824770420,topic/maintenance,METAVERSE,1221
1716783573132,paho833661824770420,topic/maintenance,METAVERSE,961
1716783573231,paho833661824770420,topic/maintenance,METAVERSE,1040
1716783573380,paho833661824770420,topic/maintenance,METAVERSE,1047
1716783573404,paho833661823065119,topic/c/noise,METAVERSE,5
1716783573479,paho833661824770420,topic/maintenance,METAVERSE,948
1716783573625,paho833661823065119,topic/v/lighting,METAVERSE,5
1716783573626,paho833661824575153,topic/v/lighting,METAVERSE,6
1716783573631,paho833661824770420,topic/maintenance,METAVERSE,1028
1716783573635,paho833661824770420,topic/maintenance,METAVERSE,996
1716783573637,paho833661824770420,topic/maintenance,METAVERSE,566
1716783573637,paho833661824770420,topic/maintenance,METAVERSE,332
1716783573643,paho833661824770420,topic/maintenance,METAVERSE,310
1716783573782,paho833661824770420,topic/maintenance,METAVERSE,383
1716783573832,paho833661824770420,topic/maintenance,METAVERSE,269
1716783573867,paho833661823065119,topic/d/noise,METAVERSE,8
1716783573875,paho833661823065119,topic/v/noise,METAVERSE,4
1716783573882,paho833661824770420,topic/maintenance,METAVERSE,45
1716783573920,paho833661823065119,topic/e/noise,METAVERSE,5
1716783573976,paho833661823065119,topic/s/lighting,METAVERSE,5
1716783573976,paho833661824575153,topic/s/lighting,METAVERSE,5
1716783574079,paho833661824770420,topic/maintenance,METAVERSE,220
1716783574123,paho833661824770420,topic/maintenance,METAVERSE,252
1716783574134,paho833661823065119,topic/c/lighting,METAVERSE,23
1716783574135,paho833661824575153,topic/c/lighting,METAVERSE,24
1716783574175,paho833661823065119,topic/c/rfid,METAVERSE,20
1716783574176,paho833661824340274,topic/queueing,METAVERSE,21
1716783574280,paho833661824770420,topic/maintenance,METAVERSE,364
1716783574332,paho833661824770420,topic/maintenance,METAVERSE,361
1716783574380,paho833661824770420,topic/maintenance,METAVERSE,37
1716783574431,paho833661824770420,topic/maintenance,METAVERSE,35
1716783574471,paho833661823065119,topic/g/lighting,METAVERSE,34
1716783574472,paho833661824575153,topic/g/lighting,METAVERSE,35
1716783574567,paho833661823065119,topic/b/lighting,METAVERSE,4
1716783574568,paho833661824575153,topic/b/lighting,METAVERSE,5
1716783574580,paho833661824770420,topic/maintenance,METAVERSE,57
1716783574599,paho833661823065119,topic/s/noise,METAVERSE,8
1716783574632,paho833661824770420,topic/maintenance,METAVERSE,57
1716783574695,paho833661823065119,topic/b/lighting,METAVERSE,4
1716783574696,paho833661824575153,topic/b/lighting,METAVERSE,5
1716783574711,paho833661823065119,topic/g/noise,METAVERSE,36
1716783574730,paho833661824770420,topic/maintenance,METAVERSE,150
1716783574731,paho833661824770420,topic/maintenance,METAVERSE,140
1716783574734,paho833661824770420,topic/maintenance,METAVERSE,59
1716783574743,paho833661823065119,topic/s/lighting,METAVERSE,8
1716783574744,paho833661824575153,topic/s/lighting,METAVERSE,9
1716783574751,paho833661823065119,topic/s/noise,METAVERSE,32
1716783574802,paho833661823065119,topic/b/noise,METAVERSE,35
1716783574879,paho833661824770420,topic/maintenance,METAVERSE,147
1716783574932,paho833661824770420,topic/maintenance,METAVERSE,213
1716783574939,paho833661824770420,topic/maintenance,METAVERSE,172
1716783575059,paho833661823065119,topic/d/rfid,METAVERSE,8
1716783575063,paho833661824340274,topic/queueing,METAVERSE,12
1716783575084,paho833661823065119,topic/b/lighting,METAVERSE,7
1716783575085,paho833661824575153,topic/b/lighting,METAVERSE,8
1716783575594,paho833661823065119,topic/b/noise,METAVERSE,75
1716783575615,paho833661823065119,topic/d/lighting,METAVERSE,11
1716783575615,paho833661824575153,topic/d/lighting,METAVERSE,11
1716783575780,paho833661824770420,topic/maintenance,METAVERSE,413
1716783575807,paho833661823065119,topic/d/lighting,METAVERSE,28
1716783575808,paho833661824575153,topic/d/lighting,METAVERSE,29
1716783575887,paho833661824770420,topic/maintenance,METAVERSE,306
1716783575887,paho833661824770420,topic/maintenance,METAVERSE,368
1716783575887,paho833661824770420,topic/maintenance,METAVERSE,252
1716783575975,paho833661823065119,topic/e/lighting,METAVERSE,9
1716783575976,paho833661824575153,topic/e/lighting,METAVERSE,10
1716783576240,paho833661823065119,topic/g/lighting,METAVERSE,13
1716783576241,paho833661824575153,topic/g/lighting,METAVERSE,14
1716783576281,paho833661824770420,topic/maintenance,METAVERSE,83
1716783576564,paho833661823065119,topic/b/lighting,METAVERSE,85
1716783576564,paho833661824575153,topic/b/lighting,METAVERSE,85
1716783576634,paho833661824770420,topic/maintenance,METAVERSE,259
1716783576680,paho833661824770420,topic/maintenance,METAVERSE,65
1716783576683,paho833661823065119,topic/d/noise,METAVERSE,8
1716783576687,paho833661824770420,topic/maintenance,METAVERSE,12
1716783576839,paho833661823065119,topic/b/noise,METAVERSE,40
1716783576983,paho833661824770420,topic/maintenance,METAVERSE,344
1716783577023,paho833661824770420,topic/maintenance,METAVERSE,224
1716783577140,paho833661823065119,topic/b/lighting,METAVERSE,43
1716783577141,paho833661824575153,topic/b/lighting,METAVERSE,44
1716783577292,paho833661823065119,topic/b/noise,METAVERSE,73
1716783577485,paho833661824770420,topic/maintenance,METAVERSE,266
1716783577485,paho833661824770420,topic/maintenance,METAVERSE,159
1716783577582,paho833661824770420,topic/maintenance,METAVERSE,207
1716783577632,paho833661824770420,topic/maintenance,METAVERSE,99
1716783577672,paho833661823065119,topic/e/noise,METAVERSE,5
1716783577816,paho833661823065119,topic/c/lighting,METAVERSE,17
1716783577817,paho833661824575153,topic/c/lighting,METAVERSE,18
1716783577830,paho833661824770420,topic/maintenance,METAVERSE,163
1716783577930,paho833661824770420,topic/maintenance,METAVERSE,275
1716783578030,paho833661824770420,topic/maintenance,METAVERSE,175
1716783578104,paho833661823065119,topic/e/lighting,METAVERSE,5
1716783578104,paho833661824575153,topic/e/lighting,METAVERSE,5
1716783578145,paho833661823065119,topic/g/noise,METAVERSE,4
1716783578180,paho833661824770420,topic/maintenance,METAVERSE,343
1716783578284,paho833661824770420,topic/maintenance,METAVERSE,298
1716783578419,paho833661823065119,topic/c/noise,METAVERSE,5
1716783578638,paho833661824770420,topic/maintenance,METAVERSE,497
1716783578667,paho833661823065119,topic/v/lighting,METAVERSE,27
1716783578668,paho833661824575153,topic/v/lighting,METAVERSE,28
1716783578832,paho833661824770420,topic/maintenance,METAVERSE,645
1716783578880,paho833661823065119,topic/v/noise,METAVERSE,5
1716783578883,paho833661823065119,topic/d/noise,METAVERSE,8
1716783578883,paho833661824770420,topic/maintenance,METAVERSE,515
1716783578934,paho833661824770420,topic/maintenance,METAVERSE,520
1716783578980,paho833661823065119,topic/e/noise,METAVERSE,5
1716783579015,paho833661823065119,topic/s/lighting,METAVERSE,27
1716783579015,paho833661824575153,topic/s/lighting,METAVERSE,27
1716783579067,paho833661823065119,topic/d/rfid,METAVERSE,11
1716783579069,paho833661824340274,topic/queueing,METAVERSE,13
1716783579071,paho833661823065119,topic/d/rfid,METAVERSE,6
1716783579131,paho833661824340274,topic/queueing,METAVERSE,66
1716783579168,paho833661823065119,topic/c/lighting,METAVERSE,13
1716783579169,paho833661824575153,topic/c/lighting,METAVERSE,14
1716783579230,paho833661824770420,topic/maintenance,METAVERSE,851
1716783579331,paho833661824770420,topic/maintenance,METAVERSE,940
1716783579499,paho833661823065119,topic/g/lighting,METAVERSE,6
1716783579500,paho833661824575153,topic/g/lighting,METAVERSE,7
1716783579606,paho833661823065119,topic/b/lighting,METAVERSE,31
1716783579607,paho833661824575153,topic/b/lighting,METAVERSE,32
1716783579643,paho833661823065119,topic/s/noise,METAVERSE,27
1716783579724,paho833661823065119,topic/g/noise,METAVERSE,9
1716783579743,paho833661823065119,topic/b/lighting,METAVERSE,40
1716783579744,paho833661824575153,topic/b/lighting,METAVERSE,41
1716783579773,paho833661823065119,topic/s/lighting,METAVERSE,14
1716783579774,paho833661824575153,topic/s/lighting,METAVERSE,15
1716783579781,paho833661824770420,topic/maintenance,METAVERSE,1285
1716783579811,paho833661823065119,topic/s/noise,METAVERSE,24
1716783579879,paho833661824770420,topic/maintenance,METAVERSE,1228
1716783579907,paho833661823065119,topic/b/noise,METAVERSE,60
1716783579979,paho833661824770420,topic/maintenance,METAVERSE,1305
1716783579983,paho833661824770420,topic/maintenance,METAVERSE,1276
1716783580118,paho833661823065119,topic/b/lighting,METAVERSE,40
1716783580119,paho833661824575153,topic/b/lighting,METAVERSE,41
1716783580280,paho833661824770420,topic/maintenance,METAVERSE,1533
1716783580383,paho833661824770420,topic/maintenance,METAVERSE,1535
1716783580583,paho833661824770420,topic/maintenance,METAVERSE,1731
1716783580616,paho833661823065119,topic/b/noise,METAVERSE,85
1716783580636,paho833661823065119,topic/d/lighting,METAVERSE,5
1716783580637,paho833661824575153,topic/d/lighting,METAVERSE,6
1716783580846,paho833661823065119,topic/d/lighting,METAVERSE,5
1716783580847,paho833661824575153,topic/d/lighting,METAVERSE,6
1716783580879,paho833661824770420,topic/maintenance,METAVERSE,2004
1716783580935,paho833661824770420,topic/maintenance,METAVERSE,2060
1716783580936,paho833661824770420,topic/maintenance,METAVERSE,1961
1716783580979,paho833661824770420,topic/maintenance,METAVERSE,1952
1716783581032,paho833661823065119,topic/e/lighting,METAVERSE,27
1716783581033,paho833661824575153,topic/e/lighting,METAVERSE,28
1716783581033,paho833661824770420,topic/maintenance,METAVERSE,1942
1716783581034,paho833661824770420,topic/maintenance,METAVERSE,1637
1716783581035,paho833661824770420,topic/maintenance,METAVERSE,1648
1716783581049,paho833661824770420,topic/maintenance,METAVERSE,1433
1716783581081,paho833661824770420,topic/maintenance,METAVERSE,1366
1716783581083,paho833661824770420,topic/maintenance,METAVERSE,1400
1716783581127,paho833661824770420,topic/maintenance,METAVERSE,1340
1716783581127,paho833661824770420,topic/maintenance,METAVERSE,1285
1716783581131,paho833661824770420,topic/maintenance,METAVERSE,1284
1716783581132,paho833661824770420,topic/maintenance,METAVERSE,1236
1716783581231,paho833661824770420,topic/maintenance,METAVERSE,1252
1716783581231,paho833661824770420,topic/maintenance,METAVERSE,1052
1716783581232,paho833661824770420,topic/maintenance,METAVERSE,1034
1716783581233,paho833661824770420,topic/maintenance,METAVERSE,910
1716783581304,paho833661824575153,topic/g/lighting,METAVERSE,5
1716783581304,paho833661823065119,topic/g/lighting,METAVERSE,5
1716783581332,paho833661824770420,topic/maintenance,METAVERSE,936
1716783581332,paho833661824770420,topic/maintenance,METAVERSE,837
1716783581483,paho833661824770420,topic/maintenance,METAVERSE,952
1716783581484,paho833661824770420,topic/maintenance,METAVERSE,865
1716783581484,paho833661824770420,topic/maintenance,METAVERSE,801
1716783581619,paho833661823065119,topic/b/lighting,METAVERSE,107
1716783581620,paho833661824575153,topic/b/lighting,METAVERSE,108
1716783581683,paho833661824770420,topic/maintenance,METAVERSE,605
1716783581709,paho833661824770420,topic/maintenance,METAVERSE,264
1716783581712,paho833661823065119,topic/d/noise,METAVERSE,5
1716783581873,paho833661823065119,topic/b/noise,METAVERSE,68
1716783581983,paho833661824770420,topic/maintenance,METAVERSE,512
1716783582135,paho833661824770420,topic/maintenance,METAVERSE,715
1716783582197,paho833661823065119,topic/b/lighting,METAVERSE,86
1716783582198,paho833661824575153,topic/b/lighting,METAVERSE,87
1716783582227,paho833661823065119,topic/c/rfid,METAVERSE,36
1716783582229,paho833661824340274,topic/queueing,METAVERSE,38
1716783582231,paho833661824770420,topic/maintenance,METAVERSE,710
1716783582231,paho833661824770420,topic/maintenance,METAVERSE,524
1716783582231,paho833661824770420,topic/maintenance,METAVERSE,544
1716783582231,paho833661824770420,topic/maintenance,METAVERSE,397
1716783582231,paho833661824770420,topic/maintenance,METAVERSE,426
1716783582231,paho833661824770420,topic/maintenance,METAVERSE,339
1716783582231,paho833661824770420,topic/maintenance,METAVERSE,307
1716783582231,paho833661824770420,topic/maintenance,METAVERSE,224
1716783582362,paho833661823065119,topic/b/noise,METAVERSE,87
1716783582481,paho833661824770420,topic/maintenance,METAVERSE,206
1716783582580,paho833661824770420,topic/maintenance,METAVERSE,97
1716783582676,paho833661823065119,topic/e/noise,METAVERSE,5
1716783582680,paho833661824770420,topic/maintenance,METAVERSE,260
1716783582830,paho833661824770420,topic/maintenance,METAVERSE,291
1716783582836,paho833661823065119,topic/c/lighting,METAVERSE,4
1716783582837,paho833661824575153,topic/c/lighting,METAVERSE,5
1716783582880,paho833661824770420,topic/maintenance,METAVERSE,294
1716783582980,paho833661824770420,topic/maintenance,METAVERSE,309
1716783583083,paho833661824770420,topic/maintenance,METAVERSE,325
1716783583108,paho833661823065119,topic/e/lighting,METAVERSE,5
1716783583108,paho833661824575153,topic/e/lighting,METAVERSE,5
1716783583179,paho833661823065119,topic/g/noise,METAVERSE,5
1716783583180,paho833661824770420,topic/maintenance,METAVERSE,485
1716783583236,paho833661823065119,topic/c/rfid,METAVERSE,5
1716783583237,paho833661824340274,topic/queueing,METAVERSE,6
1716783583281,paho833661824770420,topic/maintenance,METAVERSE,470
1716783583383,paho833661824770420,topic/maintenance,METAVERSE,528
1716783583450,paho833661823065119,topic/c/noise,METAVERSE,12
1716783583479,paho833661824770420,topic/maintenance,METAVERSE,305
1716783583630,paho833661824770420,topic/maintenance,METAVERSE,443
1716783583679,paho833661823065119,topic/v/lighting,METAVERSE,8
1716783583680,paho833661824575153,topic/v/lighting,METAVERSE,9
1716783583681,paho833661824770420,topic/maintenance,METAVERSE,243
1716783583730,paho833661824770420,topic/maintenance,METAVERSE,252
1716783583779,paho833661824770420,topic/maintenance,METAVERSE,344
1716783583896,paho833661823065119,topic/v/noise,METAVERSE,5
1716783583922,paho833661823065119,topic/d/noise,METAVERSE,7
1716783583979,paho833661824770420,topic/maintenance,METAVERSE,261
1716783583998,paho833661823065119,topic/e/noise,METAVERSE,4
1716783584079,paho833661823065119,topic/s/lighting,METAVERSE,24
1716783584080,paho833661824575153,topic/s/lighting,METAVERSE,25
1716783584222,paho833661823065119,topic/c/lighting,METAVERSE,15
1716783584222,paho833661824575153,topic/c/lighting,METAVERSE,15
1716783584235,paho833661824770420,topic/maintenance,METAVERSE,448
1716783584279,paho833661824770420,topic/maintenance,METAVERSE,440
1716783584279,paho833661824770420,topic/maintenance,METAVERSE,388
1716783584279,paho833661824770420,topic/maintenance,METAVERSE,364
1716783584279,paho833661824770420,topic/maintenance,METAVERSE,285
1716783584332,paho833661824770420,topic/maintenance,METAVERSE,55
1716783584543,paho833661823065119,topic/g/lighting,METAVERSE,16
1716783584544,paho833661824575153,topic/g/lighting,METAVERSE,17
1716783584579,paho833661824770420,topic/maintenance,METAVERSE,156
1716783584640,paho833661823065119,topic/b/lighting,METAVERSE,59
1716783584641,paho833661824575153,topic/b/lighting,METAVERSE,60
1716783584665,paho833661823065119,topic/s/noise,METAVERSE,14
1716783584682,paho833661824770420,topic/maintenance,METAVERSE,240
1716783584779,paho833661823065119,topic/s/lighting,METAVERSE,7
1716783584780,paho833661824575153,topic/s/lighting,METAVERSE,8
1716783584781,paho833661824770420,topic/maintenance,METAVERSE,259
1716783584785,paho833661823065119,topic/b/lighting,METAVERSE,69
1716783584785,paho833661824575153,topic/b/lighting,METAVERSE,69
1716783584791,paho833661823065119,topic/g/noise,METAVERSE,21
1716783584815,paho833661823065119,topic/s/noise,METAVERSE,4
1716783584879,paho833661824770420,topic/maintenance,METAVERSE,228
1716783584923,paho833661824770420,topic/maintenance,METAVERSE,255
1716783584923,paho833661824770420,topic/maintenance,METAVERSE,153
1716783584932,paho833661824770420,topic/maintenance,METAVERSE,121
1716783584979,paho833661823065119,topic/b/noise,METAVERSE,76
1716783585079,paho833661824770420,topic/maintenance,METAVERSE,345
1716783585080,paho833661824770420,topic/maintenance,METAVERSE,215
1716783585081,paho833661824770420,topic/maintenance,METAVERSE,178
1716783585148,paho833661823065119,topic/b/lighting,METAVERSE,67
1716783585149,paho833661824575153,topic/b/lighting,METAVERSE,68
1716783585619,paho833661823065119,topic/b/noise,METAVERSE,86
1716783585638,paho833661823065119,topic/d/lighting,METAVERSE,6
1716783585638,paho833661824575153,topic/d/lighting,METAVERSE,6
1716783585779,paho833661824770420,topic/maintenance,METAVERSE,334
1716783585847,paho833661823065119,topic/d/lighting,METAVERSE,5
1716783585847,paho833661824575153,topic/d/lighting,METAVERSE,5
1716783585880,paho833661824770420,topic/maintenance,METAVERSE,296
1716783586043,paho833661823065119,topic/e/lighting,METAVERSE,4
1716783586044,paho833661824575153,topic/e/lighting,METAVERSE,5
1716783586121,paho833661824340274,topic/occupancy,METAVERSE,35622
1716783586121,paho833661824340274,topic/occupancy,METAVERSE,35134
1716783586122,paho833661824340274,topic/occupancy,METAVERSE,35075
1716783586122,paho833661824340274,topic/occupancy,METAVERSE,35059
1716783586122,paho833661824340274,topic/occupancy,METAVERSE,34887
1716783586122,paho833661824340274,topic/occupancy,METAVERSE,34870
1716783586122,paho833661824340274,topic/occupancy,METAVERSE,34541
1716783586122,paho833661824340274,topic/occupancy,METAVERSE,34421
1716783586123,paho833661824340274,topic/occupancy,METAVERSE,34248
1716783586123,paho833661824340274,topic/occupancy,METAVERSE,34226
1716783586123,paho833661824340274,topic/occupancy,METAVERSE,34146
1716783586123,paho833661824340274,topic/occupancy,METAVERSE,34028
1716783586123,paho833661824340274,topic/occupancy,METAVERSE,33733
1716783586123,paho833661824340274,topic/occupancy,METAVERSE,33596
1716783586123,paho833661824340274,topic/occupancy,METAVERSE,33214
1716783586123,paho833661824340274,topic/occupancy,METAVERSE,33101
1716783586123,paho833661824340274,topic/occupancy,METAVERSE,33042
1716783586123,paho833661824340274,topic/occupancy,METAVERSE,32909
1716783586123,paho833661824340274,topic/occupancy,METAVERSE,32840
1716783586123,paho833661824340274,topic/occupancy,METAVERSE,32851
1716783586123,paho833661824340274,topic/occupancy,METAVERSE,32496
1716783586124,paho833661824340274,topic/occupancy,METAVERSE,32403
1716783586124,paho833661824340274,topic/occupancy,METAVERSE,32189
1716783586124,paho833661824340274,topic/occupancy,METAVERSE,32143
1716783586124,paho833661824340274,topic/occupancy,METAVERSE,31682
1716783586124,paho833661824340274,topic/occupancy,METAVERSE,31562
1716783586124,paho833661824340274,topic/occupancy,METAVERSE,31525
1716783586124,paho833661824340274,topic/occupancy,METAVERSE,31017
1716783586124,paho833661824340274,topic/occupancy,METAVERSE,31025
1716783586124,paho833661824340274,topic/occupancy,METAVERSE,30849
1716783586186,paho833661824770420,topic/maintenance,METAVERSE,653
1716783586227,paho833661824770420,topic/maintenance,METAVERSE,661
1716783586235,paho833661824770420,topic/maintenance,METAVERSE,500
1716783586252,paho833661823065119,topic/c/rfid,METAVERSE,5
1716783586254,paho833661824340274,topic/queueing,METAVERSE,7
1716783586281,paho833661824770420,topic/maintenance,METAVERSE,382
1716783586342,paho833661823065119,topic/g/lighting,METAVERSE,7
1716783586343,paho833661824575153,topic/g/lighting,METAVERSE,8
1716783586381,paho833661824770420,topic/maintenance,METAVERSE,374
1716783586583,paho833661824770420,topic/maintenance,METAVERSE,137
1716783586652,paho833661823065119,topic/b/lighting,METAVERSE,85
1716783586653,paho833661824575153,topic/b/lighting,METAVERSE,86
1716783586719,paho833661823065119,topic/d/noise,METAVERSE,4
1716783586731,paho833661824770420,topic/maintenance,METAVERSE,16
1716783586947,paho833661823065119,topic/b/noise,METAVERSE,84
1716783587029,paho833661824770420,topic/maintenance,METAVERSE,274
1716783587029,paho833661824770420,topic/maintenance,METAVERSE,214
1716783587180,paho833661824770420,topic/maintenance,METAVERSE,443
1716783587224,paho833661823065119,topic/b/lighting,METAVERSE,86
1716783587224,paho833661824575153,topic/b/lighting,METAVERSE,86
1716783587279,paho833661824770420,topic/maintenance,METAVERSE,416
1716783587387,paho833661823065119,topic/b/noise,METAVERSE,84
1716783587430,paho833661824770420,topic/maintenance,METAVERSE,184
1716783587430,paho833661824770420,topic/maintenance,METAVERSE,127
1716783587581,paho833661824770420,topic/maintenance,METAVERSE,90
1716783587722,paho833661824770420,topic/maintenance,METAVERSE,7
1716783587723,paho833661823065119,topic/e/noise,METAVERSE,8
1716783587830,paho833661824770420,topic/maintenance,METAVERSE,93
1716783587849,paho833661823065119,topic/c/lighting,METAVERSE,5
1716783587850,paho833661824575153,topic/c/lighting,METAVERSE,6
1716783587873,paho833661824770420,topic/maintenance,METAVERSE,9
1716783588079,paho833661823065119,topic/d/rfid,METAVERSE,8
1716783588080,paho833661824340274,topic/queueing,METAVERSE,9
1716783588129,paho833661823065119,topic/e/lighting,METAVERSE,5
1716783588129,paho833661824575153,topic/e/lighting,METAVERSE,5
1716783588247,paho833661823065119,topic/g/noise,METAVERSE,4
1716783588251,paho833661824770420,topic/maintenance,METAVERSE,8
1716783588287,paho833661824770420,topic/maintenance,METAVERSE,6
1716783588380,paho833661824770420,topic/maintenance,METAVERSE,5
1716783588482,paho833661823065119,topic/c/noise,METAVERSE,7
1716783588482,paho833661824770420,topic/maintenance,METAVERSE,7
1716783588629,paho833661824770420,topic/maintenance,METAVERSE,146
1716783588671,paho833661824770420,topic/maintenance,METAVERSE,176
1716783588682,paho833661823065119,topic/v/lighting,METAVERSE,6
1716783588683,paho833661824575153,topic/v/lighting,METAVERSE,7
1716783588735,paho833661824770420,topic/maintenance,METAVERSE,62
1716783588833,paho833661824770420,topic/maintenance,METAVERSE,82
1716783588881,paho833661824770420,topic/maintenance,METAVERSE,132
1716783588906,paho833661823065119,topic/v/noise,METAVERSE,10
1716783588931,paho833661824770420,topic/maintenance,METAVERSE,35
1716783588943,paho833661823065119,topic/d/noise,METAVERSE,12
1716783588947,paho833661824770420,topic/maintenance,METAVERSE,16
1716783588999,paho833661823065119,topic/e/noise,METAVERSE,4
1716783589003,paho833661824770420,topic/maintenance,METAVERSE,8
1716783589110,paho833661823065119,topic/s/lighting,METAVERSE,5
1716783589111,paho833661824575153,topic/s/lighting,METAVERSE,6
1716783589268,paho833661823065119,topic/c/lighting,METAVERSE,21
1716783589269,paho833661824575153,topic/c/lighting,METAVERSE,22
1716783589480,paho833661824770420,topic/maintenance,METAVERSE,53
1716783589603,paho833661823065119,topic/g/lighting,METAVERSE,24
1716783589603,paho833661824575153,topic/g/lighting,METAVERSE,24
1716783589631,paho833661824770420,topic/maintenance,METAVERSE,131
1716783589691,paho833661823065119,topic/b/lighting,METAVERSE,85
1716783589691,paho833661824575153,topic/b/lighting,METAVERSE,85
1716783589717,paho833661823065119,topic/s/noise,METAVERSE,5
1716783589720,paho833661824770420,topic/maintenance,METAVERSE,8
1716783589799,paho833661823065119,topic/g/noise,METAVERSE,8
1716783589802,paho833661824770420,topic/maintenance,METAVERSE,11
1716783589808,paho833661823065119,topic/b/lighting,METAVERSE,86
1716783589809,paho833661824575153,topic/b/lighting,METAVERSE,87
1716783589811,paho833661824575153,topic/s/lighting,METAVERSE,7
1716783589811,paho833661823065119,topic/s/lighting,METAVERSE,7
1716783589843,paho833661823065119,topic/s/noise,METAVERSE,4
1716783589846,paho833661824770420,topic/maintenance,METAVERSE,7
1716783589849,paho833661824770420,topic/maintenance,METAVERSE,86
1716783589911,paho833661824770420,topic/maintenance,METAVERSE,7
1716783590003,paho833661823065119,topic/b/noise,METAVERSE,84
1716783590007,paho833661824770420,topic/maintenance,METAVERSE,88
1716783590036,paho833661824770420,topic/maintenance,METAVERSE,5
1716783590264,paho833661823065119,topic/b/lighting,METAVERSE,169
1716783590264,paho833661824575153,topic/b/lighting,METAVERSE,169
1716783590628,paho833661823065119,topic/b/noise,METAVERSE,86
1716783590652,paho833661823065119,topic/d/lighting,METAVERSE,5
1716783590652,paho833661824575153,topic/d/lighting,METAVERSE,5
1716783590680,paho833661824770420,topic/maintenance,METAVERSE,161
1716783590732,paho833661824770420,topic/maintenance,METAVERSE,118
1716783590780,paho833661824770420,topic/maintenance,METAVERSE,238
1716783590865,paho833661823065119,topic/d/lighting,METAVERSE,5
1716783590866,paho833661824575153,topic/d/lighting,METAVERSE,6
1716783590879,paho833661824770420,topic/maintenance,METAVERSE,43
1716783591054,paho833661823065119,topic/e/lighting,METAVERSE,6
1716783591055,paho833661824575153,topic/e/lighting,METAVERSE,7
1716783591079,paho833661824770420,topic/maintenance,METAVERSE,288
1716783591123,paho833661824770420,topic/maintenance,METAVERSE,220
1716783591380,paho833661823065119,topic/g/lighting,METAVERSE,21
1716783591380,paho833661824575153,topic/g/lighting,METAVERSE,21
1716783591568,paho833661824770420,topic/maintenance,METAVERSE,9
1716783591580,paho833661824770420,topic/maintenance,METAVERSE,21
1716783591632,paho833661824770420,topic/maintenance,METAVERSE,105
1716783591654,paho833661823065119,topic/b/lighting,METAVERSE,86
1716783591655,paho833661824575153,topic/b/lighting,METAVERSE,87
1716783591720,paho833661823065119,topic/d/noise,METAVERSE,5
1716783591730,paho833661824770420,topic/maintenance,METAVERSE,15
1716783591884,paho833661824770420,topic/maintenance,METAVERSE,86
1716783591925,paho833661824770420,topic/maintenance,METAVERSE,13
1716783591949,paho833661823065119,topic/b/noise,METAVERSE,86
1716783591991,paho833661824770420,topic/maintenance,METAVERSE,61
1716783592080,paho833661824770420,topic/maintenance,METAVERSE,217
1716783592100,paho833661823065119,topic/d/rfid,METAVERSE,5
1716783592101,paho833661824340274,topic/queueing,METAVERSE,6
1716783592236,paho833661823065119,topic/b/lighting,METAVERSE,84
1716783592236,paho833661824575153,topic/b/lighting,METAVERSE,84
1716783592312,paho833661824770420,topic/maintenance,METAVERSE,5
1716783592409,paho833661823065119,topic/b/noise,METAVERSE,86
1716783592414,paho833661824770420,topic/maintenance,METAVERSE,91
1716783592605,paho833661824770420,topic/maintenance,METAVERSE,6
1716783592632,paho833661824770420,topic/maintenance,METAVERSE,101
1716783592727,paho833661823065119,topic/e/noise,METAVERSE,5
1716783592831,paho833661824770420,topic/maintenance,METAVERSE,200
1716783592875,paho833661824770420,topic/maintenance,METAVERSE,199
1716783592875,paho833661824770420,topic/maintenance,METAVERSE,153
1716783592883,paho833661823065119,topic/c/lighting,METAVERSE,4
1716783592885,paho833661824575153,topic/c/lighting,METAVERSE,6
1716783592933,paho833661824770420,topic/maintenance,METAVERSE,134
1716783593132,paho833661823065119,topic/e/lighting,METAVERSE,5
1716783593133,paho833661824575153,topic/e/lighting,METAVERSE,6
1716783593319,paho833661823065119,topic/g/noise,METAVERSE,5
1716783593320,paho833661824770420,topic/maintenance,METAVERSE,6
1716783593519,paho833661823065119,topic/c/noise,METAVERSE,28
1716783593520,paho833661824770420,topic/maintenance,METAVERSE,29
1716783593581,paho833661824770420,topic/maintenance,METAVERSE,70
1716783593680,paho833661824770420,topic/maintenance,METAVERSE,147
1716783593683,paho833661823065119,topic/v/lighting,METAVERSE,5
1716783593684,paho833661824575153,topic/v/lighting,METAVERSE,6
1716783593909,paho833661823065119,topic/v/noise,METAVERSE,6
1716783593934,paho833661824770420,topic/maintenance,METAVERSE,121
1716783593968,paho833661823065119,topic/d/noise,METAVERSE,24
1716783593981,paho833661824770420,topic/maintenance,METAVERSE,78
1716783593998,paho833661824770420,topic/maintenance,METAVERSE,89
1716783594000,paho833661823065119,topic/e/noise,METAVERSE,4
1716783594114,paho833661823065119,topic/s/lighting,METAVERSE,8
1716783594115,paho833661824575153,topic/s/lighting,METAVERSE,9
1716783594132,paho833661824770420,topic/maintenance,METAVERSE,188
1716783594133,paho833661824770420,topic/maintenance,METAVERSE,137
1716783594134,paho833661824770420,topic/maintenance,METAVERSE,87
