1716747688488,paho797812833900124,topic/b/lighting,METAVERSE,125
1716747688456,paho797812832698748,topic/b/lighting,METAVERSE,93
1716747688541,paho797812832698748,topic/s/rfid,METAVERSE,121
1716747688848,paho797812832698748,topic/s/noise,METAVERSE,5
1716747689062,paho797812832698748,topic/c/noise,METAVERSE,7
1716747689153,paho797812832698748,topic/c/rfid,METAVERSE,52
1716747689186,paho797812833900124,topic/d/lighting,METAVERSE,25
1716747689188,paho797812832698748,topic/d/lighting,METAVERSE,27
1716747689286,paho797812833900124,topic/c/lighting,METAVERSE,26
1716747689289,paho797812832698748,topic/c/lighting,METAVERSE,29
1716747689347,paho797812833900124,topic/d/lighting,METAVERSE,32
1716747689350,paho797812832698748,topic/d/lighting,METAVERSE,35
1716747689553,paho797812833900124,topic/v/lighting,METAVERSE,32
1716747689556,paho797812832698748,topic/v/lighting,METAVERSE,35
1716747689724,paho797812833900124,topic/c/lighting,METAVERSE,6
1716747689729,paho797812832698748,topic/c/lighting,METAVERSE,11
1716747689875,paho797812833900124,topic/b/lighting,METAVERSE,15
1716747689878,paho797812832698748,topic/b/lighting,METAVERSE,18
1716747690175,paho797812832698748,topic/v/noise,METAVERSE,12
1716747690191,paho797812832698748,topic/b/noise,METAVERSE,59
1716747690197,paho797812833900124,topic/e/lighting,METAVERSE,8
1716747690200,paho797812832698748,topic/e/lighting,METAVERSE,11
1716747690381,paho797812832698748,topic/v/rfid,METAVERSE,6
1716747690512,paho797812833900124,topic/e/lighting,METAVERSE,64
1716747690516,paho797812832698748,topic/e/lighting,METAVERSE,68
1716747690543,paho797812832698748,topic/s/noise,METAVERSE,27
1716747690821,paho797812832698748,topic/d/noise,METAVERSE,102
1716747690938,paho797812833900124,topic/s/lighting,METAVERSE,6
1716747690942,paho797812832698748,topic/s/lighting,METAVERSE,10
1716747691361,paho797812832698748,topic/g/noise,METAVERSE,17
1716747691392,paho797812832698748,topic/d/rfid,METAVERSE,34
1716747691403,paho797812833900124,topic/b/lighting,METAVERSE,11
1716747691406,paho797812832698748,topic/b/lighting,METAVERSE,14
1716747691478,paho797812833900124,topic/s/lighting,METAVERSE,6
1716747691504,paho797812832698748,topic/s/lighting,METAVERSE,32
1716747691615,paho797812832698748,topic/e/rfid,METAVERSE,12
1716747691800,paho797812832698748,topic/d/noise,METAVERSE,4
1716747692037,paho797812833900124,topic/g/lighting,METAVERSE,10
1716747692040,paho797812832698748,topic/g/lighting,METAVERSE,13
1716747692080,paho797812832698748,topic/g/rfid,METAVERSE,188
1716747692143,paho797812832698748,topic/g/noise,METAVERSE,5
1716747692151,paho797812832698748,topic/e/noise,METAVERSE,24
1716747692179,paho797812833900124,topic/b/lighting,METAVERSE,24
1716747692182,paho797812832698748,topic/b/lighting,METAVERSE,27
1716747692659,paho797812833900124,topic/g/lighting,METAVERSE,12
1716747692662,paho797812832698748,topic/g/lighting,METAVERSE,15
1716747693067,paho797812832698748,topic/e/noise,METAVERSE,691
1716747693404,paho797812833900124,topic/b/lighting,METAVERSE,5
1716747693407,paho797812832698748,topic/b/lighting,METAVERSE,8
1716747693490,paho797812833900124,topic/b/lighting,METAVERSE,14
1716747693494,paho797812832698748,topic/b/lighting,METAVERSE,18
1716747693603,paho797812832698748,topic/b/noise,METAVERSE,16
1716747693671,paho797812832698748,topic/e/rfid,METAVERSE,4
1716747693695,paho797812832698748,topic/e/rfid,METAVERSE,4
1716747693851,paho797812832698748,topic/s/noise,METAVERSE,4
1716747694061,paho797812832698748,topic/c/noise,METAVERSE,4
1716747694072,paho797812832698748,topic/b/rfid,METAVERSE,5
1716747694265,paho797812832698748,topic/b/noise,METAVERSE,5
1716747694297,paho797812833900124,topic/c/lighting,METAVERSE,14
1716747694300,paho797812832698748,topic/c/lighting,METAVERSE,16
1716747694323,paho797812833900124,topic/d/lighting,METAVERSE,72
1716747694326,paho797812832698748,topic/d/lighting,METAVERSE,75
1716747694412,paho797812833900124,topic/d/lighting,METAVERSE,17
1716747694419,paho797812832698748,topic/d/lighting,METAVERSE,24
1716747694422,paho797812832698748,topic/b/noise,METAVERSE,19
1716747694556,paho797812833900124,topic/v/lighting,METAVERSE,5
1716747694559,paho797812832698748,topic/v/lighting,METAVERSE,8
1716747694723,paho797812833900124,topic/c/lighting,METAVERSE,4
1716747694726,paho797812832698748,topic/c/lighting,METAVERSE,7
1716747695015,paho797812833900124,topic/b/lighting,METAVERSE,84
1716747695018,paho797812832698748,topic/b/lighting,METAVERSE,87
1716747695179,paho797812832698748,topic/v/noise,METAVERSE,4
1716747695203,paho797812832698748,topic/b/noise,METAVERSE,4
1716747695207,paho797812833900124,topic/e/lighting,METAVERSE,4
1716747695210,paho797812832698748,topic/e/lighting,METAVERSE,7
1716747695519,paho797812832698748,topic/s/rfid,METAVERSE,20
1716747695556,paho797812833900124,topic/e/lighting,METAVERSE,5
1716747695559,paho797812832698748,topic/e/lighting,METAVERSE,8
1716747695599,paho797812832698748,topic/s/noise,METAVERSE,32
1716747695850,paho797812832698748,topic/d/noise,METAVERSE,4
1716747695975,paho797812833900124,topic/s/lighting,METAVERSE,5
1716747695978,paho797812832698748,topic/s/lighting,METAVERSE,8
1716747696187,paho797812832698748,topic/g/rfid,METAVERSE,24
1716747696241,paho797812832698748,topic/g/rfid,METAVERSE,6
1716747696419,paho797812832698748,topic/g/noise,METAVERSE,12
1716747696427,paho797812832698748,topic/v/rfid,METAVERSE,4
1716747696485,paho797812833900124,topic/b/lighting,METAVERSE,5
1716747696489,paho797812832698748,topic/b/lighting,METAVERSE,9
1716747696539,paho797812833900124,topic/s/lighting,METAVERSE,21
1716747696543,paho797812832698748,topic/s/lighting,METAVERSE,25
1716747696823,paho797812832698748,topic/d/noise,METAVERSE,12
1716747697164,paho797812832698748,topic/g/noise,METAVERSE,5
1716747697167,paho797812832698748,topic/e/noise,METAVERSE,8
1716747697176,paho797812833900124,topic/g/lighting,METAVERSE,5
1716747697178,paho797812832698748,topic/g/lighting,METAVERSE,7
1716747697239,paho797812833900124,topic/b/lighting,METAVERSE,24
1716747697242,paho797812832698748,topic/b/lighting,METAVERSE,27
1716747697287,paho797812832698748,topic/g/rfid,METAVERSE,20
1716747697711,paho797812833900124,topic/g/lighting,METAVERSE,16
1716747697715,paho797812832698748,topic/g/lighting,METAVERSE,20
1716747697989,paho797812833459100,topic/security,METAVERSE,1658
1716747698076,paho797812832698748,topic/e/noise,METAVERSE,5
1716747698234,paho797812833459100,topic/security,METAVERSE,1843
1716747698284,paho797812833459100,topic/security,METAVERSE,1803
1716747698332,paho797812833459100,topic/security,METAVERSE,1827
1716747698428,paho797812833900124,topic/b/lighting,METAVERSE,5
1716747698431,paho797812832698748,topic/b/lighting,METAVERSE,8
1716747698482,paho797812833459100,topic/security,METAVERSE,1799
1716747698483,paho797812833717059,topic/queueing,METAVERSE,2060
1716747698530,paho797812833900124,topic/b/lighting,METAVERSE,7
1716747698534,paho797812833717059,topic/queueing,METAVERSE,1267
1716747698534,paho797812832698748,topic/b/lighting,METAVERSE,11
1716747698584,paho797812833459100,topic/security,METAVERSE,1569
1716747698676,paho797812832698748,topic/b/noise,METAVERSE,56
1716747698784,paho797812833459100,topic/security,METAVERSE,1625
1716747698833,paho797812834073319,topic/maintenance,METAVERSE,2782
1716747698865,paho797812834073319,topic/maintenance,METAVERSE,2638
1716747698865,paho797812834073319,topic/maintenance,METAVERSE,2458
1716747698865,paho797812834073319,topic/maintenance,METAVERSE,2394
1716747698865,paho797812834073319,topic/maintenance,METAVERSE,2054
1716747698865,paho797812834073319,topic/maintenance,METAVERSE,1974
1716747698865,paho797812834073319,topic/maintenance,METAVERSE,1815
1716747698865,paho797812834073319,topic/maintenance,METAVERSE,1706
1716747698868,paho797812832698748,topic/s/noise,METAVERSE,5
1716747698883,paho797812833459100,topic/security,METAVERSE,1672
1716747698985,paho797812834073319,topic/maintenance,METAVERSE,1826
1716747699035,paho797812833717059,topic/occupancy,METAVERSE,2972
1716747699036,paho797812833459100,topic/security,METAVERSE,1677
1716747699096,paho797812832698748,topic/c/noise,METAVERSE,5
1716747699136,paho797812833459100,topic/security,METAVERSE,1741
1716747699152,paho797812832698748,topic/b/rfid,METAVERSE,5
1716747699178,paho797812832698748,topic/c/rfid,METAVERSE,19
1716747699186,paho797812834073319,topic/maintenance,METAVERSE,1531
1716747699303,paho797812832698748,topic/b/noise,METAVERSE,4
1716747699320,paho797812833900124,topic/c/lighting,METAVERSE,5
1716747699322,paho797812832698748,topic/c/lighting,METAVERSE,7
1716747699334,paho797812833717059,topic/queueing,METAVERSE,187
1716747699355,paho797812833900124,topic/d/lighting,METAVERSE,22
1716747699358,paho797812832698748,topic/d/lighting,METAVERSE,25
1716747699382,paho797812833717059,topic/queueing,METAVERSE,223
1716747699433,paho797812833459100,topic/security,METAVERSE,2026
1716747699434,paho797812833459100,topic/security,METAVERSE,1935
1716747699459,paho797812832698748,topic/b/noise,METAVERSE,12
1716747699491,paho797812833900124,topic/d/lighting,METAVERSE,8
1716747699494,paho797812832698748,topic/d/lighting,METAVERSE,11
1716747699535,paho797812834073319,topic/maintenance,METAVERSE,1789
1716747699536,paho797812833459100,topic/security,METAVERSE,2037
1716747699560,paho797812833900124,topic/v/lighting,METAVERSE,5
1716747699563,paho797812832698748,topic/v/lighting,METAVERSE,8
1716747699601,paho797812832698748,topic/s/rfid,METAVERSE,38
1716747699604,paho797812832698748,topic/s/rfid,METAVERSE,7
1716747699635,paho797812833459100,topic/security,METAVERSE,2094
1716747699681,paho797812834073319,topic/maintenance,METAVERSE,1834
1716747699727,paho797812833900124,topic/c/lighting,METAVERSE,4
1716747699730,paho797812832698748,topic/c/lighting,METAVERSE,7
1716747699731,paho797812834073319,topic/maintenance,METAVERSE,1660
1716747699740,paho797812833459100,topic/security,METAVERSE,1737
1716747699742,paho797812832698748,topic/e/rfid,METAVERSE,8
1716747699837,paho797812833717059,topic/occupancy,METAVERSE,3786
1716747699936,paho797812833717059,topic/queueing,METAVERSE,373
1716747699936,paho797812834073319,topic/maintenance,METAVERSE,1316
1716747700031,paho797812833900124,topic/b/lighting,METAVERSE,16
1716747700035,paho797812832698748,topic/b/lighting,METAVERSE,20
1716747700035,paho797812833459100,topic/security,METAVERSE,1935
1716747700035,paho797812833717059,topic/queueing,METAVERSE,438
1716747700083,paho797812833717059,topic/queueing,METAVERSE,349
1716747700084,paho797812833459100,topic/security,METAVERSE,1968
1716747700135,paho797812834073319,topic/maintenance,METAVERSE,1358
1716747700180,paho797812832698748,topic/v/noise,METAVERSE,4
1716747700188,paho797812834073319,topic/maintenance,METAVERSE,1325
1716747700204,paho797812832698748,topic/b/noise,METAVERSE,5
1716747700224,paho797812833900124,topic/e/lighting,METAVERSE,5
1716747700227,paho797812832698748,topic/e/lighting,METAVERSE,8
1716747700236,paho797812834073319,topic/maintenance,METAVERSE,1305
1716747700236,paho797812833459100,topic/security,METAVERSE,2117
1716747700339,paho797812833459100,topic/security,METAVERSE,2223
1716747700435,paho797812833459100,topic/security,METAVERSE,1960
1716747700481,paho797812834073319,topic/maintenance,METAVERSE,1390
1716747700582,paho797812834073319,topic/maintenance,METAVERSE,1409
1716747700616,paho797812833900124,topic/e/lighting,METAVERSE,5
1716747700619,paho797812832698748,topic/e/lighting,METAVERSE,8
1716747700637,paho797812834073319,topic/maintenance,METAVERSE,1338
1716747700637,paho797812833459100,topic/security,METAVERSE,2114
1716747700663,paho797812832698748,topic/s/noise,METAVERSE,20
1716747700836,paho797812834073319,topic/maintenance,METAVERSE,1389
1716747700844,paho797812833459100,topic/security,METAVERSE,2285
1716747700857,paho797812832698748,topic/d/noise,METAVERSE,5
1716747700888,paho797812833459100,topic/security,METAVERSE,2269
1716747700935,paho797812833459100,topic/security,METAVERSE,2356
1716747701018,paho797812833900124,topic/s/lighting,METAVERSE,6
1716747701021,paho797812832698748,topic/s/lighting,METAVERSE,9
1716747701083,paho797812833459100,topic/security,METAVERSE,2303
1716747701134,paho797812833459100,topic/security,METAVERSE,2223
1716747701135,paho797812833459100,topic/security,METAVERSE,2119
1716747701182,paho797812834073319,topic/maintenance,METAVERSE,1463
1716747701283,paho797812833459100,topic/security,METAVERSE,2080
1716747701283,paho797812834073319,topic/maintenance,METAVERSE,1107
1716747701336,paho797812833459100,topic/security,METAVERSE,2057
1716747701336,paho797812833717059,topic/occupancy,METAVERSE,5249
1716747701437,paho797812833459100,topic/security,METAVERSE,2180
1716747701481,paho797812833459100,topic/security,METAVERSE,2110
1716747701503,paho797812832698748,topic/g/noise,METAVERSE,36
1716747701516,paho797812833900124,topic/b/lighting,METAVERSE,5
1716747701519,paho797812832698748,topic/b/lighting,METAVERSE,8
1716747701533,paho797812833459100,topic/security,METAVERSE,2114
1716747701580,paho797812833459100,topic/security,METAVERSE,2146
1716747701588,paho797812833459100,topic/security,METAVERSE,2094
1716747701611,paho797812833900124,topic/s/lighting,METAVERSE,24
1716747701614,paho797812832698748,topic/s/lighting,METAVERSE,27
1716747701631,paho797812833459100,topic/security,METAVERSE,2090
1716747701681,paho797812833459100,topic/security,METAVERSE,2146
1716747701723,paho797812833459100,topic/security,METAVERSE,2157
1716747701723,paho797812833459100,topic/security,METAVERSE,2148
1716747701733,paho797812833459100,topic/security,METAVERSE,2060
1716747701734,paho797812833717059,topic/occupancy,METAVERSE,5617
1716747701747,paho797812832698748,topic/e/rfid,METAVERSE,4
1716747701834,paho797812833459100,topic/security,METAVERSE,1923
1716747701835,paho797812834073319,topic/maintenance,METAVERSE,1636
1716747701869,paho797812832698748,topic/d/noise,METAVERSE,5
1716747701881,paho797812833459100,topic/security,METAVERSE,1780
1716747701881,paho797812833459100,topic/security,METAVERSE,1763
1716747701881,paho797812833459100,topic/security,METAVERSE,1760
1716747701882,paho797812833717059,topic/queueing,METAVERSE,139
1716747701931,paho797812833459100,topic/security,METAVERSE,1764
1716747701934,paho797812833459100,topic/security,METAVERSE,1435
1716747701938,paho797812834073319,topic/maintenance,METAVERSE,1295
1716747701983,paho797812833459100,topic/security,METAVERSE,1412
1716747701984,paho797812833459100,topic/security,METAVERSE,1409
1716747702035,paho797812833459100,topic/security,METAVERSE,1304
1716747702035,paho797812833459100,topic/security,METAVERSE,1193
1716747702040,paho797812833459100,topic/security,METAVERSE,989
1716747702081,paho797812833459100,topic/security,METAVERSE,877
1716747702082,paho797812833459100,topic/security,METAVERSE,730
1716747702082,paho797812833459100,topic/security,METAVERSE,683
1716747702082,paho797812833459100,topic/security,METAVERSE,643
1716747702083,paho797812833459100,topic/security,METAVERSE,595
1716747702083,paho797812833459100,topic/security,METAVERSE,596
1716747702083,paho797812833459100,topic/security,METAVERSE,512
1716747702084,paho797812833459100,topic/security,METAVERSE,497
1716747702084,paho797812833459100,topic/security,METAVERSE,497
1716747702084,paho797812833459100,topic/security,METAVERSE,460
1716747702135,paho797812833459100,topic/security,METAVERSE,13
1716747702164,paho797812832698748,topic/g/noise,METAVERSE,5
1716747702181,paho797812833459100,topic/security,METAVERSE,79
1716747702207,paho797812832698748,topic/e/noise,METAVERSE,4
1716747702222,paho797812833900124,topic/g/lighting,METAVERSE,5
1716747702223,paho797812832698748,topic/g/lighting,METAVERSE,6
1716747702284,paho797812833459100,topic/security,METAVERSE,133
1716747702299,paho797812833900124,topic/b/lighting,METAVERSE,12
1716747702301,paho797812832698748,topic/b/lighting,METAVERSE,14
1716747702323,paho797812833459100,topic/security,METAVERSE,124
1716747702332,paho797812833459100,topic/security,METAVERSE,77
1716747702382,paho797812833717059,topic/occupancy,METAVERSE,6219
1716747702382,paho797812834073319,topic/maintenance,METAVERSE,1530
1716747702407,paho797812833459100,topic/security,METAVERSE,20
1716747702427,paho797812832698748,topic/d/rfid,METAVERSE,8
1716747702433,paho797812833717059,topic/queueing,METAVERSE,14
1716747702433,paho797812834073319,topic/maintenance,METAVERSE,1576
1716747702451,paho797812832698748,topic/v/rfid,METAVERSE,4
1716747702452,paho797812833717059,topic/queueing,METAVERSE,5
1716747702481,paho797812834073319,topic/maintenance,METAVERSE,1510
1716747702597,paho797812833459100,topic/security,METAVERSE,6
1716747702634,paho797812833459100,topic/security,METAVERSE,27
1716747702681,paho797812834073319,topic/maintenance,METAVERSE,1422
1716747702739,paho797812833900124,topic/g/lighting,METAVERSE,8
1716747702741,paho797812832698748,topic/g/lighting,METAVERSE,10
1716747702888,paho797812833459100,topic/security,METAVERSE,4
1716747703038,paho797812833717059,topic/occupancy,METAVERSE,6803
1716747703096,paho797812833459100,topic/security,METAVERSE,10
1716747703114,paho797812832698748,topic/e/noise,METAVERSE,3
1716747703131,paho797812834073319,topic/maintenance,METAVERSE,1664
1716747703200,paho797812833459100,topic/security,METAVERSE,33
1716747703269,paho797812833459100,topic/security,METAVERSE,8
1716747703332,paho797812833717059,topic/occupancy,METAVERSE,6909
1716747703381,paho797812834073319,topic/maintenance,METAVERSE,1802
1716747703434,paho797812834073319,topic/maintenance,METAVERSE,1663
1716747703480,paho797812833459100,topic/security,METAVERSE,29
1716747703510,paho797812833459100,topic/security,METAVERSE,5
1716747703537,paho797812834073319,topic/maintenance,METAVERSE,1673
1716747703542,paho797812833900124,topic/b/lighting,METAVERSE,7
1716747703543,paho797812833900124,topic/b/lighting,METAVERSE,8
1716747703546,paho797812832698748,topic/b/lighting,METAVERSE,11
1716747703548,paho797812832698748,topic/b/lighting,METAVERSE,13
1716747703583,paho797812833459100,topic/security,METAVERSE,80
1716747703603,paho797812833459100,topic/security,METAVERSE,64
1716747703637,paho797812833459100,topic/security,METAVERSE,38
1716747703638,paho797812834073319,topic/maintenance,METAVERSE,1583
1716747703689,paho797812833459100,topic/security,METAVERSE,80
1716747703699,paho797812832698748,topic/b/noise,METAVERSE,4
1716747703736,paho797812833459100,topic/security,METAVERSE,101
1716747703736,paho797812834073319,topic/maintenance,METAVERSE,1577
1716747703736,paho797812833459100,topic/security,METAVERSE,89
1716747703737,paho797812833717059,topic/occupancy,METAVERSE,7054
1716747703782,paho797812834073319,topic/maintenance,METAVERSE,1579
1716747703885,paho797812834073319,topic/maintenance,METAVERSE,1330
1716747703903,paho797812832698748,topic/s/noise,METAVERSE,4
1716747704107,paho797812832698748,topic/c/noise,METAVERSE,4
1716747704139,paho797812833459100,topic/security,METAVERSE,8
1716747704163,paho797812832698748,topic/b/rfid,METAVERSE,4
1716747704184,paho797812833459100,topic/security,METAVERSE,41
1716747704231,paho797812833717059,topic/queueing,METAVERSE,72
1716747704283,paho797812833717059,topic/occupancy,METAVERSE,7268
1716747704318,paho797812832698748,topic/b/noise,METAVERSE,4
1716747704355,paho797812833900124,topic/c/lighting,METAVERSE,18
1716747704358,paho797812832698748,topic/c/lighting,METAVERSE,21
1716747704379,paho797812833900124,topic/d/lighting,METAVERSE,27
1716747704382,paho797812832698748,topic/d/lighting,METAVERSE,30
1716747704387,paho797812833459100,topic/security,METAVERSE,196
1716747704427,paho797812833459100,topic/security,METAVERSE,204
1716747704434,paho797812834073319,topic/maintenance,METAVERSE,1783
1716747704471,paho797812832698748,topic/v/rfid,METAVERSE,4
1716747704475,paho797812833717059,topic/queueing,METAVERSE,8
1716747704486,paho797812834073319,topic/maintenance,METAVERSE,1495
1716747704503,paho797812832698748,topic/b/noise,METAVERSE,9
1716747704527,paho797812833900124,topic/d/lighting,METAVERSE,36
1716747704530,paho797812832698748,topic/d/lighting,METAVERSE,39
1716747704582,paho797812833459100,topic/security,METAVERSE,63
1716747704623,paho797812832698748,topic/s/rfid,METAVERSE,24
1716747704626,paho797812833717059,topic/queueing,METAVERSE,27
1716747704631,paho797812833717059,topic/occupancy,METAVERSE,7472
1716747704642,paho797812833900124,topic/v/lighting,METAVERSE,75
1716747704644,paho797812832698748,topic/v/lighting,METAVERSE,77
1716747704683,paho797812834073319,topic/maintenance,METAVERSE,1684
1716747704687,paho797812833459100,topic/security,METAVERSE,20
1716747704733,paho797812833459100,topic/security,METAVERSE,62
1716747704740,paho797812833900124,topic/c/lighting,METAVERSE,5
1716747704743,paho797812832698748,topic/c/lighting,METAVERSE,8
1716747704787,paho797812833459100,topic/security,METAVERSE,116
1716747704791,paho797812834073319,topic/maintenance,METAVERSE,1680
1716747704835,paho797812833459100,topic/security,METAVERSE,160
1716747704835,paho797812834073319,topic/maintenance,METAVERSE,1140
1716747704837,paho797812833459100,topic/security,METAVERSE,133
1716747704935,paho797812834073319,topic/maintenance,METAVERSE,1132
1716747704947,paho797812833459100,topic/security,METAVERSE,12
1716747705034,paho797812833717059,topic/occupancy,METAVERSE,7823
1716747705082,paho797812834073319,topic/maintenance,METAVERSE,1267
1716747705102,paho797812833900124,topic/b/lighting,METAVERSE,22
1716747705102,paho797812833459100,topic/security,METAVERSE,22
1716747705105,paho797812832698748,topic/b/lighting,METAVERSE,25
1716747705132,paho797812833459100,topic/security,METAVERSE,33
1716747705148,paho797812833459100,topic/security,METAVERSE,25
1716747705191,paho797812832698748,topic/v/noise,METAVERSE,4
1716747705206,paho797812832698748,topic/b/noise,METAVERSE,4
1716747705234,paho797812833900124,topic/e/lighting,METAVERSE,5
1716747705237,paho797812832698748,topic/e/lighting,METAVERSE,8
1716747705271,paho797812833459100,topic/security,METAVERSE,5
1716747705433,paho797812833459100,topic/security,METAVERSE,12
1716747705503,paho797812833459100,topic/security,METAVERSE,5
1716747705533,paho797812833459100,topic/security,METAVERSE,35
1716747705584,paho797812833717059,topic/occupancy,METAVERSE,8317
1716747705587,paho797812833459100,topic/security,METAVERSE,64
1716747705634,paho797812833459100,topic/security,METAVERSE,75
1716747705634,paho797812834073319,topic/maintenance,METAVERSE,1747
1716747705643,paho797812833459100,topic/security,METAVERSE,10
1716747705663,paho797812833900124,topic/e/lighting,METAVERSE,4
1716747705666,paho797812832698748,topic/e/lighting,METAVERSE,7
1716747705681,paho797812834073319,topic/maintenance,METAVERSE,1782
1716747705734,paho797812834073319,topic/maintenance,METAVERSE,1711
1716747705734,paho797812833459100,topic/security,METAVERSE,59
1716747705737,paho797812832698748,topic/s/noise,METAVERSE,22
1716747705740,paho797812833459100,topic/security,METAVERSE,44
1716747705786,paho797812833459100,topic/security,METAVERSE,47
1716747705819,paho797812832698748,topic/e/rfid,METAVERSE,4
1716747705832,paho797812834073319,topic/maintenance,METAVERSE,1729
1716747705857,paho797812832698748,topic/d/noise,METAVERSE,4
1716747705882,paho797812833459100,topic/security,METAVERSE,135
1716747705935,paho797812833717059,topic/occupancy,METAVERSE,8528
1716747705939,paho797812833459100,topic/security,METAVERSE,12
1716747705980,paho797812833717059,topic/queueing,METAVERSE,165
1716747706033,paho797812834073319,topic/maintenance,METAVERSE,1719
1716747706039,paho797812833900124,topic/s/lighting,METAVERSE,4
1716747706045,paho797812832698748,topic/s/lighting,METAVERSE,10
1716747706082,paho797812834073319,topic/maintenance,METAVERSE,1588
1716747706134,paho797812834073319,topic/maintenance,METAVERSE,1100
1716747706150,paho797812833459100,topic/security,METAVERSE,6
1716747706184,paho797812833459100,topic/security,METAVERSE,9
1716747706234,paho797812834073319,topic/maintenance,METAVERSE,1047
1716747706235,paho797812834073319,topic/maintenance,METAVERSE,1033
1716747706281,paho797812833459100,topic/security,METAVERSE,46
1716747706281,paho797812833459100,topic/security,METAVERSE,34
1716747706282,paho797812834073319,topic/maintenance,METAVERSE,1108
1716747706405,paho797812833459100,topic/security,METAVERSE,6
1716747706434,paho797812834073319,topic/maintenance,METAVERSE,983
1716747706482,paho797812833717059,topic/occupancy,METAVERSE,8983
1716747706482,paho797812834073319,topic/maintenance,METAVERSE,767
1716747706531,paho797812833900124,topic/b/lighting,METAVERSE,5
1716747706535,paho797812834073319,topic/maintenance,METAVERSE,682
1716747706537,paho797812832698748,topic/b/lighting,METAVERSE,11
1716747706551,paho797812832698748,topic/g/noise,METAVERSE,36
1716747706584,paho797812833459100,topic/security,METAVERSE,57
1716747706585,paho797812833459100,topic/security,METAVERSE,58
1716747706640,paho797812833459100,topic/security,METAVERSE,73
1716747706680,paho797812834073319,topic/maintenance,METAVERSE,793
1716747706695,paho797812833900124,topic/s/lighting,METAVERSE,28
1716747706698,paho797812832698748,topic/s/lighting,METAVERSE,31
1716747706740,paho797812833459100,topic/security,METAVERSE,41
1716747706740,paho797812834073319,topic/maintenance,METAVERSE,589
1716747706784,paho797812833459100,topic/security,METAVERSE,81
1716747706833,paho797812833459100,topic/security,METAVERSE,14
1716747706880,paho797812834073319,topic/maintenance,METAVERSE,595
1716747706911,paho797812832698748,topic/d/noise,METAVERSE,24
1716747706935,paho797812834073319,topic/maintenance,METAVERSE,420
1716747706948,paho797812833459100,topic/security,METAVERSE,5
1716747706980,paho797812833717059,topic/occupancy,METAVERSE,8880
1716747707033,paho797812834073319,topic/maintenance,METAVERSE,438
1716747707034,paho797812834073319,topic/maintenance,METAVERSE,147
1716747707107,paho797812833459100,topic/security,METAVERSE,5
1716747707169,paho797812832698748,topic/g/noise,METAVERSE,5
1716747707251,paho797812832698748,topic/e/noise,METAVERSE,32
1716747707279,paho797812833900124,topic/g/lighting,METAVERSE,20
1716747707283,paho797812833459100,topic/security,METAVERSE,12
1716747707286,paho797812832698748,topic/g/lighting,METAVERSE,27
1716747707332,paho797812833717059,topic/occupancy,METAVERSE,9216
1716747707334,paho797812834073319,topic/maintenance,METAVERSE,231
1716747707419,paho797812833900124,topic/b/lighting,METAVERSE,20
1716747707422,paho797812832698748,topic/b/lighting,METAVERSE,23
1716747707472,paho797812832698748,topic/v/rfid,METAVERSE,4
1716747707474,paho797812833717059,topic/queueing,METAVERSE,6
1716747707525,paho797812833459100,topic/security,METAVERSE,5
1716747707534,paho797812834073319,topic/maintenance,METAVERSE,408
1716747707534,paho797812833717059,topic/occupancy,METAVERSE,9415
1716747707633,paho797812833459100,topic/security,METAVERSE,51
1716747707633,paho797812833459100,topic/security,METAVERSE,48
1716747707681,paho797812834073319,topic/maintenance,METAVERSE,517
1716747707712,paho797812833459100,topic/security,METAVERSE,13
1716747707731,paho797812833459100,topic/security,METAVERSE,12
1716747707736,paho797812834073319,topic/maintenance,METAVERSE,517
1716747707791,paho797812833900124,topic/g/lighting,METAVERSE,24
1716747707794,paho797812832698748,topic/g/lighting,METAVERSE,27
1716747707833,paho797812833459100,topic/security,METAVERSE,112
1716747707836,paho797812833459100,topic/security,METAVERSE,116
1716747707880,paho797812833717059,topic/occupancy,METAVERSE,9764
1716747708081,paho797812833717059,topic/occupancy,METAVERSE,9301
1716747708175,paho797812833459100,topic/security,METAVERSE,8
1716747708178,paho797812832698748,topic/e/noise,METAVERSE,7
1716747708187,paho797812833459100,topic/security,METAVERSE,8
1716747708280,paho797812833459100,topic/security,METAVERSE,13
1716747708281,paho797812833459100,topic/security,METAVERSE,14
1716747708282,paho797812834073319,topic/maintenance,METAVERSE,343
1716747708332,paho797812834073319,topic/maintenance,METAVERSE,273
1716747708481,paho797812834073319,topic/maintenance,METAVERSE,390
1716747708481,paho797812834073319,topic/maintenance,METAVERSE,310
1716747708481,paho797812834073319,topic/maintenance,METAVERSE,354
1716747708499,paho797812833459100,topic/security,METAVERSE,32
1716747708534,paho797812833717059,topic/occupancy,METAVERSE,9518
1716747708544,paho797812833459100,topic/security,METAVERSE,13
1716747708563,paho797812833900124,topic/b/lighting,METAVERSE,24
1716747708566,paho797812832698748,topic/b/lighting,METAVERSE,27
1716747708615,paho797812833900124,topic/b/lighting,METAVERSE,48
1716747708617,paho797812832698748,topic/b/lighting,METAVERSE,50
1716747708734,paho797812834073319,topic/maintenance,METAVERSE,235
1716747708748,paho797812833459100,topic/security,METAVERSE,5
1716747708760,paho797812832698748,topic/b/noise,METAVERSE,45
1716747708782,paho797812833459100,topic/security,METAVERSE,27
1716747708859,paho797812832698748,topic/e/rfid,METAVERSE,4
1716747708861,paho797812833717059,topic/queueing,METAVERSE,6
1716747708927,paho797812832698748,topic/s/noise,METAVERSE,4
1716747708934,paho797812834073319,topic/maintenance,METAVERSE,435
1716747708969,paho797812833459100,topic/security,METAVERSE,6
1716747709032,paho797812834073319,topic/maintenance,METAVERSE,352
1716747709115,paho797812833459100,topic/security,METAVERSE,6
1716747709119,paho797812832698748,topic/c/noise,METAVERSE,9
1716747709132,paho797812834073319,topic/maintenance,METAVERSE,417
1716747709303,paho797812833459100,topic/security,METAVERSE,8
1716747709327,paho797812832698748,topic/b/noise,METAVERSE,4
1716747709330,paho797812833717059,topic/occupancy,METAVERSE,10183
1716747709332,paho797812834073319,topic/maintenance,METAVERSE,529
1716747709382,paho797812834073319,topic/maintenance,METAVERSE,459
1716747709408,paho797812833900124,topic/c/lighting,METAVERSE,37
1716747709410,paho797812832698748,topic/c/lighting,METAVERSE,39
1716747709430,paho797812834073319,topic/maintenance,METAVERSE,520
1716747709454,paho797812833459100,topic/security,METAVERSE,7
1716747709480,paho797812834073319,topic/maintenance,METAVERSE,367
1716747709479,paho797812833900124,topic/d/lighting,METAVERSE,27
1716747709484,paho797812832698748,topic/d/lighting,METAVERSE,32
1716747709536,paho797812834073319,topic/maintenance,METAVERSE,426
1716747709547,paho797812832698748,topic/b/noise,METAVERSE,20
1716747709571,paho797812833900124,topic/d/lighting,METAVERSE,20
1716747709574,paho797812832698748,topic/d/lighting,METAVERSE,23
1716747709611,paho797812833459100,topic/security,METAVERSE,12
1716747709630,paho797812834073319,topic/maintenance,METAVERSE,307
1716747709631,paho797812833459100,topic/security,METAVERSE,16
1716747709636,paho797812833459100,topic/security,METAVERSE,27
1716747709651,paho797812833900124,topic/v/lighting,METAVERSE,4
1716747709654,paho797812832698748,topic/v/lighting,METAVERSE,7
1716747709669,paho797812834073319,topic/maintenance,METAVERSE,142
1716747709684,paho797812833459100,topic/security,METAVERSE,29
1716747709751,paho797812833900124,topic/c/lighting,METAVERSE,4
1716747709754,paho797812832698748,topic/c/lighting,METAVERSE,7
1716747709782,paho797812834073319,topic/maintenance,METAVERSE,115
1716747709784,paho797812833459100,topic/security,METAVERSE,72
1716747709827,paho797812833459100,topic/security,METAVERSE,104
1716747709827,paho797812833459100,topic/security,METAVERSE,72
1716747709833,paho797812833459100,topic/security,METAVERSE,62
1716747709880,paho797812833717059,topic/occupancy,METAVERSE,10721
1716747709881,paho797812834073319,topic/maintenance,METAVERSE,74
1716747709918,paho797812833459100,topic/security,METAVERSE,6
1716747709932,paho797812834073319,topic/maintenance,METAVERSE,73
1716747709981,paho797812834073319,topic/maintenance,METAVERSE,65
1716747710081,paho797812834073319,topic/maintenance,METAVERSE,66
1716747710177,paho797812833459100,topic/security,METAVERSE,6
1716747710179,paho797812834073319,topic/maintenance,METAVERSE,136
1716747710195,paho797812833900124,topic/b/lighting,METAVERSE,68
1716747710197,paho797812832698748,topic/b/lighting,METAVERSE,70
1716747710203,paho797812832698748,topic/v/noise,METAVERSE,4
1716747710213,paho797812833459100,topic/security,METAVERSE,6
1716747710228,paho797812833459100,topic/security,METAVERSE,33
1716747710234,paho797812832698748,topic/b/noise,METAVERSE,11
1716747710237,paho797812833900124,topic/e/lighting,METAVERSE,6
1716747710240,paho797812832698748,topic/e/lighting,METAVERSE,9
1716747710332,paho797812833459100,topic/security,METAVERSE,57
1716747710333,paho797812833459100,topic/security,METAVERSE,58
1716747710333,paho797812833459100,topic/security,METAVERSE,62
1716747710381,paho797812833717059,topic/occupancy,METAVERSE,11178
1716747710382,paho797812833459100,topic/security,METAVERSE,95
1716747710432,paho797812834073319,topic/maintenance,METAVERSE,329
1716747710526,paho797812832698748,topic/d/rfid,METAVERSE,43
1716747710533,paho797812833717059,topic/queueing,METAVERSE,50
1716747710536,paho797812833459100,topic/security,METAVERSE,9
1716747710582,paho797812834073319,topic/maintenance,METAVERSE,411
1716747710582,paho797812833459100,topic/security,METAVERSE,31
1716747710627,paho797812834073319,topic/maintenance,METAVERSE,452
1716747710703,paho797812833900124,topic/e/lighting,METAVERSE,11
1716747710705,paho797812832698748,topic/e/lighting,METAVERSE,13
1716747710735,paho797812834073319,topic/maintenance,METAVERSE,536
1716747710740,paho797812833459100,topic/security,METAVERSE,12
1716747710763,paho797812833459100,topic/security,METAVERSE,4
1716747710779,paho797812834073319,topic/maintenance,METAVERSE,556
1716747710810,paho797812833459100,topic/security,METAVERSE,5
1716747710842,paho797812832698748,topic/s/noise,METAVERSE,13
1716747710857,paho797812832698748,topic/d/noise,METAVERSE,3
1716747710881,paho797812834073319,topic/maintenance,METAVERSE,410
1716747710931,paho797812834073319,topic/maintenance,METAVERSE,298
1716747710932,paho797812834073319,topic/maintenance,METAVERSE,205
1716747710968,paho797812833459100,topic/security,METAVERSE,4
1716747711041,paho797812833900124,topic/s/lighting,METAVERSE,4
1716747711044,paho797812832698748,topic/s/lighting,METAVERSE,7
1716747711082,paho797812834073319,topic/maintenance,METAVERSE,253
1716747711119,paho797812833459100,topic/security,METAVERSE,4
1716747711134,paho797812834073319,topic/maintenance,METAVERSE,280
1716747711216,paho797812833459100,topic/security,METAVERSE,5
1716747711279,paho797812834073319,topic/maintenance,METAVERSE,425
1716747711327,paho797812833459100,topic/security,METAVERSE,16
1716747711330,paho797812834073319,topic/maintenance,METAVERSE,481
1716747711335,paho797812833459100,topic/security,METAVERSE,5
1716747711371,paho797812834073319,topic/maintenance,METAVERSE,406
1716747711431,paho797812834073319,topic/maintenance,METAVERSE,316
1716747711512,paho797812833459100,topic/security,METAVERSE,9
1716747711532,paho797812834073319,topic/maintenance,METAVERSE,281
1716747711532,paho797812833717059,topic/occupancy,METAVERSE,12253
1716747711590,paho797812833900124,topic/b/lighting,METAVERSE,10
1716747711593,paho797812832698748,topic/b/lighting,METAVERSE,13
1716747711595,paho797812832698748,topic/g/noise,METAVERSE,14
1716747711628,paho797812833459100,topic/security,METAVERSE,9
1716747711644,paho797812833459100,topic/security,METAVERSE,5
1716747711741,paho797812833459100,topic/security,METAVERSE,6
1716747711775,paho797812833900124,topic/s/lighting,METAVERSE,16
1716747711778,paho797812832698748,topic/s/lighting,METAVERSE,19
1716747711835,paho797812834073319,topic/maintenance,METAVERSE,556
1716747711836,paho797812833459100,topic/security,METAVERSE,69
1716747711875,paho797812833459100,topic/security,METAVERSE,104
1716747711880,paho797812834073319,topic/maintenance,METAVERSE,513
1716747711883,paho797812832698748,topic/e/rfid,METAVERSE,12
1716747711885,paho797812833717059,topic/queueing,METAVERSE,14
1716747711919,paho797812832698748,topic/d/noise,METAVERSE,4
1716747711931,paho797812834073319,topic/maintenance,METAVERSE,456
1716747711935,paho797812833459100,topic/security,METAVERSE,120
1716747711937,paho797812834073319,topic/maintenance,METAVERSE,356
1716747712083,paho797812834073319,topic/maintenance,METAVERSE,476
1716747712084,paho797812834073319,topic/maintenance,METAVERSE,429
1716747712175,paho797812832698748,topic/g/noise,METAVERSE,4
1716747712178,paho797812833459100,topic/security,METAVERSE,5
1716747712182,paho797812834073319,topic/maintenance,METAVERSE,531
1716747712195,paho797812832698748,topic/c/rfid,METAVERSE,5
1716747712196,paho797812833717059,topic/queueing,METAVERSE,6
1716747712223,paho797812834073319,topic/maintenance,METAVERSE,552
1716747712233,paho797812833459100,topic/security,METAVERSE,18
1716747712283,paho797812833459100,topic/security,METAVERSE,67
1716747712288,paho797812833459100,topic/security,METAVERSE,5
1716747712298,paho797812832698748,topic/e/noise,METAVERSE,30
1716747712335,paho797812833459100,topic/security,METAVERSE,49
1716747712339,paho797812833900124,topic/g/lighting,METAVERSE,13
1716747712342,paho797812832698748,topic/g/lighting,METAVERSE,16
1716747712383,paho797812833459100,topic/security,METAVERSE,73
1716747712437,paho797812833900124,topic/b/lighting,METAVERSE,5
1716747712438,paho797812833459100,topic/security,METAVERSE,79
1716747712441,paho797812832698748,topic/b/lighting,METAVERSE,9
1716747712479,paho797812834073319,topic/maintenance,METAVERSE,720
1716747712505,paho797812833459100,topic/security,METAVERSE,6
1716747712531,paho797812834073319,topic/maintenance,METAVERSE,690
1716747712535,paho797812834073319,topic/maintenance,METAVERSE,620
1716747712573,paho797812833459100,topic/security,METAVERSE,6
1716747712635,paho797812834073319,topic/maintenance,METAVERSE,700
1716747712681,paho797812834073319,topic/maintenance,METAVERSE,607
1716747712686,paho797812833459100,topic/security,METAVERSE,18
1716747712732,paho797812834073319,topic/maintenance,METAVERSE,637
1716747712735,paho797812834073319,topic/maintenance,METAVERSE,564
1716747712776,paho797812833459100,topic/security,METAVERSE,7
1716747712783,paho797812834073319,topic/maintenance,METAVERSE,515
1716747712868,paho797812833459100,topic/security,METAVERSE,5
1716747712872,paho797812833900124,topic/g/lighting,METAVERSE,5
1716747712875,paho797812832698748,topic/g/lighting,METAVERSE,8
1716747712881,paho797812834073319,topic/maintenance,METAVERSE,457
1716747712881,paho797812834073319,topic/maintenance,METAVERSE,267
1716747712914,paho797812833459100,topic/security,METAVERSE,7
1716747712949,paho797812833459100,topic/security,METAVERSE,6
1716747712982,paho797812833459100,topic/security,METAVERSE,11
1716747713127,paho797812833459100,topic/security,METAVERSE,5
1716747713294,paho797812832698748,topic/e/noise,METAVERSE,59
1716747713334,paho797812834073319,topic/maintenance,METAVERSE,195
1716747713361,paho797812833459100,topic/security,METAVERSE,6
1716747713532,paho797812834073319,topic/maintenance,METAVERSE,377
1716747713573,paho797812833459100,topic/security,METAVERSE,6
1716747713592,paho797812833459100,topic/security,METAVERSE,5
1716747713630,paho797812834073319,topic/maintenance,METAVERSE,475
1716747713637,paho797812834073319,topic/maintenance,METAVERSE,402
1716747713640,paho797812833900124,topic/b/lighting,METAVERSE,30
1716747713642,paho797812832698748,topic/b/lighting,METAVERSE,32
1716747713647,paho797812833459100,topic/security,METAVERSE,10
1716747713655,paho797812833900124,topic/b/lighting,METAVERSE,20
1716747713658,paho797812832698748,topic/b/lighting,METAVERSE,23
1716747713681,paho797812834073319,topic/maintenance,METAVERSE,290
1716747713683,paho797812833459100,topic/security,METAVERSE,36
1716747713694,paho797812832698748,topic/s/rfid,METAVERSE,31
1716747713735,paho797812833717059,topic/queueing,METAVERSE,72
1716747713767,paho797812832698748,topic/b/noise,METAVERSE,8
1716747713834,paho797812833459100,topic/security,METAVERSE,98
1716747713834,paho797812833459100,topic/security,METAVERSE,95
1716747713835,paho797812833459100,topic/security,METAVERSE,60
1716747713881,paho797812834073319,topic/maintenance,METAVERSE,122
1716747713893,paho797812833459100,topic/security,METAVERSE,9
1716747713933,paho797812832698748,topic/s/noise,METAVERSE,6
1716747713983,paho797812834073319,topic/maintenance,METAVERSE,220
1716747714034,paho797812834073319,topic/maintenance,METAVERSE,107
1716747714130,paho797812832698748,topic/c/noise,METAVERSE,5
1716747714179,paho797812834073319,topic/maintenance,METAVERSE,119
1716747714197,paho797812833459100,topic/security,METAVERSE,6
1716747714210,paho797812834073319,topic/maintenance,METAVERSE,102
1716747714237,paho797812833459100,topic/security,METAVERSE,6
1716747714282,paho797812834073319,topic/maintenance,METAVERSE,157
1716747714325,paho797812833459100,topic/security,METAVERSE,5
1716747714335,paho797812833459100,topic/security,METAVERSE,16
1716747714343,paho797812832698748,topic/b/noise,METAVERSE,4
1716747714383,paho797812834073319,topic/maintenance,METAVERSE,244
1716747714437,paho797812834073319,topic/maintenance,METAVERSE,98
1716747714475,paho797812833900124,topic/c/lighting,METAVERSE,56
1716747714478,paho797812832698748,topic/c/lighting,METAVERSE,59
1716747714507,paho797812833900124,topic/d/lighting,METAVERSE,12
1716747714510,paho797812832698748,topic/d/lighting,METAVERSE,15
1716747714533,paho797812833459100,topic/security,METAVERSE,6
1716747714579,paho797812833900124,topic/d/lighting,METAVERSE,4
1716747714579,paho797812834073319,topic/maintenance,METAVERSE,69
1716747714582,paho797812832698748,topic/d/lighting,METAVERSE,7
1716747714611,paho797812832698748,topic/b/noise,METAVERSE,30
1716747714635,paho797812834073319,topic/maintenance,METAVERSE,96
1716747714667,paho797812833900124,topic/v/lighting,METAVERSE,4
1716747714670,paho797812832698748,topic/v/lighting,METAVERSE,7
1716747714734,paho797812834073319,topic/maintenance,METAVERSE,153
1716747714734,paho797812833459100,topic/security,METAVERSE,6
1716747714763,paho797812833900124,topic/c/lighting,METAVERSE,4
1716747714766,paho797812832698748,topic/c/lighting,METAVERSE,7
1716747714819,paho797812833459100,topic/security,METAVERSE,5
1716747714831,paho797812834073319,topic/maintenance,METAVERSE,84
1716747714894,paho797812833459100,topic/security,METAVERSE,5
1716747714972,paho797812833459100,topic/security,METAVERSE,5
1716747715081,paho797812834073319,topic/maintenance,METAVERSE,186
1716747715134,paho797812833459100,topic/security,METAVERSE,162
1716747715175,paho797812833459100,topic/security,METAVERSE,52
1716747715209,paho797812832698748,topic/v/noise,METAVERSE,5
1716747715227,paho797812833900124,topic/b/lighting,METAVERSE,28
1716747715231,paho797812832698748,topic/b/lighting,METAVERSE,32
1716747715255,paho797812833900124,topic/e/lighting,METAVERSE,4
1716747715258,paho797812832698748,topic/e/lighting,METAVERSE,7
1716747715271,paho797812832698748,topic/b/noise,METAVERSE,24
1716747715283,paho797812834073319,topic/maintenance,METAVERSE,97
1716747715335,paho797812834073319,topic/maintenance,METAVERSE,131
1716747715364,paho797812833459100,topic/security,METAVERSE,5
1716747715417,paho797812833459100,topic/security,METAVERSE,6
1716747715480,paho797812834073319,topic/maintenance,METAVERSE,257
1716747715480,paho797812834073319,topic/maintenance,METAVERSE,233
1716747715643,paho797812833459100,topic/security,METAVERSE,5
1716747715664,paho797812833459100,topic/security,METAVERSE,5
1716747715687,paho797812833459100,topic/security,METAVERSE,5
1716747715735,paho797812834073319,topic/maintenance,METAVERSE,161
1716747715741,paho797812832698748,topic/s/rfid,METAVERSE,30
1716747715742,paho797812833717059,topic/queueing,METAVERSE,31
1716747715771,paho797812833900124,topic/e/lighting,METAVERSE,4
1716747715774,paho797812832698748,topic/e/lighting,METAVERSE,7
1716747715784,paho797812833459100,topic/security,METAVERSE,29
1716747715856,paho797812833459100,topic/security,METAVERSE,29
1716747715875,paho797812832698748,topic/s/noise,METAVERSE,4
1716747715903,paho797812832698748,topic/d/noise,METAVERSE,4
1716747715927,paho797812832698748,topic/e/rfid,METAVERSE,4
1716747715928,paho797812833717059,topic/queueing,METAVERSE,5
1716747715944,paho797812833459100,topic/security,METAVERSE,5
1716747715958,paho797812832698748,topic/e/rfid,METAVERSE,18
1716747715980,paho797812833717059,topic/queueing,METAVERSE,40
1716747716042,paho797812833900124,topic/s/lighting,METAVERSE,4
1716747716045,paho797812832698748,topic/s/lighting,METAVERSE,7
1716747716231,paho797812833459100,topic/security,METAVERSE,8
1716747716236,paho797812833459100,topic/security,METAVERSE,37
1716747716335,paho797812833459100,topic/security,METAVERSE,98
1716747716432,paho797812833459100,topic/security,METAVERSE,111
1716747716475,paho797812833459100,topic/security,METAVERSE,104
1716747716534,paho797812834073319,topic/maintenance,METAVERSE,663
1716747716599,paho797812833900124,topic/b/lighting,METAVERSE,12
1716747716601,paho797812833459100,topic/security,METAVERSE,13
1716747716602,paho797812832698748,topic/b/lighting,METAVERSE,15
1716747716663,paho797812832698748,topic/g/noise,METAVERSE,34
1716747716682,paho797812834073319,topic/maintenance,METAVERSE,783
1716747716682,paho797812834073319,topic/maintenance,METAVERSE,759
1716747716686,paho797812834073319,topic/maintenance,METAVERSE,723
1716747716733,paho797812834073319,topic/maintenance,METAVERSE,552
1716747716750,paho797812832698748,topic/s/rfid,METAVERSE,12
1716747716752,paho797812833717059,topic/queueing,METAVERSE,14
1716747716781,paho797812834073319,topic/maintenance,METAVERSE,546
1716747716781,paho797812833459100,topic/security,METAVERSE,34
1716747716782,paho797812834073319,topic/maintenance,METAVERSE,543
1716747716811,paho797812833900124,topic/s/lighting,METAVERSE,12
1716747716814,paho797812832698748,topic/s/lighting,METAVERSE,15
1716747716833,paho797812834073319,topic/maintenance,METAVERSE,204
1716747716915,paho797812833459100,topic/security,METAVERSE,6
1716747716919,paho797812832698748,topic/d/noise,METAVERSE,3
1716747716945,paho797812833459100,topic/security,METAVERSE,6
1716747717016,paho797812833459100,topic/security,METAVERSE,6
1716747717082,paho797812834073319,topic/maintenance,METAVERSE,166
1716747717155,paho797812833459100,topic/security,METAVERSE,8
1716747717176,paho797812832698748,topic/g/noise,METAVERSE,4
1716747717183,paho797812834073319,topic/maintenance,METAVERSE,11
1716747717285,paho797812834073319,topic/maintenance,METAVERSE,91
1716747717331,paho797812832698748,topic/e/noise,METAVERSE,20
1716747717368,paho797812833459100,topic/security,METAVERSE,19
1716747717375,paho797812833900124,topic/g/lighting,METAVERSE,4
1716747717376,paho797812832698748,topic/g/lighting,METAVERSE,5
1716747717392,paho797812833459100,topic/security,METAVERSE,43
1716747717431,paho797812834073319,topic/maintenance,METAVERSE,120
1716747717431,paho797812833459100,topic/security,METAVERSE,28
1716747717536,paho797812833900124,topic/b/lighting,METAVERSE,41
1716747717536,paho797812832698748,topic/b/lighting,METAVERSE,41
1716747717552,paho797812833459100,topic/security,METAVERSE,13
1716747717582,paho797812834073319,topic/maintenance,METAVERSE,271
1716747717684,paho797812833459100,topic/security,METAVERSE,45
1716747717734,paho797812833459100,topic/security,METAVERSE,23
1716747717781,paho797812833459100,topic/security,METAVERSE,6
1716747717911,paho797812833900124,topic/g/lighting,METAVERSE,42
1716747717912,paho797812832698748,topic/g/lighting,METAVERSE,43
1716747717929,paho797812833459100,topic/security,METAVERSE,7
1716747717933,paho797812834073319,topic/maintenance,METAVERSE,6
1716747717964,paho797812833459100,topic/security,METAVERSE,5
1716747718243,paho797812833459100,topic/security,METAVERSE,5
1716747718280,paho797812833459100,topic/security,METAVERSE,37
1716747718299,paho797812832698748,topic/e/noise,METAVERSE,4
1716747718331,paho797812834073319,topic/maintenance,METAVERSE,88
1716747718384,paho797812833459100,topic/security,METAVERSE,9
1716747718433,paho797812833459100,topic/security,METAVERSE,42
1716747718433,paho797812834073319,topic/maintenance,METAVERSE,144
1716747718535,paho797812834073319,topic/maintenance,METAVERSE,240
1716747718675,paho797812832698748,topic/b/lighting,METAVERSE,20
1716747718676,paho797812833900124,topic/b/lighting,METAVERSE,21
1716747718692,paho797812833459100,topic/security,METAVERSE,5
1716747718704,paho797812832698748,topic/b/lighting,METAVERSE,33
1716747718704,paho797812833900124,topic/b/lighting,METAVERSE,33
1716747718775,paho797812832698748,topic/b/noise,METAVERSE,8
1716747718783,paho797812834073319,topic/maintenance,METAVERSE,84
1716747718883,paho797812834073319,topic/maintenance,METAVERSE,208
1716747718883,paho797812834073319,topic/maintenance,METAVERSE,116
1716747718934,paho797812834073319,topic/maintenance,METAVERSE,116
1716747718947,paho797812832698748,topic/s/noise,METAVERSE,4
1716747718947,paho797812833459100,topic/security,METAVERSE,8
1716747718982,paho797812834073319,topic/maintenance,METAVERSE,39
1716747718983,paho797812833459100,topic/security,METAVERSE,8
1716747719054,paho797812833459100,topic/security,METAVERSE,5
1716747719143,paho797812832698748,topic/c/noise,METAVERSE,17
1716747719164,paho797812833459100,topic/security,METAVERSE,5
1716747719179,paho797812834073319,topic/maintenance,METAVERSE,52
1716747719333,paho797812834073319,topic/maintenance,METAVERSE,207
1716747719353,paho797812834073319,topic/maintenance,METAVERSE,143
1716747719355,paho797812832698748,topic/b/noise,METAVERSE,4
1716747719395,paho797812834073319,topic/maintenance,METAVERSE,44
1716747719420,paho797812833459100,topic/security,METAVERSE,5
1716747719515,paho797812832698748,topic/c/lighting,METAVERSE,40
1716747719515,paho797812833900124,topic/c/lighting,METAVERSE,40
1716747719550,paho797812833900124,topic/d/lighting,METAVERSE,11
1716747719551,paho797812832698748,topic/d/lighting,METAVERSE,12
1716747719578,paho797812832698748,topic/d/rfid,METAVERSE,6
1716747719583,paho797812833717059,topic/queueing,METAVERSE,11
1716747719584,paho797812833459100,topic/security,METAVERSE,9
1716747719607,paho797812833900124,topic/d/lighting,METAVERSE,8
1716747719607,paho797812832698748,topic/d/lighting,METAVERSE,8
1716747719615,paho797812832698748,topic/b/noise,METAVERSE,5
1716747719632,paho797812833459100,topic/security,METAVERSE,9
1716747719635,paho797812833459100,topic/security,METAVERSE,12
1716747719669,paho797812833900124,topic/v/lighting,METAVERSE,5
1716747719669,paho797812832698748,topic/v/lighting,METAVERSE,5
1716747719681,paho797812833459100,topic/security,METAVERSE,41
1716747719684,paho797812834073319,topic/maintenance,METAVERSE,74
1716747719736,paho797812833459100,topic/security,METAVERSE,5
1716747719766,paho797812832698748,topic/s/rfid,METAVERSE,7
1716747719779,paho797812833459100,topic/security,METAVERSE,44
1716747719786,paho797812833900124,topic/c/lighting,METAVERSE,7
1716747719786,paho797812832698748,topic/c/lighting,METAVERSE,7
1716747719787,paho797812833717059,topic/queueing,METAVERSE,28
1716747719834,paho797812833459100,topic/security,METAVERSE,111
1716747719880,paho797812833459100,topic/security,METAVERSE,121
1716747719932,paho797812833459100,topic/security,METAVERSE,157
1716747719980,paho797812833459100,topic/security,METAVERSE,189
1716747719984,paho797812833459100,topic/security,METAVERSE,65
1716747720033,paho797812833459100,topic/security,METAVERSE,82
1716747720130,paho797812833459100,topic/security,METAVERSE,148
1716747720180,paho797812834073319,topic/maintenance,METAVERSE,113
1716747720215,paho797812832698748,topic/v/noise,METAVERSE,10
1716747720233,paho797812834073319,topic/maintenance,METAVERSE,28
1716747720247,paho797812832698748,topic/b/lighting,METAVERSE,9
1716747720247,paho797812833900124,topic/b/lighting,METAVERSE,9
1716747720257,paho797812833459100,topic/security,METAVERSE,6
1716747720257,paho797812832698748,topic/e/lighting,METAVERSE,5
1716747720259,paho797812833900124,topic/e/lighting,METAVERSE,7
1716747720280,paho797812833459100,topic/security,METAVERSE,23
1716747720310,paho797812832698748,topic/b/noise,METAVERSE,7
1716747720380,paho797812834073319,topic/maintenance,METAVERSE,109
1716747720388,paho797812833459100,topic/security,METAVERSE,5
1716747720431,paho797812834073319,topic/maintenance,METAVERSE,128
1716747720451,paho797812833459100,topic/security,METAVERSE,18
1716747720583,paho797812833459100,topic/security,METAVERSE,8
1716747720799,paho797812832698748,topic/s/rfid,METAVERSE,16
1716747720800,paho797812833717059,topic/queueing,METAVERSE,17
1716747720824,paho797812833717059,topic/occupancy,METAVERSE,21405
1716747720824,paho797812833717059,topic/occupancy,METAVERSE,21283
1716747720824,paho797812833717059,topic/occupancy,METAVERSE,21261
1716747720824,paho797812833717059,topic/occupancy,METAVERSE,21227
1716747720824,paho797812833717059,topic/occupancy,METAVERSE,21090
1716747720824,paho797812833717059,topic/occupancy,METAVERSE,20723
1716747720824,paho797812833717059,topic/occupancy,METAVERSE,20706
1716747720824,paho797812833717059,topic/occupancy,METAVERSE,20703
1716747720824,paho797812833717059,topic/occupancy,METAVERSE,20657
1716747720824,paho797812833717059,topic/occupancy,METAVERSE,19982
1716747720824,paho797812833717059,topic/occupancy,METAVERSE,19773
1716747720824,paho797812833717059,topic/occupancy,METAVERSE,19620
1716747720824,paho797812833717059,topic/occupancy,METAVERSE,19472
1716747720824,paho797812833717059,topic/occupancy,METAVERSE,19337
1716747720824,paho797812833717059,topic/occupancy,METAVERSE,19253
1716747720824,paho797812833717059,topic/occupancy,METAVERSE,19081
1716747720824,paho797812833717059,topic/occupancy,METAVERSE,18702
1716747720824,paho797812833717059,topic/occupancy,METAVERSE,18722
1716747720824,paho797812833717059,topic/occupancy,METAVERSE,18673
1716747720824,paho797812833717059,topic/occupancy,METAVERSE,18625
1716747720824,paho797812833717059,topic/occupancy,METAVERSE,18405
1716747720824,paho797812833717059,topic/occupancy,METAVERSE,18377
1716747720824,paho797812833717059,topic/occupancy,METAVERSE,17941
1716747720824,paho797812833717059,topic/occupancy,METAVERSE,17738
1716747720824,paho797812833717059,topic/occupancy,METAVERSE,17563
1716747720828,paho797812832698748,topic/s/rfid,METAVERSE,13
1716747720831,paho797812833717059,topic/queueing,METAVERSE,16
1716747720885,paho797812834073319,topic/maintenance,METAVERSE,70
1716747720898,paho797812832698748,topic/e/lighting,METAVERSE,47
1716747720898,paho797812833900124,topic/e/lighting,METAVERSE,47
1716747720901,paho797812832698748,topic/s/noise,METAVERSE,18
1716747720929,paho797812832698748,topic/d/noise,METAVERSE,14
1716747720966,paho797812833459100,topic/security,METAVERSE,5
1716747720970,paho797812832698748,topic/e/rfid,METAVERSE,4
1716747720981,paho797812833717059,topic/queueing,METAVERSE,15
1716747720983,paho797812832698748,topic/e/rfid,METAVERSE,4
1716747720983,paho797812833717059,topic/queueing,METAVERSE,4
1716747721032,paho797812834073319,topic/maintenance,METAVERSE,149
1716747721035,paho797812833459100,topic/security,METAVERSE,46
1716747721079,paho797812834073319,topic/maintenance,METAVERSE,164
1716747721081,paho797812833459100,topic/security,METAVERSE,30
1716747721151,paho797812833900124,topic/s/lighting,METAVERSE,64
1716747721151,paho797812832698748,topic/s/lighting,METAVERSE,64
1716747721187,paho797812833459100,topic/security,METAVERSE,11
1716747721215,paho797812832698748,topic/c/rfid,METAVERSE,8
1716747721232,paho797812833717059,topic/queueing,METAVERSE,25
1716747721331,paho797812834073319,topic/maintenance,METAVERSE,88
1716747721424,paho797812833459100,topic/security,METAVERSE,5
1716747721427,paho797812833459100,topic/security,METAVERSE,7
1716747721486,paho797812834073319,topic/maintenance,METAVERSE,135
1716747721669,paho797812833459100,topic/security,METAVERSE,6
1716747721679,paho797812833900124,topic/b/lighting,METAVERSE,8
1716747721680,paho797812832698748,topic/b/lighting,METAVERSE,9
1716747721686,paho797812832698748,topic/g/noise,METAVERSE,27
1716747721712,paho797812833459100,topic/security,METAVERSE,5
1716747721732,paho797812834073319,topic/maintenance,METAVERSE,105
1716747721741,paho797812833459100,topic/security,METAVERSE,5
1716747721781,paho797812834073319,topic/maintenance,METAVERSE,122
1716747721801,paho797812833459100,topic/security,METAVERSE,5
1716747721823,paho797812833900124,topic/s/lighting,METAVERSE,4
1716747721824,paho797812832698748,topic/s/lighting,METAVERSE,5
1716747721936,paho797812832698748,topic/d/noise,METAVERSE,13
1716747721968,paho797812833459100,topic/security,METAVERSE,6
1716747722000,paho797812833459100,topic/security,METAVERSE,5
1716747722031,paho797812834073319,topic/maintenance,METAVERSE,108
1716747722083,paho797812834073319,topic/maintenance,METAVERSE,120
1716747722179,paho797812832698748,topic/g/noise,METAVERSE,4
1716747722181,paho797812834073319,topic/maintenance,METAVERSE,241
1716747722260,paho797812833459100,topic/security,METAVERSE,5
1716747722281,paho797812833459100,topic/security,METAVERSE,19
1716747722390,paho797812832698748,topic/g/lighting,METAVERSE,7
1716747722390,paho797812833900124,topic/g/lighting,METAVERSE,7
1716747722391,paho797812833459100,topic/security,METAVERSE,7
1716747722398,paho797812832698748,topic/e/noise,METAVERSE,27
1716747722430,paho797812834073319,topic/maintenance,METAVERSE,255
1716747722431,paho797812834073319,topic/maintenance,METAVERSE,158
1716747722431,paho797812834073319,topic/maintenance,METAVERSE,60
1716747722503,paho797812833459100,topic/security,METAVERSE,12
1716747722592,paho797812833900124,topic/b/lighting,METAVERSE,25
1716747722592,paho797812832698748,topic/b/lighting,METAVERSE,25
1716747722603,paho797812833459100,topic/security,METAVERSE,6
1716747722680,paho797812833459100,topic/security,METAVERSE,25
1716747722773,paho797812833459100,topic/security,METAVERSE,6
1716747722781,paho797812834073319,topic/maintenance,METAVERSE,50
1716747722883,paho797812834073319,topic/maintenance,METAVERSE,124
1716747722951,paho797812833900124,topic/g/lighting,METAVERSE,32
1716747722952,paho797812832698748,topic/g/lighting,METAVERSE,33
1716747722976,paho797812833459100,topic/security,METAVERSE,5
1716747722987,paho797812833459100,topic/security,METAVERSE,4
1716747722995,paho797812832698748,topic/e/rfid,METAVERSE,4
1716747723035,paho797812833717059,topic/queueing,METAVERSE,44
1716747723035,paho797812833459100,topic/security,METAVERSE,28
1716747723092,paho797812833459100,topic/security,METAVERSE,5
1716747723187,paho797812833459100,topic/security,METAVERSE,4
1716747723333,paho797812834073319,topic/maintenance,METAVERSE,70
1716747723343,paho797812832698748,topic/e/noise,METAVERSE,19
1716747723439,paho797812833459100,topic/security,METAVERSE,16
1716747723479,paho797812834073319,topic/maintenance,METAVERSE,155
1716747723531,paho797812834073319,topic/maintenance,METAVERSE,176
1716747723579,paho797812834073319,topic/maintenance,METAVERSE,84
1716747723591,paho797812833459100,topic/security,METAVERSE,8
1716747723686,paho797812833459100,topic/security,METAVERSE,6
1716747723736,paho797812832698748,topic/b/lighting,METAVERSE,6
1716747723736,paho797812833900124,topic/b/lighting,METAVERSE,6
1716747723742,paho797812833900124,topic/b/lighting,METAVERSE,11
1716747723743,paho797812832698748,topic/b/lighting,METAVERSE,12
1716747723789,paho797812833459100,topic/security,METAVERSE,8
1716747723807,paho797812832698748,topic/b/noise,METAVERSE,18
1716747723851,paho797812833459100,topic/security,METAVERSE,4
1716747723879,paho797812834073319,topic/maintenance,METAVERSE,90
1716747723976,paho797812832698748,topic/s/noise,METAVERSE,5
1716747723983,paho797812833459100,topic/security,METAVERSE,12
1716747724033,paho797812833459100,topic/security,METAVERSE,26
1716747724079,paho797812834073319,topic/maintenance,METAVERSE,108
1716747724147,paho797812832698748,topic/c/noise,METAVERSE,4
1716747724230,paho797812834073319,topic/maintenance,METAVERSE,87
1716747724261,paho797812833459100,topic/security,METAVERSE,5
1716747724283,paho797812834073319,topic/maintenance,METAVERSE,60
1716747724286,paho797812833459100,topic/security,METAVERSE,10
1716747724371,paho797812832698748,topic/b/noise,METAVERSE,4
1716747724405,paho797812833459100,topic/security,METAVERSE,6
1716747724432,paho797812834073319,topic/maintenance,METAVERSE,141
1716747724475,paho797812834073319,topic/maintenance,METAVERSE,108
1716747724513,paho797812833459100,topic/security,METAVERSE,6
1716747724519,paho797812832698748,topic/c/lighting,METAVERSE,4
1716747724520,paho797812833900124,topic/c/lighting,METAVERSE,5
1716747724603,paho797812833900124,topic/d/lighting,METAVERSE,20
1716747724604,paho797812832698748,topic/d/lighting,METAVERSE,21
1716747724635,paho797812832698748,topic/b/noise,METAVERSE,4
1716747724670,paho797812833900124,topic/v/lighting,METAVERSE,4
1716747724671,paho797812832698748,topic/v/lighting,METAVERSE,5
1716747724681,paho797812834073319,topic/maintenance,METAVERSE,50
1716747724707,paho797812832698748,topic/d/lighting,METAVERSE,28
1716747724707,paho797812833900124,topic/d/lighting,METAVERSE,28
1716747724728,paho797812833459100,topic/security,METAVERSE,5
1716747724748,paho797812833459100,topic/security,METAVERSE,5
1716747724796,paho797812833900124,topic/c/lighting,METAVERSE,4
1716747724797,paho797812832698748,topic/c/lighting,METAVERSE,5
1716747724899,paho797812832698748,topic/s/rfid,METAVERSE,20
1716747724901,paho797812833717059,topic/queueing,METAVERSE,22
1716747724981,paho797812833459100,topic/security,METAVERSE,6
1716747725040,paho797812833459100,topic/security,METAVERSE,5
1716747725120,paho797812833459100,topic/security,METAVERSE,9
1716747725200,paho797812833459100,topic/security,METAVERSE,5
1716747725238,paho797812832698748,topic/v/noise,METAVERSE,15
1716747725267,paho797812832698748,topic/e/lighting,METAVERSE,13
1716747725267,paho797812833900124,topic/e/lighting,METAVERSE,13
1716747725312,paho797812833900124,topic/b/lighting,METAVERSE,5
1716747725313,paho797812832698748,topic/b/lighting,METAVERSE,6
1716747725333,paho797812834073319,topic/maintenance,METAVERSE,110
1716747725350,paho797812832698748,topic/b/noise,METAVERSE,15
1716747725470,paho797812833459100,topic/security,METAVERSE,6
1716747725481,paho797812834073319,topic/maintenance,METAVERSE,174
1716747725536,paho797812834073319,topic/maintenance,METAVERSE,201
1716747725736,paho797812833459100,topic/security,METAVERSE,43
1716747725783,paho797812833459100,topic/security,METAVERSE,90
1716747725835,paho797812833459100,topic/security,METAVERSE,32
1716747725887,paho797812833459100,topic/security,METAVERSE,88
1716747725888,paho797812833459100,topic/security,METAVERSE,21
1716747725927,paho797812833900124,topic/e/lighting,METAVERSE,8
1716747725927,paho797812832698748,topic/e/lighting,METAVERSE,8
1716747725933,paho797812833459100,topic/security,METAVERSE,46
1716747725975,paho797812832698748,topic/d/noise,METAVERSE,13
1716747725981,paho797812834073319,topic/maintenance,METAVERSE,19
1716747725990,paho797812832698748,topic/s/noise,METAVERSE,18
1716747725997,paho797812832698748,topic/e/rfid,METAVERSE,5
1716747725998,paho797812833717059,topic/queueing,METAVERSE,6
1716747726031,paho797812833459100,topic/security,METAVERSE,39
1716747726051,paho797812833459100,topic/security,METAVERSE,5
1716747726079,paho797812834073319,topic/maintenance,METAVERSE,107
1716747726155,paho797812833900124,topic/s/lighting,METAVERSE,4
1716747726156,paho797812832698748,topic/s/lighting,METAVERSE,5
1716747726180,paho797812834073319,topic/maintenance,METAVERSE,101
1716747726233,paho797812833459100,topic/security,METAVERSE,10
1716747726280,paho797812834073319,topic/maintenance,METAVERSE,168
1716747726280,paho797812833459100,topic/security,METAVERSE,23
1716747726331,paho797812833459100,topic/security,METAVERSE,50
1716747726409,paho797812833459100,topic/security,METAVERSE,6
1716747726433,paho797812834073319,topic/maintenance,METAVERSE,134
1716747726479,paho797812834073319,topic/maintenance,METAVERSE,176
1716747726514,paho797812833459100,topic/security,METAVERSE,6
1716747726683,paho797812833459100,topic/security,METAVERSE,84
1716747726708,paho797812833900124,topic/b/lighting,METAVERSE,5
1716747726708,paho797812832698748,topic/b/lighting,METAVERSE,5
1716747726715,paho797812832698748,topic/g/noise,METAVERSE,16
1716747726733,paho797812833459100,topic/security,METAVERSE,113
1716747726733,paho797812834073319,topic/maintenance,METAVERSE,34
1716747726733,paho797812833459100,topic/security,METAVERSE,113
1716747726868,paho797812833900124,topic/s/lighting,METAVERSE,5
1716747726868,paho797812832698748,topic/s/lighting,METAVERSE,5
1716747726939,paho797812832698748,topic/d/noise,METAVERSE,4
1716747726987,paho797812834073319,topic/maintenance,METAVERSE,112
1716747727031,paho797812834073319,topic/maintenance,METAVERSE,96
1716747727035,paho797812833459100,topic/security,METAVERSE,8
1716747727088,paho797812833459100,topic/security,METAVERSE,5
1716747727138,paho797812833459100,topic/security,METAVERSE,9
1716747727186,paho797812832698748,topic/g/noise,METAVERSE,7
1716747727228,paho797812833459100,topic/security,METAVERSE,5
1716747727279,paho797812834073319,topic/maintenance,METAVERSE,100
1716747727381,paho797812834073319,topic/maintenance,METAVERSE,66
1716747727392,paho797812833900124,topic/g/lighting,METAVERSE,5
1716747727393,paho797812832698748,topic/g/lighting,METAVERSE,6
1716747727415,paho797812832698748,topic/e/noise,METAVERSE,8
1716747727481,paho797812833459100,topic/security,METAVERSE,6
1716747727481,paho797812834073319,topic/maintenance,METAVERSE,74
1716747727595,paho797812833900124,topic/b/lighting,METAVERSE,5
1716747727595,paho797812832698748,topic/b/lighting,METAVERSE,5
1716747727637,paho797812833459100,topic/security,METAVERSE,5
1716747727681,paho797812833459100,topic/security,METAVERSE,50
1716747727740,paho797812833459100,topic/security,METAVERSE,5
1716747727783,paho797812833459100,topic/security,METAVERSE,20
1716747727831,paho797812833459100,topic/security,METAVERSE,27
1716747727896,paho797812833459100,topic/security,METAVERSE,5
1716747727907,paho797812832698748,topic/s/rfid,METAVERSE,5
1716747727932,paho797812833717059,topic/queueing,METAVERSE,30
1716747727982,paho797812832698748,topic/g/lighting,METAVERSE,27
1716747727984,paho797812833900124,topic/g/lighting,METAVERSE,29
1716747728076,paho797812833459100,topic/security,METAVERSE,5
1716747728120,paho797812833459100,topic/security,METAVERSE,5
1716747728131,paho797812834073319,topic/maintenance,METAVERSE,116
1716747728183,paho797812834073319,topic/maintenance,METAVERSE,120
1716747728227,paho797812833459100,topic/security,METAVERSE,11
1716747728282,paho797812833459100,topic/security,METAVERSE,7
1716747728287,paho797812833459100,topic/security,METAVERSE,5
1716747728379,paho797812834073319,topic/maintenance,METAVERSE,64
1716747728384,paho797812832698748,topic/e/noise,METAVERSE,25
1716747728392,paho797812833459100,topic/security,METAVERSE,5
1716747728430,paho797812834073319,topic/maintenance,METAVERSE,71
1716747728439,paho797812833459100,topic/security,METAVERSE,9
1716747728567,paho797812833459100,topic/security,METAVERSE,7
1716747728684,paho797812834073319,topic/maintenance,METAVERSE,77
1716747728731,paho797812834073319,topic/maintenance,METAVERSE,124
1716747728760,paho797812832698748,topic/b/lighting,METAVERSE,5
1716747728760,paho797812833900124,topic/b/lighting,METAVERSE,5
1716747728761,paho797812833459100,topic/security,METAVERSE,6
1716747728788,paho797812833900124,topic/b/lighting,METAVERSE,5
1716747728789,paho797812832698748,topic/b/lighting,METAVERSE,6
1716747728823,paho797812833459100,topic/security,METAVERSE,8
1716747728830,paho797812834073319,topic/maintenance,METAVERSE,75
1716747728838,paho797812832698748,topic/b/noise,METAVERSE,10
1716747728931,paho797812834073319,topic/maintenance,METAVERSE,104
1716747728981,paho797812834073319,topic/maintenance,METAVERSE,153
1716747728991,paho797812832698748,topic/s/noise,METAVERSE,4
1716747729031,paho797812834073319,topic/maintenance,METAVERSE,44
1716747729093,paho797812833459100,topic/security,METAVERSE,6
1716747729141,paho797812833459100,topic/security,METAVERSE,10
1716747729151,paho797812832698748,topic/c/noise,METAVERSE,4
1716747729180,paho797812833459100,topic/security,METAVERSE,21
1716747729231,paho797812833459100,topic/security,METAVERSE,7
1716747729331,paho797812834073319,topic/maintenance,METAVERSE,300
1716747729375,paho797812832698748,topic/b/noise,METAVERSE,4
1716747729383,paho797812834073319,topic/maintenance,METAVERSE,248
1716747729479,paho797812834073319,topic/maintenance,METAVERSE,332
1716747729485,paho797812833459100,topic/security,METAVERSE,9
1716747729542,paho797812832698748,topic/c/lighting,METAVERSE,11
1716747729542,paho797812833900124,topic/c/lighting,METAVERSE,11
1716747729579,paho797812834073319,topic/maintenance,METAVERSE,264
1716747729632,paho797812833459100,topic/security,METAVERSE,13
1716747729642,paho797812832698748,topic/b/noise,METAVERSE,4
1716747729667,paho797812833900124,topic/d/lighting,METAVERSE,12
1716747729668,paho797812832698748,topic/d/lighting,METAVERSE,13
1716747729671,paho797812833900124,topic/v/lighting,METAVERSE,5
1716747729672,paho797812832698748,topic/v/lighting,METAVERSE,6
1716747729682,paho797812834073319,topic/maintenance,METAVERSE,311
1716747729695,paho797812833459100,topic/security,METAVERSE,64
1716747729715,paho797812833900124,topic/d/lighting,METAVERSE,4
1716747729716,paho797812832698748,topic/d/lighting,METAVERSE,5
1716747729764,paho797812833459100,topic/security,METAVERSE,5
1716747729779,paho797812833459100,topic/security,METAVERSE,8
1716747729779,paho797812834073319,topic/maintenance,METAVERSE,380
1716747729811,paho797812833900124,topic/c/lighting,METAVERSE,4
1716747729812,paho797812832698748,topic/c/lighting,METAVERSE,5
1716747729813,paho797812833459100,topic/security,METAVERSE,26
1716747729834,paho797812833459100,topic/security,METAVERSE,26
1716747729835,paho797812834073319,topic/maintenance,METAVERSE,197
1716747729836,paho797812834073319,topic/maintenance,METAVERSE,168
1716747729883,paho797812834073319,topic/maintenance,METAVERSE,16
1716747729901,paho797812833459100,topic/security,METAVERSE,5
1716747729941,paho797812833459100,topic/security,METAVERSE,5
1716747729996,paho797812833459100,topic/security,METAVERSE,5
1716747730121,paho797812833459100,topic/security,METAVERSE,6
1716747730148,paho797812833459100,topic/security,METAVERSE,5
1716747730182,paho797812834073319,topic/maintenance,METAVERSE,119
1716747730245,paho797812832698748,topic/v/noise,METAVERSE,4
1716747730279,paho797812832698748,topic/e/lighting,METAVERSE,4
1716747730280,paho797812833900124,topic/e/lighting,METAVERSE,5
1716747730301,paho797812833459100,topic/security,METAVERSE,14
1716747730330,paho797812834073319,topic/maintenance,METAVERSE,219
1716747730332,paho797812833459100,topic/security,METAVERSE,37
1716747730384,paho797812833900124,topic/b/lighting,METAVERSE,5
1716747730385,paho797812832698748,topic/b/lighting,METAVERSE,6
1716747730432,paho797812834073319,topic/maintenance,METAVERSE,248
1716747730432,paho797812833459100,topic/security,METAVERSE,21
1716747730451,paho797812832698748,topic/b/noise,METAVERSE,4
1716747730479,paho797812833459100,topic/security,METAVERSE,58
1716747730532,paho797812834073319,topic/maintenance,METAVERSE,313
1716747730532,paho797812833459100,topic/security,METAVERSE,91
1716747730589,paho797812833459100,topic/security,METAVERSE,5
1716747730680,paho797812834073319,topic/maintenance,METAVERSE,439
1716747730744,paho797812833459100,topic/security,METAVERSE,5
1716747730782,paho797812834073319,topic/maintenance,METAVERSE,471
1716747730882,paho797812834073319,topic/maintenance,METAVERSE,553
1716747730935,paho797812833459100,topic/security,METAVERSE,9
1716747730939,paho797812833900124,topic/e/lighting,METAVERSE,4
1716747730940,paho797812832698748,topic/e/lighting,METAVERSE,5
1716747731017,paho797812832698748,topic/d/noise,METAVERSE,22
1716747731019,paho797812833717059,topic/queueing,METAVERSE,5
1716747731020,paho797812832698748,topic/e/rfid,METAVERSE,6
1716747731067,paho797812832698748,topic/s/noise,METAVERSE,25
1716747731134,paho797812834073319,topic/maintenance,METAVERSE,687
1716747731160,paho797812833459100,topic/security,METAVERSE,5
1716747731177,paho797812833900124,topic/s/lighting,METAVERSE,13
1716747731178,paho797812832698748,topic/s/lighting,METAVERSE,14
1716747731180,paho797812834073319,topic/maintenance,METAVERSE,705
1716747731180,paho797812833459100,topic/security,METAVERSE,29
1716747731223,paho797812833459100,topic/security,METAVERSE,60
1716747731231,paho797812834073319,topic/maintenance,METAVERSE,590
1716747731232,paho797812834073319,topic/maintenance,METAVERSE,573
1716747731232,paho797812834073319,topic/maintenance,METAVERSE,481
1716747731232,paho797812834073319,topic/maintenance,METAVERSE,365
1716747731232,paho797812834073319,topic/maintenance,METAVERSE,352
1716747731232,paho797812834073319,topic/maintenance,METAVERSE,229
1716747731232,paho797812834073319,topic/maintenance,METAVERSE,237
1716747731232,paho797812834073319,topic/maintenance,METAVERSE,190
1716747731249,paho797812833459100,topic/security,METAVERSE,4
1716747731381,paho797812834073319,topic/maintenance,METAVERSE,65
1716747731492,paho797812833459100,topic/security,METAVERSE,5
1716747731623,paho797812832698748,topic/d/rfid,METAVERSE,6
1716747731624,paho797812833717059,topic/queueing,METAVERSE,7
1716747731679,paho797812834073319,topic/maintenance,METAVERSE,324
1716747731731,paho797812833900124,topic/b/lighting,METAVERSE,4
1716747731732,paho797812832698748,topic/b/lighting,METAVERSE,5
1716747731776,paho797812832698748,topic/g/noise,METAVERSE,13
1716747731783,paho797812833459100,topic/security,METAVERSE,11
1716747731794,paho797812833459100,topic/security,METAVERSE,5
1716747731847,paho797812833459100,topic/security,METAVERSE,8
1716747731873,paho797812833900124,topic/s/lighting,METAVERSE,4
1716747731874,paho797812832698748,topic/s/lighting,METAVERSE,5
1716747731880,paho797812833459100,topic/security,METAVERSE,41
1716747731910,paho797812832698748,topic/s/rfid,METAVERSE,4
1716747731960,paho797812832698748,topic/d/noise,METAVERSE,5
1716747731987,paho797812833717059,topic/queueing,METAVERSE,81
1716747731987,paho797812833459100,topic/security,METAVERSE,118
1716747731987,paho797812834073319,topic/maintenance,METAVERSE,456
1716747732023,paho797812834073319,topic/maintenance,METAVERSE,328
1716747732023,paho797812834073319,topic/maintenance,METAVERSE,308
1716747732023,paho797812834073319,topic/maintenance,METAVERSE,260
1716747732081,paho797812834073319,topic/maintenance,METAVERSE,250
1716747732084,paho797812833459100,topic/security,METAVERSE,161
1716747732172,paho797812833459100,topic/security,METAVERSE,5
1716747732181,paho797812834073319,topic/maintenance,METAVERSE,249
1716747732191,paho797812833459100,topic/security,METAVERSE,4
1716747732192,paho797812832698748,topic/g/noise,METAVERSE,4
1716747732304,paho797812833459100,topic/security,METAVERSE,5
1716747732335,paho797812833459100,topic/security,METAVERSE,78
1716747732381,paho797812833459100,topic/security,METAVERSE,75
1716747732398,paho797812832698748,topic/g/lighting,METAVERSE,10
1716747732398,paho797812833900124,topic/g/lighting,METAVERSE,10
1716747732456,paho797812833459100,topic/security,METAVERSE,5
1716747732466,paho797812832698748,topic/e/noise,METAVERSE,23
1716747732479,paho797812834073319,topic/maintenance,METAVERSE,536
1716747732579,paho797812834073319,topic/maintenance,METAVERSE,624
1716747732580,paho797812834073319,topic/maintenance,METAVERSE,470
1716747732580,paho797812834073319,topic/maintenance,METAVERSE,465
1716747732581,paho797812834073319,topic/maintenance,METAVERSE,393
1716747732581,paho797812834073319,topic/maintenance,METAVERSE,230
1716747732581,paho797812834073319,topic/maintenance,METAVERSE,138
1716747732616,paho797812833459100,topic/security,METAVERSE,5
1716747732627,paho797812833900124,topic/b/lighting,METAVERSE,35
1716747732627,paho797812832698748,topic/b/lighting,METAVERSE,35
1716747732643,paho797812833459100,topic/security,METAVERSE,9
1716747732979,paho797812834073319,topic/maintenance,METAVERSE,72
1716747732991,paho797812833900124,topic/g/lighting,METAVERSE,4
1716747732992,paho797812832698748,topic/g/lighting,METAVERSE,5
1716747733174,paho797812833459100,topic/security,METAVERSE,8
1716747733180,paho797812833459100,topic/security,METAVERSE,13
1716747733207,paho797812833459100,topic/security,METAVERSE,10
1716747733243,paho797812832698748,topic/c/rfid,METAVERSE,4
1716747733244,paho797812833717059,topic/queueing,METAVERSE,5
1716747733259,paho797812833459100,topic/security,METAVERSE,12
1716747733279,paho797812834073319,topic/maintenance,METAVERSE,124
1716747733380,paho797812834073319,topic/maintenance,METAVERSE,182
1716747733467,paho797812832698748,topic/e/noise,METAVERSE,24
1716747733508,paho797812833459100,topic/security,METAVERSE,5
1716747733530,paho797812833459100,topic/security,METAVERSE,23
1716747733633,paho797812834073319,topic/maintenance,METAVERSE,435
1716747733682,paho797812834073319,topic/maintenance,METAVERSE,371
1716747733733,paho797812834073319,topic/maintenance,METAVERSE,416
1716747733752,paho797812833459100,topic/security,METAVERSE,5
1716747733767,paho797812832698748,topic/b/lighting,METAVERSE,4
1716747733768,paho797812833900124,topic/b/lighting,METAVERSE,5
1716747733779,paho797812833459100,topic/security,METAVERSE,6
1716747733779,paho797812834073319,topic/maintenance,METAVERSE,350
1716747733783,paho797812834073319,topic/maintenance,METAVERSE,340
1716747733815,paho797812833900124,topic/b/lighting,METAVERSE,4
1716747733816,paho797812832698748,topic/b/lighting,METAVERSE,5
1716747733856,paho797812833459100,topic/security,METAVERSE,5
1716747733871,paho797812832698748,topic/b/noise,METAVERSE,4
1716747733940,paho797812833459100,topic/security,METAVERSE,16
1716747733981,paho797812834073319,topic/maintenance,METAVERSE,186
1716747733997,paho797812834073319,topic/maintenance,METAVERSE,130
1716747733999,paho797812832698748,topic/s/noise,METAVERSE,4
1716747734039,paho797812834073319,topic/maintenance,METAVERSE,44
1716747734132,paho797812834073319,topic/maintenance,METAVERSE,81
1716747734169,paho797812832698748,topic/c/noise,METAVERSE,22
1716747734173,paho797812833459100,topic/security,METAVERSE,5
1716747734276,paho797812833459100,topic/security,METAVERSE,37
1716747734324,paho797812833459100,topic/security,METAVERSE,5
1716747734335,paho797812834073319,topic/maintenance,METAVERSE,204
1716747734339,paho797812833459100,topic/security,METAVERSE,12
1716747734355,paho797812834073319,topic/maintenance,METAVERSE,208
1716747734379,paho797812832698748,topic/b/noise,METAVERSE,4
1716747734430,paho797812834073319,topic/maintenance,METAVERSE,76
1716747734456,paho797812833459100,topic/security,METAVERSE,4
1716747734579,paho797812834073319,topic/maintenance,METAVERSE,204
1716747734592,paho797812833900124,topic/c/lighting,METAVERSE,43
1716747734593,paho797812832698748,topic/c/lighting,METAVERSE,44
1716747734640,paho797812833459100,topic/security,METAVERSE,9
1716747734648,paho797812833459100,topic/security,METAVERSE,16
1716747734651,paho797812832698748,topic/b/noise,METAVERSE,4
1716747734675,paho797812833900124,topic/v/lighting,METAVERSE,4
1716747734676,paho797812832698748,topic/v/lighting,METAVERSE,5
1716747734680,paho797812834073319,topic/maintenance,METAVERSE,33
1716747734735,paho797812833900124,topic/d/lighting,METAVERSE,15
1716747734736,paho797812832698748,topic/d/lighting,METAVERSE,16
1716747734760,paho797812833900124,topic/d/lighting,METAVERSE,29
1716747734760,paho797812832698748,topic/d/lighting,METAVERSE,29
1716747734799,paho797812833459100,topic/security,METAVERSE,10
1716747734819,paho797812833900124,topic/c/lighting,METAVERSE,4
1716747734819,paho797812832698748,topic/c/lighting,METAVERSE,4
1716747734831,paho797812833459100,topic/security,METAVERSE,20
1716747734881,paho797812833459100,topic/security,METAVERSE,18
1716747735132,paho797812834073319,topic/maintenance,METAVERSE,18
1716747735179,paho797812833459100,topic/security,METAVERSE,10
1716747735230,paho797812833459100,topic/security,METAVERSE,61
1716747735246,paho797812832698748,topic/v/noise,METAVERSE,5
1716747735270,paho797812833459100,topic/security,METAVERSE,5
1716747735279,paho797812834073319,topic/maintenance,METAVERSE,38
1716747735299,paho797812832698748,topic/e/lighting,METAVERSE,4
1716747735300,paho797812833900124,topic/e/lighting,METAVERSE,5
1716747735307,paho797812833459100,topic/security,METAVERSE,20
1716747735452,paho797812832698748,topic/b/lighting,METAVERSE,5
1716747735453,paho797812833900124,topic/b/lighting,METAVERSE,6
1716747735456,paho797812832698748,topic/b/noise,METAVERSE,9
1716747735475,paho797812833459100,topic/security,METAVERSE,19
1716747735483,paho797812834073319,topic/maintenance,METAVERSE,160
1716747735483,paho797812834073319,topic/maintenance,METAVERSE,36
1716747735520,paho797812833459100,topic/security,METAVERSE,5
1716747735579,paho797812834073319,topic/maintenance,METAVERSE,144
1716747735643,paho797812833459100,topic/security,METAVERSE,6
1716747735685,paho797812833459100,topic/security,METAVERSE,10
1716747735731,paho797812834073319,topic/maintenance,METAVERSE,92
1716747735808,paho797812833459100,topic/security,METAVERSE,5
1716747735827,paho797812833717059,topic/occupancy,METAVERSE,32376
1716747735827,paho797812833717059,topic/occupancy,METAVERSE,32288
1716747735827,paho797812833717059,topic/occupancy,METAVERSE,32228
1716747735827,paho797812833717059,topic/occupancy,METAVERSE,31696
1716747735827,paho797812833717059,topic/occupancy,METAVERSE,31684
1716747735827,paho797812833717059,topic/occupancy,METAVERSE,31668
1716747735827,paho797812833717059,topic/occupancy,METAVERSE,31636
1716747735827,paho797812833717059,topic/occupancy,METAVERSE,31604
1716747735827,paho797812833717059,topic/occupancy,METAVERSE,31360
1716747735827,paho797812833717059,topic/occupancy,METAVERSE,31228
1716747735828,paho797812833717059,topic/occupancy,METAVERSE,30893
1716747735828,paho797812833717059,topic/occupancy,METAVERSE,30729
1716747735828,paho797812833717059,topic/occupancy,METAVERSE,30562
1716747735828,paho797812833717059,topic/occupancy,METAVERSE,30305
1716747735828,paho797812833717059,topic/occupancy,METAVERSE,30269
1716747735828,paho797812833717059,topic/occupancy,METAVERSE,30195
1716747735828,paho797812833717059,topic/occupancy,METAVERSE,30013
1716747735828,paho797812833717059,topic/occupancy,METAVERSE,29684
1716747735828,paho797812833717059,topic/occupancy,METAVERSE,29653
1716747735828,paho797812833717059,topic/occupancy,METAVERSE,29593
1716747735828,paho797812833717059,topic/occupancy,METAVERSE,29581
1716747735828,paho797812833717059,topic/occupancy,METAVERSE,28885
1716747735828,paho797812833717059,topic/occupancy,METAVERSE,28726
1716747735828,paho797812833717059,topic/occupancy,METAVERSE,28557
1716747735828,paho797812833717059,topic/occupancy,METAVERSE,28360
1716747735828,paho797812833717059,topic/occupancy,METAVERSE,28246
1716747735828,paho797812833717059,topic/occupancy,METAVERSE,28243
1716747735828,paho797812833717059,topic/occupancy,METAVERSE,28107
1716747735828,paho797812833717059,topic/occupancy,METAVERSE,27661
1716747735828,paho797812833717059,topic/occupancy,METAVERSE,27649
1716747735828,paho797812833717059,topic/occupancy,METAVERSE,27561
1716747735828,paho797812833717059,topic/occupancy,METAVERSE,27561
1716747735828,paho797812833717059,topic/occupancy,METAVERSE,26973
1716747735829,paho797812833717059,topic/occupancy,METAVERSE,26866
1716747735829,paho797812833717059,topic/occupancy,METAVERSE,26720
1716747735829,paho797812833717059,topic/occupancy,METAVERSE,26534
1716747735829,paho797812833717059,topic/occupancy,METAVERSE,26230
1716747735829,paho797812833717059,topic/occupancy,METAVERSE,26214
1716747735829,paho797812833717059,topic/occupancy,METAVERSE,26106
1716747735829,paho797812833717059,topic/occupancy,METAVERSE,25658
1716747735829,paho797812833717059,topic/occupancy,METAVERSE,25622
1716747735829,paho797812833717059,topic/occupancy,METAVERSE,25554
1716747735829,paho797812833717059,topic/occupancy,METAVERSE,25554
1716747735829,paho797812833717059,topic/occupancy,METAVERSE,25346
1716747735863,paho797812833459100,topic/security,METAVERSE,8
1716747735943,paho797812832698748,topic/s/rfid,METAVERSE,4
1716747735944,paho797812833717059,topic/queueing,METAVERSE,5
1716747735945,paho797812833900124,topic/e/lighting,METAVERSE,6
1716747735946,paho797812832698748,topic/e/lighting,METAVERSE,7
1716747735983,paho797812833459100,topic/security,METAVERSE,48
1716747736004,paho797812833459100,topic/security,METAVERSE,5
1716747736022,paho797812832698748,topic/d/noise,METAVERSE,9
1716747736131,paho797812834073319,topic/maintenance,METAVERSE,118
1716747736136,paho797812832698748,topic/s/noise,METAVERSE,43
1716747736179,paho797812833900124,topic/s/lighting,METAVERSE,4
1716747736180,paho797812832698748,topic/s/lighting,METAVERSE,5
1716747736190,paho797812833459100,topic/security,METAVERSE,5
1716747736280,paho797812834073319,topic/maintenance,METAVERSE,187
1716747736336,paho797812833459100,topic/security,METAVERSE,5
1716747736341,paho797812833459100,topic/security,METAVERSE,4
1716747736379,paho797812833459100,topic/security,METAVERSE,38
1716747736382,paho797812834073319,topic/maintenance,METAVERSE,28
1716747736481,paho797812833459100,topic/security,METAVERSE,10
1716747736645,paho797812833459100,topic/security,METAVERSE,6
1716747736735,paho797812833900124,topic/b/lighting,METAVERSE,4
1716747736736,paho797812832698748,topic/b/lighting,METAVERSE,5
1716747736756,paho797812833459100,topic/security,METAVERSE,5
1716747736831,paho797812832698748,topic/g/noise,METAVERSE,12
1716747736831,paho797812834073319,topic/maintenance,METAVERSE,12
1716747736891,paho797812833900124,topic/s/lighting,METAVERSE,4
1716747736892,paho797812832698748,topic/s/lighting,METAVERSE,5
1716747736967,paho797812832698748,topic/d/noise,METAVERSE,4
1716747736968,paho797812834073319,topic/maintenance,METAVERSE,5
1716747737181,paho797812833459100,topic/security,METAVERSE,11
1716747737229,paho797812833459100,topic/security,METAVERSE,43
1716747737255,paho797812832698748,topic/g/noise,METAVERSE,4
1716747737256,paho797812834073319,topic/maintenance,METAVERSE,5
1716747737286,paho797812833459100,topic/security,METAVERSE,11
1716747737319,paho797812834073319,topic/maintenance,METAVERSE,4
1716747737344,paho797812833459100,topic/security,METAVERSE,5
1716747737382,paho797812834073319,topic/maintenance,METAVERSE,58
1716747737460,paho797812833900124,topic/g/lighting,METAVERSE,21
1716747737460,paho797812832698748,topic/g/lighting,METAVERSE,21
1716747737491,paho797812832698748,topic/e/noise,METAVERSE,4
1716747737492,paho797812834073319,topic/maintenance,METAVERSE,5
1716747737540,paho797812833459100,topic/security,METAVERSE,5
1716747737637,paho797812833900124,topic/b/lighting,METAVERSE,4
1716747737637,paho797812832698748,topic/b/lighting,METAVERSE,4
1716747737804,paho797812833459100,topic/security,METAVERSE,5
1716747737832,paho797812833459100,topic/security,METAVERSE,28
1716747737876,paho797812833459100,topic/security,METAVERSE,5
1716747738011,paho797812833900124,topic/g/lighting,METAVERSE,4
1716747738012,paho797812832698748,topic/g/lighting,METAVERSE,5
1716747738018,paho797812832698748,topic/e/rfid,METAVERSE,3
1716747738032,paho797812833459100,topic/security,METAVERSE,155
1716747738033,paho797812833717059,topic/queueing,METAVERSE,18
1716747738081,paho797812833459100,topic/security,METAVERSE,209
1716747738131,paho797812833459100,topic/security,METAVERSE,165
1716747738180,paho797812834073319,topic/maintenance,METAVERSE,21
1716747738216,paho797812833459100,topic/security,METAVERSE,10
1716747738279,paho797812834073319,topic/maintenance,METAVERSE,28
1716747738342,paho797812833459100,topic/security,METAVERSE,4
1716747738367,paho797812834073319,topic/maintenance,METAVERSE,9
1716747738379,paho797812833459100,topic/security,METAVERSE,60
1716747738431,paho797812833459100,topic/security,METAVERSE,63
1716747738471,paho797812833459100,topic/security,METAVERSE,84
1716747738519,paho797812832698748,topic/e/noise,METAVERSE,4
1716747738520,paho797812834073319,topic/maintenance,METAVERSE,5
1716747738526,paho797812833459100,topic/security,METAVERSE,47
1716747738671,paho797812833459100,topic/security,METAVERSE,8
1716747738680,paho797812833459100,topic/security,METAVERSE,13
1716747738704,paho797812833459100,topic/security,METAVERSE,41
1716747738800,paho797812833900124,topic/b/lighting,METAVERSE,5
1716747738800,paho797812832698748,topic/b/lighting,METAVERSE,5
1716747738803,paho797812834073319,topic/maintenance,METAVERSE,13
1716747738825,paho797812833900124,topic/b/lighting,METAVERSE,4
1716747738826,paho797812832698748,topic/b/lighting,METAVERSE,5
1716747738879,paho797812834073319,topic/maintenance,METAVERSE,44
1716747738883,paho797812832698748,topic/b/noise,METAVERSE,4
1716747738883,paho797812834073319,topic/maintenance,METAVERSE,4
1716747738979,paho797812834073319,topic/maintenance,METAVERSE,58
1716747739000,paho797812832698748,topic/s/noise,METAVERSE,4
1716747739000,paho797812834073319,topic/maintenance,METAVERSE,4
1716747739183,paho797812832698748,topic/c/noise,METAVERSE,4
1716747739184,paho797812834073319,topic/maintenance,METAVERSE,5
1716747739191,paho797812833459100,topic/security,METAVERSE,4
1716747739256,paho797812833459100,topic/security,METAVERSE,5
1716747739285,paho797812833459100,topic/security,METAVERSE,4
1716747739336,paho797812834073319,topic/maintenance,METAVERSE,5
1716747739388,paho797812833459100,topic/security,METAVERSE,5
1716747739391,paho797812832698748,topic/b/noise,METAVERSE,4
1716747739392,paho797812834073319,topic/maintenance,METAVERSE,5
1716747739492,paho797812833459100,topic/security,METAVERSE,13
1716747739548,paho797812833459100,topic/security,METAVERSE,5
1716747739615,paho797812832698748,topic/c/lighting,METAVERSE,13
1716747739615,paho797812833900124,topic/c/lighting,METAVERSE,13
1716747739663,paho797812832698748,topic/b/noise,METAVERSE,12
1716747739663,paho797812834073319,topic/maintenance,METAVERSE,12
1716747739727,paho797812833900124,topic/v/lighting,METAVERSE,4
1716747739728,paho797812832698748,topic/v/lighting,METAVERSE,5
1716747739733,paho797812833459100,topic/security,METAVERSE,5
1716747739783,paho797812833459100,topic/security,METAVERSE,9
1716747739812,paho797812833459100,topic/security,METAVERSE,4
1716747739817,paho797812833900124,topic/d/lighting,METAVERSE,26
1716747739817,paho797812832698748,topic/d/lighting,METAVERSE,26
1716747739823,paho797812833900124,topic/c/lighting,METAVERSE,8
1716747739823,paho797812832698748,topic/c/lighting,METAVERSE,8
1716747739831,paho797812833900124,topic/d/lighting,METAVERSE,19
1716747739831,paho797812832698748,topic/d/lighting,METAVERSE,19
1716747739832,paho797812833459100,topic/security,METAVERSE,18
1716747739879,paho797812833459100,topic/security,METAVERSE,47
1716747739903,paho797812833459100,topic/security,METAVERSE,4
1716747739942,paho797812833459100,topic/security,METAVERSE,4
1716747739987,paho797812833459100,topic/security,METAVERSE,4
1716747740132,paho797812834073319,topic/maintenance,METAVERSE,21
1716747740180,paho797812834073319,topic/maintenance,METAVERSE,12
1716747740263,paho797812832698748,topic/v/noise,METAVERSE,14
1716747740264,paho797812834073319,topic/maintenance,METAVERSE,15
1716747740270,paho797812833459100,topic/security,METAVERSE,4
1716747740300,paho797812832698748,topic/e/lighting,METAVERSE,5
1716747740300,paho797812833900124,topic/e/lighting,METAVERSE,5
1716747740343,paho797812833459100,topic/security,METAVERSE,4
1716747740385,paho797812834073319,topic/maintenance,METAVERSE,5
1716747740388,paho797812833459100,topic/security,METAVERSE,5
1716747740431,paho797812833459100,topic/security,METAVERSE,8
1716747740476,paho797812834073319,topic/maintenance,METAVERSE,9
1716747740477,paho797812833900124,topic/b/lighting,METAVERSE,10
1716747740478,paho797812832698748,topic/b/noise,METAVERSE,11
1716747740481,paho797812832698748,topic/b/lighting,METAVERSE,14
1716747740535,paho797812833459100,topic/security,METAVERSE,5
1716747740571,paho797812834073319,topic/maintenance,METAVERSE,32
1716747740679,paho797812833459100,topic/security,METAVERSE,11
1716747740823,paho797812833459100,topic/security,METAVERSE,20
1716747740916,paho797812833459100,topic/security,METAVERSE,17
1716747740978,paho797812833900124,topic/e/lighting,METAVERSE,11
1716747740978,paho797812832698748,topic/e/lighting,METAVERSE,11
1716747741055,paho797812832698748,topic/d/noise,METAVERSE,4
1716747741058,paho797812834073319,topic/maintenance,METAVERSE,7
1716747741159,paho797812832698748,topic/s/noise,METAVERSE,5
1716747741161,paho797812834073319,topic/maintenance,METAVERSE,7
1716747741179,paho797812834073319,topic/maintenance,METAVERSE,24
1716747741199,paho797812833900124,topic/s/lighting,METAVERSE,4
1716747741200,paho797812832698748,topic/s/lighting,METAVERSE,5
1716747741240,paho797812833459100,topic/security,METAVERSE,5
1716747741286,paho797812833459100,topic/security,METAVERSE,5
1716747741331,paho797812833459100,topic/security,METAVERSE,45
1716747741363,paho797812834073319,topic/maintenance,METAVERSE,4
1716747741396,paho797812833459100,topic/security,METAVERSE,5
1716747741431,paho797812834073319,topic/maintenance,METAVERSE,28
1716747741498,paho797812834073319,topic/maintenance,METAVERSE,4
1716747741568,paho797812833459100,topic/security,METAVERSE,5
1716747741692,paho797812833459100,topic/security,METAVERSE,5
1716747741723,paho797812833459100,topic/security,METAVERSE,4
1716747741787,paho797812833900124,topic/b/lighting,METAVERSE,4
1716747741788,paho797812832698748,topic/b/lighting,METAVERSE,5
1716747741823,paho797812833459100,topic/security,METAVERSE,4
1716747741892,paho797812832698748,topic/g/noise,METAVERSE,29
1716747741893,paho797812834073319,topic/maintenance,METAVERSE,30
1716747741921,paho797812833900124,topic/s/lighting,METAVERSE,5
1716747741921,paho797812832698748,topic/s/lighting,METAVERSE,5
1716747741926,paho797812833459100,topic/security,METAVERSE,4
1716747741992,paho797812832698748,topic/d/noise,METAVERSE,5
1716747741993,paho797812834073319,topic/maintenance,METAVERSE,6
1716747742019,paho797812833459100,topic/security,METAVERSE,8
1716747742286,paho797812832698748,topic/g/noise,METAVERSE,23
1716747742286,paho797812834073319,topic/maintenance,METAVERSE,23
1716747742298,paho797812833459100,topic/security,METAVERSE,7
1716747742351,paho797812833459100,topic/security,METAVERSE,4
1716747742385,paho797812834073319,topic/maintenance,METAVERSE,4
1716747742404,paho797812833459100,topic/security,METAVERSE,5
1716747742460,paho797812833459100,topic/security,METAVERSE,5
1716747742500,paho797812832698748,topic/e/noise,METAVERSE,5
1716747742500,paho797812834073319,topic/maintenance,METAVERSE,5
1716747742508,paho797812833900124,topic/g/lighting,METAVERSE,21
1716747742507,paho797812832698748,topic/g/lighting,METAVERSE,20
1716747742512,paho797812833459100,topic/security,METAVERSE,37
1716747742556,paho797812833459100,topic/security,METAVERSE,5
1716747742643,paho797812833900124,topic/b/lighting,METAVERSE,10
1716747742643,paho797812832698748,topic/b/lighting,METAVERSE,10
1716747742684,paho797812833459100,topic/security,METAVERSE,5
1716747742796,paho797812833459100,topic/security,METAVERSE,5
1716747742829,paho797812834073319,topic/maintenance,METAVERSE,8
1716747742882,paho797812833459100,topic/security,METAVERSE,5
1716747743005,paho797812833459100,topic/security,METAVERSE,5
1716747743012,paho797812833900124,topic/g/lighting,METAVERSE,5
1716747743012,paho797812832698748,topic/g/lighting,METAVERSE,5
1716747743019,paho797812832698748,topic/e/rfid,METAVERSE,4
1716747743032,paho797812833717059,topic/queueing,METAVERSE,17
1716747743253,paho797812833459100,topic/security,METAVERSE,5
1716747743282,paho797812833459100,topic/security,METAVERSE,24
1716747743292,paho797812833459100,topic/security,METAVERSE,5
1716747743325,paho797812834073319,topic/maintenance,METAVERSE,8
1716747743333,paho797812833459100,topic/security,METAVERSE,23
1716747743370,paho797812834073319,topic/maintenance,METAVERSE,9
1716747743379,paho797812833459100,topic/security,METAVERSE,27
1716747743430,paho797812833459100,topic/security,METAVERSE,23
1716747743454,paho797812833459100,topic/security,METAVERSE,25
1716747743523,paho797812832698748,topic/e/noise,METAVERSE,4
1716747743523,paho797812834073319,topic/maintenance,METAVERSE,4
1716747743616,paho797812833459100,topic/security,METAVERSE,5
1716747743695,paho797812833459100,topic/security,METAVERSE,5
1716747743731,paho797812833459100,topic/security,METAVERSE,28
1716747743779,paho797812833459100,topic/security,METAVERSE,76
1716747743808,paho797812832698748,topic/b/lighting,METAVERSE,4
1716747743809,paho797812833900124,topic/b/lighting,METAVERSE,5
1716747743811,paho797812833459100,topic/security,METAVERSE,7
1716747743828,paho797812833900124,topic/b/lighting,METAVERSE,4
1716747743829,paho797812832698748,topic/b/lighting,METAVERSE,5
1716747743831,paho797812833459100,topic/security,METAVERSE,11
1716747743883,paho797812832698748,topic/b/noise,METAVERSE,4
1716747743884,paho797812834073319,topic/maintenance,METAVERSE,5
1716747743927,paho797812833459100,topic/security,METAVERSE,5
1716747743947,paho797812833459100,topic/security,METAVERSE,4
1716747744015,paho797812832698748,topic/s/noise,METAVERSE,4
1716747744016,paho797812834073319,topic/maintenance,METAVERSE,5
1716747744023,paho797812833459100,topic/security,METAVERSE,7
1716747744119,paho797812834073319,topic/maintenance,METAVERSE,4
1716747744180,paho797812834073319,topic/maintenance,METAVERSE,9
1716747744203,paho797812832698748,topic/c/noise,METAVERSE,4
1716747744203,paho797812834073319,topic/maintenance,METAVERSE,4
1716747744324,paho797812833459100,topic/security,METAVERSE,6
1716747744352,paho797812833459100,topic/security,METAVERSE,4
1716747744399,paho797812832698748,topic/b/noise,METAVERSE,5
1716747744399,paho797812834073319,topic/maintenance,METAVERSE,5
1716747744415,paho797812834073319,topic/maintenance,METAVERSE,4
1716747744428,paho797812833459100,topic/security,METAVERSE,5
1716747744471,paho797812833459100,topic/security,METAVERSE,14
1716747744549,paho797812833459100,topic/security,METAVERSE,46
1716747744579,paho797812833459100,topic/security,METAVERSE,23
1716747744671,paho797812832698748,topic/c/lighting,METAVERSE,4
1716747744672,paho797812833900124,topic/c/lighting,METAVERSE,5
1716747744682,paho797812832698748,topic/b/noise,METAVERSE,23
1716747744683,paho797812834073319,topic/maintenance,METAVERSE,24
1716747744695,paho797812833459100,topic/security,METAVERSE,12
1716747744740,paho797812833900124,topic/v/lighting,METAVERSE,5
1716747744740,paho797812832698748,topic/v/lighting,METAVERSE,5
1716747744743,paho797812833459100,topic/security,METAVERSE,8
1716747744819,paho797812833459100,topic/security,METAVERSE,5
1716747744834,paho797812833900124,topic/d/lighting,METAVERSE,11
1716747744834,paho797812832698748,topic/d/lighting,METAVERSE,11
1716747744843,paho797812833900124,topic/c/lighting,METAVERSE,4
1716747744843,paho797812832698748,topic/c/lighting,METAVERSE,4
1716747744919,paho797812833900124,topic/d/lighting,METAVERSE,44
1716747744919,paho797812832698748,topic/d/lighting,METAVERSE,44
1716747744991,paho797812834073319,topic/maintenance,METAVERSE,8
