1716755151823,paho805275777314734,topic/v/lighting,METAVERSE,40
1716755151852,paho805275775406663,topic/v/rfid,METAVERSE,174
1716755151857,paho805275775406663,topic/v/lighting,METAVERSE,74
1716755152020,paho805275775406663,topic/c/noise,METAVERSE,24
1716755152095,paho805275775406663,topic/b/lighting,METAVERSE,50
1716755152096,paho805275777314734,topic/b/lighting,METAVERSE,51
1716755152195,paho805275775406663,topic/v/noise,METAVERSE,27
1716755152552,paho805275775406663,topic/g/noise,METAVERSE,9
1716755152919,paho805275775406663,topic/c/lighting,METAVERSE,7
1716755152920,paho805275777314734,topic/c/lighting,METAVERSE,8
1716755152955,paho805275775406663,topic/e/noise,METAVERSE,27
1716755153030,paho805275775406663,topic/c/rfid,METAVERSE,39
1716755153225,paho805275775406663,topic/s/noise,METAVERSE,7
1716755153343,paho805275777314734,topic/c/lighting,METAVERSE,52
1716755153345,paho805275775406663,topic/c/lighting,METAVERSE,54
1716755153470,paho805275775406663,topic/s/rfid,METAVERSE,14
1716755153596,paho805275775406663,topic/b/noise,METAVERSE,11
1716755153998,paho805275777314734,topic/g/lighting,METAVERSE,7
1716755154000,paho805275775406663,topic/g/lighting,METAVERSE,9
1716755154012,paho805275777314734,topic/b/lighting,METAVERSE,37
1716755154014,paho805275775406663,topic/b/lighting,METAVERSE,39
1716755154292,paho805275775406663,topic/g/noise,METAVERSE,232
1716755154295,paho805275775406663,topic/g/rfid,METAVERSE,16
1716755154367,paho805275775406663,topic/d/rfid,METAVERSE,6
1716755154374,paho805275777314734,topic/g/lighting,METAVERSE,6
1716755154376,paho805275775406663,topic/g/lighting,METAVERSE,8
1716755154472,paho805275777314734,topic/s/lighting,METAVERSE,78
1716755154479,paho805275775406663,topic/s/lighting,METAVERSE,85
1716755154539,paho805275777314734,topic/s/lighting,METAVERSE,7
1716755154545,paho805275775406663,topic/s/lighting,METAVERSE,13
1716755154580,paho805275775406663,topic/d/noise,METAVERSE,4
1716755154662,paho805275777314734,topic/d/lighting,METAVERSE,5
1716755154665,paho805275775406663,topic/d/lighting,METAVERSE,8
1716755154701,paho805275777314734,topic/d/lighting,METAVERSE,6
1716755154704,paho805275775406663,topic/d/lighting,METAVERSE,9
1716755154760,paho805275775406663,topic/v/rfid,METAVERSE,13
1716755155287,paho805275775406663,topic/s/noise,METAVERSE,268
1716755155537,paho805275775406663,topic/d/noise,METAVERSE,19
1716755155632,paho805275775406663,topic/b/noise,METAVERSE,19
1716755155791,paho805275775406663,topic/b/noise,METAVERSE,35
1716755155905,paho805275777314734,topic/e/lighting,METAVERSE,8
1716755155907,paho805275775406663,topic/e/lighting,METAVERSE,10
1716755156091,paho805275775406663,topic/e/noise,METAVERSE,8
1716755156195,paho805275777314734,topic/e/lighting,METAVERSE,24
1716755156198,paho805275775406663,topic/e/lighting,METAVERSE,27
1716755156248,paho805275777314734,topic/b/lighting,METAVERSE,6
1716755156250,paho805275775406663,topic/b/lighting,METAVERSE,8
1716755156312,paho805275775406663,topic/e/rfid,METAVERSE,36
1716755156556,paho805275777314734,topic/b/lighting,METAVERSE,13
1716755156558,paho805275775406663,topic/b/lighting,METAVERSE,15
1716755156858,paho805275777314734,topic/v/lighting,METAVERSE,15
1716755156860,paho805275775406663,topic/v/lighting,METAVERSE,17
1716755157056,paho805275775406663,topic/c/noise,METAVERSE,37
1716755157172,paho805275777314734,topic/b/lighting,METAVERSE,5
1716755157175,paho805275775406663,topic/b/lighting,METAVERSE,8
1716755157187,paho805275775406663,topic/v/noise,METAVERSE,5
1716755157304,paho805275775406663,topic/g/rfid,METAVERSE,21
1716755157619,paho805275777314734,topic/b/lighting,METAVERSE,16
1716755157621,paho805275775406663,topic/b/lighting,METAVERSE,18
1716755157627,paho805275775406663,topic/g/noise,METAVERSE,24
1716755157807,paho805275775406663,topic/v/rfid,METAVERSE,9
1716755157919,paho805275777314734,topic/c/lighting,METAVERSE,6
1716755157921,paho805275775406663,topic/c/lighting,METAVERSE,8
1716755157954,paho805275775406663,topic/b/noise,METAVERSE,6
1716755157958,paho805275775406663,topic/e/noise,METAVERSE,7
1716755158015,paho805275775406663,topic/b/rfid,METAVERSE,6
1716755158267,paho805275775406663,topic/s/noise,METAVERSE,4
1716755158367,paho805275777314734,topic/c/lighting,METAVERSE,16
1716755158369,paho805275775406663,topic/c/lighting,METAVERSE,18
1716755158607,paho805275775406663,topic/b/noise,METAVERSE,8
1716755159035,paho805275777314734,topic/g/lighting,METAVERSE,7
1716755159039,paho805275775406663,topic/g/lighting,METAVERSE,11
1716755159077,paho805275777314734,topic/b/lighting,METAVERSE,6
1716755159080,paho805275775406663,topic/b/lighting,METAVERSE,9
1716755159296,paho805275775406663,topic/g/noise,METAVERSE,9
1716755159411,paho805275777314734,topic/g/lighting,METAVERSE,8
1716755159411,paho805275775406663,topic/g/rfid,METAVERSE,42
1716755159415,paho805275775406663,topic/g/lighting,METAVERSE,12
1716755159512,paho805275775406663,topic/s/rfid,METAVERSE,17
1716755159528,paho805275777314734,topic/s/lighting,METAVERSE,33
1716755159530,paho805275775406663,topic/s/lighting,METAVERSE,35
1716755159585,paho805275777314734,topic/s/lighting,METAVERSE,14
1716755159587,paho805275775406663,topic/s/lighting,METAVERSE,16
1716755159590,paho805275775406663,topic/d/noise,METAVERSE,13
1716755159676,paho805275777314734,topic/d/lighting,METAVERSE,18
1716755159678,paho805275775406663,topic/d/lighting,METAVERSE,20
1716755159724,paho805275777314734,topic/d/lighting,METAVERSE,16
1716755159726,paho805275775406663,topic/d/lighting,METAVERSE,18
1716755160303,paho805275775406663,topic/s/noise,METAVERSE,8
1716755160322,paho805275775406663,topic/e/rfid,METAVERSE,6
1716755160607,paho805275775406663,topic/d/noise,METAVERSE,27
1716755160634,paho805275776713589,topic/security,METAVERSE,695
1716755160656,paho805275775406663,topic/b/noise,METAVERSE,13
1716755160684,paho805275777102321,topic/queueing,METAVERSE,1315
1716755160687,paho805275776713589,topic/security,METAVERSE,352
1716755160782,paho805275777102321,topic/queueing,METAVERSE,1287
1716755160801,paho805275775406663,topic/b/noise,METAVERSE,6
1716755160883,paho805275777102321,topic/queueing,METAVERSE,567
1716755160904,paho805275777314734,topic/e/lighting,METAVERSE,5
1716755160906,paho805275775406663,topic/e/lighting,METAVERSE,7
1716755161080,paho805275776713589,topic/security,METAVERSE,693
1716755161104,paho805275775406663,topic/e/noise,METAVERSE,5
1716755161234,paho805275776713589,topic/security,METAVERSE,675
1716755161237,paho805275777314734,topic/e/lighting,METAVERSE,5
1716755161240,paho805275775406663,topic/e/lighting,METAVERSE,8
1716755161262,paho805275777314734,topic/b/lighting,METAVERSE,6
1716755161265,paho805275775406663,topic/b/lighting,METAVERSE,9
1716755161381,paho805275776713589,topic/security,METAVERSE,650
1716755161438,paho805275776713589,topic/security,METAVERSE,623
1716755161531,paho805275776713589,topic/security,METAVERSE,672
1716755161582,paho805275776713589,topic/security,METAVERSE,683
1716755161587,paho805275776713589,topic/security,METAVERSE,692
1716755161660,paho805275777314734,topic/b/lighting,METAVERSE,33
1716755161662,paho805275775406663,topic/b/lighting,METAVERSE,35
1716755161685,paho805275776713589,topic/security,METAVERSE,658
1716755161783,paho805275776713589,topic/security,METAVERSE,756
1716755161835,paho805275776713589,topic/security,METAVERSE,768
1716755161880,paho805275777314734,topic/v/lighting,METAVERSE,5
1716755161880,paho805275776713589,topic/security,METAVERSE,809
1716755161883,paho805275775406663,topic/v/lighting,METAVERSE,8
1716755161940,paho805275776713589,topic/security,METAVERSE,841
1716755161940,paho805275776713589,topic/security,METAVERSE,549
1716755162036,paho805275776713589,topic/security,METAVERSE,517
1716755162098,paho805275775406663,topic/c/noise,METAVERSE,18
1716755162136,paho805275776713589,topic/security,METAVERSE,261
1716755162136,paho805275776713589,topic/security,METAVERSE,152
1716755162232,paho805275775406663,topic/b/lighting,METAVERSE,5
1716755162233,paho805275777314734,topic/b/lighting,METAVERSE,6
1716755162267,paho805275775406663,topic/v/noise,METAVERSE,39
1716755162381,paho805275776713589,topic/security,METAVERSE,50
1716755162483,paho805275777850818,topic/maintenance,METAVERSE,564
1716755162539,paho805275776713589,topic/security,METAVERSE,178
1716755162539,paho805275776713589,topic/security,METAVERSE,112
1716755162648,paho805275775406663,topic/g/noise,METAVERSE,5
1716755162684,paho805275776713589,topic/security,METAVERSE,213
1716755162684,paho805275776713589,topic/security,METAVERSE,93
1716755162724,paho805275775406663,topic/b/lighting,METAVERSE,9
1716755162724,paho805275777314734,topic/b/lighting,METAVERSE,9
1716755162737,paho805275777850818,topic/maintenance,METAVERSE,657
1716755162832,paho805275777850818,topic/maintenance,METAVERSE,604
1716755162883,paho805275776713589,topic/security,METAVERSE,23
1716755162933,paho805275777850818,topic/maintenance,METAVERSE,290
1716755162963,paho805275775406663,topic/b/noise,METAVERSE,4
1716755162975,paho805275775406663,topic/c/lighting,METAVERSE,61
1716755162975,paho805275777314734,topic/c/lighting,METAVERSE,61
1716755162980,paho805275776713589,topic/security,METAVERSE,153
1716755162995,paho805275775406663,topic/e/noise,METAVERSE,43
1716755163084,paho805275776713589,topic/security,METAVERSE,129
1716755163180,paho805275776713589,topic/security,METAVERSE,273
1716755163233,paho805275776713589,topic/security,METAVERSE,142
1716755163234,paho805275776713589,topic/security,METAVERSE,120
1716755163288,paho805275776713589,topic/security,METAVERSE,148
1716755163322,paho805275775406663,topic/e/rfid,METAVERSE,5
1716755163326,paho805275777102321,topic/queueing,METAVERSE,9
1716755163331,paho805275775406663,topic/s/noise,METAVERSE,4
1716755163393,paho805275776713589,topic/security,METAVERSE,10
1716755163412,paho805275775406663,topic/c/lighting,METAVERSE,5
1716755163412,paho805275777314734,topic/c/lighting,METAVERSE,5
1716755163436,paho805275777850818,topic/maintenance,METAVERSE,589
1716755163460,paho805275776713589,topic/security,METAVERSE,25
1716755163533,paho805275777850818,topic/maintenance,METAVERSE,574
1716755163572,paho805275776713589,topic/security,METAVERSE,13
1716755163582,paho805275777850818,topic/maintenance,METAVERSE,630
1716755163611,paho805275775406663,topic/b/noise,METAVERSE,4
1716755163685,paho805275777850818,topic/maintenance,METAVERSE,358
1716755163685,paho805275777102321,topic/occupancy,METAVERSE,2870
1716755163727,paho805275777850818,topic/maintenance,METAVERSE,395
1716755163728,paho805275777850818,topic/maintenance,METAVERSE,121
1716755163882,paho805275777102321,topic/occupancy,METAVERSE,3023
1716755164005,paho805275776713589,topic/security,METAVERSE,6
1716755164077,paho805275775406663,topic/g/lighting,METAVERSE,5
1716755164078,paho805275777314734,topic/g/lighting,METAVERSE,6
1716755164111,paho805275775406663,topic/b/lighting,METAVERSE,28
1716755164112,paho805275777314734,topic/b/lighting,METAVERSE,29
1716755164179,paho805275777850818,topic/maintenance,METAVERSE,308
1716755164322,paho805275775406663,topic/g/noise,METAVERSE,7
1716755164323,paho805275776713589,topic/security,METAVERSE,7
1716755164334,paho805275777850818,topic/maintenance,METAVERSE,387
1716755164335,paho805275777850818,topic/maintenance,METAVERSE,332
1716755164347,paho805275775406663,topic/e/rfid,METAVERSE,11
1716755164349,paho805275777102321,topic/queueing,METAVERSE,13
1716755164368,paho805275775406663,topic/d/rfid,METAVERSE,5
1716755164384,paho805275777102321,topic/queueing,METAVERSE,21
1716755164384,paho805275777850818,topic/maintenance,METAVERSE,69
1716755164418,paho805275775406663,topic/g/lighting,METAVERSE,5
1716755164419,paho805275777314734,topic/g/lighting,METAVERSE,6
1716755164435,paho805275776713589,topic/security,METAVERSE,71
1716755164480,paho805275777102321,topic/occupancy,METAVERSE,3453
1716755164483,paho805275776713589,topic/security,METAVERSE,77
1716755164527,paho805275776713589,topic/security,METAVERSE,90
1716755164542,paho805275776713589,topic/security,METAVERSE,6
1716755164559,paho805275777314734,topic/s/lighting,METAVERSE,24
1716755164559,paho805275775406663,topic/s/lighting,METAVERSE,24
1716755164582,paho805275777850818,topic/maintenance,METAVERSE,47
1716755164591,paho805275775406663,topic/d/noise,METAVERSE,14
1716755164610,paho805275777314734,topic/s/lighting,METAVERSE,7
1716755164611,paho805275775406663,topic/s/lighting,METAVERSE,8
1716755164679,paho805275776713589,topic/security,METAVERSE,8
1716755164680,paho805275777850818,topic/maintenance,METAVERSE,103
1716755164732,paho805275777102321,topic/occupancy,METAVERSE,3665
1716755164744,paho805275776713589,topic/security,METAVERSE,31
1716755164770,paho805275777314734,topic/d/lighting,METAVERSE,5
1716755164771,paho805275775406663,topic/d/lighting,METAVERSE,6
1716755164790,paho805275777314734,topic/d/lighting,METAVERSE,25
1716755164790,paho805275775406663,topic/d/lighting,METAVERSE,25
1716755164845,paho805275775406663,topic/v/rfid,METAVERSE,6
1716755164846,paho805275777102321,topic/queueing,METAVERSE,7
1716755164920,paho805275776713589,topic/security,METAVERSE,55
1716755164943,paho805275777850818,topic/maintenance,METAVERSE,157
1716755164952,paho805275776713589,topic/security,METAVERSE,81
1716755164984,paho805275776713589,topic/security,METAVERSE,26
1716755165075,paho805275775406663,topic/c/rfid,METAVERSE,28
1716755165077,paho805275777102321,topic/queueing,METAVERSE,30
1716755165082,paho805275777102321,topic/occupancy,METAVERSE,4011
1716755165129,paho805275776713589,topic/security,METAVERSE,6
1716755165134,paho805275776713589,topic/security,METAVERSE,7
1716755165193,paho805275776713589,topic/security,METAVERSE,25
1716755165235,paho805275777102321,topic/occupancy,METAVERSE,3844
1716755165319,paho805275775406663,topic/s/noise,METAVERSE,8
1716755165381,paho805275777850818,topic/maintenance,METAVERSE,70
1716755165468,paho805275776713589,topic/security,METAVERSE,9
1716755165481,paho805275777850818,topic/maintenance,METAVERSE,74
1716755165599,paho805275776713589,topic/security,METAVERSE,12
1716755165633,paho805275777102321,topic/occupancy,METAVERSE,3649
1716755165638,paho805275775406663,topic/d/noise,METAVERSE,6
1716755165665,paho805275776713589,topic/security,METAVERSE,6
1716755165717,paho805275776713589,topic/security,METAVERSE,6
1716755165727,paho805275775406663,topic/b/noise,METAVERSE,16
1716755165731,paho805275777850818,topic/maintenance,METAVERSE,99
1716755165815,paho805275775406663,topic/b/noise,METAVERSE,5
1716755165880,paho805275777850818,topic/maintenance,METAVERSE,169
1716755165908,paho805275775406663,topic/e/lighting,METAVERSE,5
1716755165909,paho805275777314734,topic/e/lighting,METAVERSE,6
1716755165931,paho805275776713589,topic/security,METAVERSE,8
1716755165935,paho805275777102321,topic/occupancy,METAVERSE,3574
1716755165981,paho805275776713589,topic/security,METAVERSE,49
1716755165982,paho805275777850818,topic/maintenance,METAVERSE,172
1716755166047,paho805275776713589,topic/security,METAVERSE,15
1716755166116,paho805275776713589,topic/security,METAVERSE,9
1716755166149,paho805275775406663,topic/e/noise,METAVERSE,6
1716755166233,paho805275777102321,topic/occupancy,METAVERSE,3806
1716755166271,paho805275775406663,topic/b/lighting,METAVERSE,7
1716755166271,paho805275777314734,topic/b/lighting,METAVERSE,7
1716755166327,paho805275777314734,topic/e/lighting,METAVERSE,24
1716755166327,paho805275775406663,topic/e/lighting,METAVERSE,24
1716755166332,paho805275777850818,topic/maintenance,METAVERSE,323
1716755166430,paho805275777850818,topic/maintenance,METAVERSE,423
1716755166432,paho805275777850818,topic/maintenance,METAVERSE,289
1716755166480,paho805275776713589,topic/security,METAVERSE,17
1716755166542,paho805275775406663,topic/s/rfid,METAVERSE,6
1716755166544,paho805275777102321,topic/queueing,METAVERSE,8
1716755166581,paho805275776713589,topic/security,METAVERSE,38
1716755166583,paho805275777102321,topic/occupancy,METAVERSE,3992
1716755166635,paho805275777850818,topic/maintenance,METAVERSE,20
1716755166694,paho805275776713589,topic/security,METAVERSE,15
1716755166716,paho805275777314734,topic/b/lighting,METAVERSE,9
1716755166716,paho805275775406663,topic/b/lighting,METAVERSE,9
1716755166765,paho805275776713589,topic/security,METAVERSE,10
1716755166833,paho805275777102321,topic/occupancy,METAVERSE,3973
1716755166893,paho805275777314734,topic/v/lighting,METAVERSE,17
1716755166893,paho805275775406663,topic/v/lighting,METAVERSE,17
1716755166938,paho805275776713589,topic/security,METAVERSE,8
1716755167033,paho805275777102321,topic/occupancy,METAVERSE,4206
1716755167084,paho805275776713589,topic/security,METAVERSE,99
1716755167084,paho805275776713589,topic/security,METAVERSE,73
1716755167152,paho805275775406663,topic/c/noise,METAVERSE,13
1716755167178,paho805275776713589,topic/security,METAVERSE,11
1716755167233,paho805275776713589,topic/security,METAVERSE,86
1716755167274,paho805275777314734,topic/b/lighting,METAVERSE,5
1716755167274,paho805275775406663,topic/b/lighting,METAVERSE,5
1716755167282,paho805275777850818,topic/maintenance,METAVERSE,143
1716755167283,paho805275777102321,topic/occupancy,METAVERSE,4192
1716755167293,paho805275776713589,topic/security,METAVERSE,10
1716755167311,paho805275775406663,topic/v/noise,METAVERSE,16
1716755167357,paho805275776713589,topic/security,METAVERSE,6
1716755167431,paho805275775406663,topic/g/rfid,METAVERSE,24
1716755167440,paho805275777850818,topic/maintenance,METAVERSE,145
1716755167440,paho805275777102321,topic/queueing,METAVERSE,33
1716755167531,paho805275776713589,topic/security,METAVERSE,52
1716755167532,paho805275777102321,topic/occupancy,METAVERSE,4418
1716755167584,paho805275776713589,topic/security,METAVERSE,57
1716755167636,paho805275776713589,topic/security,METAVERSE,25
1716755167685,paho805275775406663,topic/g/noise,METAVERSE,6
1716755167734,paho805275777102321,topic/occupancy,METAVERSE,4594
1716755167746,paho805275775406663,topic/b/lighting,METAVERSE,5
1716755167747,paho805275777314734,topic/b/lighting,METAVERSE,6
1716755167835,paho805275777850818,topic/maintenance,METAVERSE,156
1716755167932,paho805275777102321,topic/occupancy,METAVERSE,4615
1716755167976,paho805275775406663,topic/c/lighting,METAVERSE,5
1716755167978,paho805275777314734,topic/c/lighting,METAVERSE,7
1716755167997,paho805275775406663,topic/b/noise,METAVERSE,30
1716755168016,paho805275775406663,topic/e/noise,METAVERSE,5
1716755168041,paho805275776713589,topic/security,METAVERSE,30
1716755168083,paho805275777850818,topic/maintenance,METAVERSE,116
1716755168135,paho805275777850818,topic/maintenance,METAVERSE,124
1716755168136,paho805275776713589,topic/security,METAVERSE,69
1716755168234,paho805275777102321,topic/occupancy,METAVERSE,4799
1716755168376,paho805275775406663,topic/s/noise,METAVERSE,5
1716755168387,paho805275777850818,topic/maintenance,METAVERSE,16
1716755168480,paho805275777314734,topic/c/lighting,METAVERSE,5
1716755168483,paho805275775406663,topic/c/lighting,METAVERSE,8
1716755168484,paho805275777102321,topic/occupancy,METAVERSE,4485
1716755168525,paho805275776713589,topic/security,METAVERSE,6
1716755168582,paho805275775406663,topic/s/rfid,METAVERSE,8
1716755168584,paho805275777102321,topic/queueing,METAVERSE,10
1716755168616,paho805275775406663,topic/b/noise,METAVERSE,5
1716755168683,paho805275777850818,topic/maintenance,METAVERSE,72
1716755168683,paho805275776713589,topic/security,METAVERSE,84
1716755168731,paho805275776713589,topic/security,METAVERSE,28
1716755168731,paho805275777850818,topic/maintenance,METAVERSE,100
1716755168739,paho805275777102321,topic/occupancy,METAVERSE,4403
1716755168939,paho805275776713589,topic/security,METAVERSE,6
1716755168984,paho805275777102321,topic/occupancy,METAVERSE,4621
1716755169057,paho805275776713589,topic/security,METAVERSE,23
1716755169093,paho805275775406663,topic/g/lighting,METAVERSE,6
1716755169093,paho805275777314734,topic/g/lighting,METAVERSE,6
1716755169099,paho805275776713589,topic/security,METAVERSE,36
1716755169164,paho805275777314734,topic/b/lighting,METAVERSE,5
1716755169164,paho805275775406663,topic/b/lighting,METAVERSE,5
1716755169181,paho805275776713589,topic/security,METAVERSE,118
1716755169182,paho805275777102321,topic/occupancy,METAVERSE,4776
1716755169225,paho805275776713589,topic/security,METAVERSE,9
1716755169288,paho805275776713589,topic/security,METAVERSE,45
1716755169348,paho805275775406663,topic/g/noise,METAVERSE,9
1716755169352,paho805275776713589,topic/security,METAVERSE,13
1716755169383,paho805275777850818,topic/maintenance,METAVERSE,44
1716755169384,paho805275776713589,topic/security,METAVERSE,61
1716755169415,paho805275775406663,topic/e/rfid,METAVERSE,40
1716755169419,paho805275775406663,topic/e/rfid,METAVERSE,8
1716755169432,paho805275777102321,topic/occupancy,METAVERSE,4896
1716755169441,paho805275777314734,topic/g/lighting,METAVERSE,6
1716755169441,paho805275775406663,topic/g/lighting,METAVERSE,6
1716755169485,paho805275777102321,topic/queueing,METAVERSE,110
1716755169580,paho805275775406663,topic/s/lighting,METAVERSE,17
1716755169582,paho805275777314734,topic/s/lighting,METAVERSE,19
1716755169583,paho805275776713589,topic/security,METAVERSE,48
1716755169584,paho805275777102321,topic/queueing,METAVERSE,173
1716755169604,paho805275775406663,topic/d/noise,METAVERSE,5
1716755169633,paho805275776713589,topic/security,METAVERSE,78
1716755169680,paho805275777850818,topic/maintenance,METAVERSE,193
1716755169682,paho805275776713589,topic/security,METAVERSE,83
1716755169691,paho805275777314734,topic/s/lighting,METAVERSE,8
1716755169691,paho805275775406663,topic/s/lighting,METAVERSE,8
1716755169736,paho805275776713589,topic/security,METAVERSE,54
1716755169736,paho805275777850818,topic/maintenance,METAVERSE,137
1716755169782,paho805275776713589,topic/security,METAVERSE,20
1716755169807,paho805275777314734,topic/d/lighting,METAVERSE,12
1716755169808,paho805275775406663,topic/d/lighting,METAVERSE,13
1716755169810,paho805275775406663,topic/d/lighting,METAVERSE,15
1716755169811,paho805275777314734,topic/d/lighting,METAVERSE,16
1716755169833,paho805275777102321,topic/occupancy,METAVERSE,5162
1716755170034,paho805275777102321,topic/occupancy,METAVERSE,5195
1716755170083,paho805275777850818,topic/maintenance,METAVERSE,132
1716755170122,paho805275776713589,topic/security,METAVERSE,19
1716755170136,paho805275777850818,topic/maintenance,METAVERSE,109
1716755170388,paho805275775406663,topic/s/noise,METAVERSE,12
1716755170395,paho805275776713589,topic/security,METAVERSE,44
1716755170530,paho805275777850818,topic/maintenance,METAVERSE,154
1716755170540,paho805275776713589,topic/security,METAVERSE,6
1716755170631,paho805275777102321,topic/occupancy,METAVERSE,5766
1716755170648,paho805275776713589,topic/security,METAVERSE,13
1716755170653,paho805275775406663,topic/d/noise,METAVERSE,14
1716755170743,paho805275776713589,topic/security,METAVERSE,6
1716755170771,paho805275775406663,topic/b/noise,METAVERSE,12
1716755170778,paho805275776713589,topic/security,METAVERSE,7
1716755170780,paho805275777850818,topic/maintenance,METAVERSE,141
1716755170833,paho805275777850818,topic/maintenance,METAVERSE,74
1716755170874,paho805275775406663,topic/b/noise,METAVERSE,31
1716755170918,paho805275775406663,topic/e/lighting,METAVERSE,11
1716755170919,paho805275777314734,topic/e/lighting,METAVERSE,12
1716755170948,paho805275776713589,topic/security,METAVERSE,7
1716755170952,paho805275775406663,topic/v/rfid,METAVERSE,83
1716755170983,paho805275777102321,topic/queueing,METAVERSE,114
1716755171030,paho805275777850818,topic/maintenance,METAVERSE,187
1716755171031,paho805275777102321,topic/occupancy,METAVERSE,6160
1716755171031,paho805275776713589,topic/security,METAVERSE,88
1716755171083,paho805275777850818,topic/maintenance,METAVERSE,32
1716755171099,paho805275776713589,topic/security,METAVERSE,6
1716755171116,paho805275776713589,topic/security,METAVERSE,5
1716755171155,paho805275775406663,topic/e/noise,METAVERSE,4
1716755171183,paho805275776713589,topic/security,METAVERSE,42
1716755171184,paho805275776713589,topic/security,METAVERSE,43
1716755171232,paho805275777102321,topic/occupancy,METAVERSE,6185
1716755171268,paho805275776713589,topic/security,METAVERSE,13
1716755171284,paho805275777850818,topic/maintenance,METAVERSE,133
1716755171289,paho805275776713589,topic/security,METAVERSE,20
1716755171292,paho805275777314734,topic/b/lighting,METAVERSE,9
1716755171293,paho805275775406663,topic/b/lighting,METAVERSE,10
1716755171342,paho805275777314734,topic/e/lighting,METAVERSE,5
1716755171343,paho805275775406663,topic/e/lighting,METAVERSE,6
1716755171464,paho805275776713589,topic/security,METAVERSE,85
1716755171479,paho805275777102321,topic/occupancy,METAVERSE,6356
1716755171487,paho805275775406663,topic/g/rfid,METAVERSE,12
1716755171489,paho805275777102321,topic/queueing,METAVERSE,14
1716755171680,paho805275777102321,topic/occupancy,METAVERSE,6553
1716755171708,paho805275776713589,topic/security,METAVERSE,57
1716755171747,paho805275776713589,topic/security,METAVERSE,8
1716755171777,paho805275777314734,topic/b/lighting,METAVERSE,14
1716755171777,paho805275775406663,topic/b/lighting,METAVERSE,14
1716755171785,paho805275777102321,topic/occupancy,METAVERSE,6617
1716755171918,paho805275776713589,topic/security,METAVERSE,15
1716755171935,paho805275777314734,topic/v/lighting,METAVERSE,16
1716755171936,paho805275775406663,topic/v/lighting,METAVERSE,17
1716755171981,paho805275777102321,topic/occupancy,METAVERSE,6522
1716755172056,paho805275776713589,topic/security,METAVERSE,9
1716755172132,paho805275776713589,topic/security,METAVERSE,14
1716755172163,paho805275775406663,topic/c/noise,METAVERSE,15
1716755172180,paho805275777850818,topic/maintenance,METAVERSE,133
1716755172231,paho805275777850818,topic/maintenance,METAVERSE,83
1716755172282,paho805275777102321,topic/occupancy,METAVERSE,6251
1716755172303,paho805275775406663,topic/b/lighting,METAVERSE,4
1716755172304,paho805275777314734,topic/b/lighting,METAVERSE,5
1716755172351,paho805275775406663,topic/v/noise,METAVERSE,19
1716755172430,paho805275777850818,topic/maintenance,METAVERSE,98
1716755172519,paho805275776713589,topic/security,METAVERSE,6
1716755172540,paho805275776713589,topic/security,METAVERSE,5
1716755172756,paho805275775406663,topic/g/noise,METAVERSE,65
1716755172756,paho805275776713589,topic/security,METAVERSE,89
1716755172768,paho805275777314734,topic/b/lighting,METAVERSE,26
1716755172769,paho805275775406663,topic/b/lighting,METAVERSE,27
1716755172784,paho805275776713589,topic/security,METAVERSE,25
1716755172965,paho805275776713589,topic/security,METAVERSE,6
1716755172980,paho805275775406663,topic/c/lighting,METAVERSE,5
1716755172983,paho805275777314734,topic/c/lighting,METAVERSE,8
1716755173024,paho805275775406663,topic/b/noise,METAVERSE,11
1716755173034,paho805275775406663,topic/e/noise,METAVERSE,7
1716755173080,paho805275777102321,topic/occupancy,METAVERSE,6617
1716755173105,paho805275776713589,topic/security,METAVERSE,7
1716755173188,paho805275776713589,topic/security,METAVERSE,54
1716755173281,paho805275776713589,topic/security,METAVERSE,6
1716755173340,paho805275776713589,topic/security,METAVERSE,5
1716755173367,paho805275776713589,topic/security,METAVERSE,6
1716755173374,paho805275775406663,topic/d/rfid,METAVERSE,10
1716755173383,paho805275777102321,topic/queueing,METAVERSE,19
1716755173402,paho805275775406663,topic/s/noise,METAVERSE,7
1716755173432,paho805275776713589,topic/security,METAVERSE,24
1716755173452,paho805275775406663,topic/e/rfid,METAVERSE,13
1716755173480,paho805275777102321,topic/queueing,METAVERSE,41
1716755173480,paho805275777850818,topic/maintenance,METAVERSE,993
1716755173532,paho805275776713589,topic/security,METAVERSE,37
1716755173544,paho805275775406663,topic/c/lighting,METAVERSE,5
1716755173544,paho805275777314734,topic/c/lighting,METAVERSE,5
1716755173583,paho805275777850818,topic/maintenance,METAVERSE,1113
1716755173588,paho805275775406663,topic/s/rfid,METAVERSE,9
1716755173589,paho805275777102321,topic/queueing,METAVERSE,10
1716755173616,paho805275775406663,topic/b/noise,METAVERSE,5
1716755173663,paho805275776713589,topic/security,METAVERSE,54
1716755173683,paho805275777850818,topic/maintenance,METAVERSE,1036
1716755173716,paho805275776713589,topic/security,METAVERSE,13
1716755173740,paho805275776713589,topic/security,METAVERSE,6
1716755173746,paho805275776713589,topic/security,METAVERSE,30
1716755173787,paho805275776713589,topic/security,METAVERSE,45
1716755173835,paho805275777850818,topic/maintenance,METAVERSE,1144
1716755173883,paho805275777850818,topic/maintenance,METAVERSE,1122
1716755173915,paho805275776713589,topic/security,METAVERSE,24
1716755174035,paho805275777850818,topic/maintenance,METAVERSE,1192
1716755174083,paho805275777850818,topic/maintenance,METAVERSE,1184
1716755174134,paho805275777314734,topic/g/lighting,METAVERSE,6
1716755174135,paho805275775406663,topic/g/lighting,METAVERSE,7
1716755174145,paho805275776713589,topic/security,METAVERSE,6
1716755174182,paho805275775406663,topic/b/lighting,METAVERSE,7
1716755174183,paho805275777314734,topic/b/lighting,METAVERSE,8
1716755174378,paho805275775406663,topic/g/noise,METAVERSE,9
1716755174378,paho805275776713589,topic/security,METAVERSE,8
1716755174439,paho805275776713589,topic/security,METAVERSE,7
1716755174468,paho805275777314734,topic/g/lighting,METAVERSE,5
1716755174468,paho805275775406663,topic/g/lighting,METAVERSE,5
1716755174481,paho805275777850818,topic/maintenance,METAVERSE,1474
1716755174481,paho805275777102321,topic/occupancy,METAVERSE,7945
1716755174556,paho805275776713589,topic/security,METAVERSE,6
1716755174581,paho805275777850818,topic/maintenance,METAVERSE,1568
1716755174608,paho805275775406663,topic/d/noise,METAVERSE,5
1716755174630,paho805275777314734,topic/s/lighting,METAVERSE,31
1716755174632,paho805275775406663,topic/s/lighting,METAVERSE,33
1716755174683,paho805275777850818,topic/maintenance,METAVERSE,1656
1716755174723,paho805275777850818,topic/maintenance,METAVERSE,1344
1716755174747,paho805275777314734,topic/s/lighting,METAVERSE,4
1716755174748,paho805275775406663,topic/s/lighting,METAVERSE,5
1716755174765,paho805275776713589,topic/security,METAVERSE,6
1716755174780,paho805275777850818,topic/maintenance,METAVERSE,1405
1716755174780,paho805275777850818,topic/maintenance,METAVERSE,1385
1716755174781,paho805275776713589,topic/security,METAVERSE,14
1716755174815,paho805275776713589,topic/security,METAVERSE,20
1716755174831,paho805275777850818,topic/maintenance,METAVERSE,1380
1716755174832,paho805275777314734,topic/d/lighting,METAVERSE,5
1716755174832,paho805275775406663,topic/d/lighting,METAVERSE,5
1716755174835,paho805275777314734,topic/d/lighting,METAVERSE,8
1716755174835,paho805275775406663,topic/d/lighting,METAVERSE,8
1716755174880,paho805275777850818,topic/maintenance,METAVERSE,1409
1716755174980,paho805275777850818,topic/maintenance,METAVERSE,1441
1716755174992,paho805275776713589,topic/security,METAVERSE,5
1716755175017,paho805275777850818,topic/maintenance,METAVERSE,1406
1716755175121,paho805275776713589,topic/security,METAVERSE,18
1716755175166,paho805275776713589,topic/security,METAVERSE,6
1716755175179,paho805275777850818,topic/maintenance,METAVERSE,1244
1716755175180,paho805275777850818,topic/maintenance,METAVERSE,1209
1716755175301,paho805275776713589,topic/security,METAVERSE,8
1716755175335,paho805275777850818,topic/maintenance,METAVERSE,1352
1716755175334,paho805275777102321,topic/occupancy,METAVERSE,8791
1716755175354,paho805275776713589,topic/security,METAVERSE,18
1716755175420,paho805275775406663,topic/s/noise,METAVERSE,9
1716755175431,paho805275777850818,topic/maintenance,METAVERSE,1424
1716755175547,paho805275776713589,topic/security,METAVERSE,13
1716755175586,paho805275777850818,topic/maintenance,METAVERSE,1551
1716755175632,paho805275777850818,topic/maintenance,METAVERSE,1565
1716755175680,paho805275777850818,topic/maintenance,METAVERSE,1473
1716755175687,paho805275776713589,topic/security,METAVERSE,23
1716755175721,paho805275777850818,topic/maintenance,METAVERSE,1448
1716755175721,paho805275777850818,topic/maintenance,METAVERSE,1442
1716755175724,paho805275775406663,topic/d/noise,METAVERSE,5
1716755175735,paho805275776713589,topic/security,METAVERSE,20
1716755175763,paho805275777850818,topic/maintenance,METAVERSE,1394
1716755175763,paho805275777850818,topic/maintenance,METAVERSE,1260
1716755175763,paho805275777850818,topic/maintenance,METAVERSE,1160
1716755175791,paho805275776713589,topic/security,METAVERSE,20
1716755175791,paho805275776713589,topic/security,METAVERSE,8
1716755175811,paho805275775406663,topic/b/noise,METAVERSE,28
1716755175882,paho805275777850818,topic/maintenance,METAVERSE,1079
1716755175882,paho805275777850818,topic/maintenance,METAVERSE,973
1716755175883,paho805275776713589,topic/security,METAVERSE,29
1716755175885,paho805275777850818,topic/maintenance,METAVERSE,926
1716755175923,paho805275775406663,topic/b/noise,METAVERSE,20
1716755175931,paho805275777850818,topic/maintenance,METAVERSE,972
1716755175982,paho805275777850818,topic/maintenance,METAVERSE,967
1716755175992,paho805275775406663,topic/e/lighting,METAVERSE,61
1716755175992,paho805275776713589,topic/security,METAVERSE,10
1716755175993,paho805275777314734,topic/e/lighting,METAVERSE,62
1716755176034,paho805275776713589,topic/security,METAVERSE,65
1716755176081,paho805275777850818,topic/maintenance,METAVERSE,833
1716755176082,paho805275776713589,topic/security,METAVERSE,70
1716755176152,paho805275776713589,topic/security,METAVERSE,9
1716755176182,paho805275777850818,topic/maintenance,METAVERSE,851
1716755176208,paho805275775406663,topic/e/noise,METAVERSE,5
1716755176232,paho805275777850818,topic/maintenance,METAVERSE,821
1716755176263,paho805275777850818,topic/maintenance,METAVERSE,820
1716755176264,paho805275776713589,topic/security,METAVERSE,61
1716755176295,paho805275777314734,topic/b/lighting,METAVERSE,4
1716755176296,paho805275775406663,topic/b/lighting,METAVERSE,5
1716755176331,paho805275777850818,topic/maintenance,METAVERSE,888
1716755176379,paho805275777314734,topic/e/lighting,METAVERSE,16
1716755176379,paho805275775406663,topic/e/lighting,METAVERSE,16
1716755176387,paho805275777850818,topic/maintenance,METAVERSE,811
1716755176508,paho805275775406663,topic/e/rfid,METAVERSE,13
1716755176510,paho805275777102321,topic/queueing,METAVERSE,15
1716755176534,paho805275777850818,topic/maintenance,METAVERSE,887
1716755176557,paho805275776713589,topic/security,METAVERSE,6
1716755176635,paho805275777850818,topic/maintenance,METAVERSE,916
1716755176635,paho805275777850818,topic/maintenance,METAVERSE,852
1716755176733,paho805275777102321,topic/occupancy,METAVERSE,10054
1716755176733,paho805275777850818,topic/maintenance,METAVERSE,855
1716755176777,paho805275776713589,topic/security,METAVERSE,6
1716755176779,paho805275777850818,topic/maintenance,METAVERSE,876
1716755176834,paho805275777850818,topic/maintenance,METAVERSE,631
1716755176837,paho805275775406663,topic/b/lighting,METAVERSE,18
1716755176838,paho805275777314734,topic/b/lighting,METAVERSE,19
1716755176860,paho805275776713589,topic/security,METAVERSE,13
1716755176951,paho805275775406663,topic/v/lighting,METAVERSE,16
1716755176952,paho805275777314734,topic/v/lighting,METAVERSE,17
1716755176981,paho805275777850818,topic/maintenance,METAVERSE,754
1716755176981,paho805275777850818,topic/maintenance,METAVERSE,498
1716755177045,paho805275776713589,topic/security,METAVERSE,6
1716755177149,paho805275776713589,topic/security,METAVERSE,6
1716755177191,paho805275776713589,topic/security,METAVERSE,6
1716755177233,paho805275775406663,topic/c/noise,METAVERSE,22
1716755177236,paho805275777102321,topic/occupancy,METAVERSE,10306
1716755177237,paho805275777850818,topic/maintenance,METAVERSE,26
1716755177312,paho805275776713589,topic/security,METAVERSE,9
1716755177336,paho805275775406663,topic/b/lighting,METAVERSE,5
1716755177338,paho805275777314734,topic/b/lighting,METAVERSE,7
1716755177389,paho805275775406663,topic/v/noise,METAVERSE,18
1716755177391,paho805275776713589,topic/security,METAVERSE,8
1716755177482,paho805275777850818,topic/maintenance,METAVERSE,111
1716755177549,paho805275776713589,topic/security,METAVERSE,7
1716755177550,paho805275776713589,topic/security,METAVERSE,23
1716755177580,paho805275777102321,topic/occupancy,METAVERSE,10595
1716755177680,paho805275777850818,topic/maintenance,METAVERSE,109
1716755177784,paho805275776713589,topic/security,METAVERSE,53
1716755177784,paho805275776713589,topic/security,METAVERSE,17
1716755177832,paho805275776713589,topic/security,METAVERSE,31
1716755177833,paho805275777102321,topic/occupancy,METAVERSE,10666
1716755177855,paho805275775406663,topic/b/lighting,METAVERSE,41
1716755177856,paho805275777314734,topic/b/lighting,METAVERSE,42
1716755177867,paho805275775406663,topic/g/noise,METAVERSE,40
1716755177882,paho805275777850818,topic/maintenance,METAVERSE,55
1716755178012,paho805275775406663,topic/c/lighting,METAVERSE,5
1716755178013,paho805275777314734,topic/c/lighting,METAVERSE,6
1716755178033,paho805275777102321,topic/occupancy,METAVERSE,10886
1716755178039,paho805275777850818,topic/maintenance,METAVERSE,8
1716755178041,paho805275775406663,topic/e/noise,METAVERSE,10
1716755178068,paho805275776713589,topic/security,METAVERSE,9
1716755178072,paho805275775406663,topic/b/noise,METAVERSE,9
1716755178091,paho805275775406663,topic/c/rfid,METAVERSE,8
1716755178093,paho805275777102321,topic/queueing,METAVERSE,10
1716755178164,paho805275776713589,topic/security,METAVERSE,17
1716755178179,paho805275777850818,topic/maintenance,METAVERSE,116
1716755178235,paho805275777850818,topic/maintenance,METAVERSE,112
1716755178281,paho805275777850818,topic/maintenance,METAVERSE,93
1716755178432,paho805275775406663,topic/s/noise,METAVERSE,5
1716755178435,paho805275777850818,topic/maintenance,METAVERSE,8
1716755178552,paho805275775406663,topic/c/lighting,METAVERSE,5
1716755178553,paho805275777314734,topic/c/lighting,METAVERSE,6
1716755178558,paho805275776713589,topic/security,METAVERSE,6
1716755178621,paho805275775406663,topic/b/noise,METAVERSE,6
1716755178636,paho805275777850818,topic/maintenance,METAVERSE,21
1716755178788,paho805275776713589,topic/security,METAVERSE,9
1716755178832,paho805275777850818,topic/maintenance,METAVERSE,65
1716755178954,paho805275776713589,topic/security,METAVERSE,7
1716755179079,paho805275776713589,topic/security,METAVERSE,8
1716755179175,paho805275776713589,topic/security,METAVERSE,8
1716755179203,paho805275775406663,topic/g/lighting,METAVERSE,4
1716755179205,paho805275777314734,topic/g/lighting,METAVERSE,6
1716755179215,paho805275776713589,topic/security,METAVERSE,6
1716755179260,paho805275775406663,topic/b/lighting,METAVERSE,5
1716755179261,paho805275777314734,topic/b/lighting,METAVERSE,6
1716755179335,paho805275776713589,topic/security,METAVERSE,12
1716755179387,paho805275775406663,topic/g/noise,METAVERSE,8
1716755179387,paho805275776713589,topic/security,METAVERSE,8
1716755179433,paho805275776713589,topic/security,METAVERSE,43
1716755179476,paho805275775406663,topic/g/lighting,METAVERSE,5
1716755179476,paho805275777314734,topic/g/lighting,METAVERSE,5
1716755179536,paho805275777850818,topic/maintenance,METAVERSE,157
1716755179577,paho805275776713589,topic/security,METAVERSE,6
1716755179619,paho805275775406663,topic/d/noise,METAVERSE,4
1716755179706,paho805275776713589,topic/security,METAVERSE,30
1716755179723,paho805275775406663,topic/s/lighting,METAVERSE,51
1716755179724,paho805275777314734,topic/s/lighting,METAVERSE,52
1716755179731,paho805275777850818,topic/maintenance,METAVERSE,116
1716755179734,paho805275777850818,topic/maintenance,METAVERSE,59
1716755179800,paho805275776713589,topic/security,METAVERSE,29
1716755179817,paho805275775406663,topic/s/lighting,METAVERSE,18
1716755179817,paho805275777314734,topic/s/lighting,METAVERSE,18
1716755179836,paho805275776713589,topic/security,METAVERSE,41
1716755179840,paho805275775406663,topic/d/lighting,METAVERSE,5
1716755179841,paho805275777314734,topic/d/lighting,METAVERSE,6
1716755179843,paho805275775406663,topic/d/lighting,METAVERSE,8
1716755179844,paho805275777314734,topic/d/lighting,METAVERSE,9
1716755179883,paho805275776713589,topic/security,METAVERSE,60
1716755179967,paho805275775406663,topic/v/rfid,METAVERSE,12
1716755179969,paho805275777102321,topic/queueing,METAVERSE,14
1716755180196,paho805275776713589,topic/security,METAVERSE,9
1716755180421,paho805275776713589,topic/security,METAVERSE,14
1716755180452,paho805275775406663,topic/s/noise,METAVERSE,5
1716755180483,paho805275777850818,topic/maintenance,METAVERSE,36
1716755180603,paho805275776713589,topic/security,METAVERSE,5
1716755180737,paho805275775406663,topic/d/noise,METAVERSE,15
1716755180756,paho805275776713589,topic/security,METAVERSE,5
1716755180779,paho805275777850818,topic/maintenance,METAVERSE,57
1716755180804,paho805275776713589,topic/security,METAVERSE,13
1716755180873,paho805275775406663,topic/b/noise,METAVERSE,6
1716755180881,paho805275777850818,topic/maintenance,METAVERSE,14
1716755180965,paho805275776713589,topic/security,METAVERSE,6
1716755181002,paho805275775406663,topic/b/noise,METAVERSE,53
1716755181027,paho805275775406663,topic/e/lighting,METAVERSE,38
1716755181028,paho805275777314734,topic/e/lighting,METAVERSE,39
1716755181035,paho805275776713589,topic/security,METAVERSE,40
1716755181036,paho805275777850818,topic/maintenance,METAVERSE,87
1716755181105,paho805275776713589,topic/security,METAVERSE,6
1716755181187,paho805275776713589,topic/security,METAVERSE,12
1716755181231,paho805275776713589,topic/security,METAVERSE,12
1716755181276,paho805275775406663,topic/e/noise,METAVERSE,5
1716755181309,paho805275776713589,topic/security,METAVERSE,6
1716755181331,paho805275776713589,topic/security,METAVERSE,6
1716755181331,paho805275777850818,topic/maintenance,METAVERSE,60
1716755181367,paho805275775406663,topic/b/lighting,METAVERSE,75
1716755181368,paho805275777314734,topic/b/lighting,METAVERSE,76
1716755181399,paho805275776713589,topic/security,METAVERSE,7
1716755181415,paho805275775406663,topic/e/lighting,METAVERSE,8
1716755181416,paho805275777314734,topic/e/lighting,METAVERSE,9
1716755181430,paho805275777850818,topic/maintenance,METAVERSE,138
1716755181528,paho805275775406663,topic/g/rfid,METAVERSE,5
1716755181531,paho805275777102321,topic/queueing,METAVERSE,8
1716755181585,paho805275776713589,topic/security,METAVERSE,13
1716755181832,paho805275776713589,topic/security,METAVERSE,9
1716755181835,paho805275776713589,topic/security,METAVERSE,24
1716755181880,paho805275777850818,topic/maintenance,METAVERSE,249
1716755181911,paho805275775406663,topic/b/lighting,METAVERSE,16
1716755181912,paho805275777314734,topic/b/lighting,METAVERSE,17
1716755181919,paho805275776713589,topic/security,METAVERSE,7
1716755181989,paho805275775406663,topic/v/lighting,METAVERSE,12
1716755181990,paho805275777314734,topic/v/lighting,METAVERSE,13
1716755181992,paho805275777102321,topic/queueing,METAVERSE,8
1716755181992,paho805275775406663,topic/v/rfid,METAVERSE,8
1716755182064,paho805275776713589,topic/security,METAVERSE,5
1716755182133,paho805275777850818,topic/maintenance,METAVERSE,78
1716755182134,paho805275776713589,topic/security,METAVERSE,39
1716755182183,paho805275777850818,topic/maintenance,METAVERSE,53
1716755182196,paho805275776713589,topic/security,METAVERSE,5
1716755182291,paho805275775406663,topic/c/noise,METAVERSE,32
1716755182334,paho805275777850818,topic/maintenance,METAVERSE,75
1716755182368,paho805275775406663,topic/b/lighting,METAVERSE,5
1716755182369,paho805275777314734,topic/b/lighting,METAVERSE,6
1716755182456,paho805275775406663,topic/v/noise,METAVERSE,37
1716755182532,paho805275777850818,topic/maintenance,METAVERSE,113
1716755182562,paho805275776713589,topic/security,METAVERSE,16
1716755182630,paho805275776713589,topic/security,METAVERSE,6
1716755182632,paho805275775406663,topic/s/rfid,METAVERSE,21
1716755182634,paho805275777102321,topic/queueing,METAVERSE,23
1716755182726,paho805275776713589,topic/security,METAVERSE,5
1716755182783,paho805275777850818,topic/maintenance,METAVERSE,160
1716755182805,paho805275776713589,topic/security,METAVERSE,6
1716755182879,paho805275777314734,topic/b/lighting,METAVERSE,5
1716755182879,paho805275775406663,topic/b/lighting,METAVERSE,5
1716755182885,paho805275775406663,topic/g/noise,METAVERSE,5
1716755182931,paho805275777850818,topic/maintenance,METAVERSE,51
1716755182973,paho805275776713589,topic/security,METAVERSE,7
1716755183013,paho805275775406663,topic/c/lighting,METAVERSE,5
1716755183014,paho805275777314734,topic/c/lighting,METAVERSE,6
1716755183067,paho805275775406663,topic/e/noise,METAVERSE,5
1716755183088,paho805275775406663,topic/b/noise,METAVERSE,5
1716755183115,paho805275776713589,topic/security,METAVERSE,8
1716755183175,paho805275777102321,topic/occupancy,METAVERSE,15892
1716755183176,paho805275777102321,topic/occupancy,METAVERSE,15769
1716755183176,paho805275777102321,topic/occupancy,METAVERSE,15649
1716755183176,paho805275777102321,topic/occupancy,METAVERSE,15109
1716755183176,paho805275777102321,topic/occupancy,METAVERSE,14657
1716755183176,paho805275777102321,topic/occupancy,METAVERSE,14602
1716755183176,paho805275777102321,topic/occupancy,METAVERSE,14577
1716755183176,paho805275777102321,topic/occupancy,METAVERSE,14473
1716755183176,paho805275777102321,topic/occupancy,METAVERSE,14243
1716755183176,paho805275777102321,topic/occupancy,METAVERSE,14113
1716755183176,paho805275777102321,topic/occupancy,METAVERSE,13960
1716755183176,paho805275777102321,topic/occupancy,METAVERSE,13933
1716755183176,paho805275777102321,topic/occupancy,METAVERSE,13853
1716755183176,paho805275777102321,topic/occupancy,METAVERSE,13801
1716755183176,paho805275777102321,topic/occupancy,METAVERSE,13765
1716755183176,paho805275777102321,topic/occupancy,METAVERSE,13577
1716755183176,paho805275777102321,topic/occupancy,METAVERSE,13073
1716755183176,paho805275777102321,topic/occupancy,METAVERSE,12642
1716755183176,paho805275777102321,topic/occupancy,METAVERSE,12541
1716755183199,paho805275776713589,topic/security,METAVERSE,6
1716755183237,paho805275776713589,topic/security,METAVERSE,5
1716755183281,paho805275777850818,topic/maintenance,METAVERSE,316
1716755183336,paho805275776713589,topic/security,METAVERSE,10
1716755183379,paho805275777850818,topic/maintenance,METAVERSE,317
1716755183415,paho805275776713589,topic/security,METAVERSE,6
1716755183437,paho805275776713589,topic/security,METAVERSE,14
1716755183459,paho805275775406663,topic/s/noise,METAVERSE,4
1716755183535,paho805275777850818,topic/maintenance,METAVERSE,452
1716755183554,paho805275775406663,topic/e/rfid,METAVERSE,23
1716755183556,paho805275777102321,topic/queueing,METAVERSE,25
1716755183583,paho805275777850818,topic/maintenance,METAVERSE,128
1716755183585,paho805275775406663,topic/c/lighting,METAVERSE,6
1716755183591,paho805275776713589,topic/security,METAVERSE,12
1716755183596,paho805275777314734,topic/c/lighting,METAVERSE,17
1716755183631,paho805275775406663,topic/b/noise,METAVERSE,5
1716755183632,paho805275777850818,topic/maintenance,METAVERSE,184
1716755183682,paho805275777850818,topic/maintenance,METAVERSE,56
1716755183847,paho805275776713589,topic/security,METAVERSE,7
1716755183884,paho805275776713589,topic/security,METAVERSE,21
1716755184209,paho805275776713589,topic/security,METAVERSE,6
1716755184236,paho805275775406663,topic/g/lighting,METAVERSE,5
1716755184236,paho805275777314734,topic/g/lighting,METAVERSE,5
1716755184274,paho805275775406663,topic/b/lighting,METAVERSE,7
1716755184275,paho805275777314734,topic/b/lighting,METAVERSE,8
1716755184383,paho805275776713589,topic/security,METAVERSE,21
1716755184383,paho805275777850818,topic/maintenance,METAVERSE,352
1716755184401,paho805275776713589,topic/security,METAVERSE,6
1716755184412,paho805275775406663,topic/g/noise,METAVERSE,16
1716755184456,paho805275776713589,topic/security,METAVERSE,23
1716755184480,paho805275777850818,topic/maintenance,METAVERSE,421
1716755184500,paho805275775406663,topic/g/lighting,METAVERSE,5
1716755184500,paho805275777314734,topic/g/lighting,METAVERSE,5
1716755184585,paho805275777850818,topic/maintenance,METAVERSE,478
1716755184624,paho805275775406663,topic/d/noise,METAVERSE,5
1716755184731,paho805275777850818,topic/maintenance,METAVERSE,548
1716755184732,paho805275775406663,topic/s/lighting,METAVERSE,12
1716755184732,paho805275777314734,topic/s/lighting,METAVERSE,12
1716755184783,paho805275777850818,topic/maintenance,METAVERSE,497
1716755184788,paho805275776713589,topic/security,METAVERSE,137
1716755184835,paho805275776713589,topic/security,METAVERSE,16
1716755184883,paho805275775406663,topic/d/lighting,METAVERSE,16
1716755184886,paho805275777314734,topic/d/lighting,METAVERSE,19
1716755184899,paho805275775406663,topic/s/lighting,METAVERSE,4
1716755184900,paho805275777314734,topic/s/lighting,METAVERSE,5
1716755184921,paho805275775406663,topic/d/lighting,METAVERSE,6
1716755184922,paho805275777314734,topic/d/lighting,METAVERSE,7
1716755184996,paho805275776713589,topic/security,METAVERSE,22
1716755185083,paho805275777850818,topic/maintenance,METAVERSE,687
1716755185087,paho805275777850818,topic/maintenance,METAVERSE,468
1716755185135,paho805275777850818,topic/maintenance,METAVERSE,456
1716755185160,paho805275776713589,topic/security,METAVERSE,25
1716755185182,paho805275776713589,topic/security,METAVERSE,22
1716755185185,paho805275777850818,topic/maintenance,METAVERSE,362
1716755185216,paho805275776713589,topic/security,METAVERSE,10
1716755185283,paho805275776713589,topic/security,METAVERSE,33
1716755185353,paho805275776713589,topic/security,METAVERSE,6
1716755185432,paho805275776713589,topic/security,METAVERSE,9
1716755185465,paho805275775406663,topic/s/noise,METAVERSE,5
1716755185535,paho805275777850818,topic/maintenance,METAVERSE,75
1716755185539,paho805275775406663,topic/g/rfid,METAVERSE,12
1716755185541,paho805275777102321,topic/queueing,METAVERSE,14
1716755185605,paho805275776713589,topic/security,METAVERSE,6
1716755185772,paho805275775406663,topic/d/noise,METAVERSE,5
1716755185833,paho805275777850818,topic/maintenance,METAVERSE,150
1716755185833,paho805275777850818,topic/maintenance,METAVERSE,66
1716755185871,paho805275776713589,topic/security,METAVERSE,18
1716755185934,paho805275776713589,topic/security,METAVERSE,13
1716755185937,paho805275775406663,topic/b/noise,METAVERSE,16
1716755185999,paho805275775406663,topic/v/rfid,METAVERSE,12
1716755186000,paho805275777102321,topic/queueing,METAVERSE,13
1716755186029,paho805275775406663,topic/b/noise,METAVERSE,4
1716755186036,paho805275777850818,topic/maintenance,METAVERSE,115
1716755186036,paho805275776713589,topic/security,METAVERSE,19
1716755186100,paho805275775406663,topic/e/lighting,METAVERSE,12
1716755186101,paho805275777314734,topic/e/lighting,METAVERSE,13
1716755186103,paho805275776713589,topic/security,METAVERSE,15
1716755186133,paho805275777850818,topic/maintenance,METAVERSE,118
1716755186181,paho805275777850818,topic/maintenance,METAVERSE,156
1716755186216,paho805275776713589,topic/security,METAVERSE,12
1716755186320,paho805275775406663,topic/e/noise,METAVERSE,5
1716755186369,paho805275776713589,topic/security,METAVERSE,54
1716755186403,paho805275775406663,topic/b/lighting,METAVERSE,12
1716755186404,paho805275777314734,topic/b/lighting,METAVERSE,13
1716755186431,paho805275777850818,topic/maintenance,METAVERSE,272
1716755186449,paho805275776713589,topic/security,METAVERSE,6
1716755186480,paho805275777850818,topic/maintenance,METAVERSE,165
1716755186507,paho805275775406663,topic/e/lighting,METAVERSE,36
1716755186508,paho805275777314734,topic/e/lighting,METAVERSE,37
1716755186618,paho805275775406663,topic/g/rfid,METAVERSE,7
1716755186620,paho805275777102321,topic/queueing,METAVERSE,9
1716755186657,paho805275776713589,topic/security,METAVERSE,5
1716755186888,paho805275776713589,topic/security,METAVERSE,41
1716755186968,paho805275775406663,topic/b/lighting,METAVERSE,17
1716755186968,paho805275777314734,topic/b/lighting,METAVERSE,17
1716755186998,paho805275776713589,topic/security,METAVERSE,6
1716755187044,paho805275777314734,topic/v/lighting,METAVERSE,14
1716755187044,paho805275775406663,topic/v/lighting,METAVERSE,14
1716755187187,paho805275776713589,topic/security,METAVERSE,6
1716755187245,paho805275776713589,topic/security,METAVERSE,15
1716755187260,paho805275776713589,topic/security,METAVERSE,5
1716755187323,paho805275775406663,topic/c/noise,METAVERSE,24
1716755187333,paho805275777850818,topic/maintenance,METAVERSE,34
1716755187360,paho805275776713589,topic/security,METAVERSE,5
1716755187408,paho805275775406663,topic/b/lighting,METAVERSE,5
1716755187408,paho805275777314734,topic/b/lighting,METAVERSE,5
1716755187467,paho805275775406663,topic/d/rfid,METAVERSE,94
1716755187469,paho805275777102321,topic/queueing,METAVERSE,96
1716755187480,paho805275776713589,topic/security,METAVERSE,17
1716755187508,paho805275775406663,topic/v/noise,METAVERSE,20
1716755187583,paho805275777850818,topic/maintenance,METAVERSE,88
1716755187621,paho805275776713589,topic/security,METAVERSE,10
1716755187633,paho805275777850818,topic/maintenance,METAVERSE,145
1716755187637,paho805275776713589,topic/security,METAVERSE,21
1716755187655,paho805275775406663,topic/g/rfid,METAVERSE,12
1716755187684,paho805275777102321,topic/queueing,METAVERSE,41
1716755187736,paho805275776713589,topic/security,METAVERSE,15
1716755187805,paho805275776713589,topic/security,METAVERSE,6
1716755187916,paho805275776713589,topic/security,METAVERSE,6
1716755187929,paho805275775406663,topic/g/noise,METAVERSE,10
1716755187931,paho805275777314734,topic/b/lighting,METAVERSE,6
1716755187932,paho805275775406663,topic/b/lighting,METAVERSE,7
1716755188004,paho805275776713589,topic/security,METAVERSE,41
1716755188027,paho805275777314734,topic/c/lighting,METAVERSE,18
1716755188027,paho805275775406663,topic/c/lighting,METAVERSE,18
1716755188034,paho805275777850818,topic/maintenance,METAVERSE,199
1716755188068,paho805275775406663,topic/e/noise,METAVERSE,5
1716755188083,paho805275777850818,topic/maintenance,METAVERSE,164
1716755188104,paho805275775406663,topic/c/rfid,METAVERSE,17
1716755188106,paho805275777102321,topic/queueing,METAVERSE,19
1716755188110,paho805275775406663,topic/b/noise,METAVERSE,10
1716755188137,paho805275777850818,topic/maintenance,METAVERSE,74
1716755188231,paho805275777850818,topic/maintenance,METAVERSE,152
1716755188233,paho805275776713589,topic/security,METAVERSE,6
1716755188283,paho805275777850818,topic/maintenance,METAVERSE,183
1716755188496,paho805275775406663,topic/s/noise,METAVERSE,5
1716755188580,paho805275777850818,topic/maintenance,METAVERSE,89
1716755188600,paho805275777314734,topic/c/lighting,METAVERSE,5
1716755188600,paho805275775406663,topic/c/lighting,METAVERSE,5
1716755188651,paho805275775406663,topic/b/noise,METAVERSE,12
1716755188686,paho805275777850818,topic/maintenance,METAVERSE,47
1716755188687,paho805275777102321,topic/queueing,METAVERSE,16
1716755188687,paho805275775406663,topic/s/rfid,METAVERSE,16
1716755188731,paho805275776713589,topic/security,METAVERSE,43
1716755188733,paho805275777850818,topic/maintenance,METAVERSE,94
1716755188885,paho805275776713589,topic/security,METAVERSE,6
1716755188999,paho805275776713589,topic/security,METAVERSE,5
1716755189267,paho805275775406663,topic/g/lighting,METAVERSE,8
1716755189283,paho805275776713589,topic/security,METAVERSE,12
1716755189283,paho805275776713589,topic/security,METAVERSE,57
1716755189288,paho805275777314734,topic/g/lighting,METAVERSE,29
1716755189298,paho805275776713589,topic/security,METAVERSE,43
1716755189372,paho805275775406663,topic/b/lighting,METAVERSE,13
1716755189372,paho805275776713589,topic/security,METAVERSE,5
1716755189373,paho805275777314734,topic/b/lighting,METAVERSE,14
1716755189422,paho805275775406663,topic/g/noise,METAVERSE,11
1716755189422,paho805275776713589,topic/security,METAVERSE,11
1716755189480,paho805275777850818,topic/maintenance,METAVERSE,69
1716755189488,paho805275776713589,topic/security,METAVERSE,5
1716755189508,paho805275775406663,topic/g/lighting,METAVERSE,5
1716755189508,paho805275777314734,topic/g/lighting,METAVERSE,5
1716755189555,paho805275775406663,topic/e/rfid,METAVERSE,5
1716755189558,paho805275777102321,topic/queueing,METAVERSE,8
1716755189642,paho805275776713589,topic/security,METAVERSE,8
1716755189651,paho805275775406663,topic/d/noise,METAVERSE,11
1716755189730,paho805275777850818,topic/maintenance,METAVERSE,90
1716755189730,paho805275775406663,topic/g/rfid,METAVERSE,7
1716755189732,paho805275777102321,topic/queueing,METAVERSE,9
1716755189816,paho805275777314734,topic/s/lighting,METAVERSE,5
1716755189816,paho805275775406663,topic/s/lighting,METAVERSE,5
1716755189891,paho805275777314734,topic/d/lighting,METAVERSE,4
1716755189892,paho805275775406663,topic/d/lighting,METAVERSE,5
1716755189931,paho805275777314734,topic/s/lighting,METAVERSE,5
1716755189931,paho805275777850818,topic/maintenance,METAVERSE,220
1716755189932,paho805275775406663,topic/s/lighting,METAVERSE,6
1716755189934,paho805275775406663,topic/d/lighting,METAVERSE,16
1716755189935,paho805275777314734,topic/d/lighting,METAVERSE,17
1716755189957,paho805275776713589,topic/security,METAVERSE,6
1716755190035,paho805275776713589,topic/security,METAVERSE,8
1716755190038,paho805275775406663,topic/v/rfid,METAVERSE,4
1716755190041,paho805275775406663,topic/v/rfid,METAVERSE,7
1716755190132,paho805275777102321,topic/queueing,METAVERSE,98
1716755190132,paho805275777102321,topic/queueing,METAVERSE,98
1716755190133,paho805275776713589,topic/security,METAVERSE,74
1716755190231,paho805275777850818,topic/maintenance,METAVERSE,68
1716755190244,paho805275776713589,topic/security,METAVERSE,5
1716755190496,paho805275775406663,topic/s/noise,METAVERSE,5
1716755190535,paho805275777850818,topic/maintenance,METAVERSE,44
1716755190560,paho805275775406663,topic/e/rfid,METAVERSE,5
1716755190562,paho805275777102321,topic/queueing,METAVERSE,7
1716755190631,paho805275777850818,topic/maintenance,METAVERSE,112
1716755190705,paho805275776713589,topic/security,METAVERSE,6
1716755190799,paho805275775406663,topic/d/noise,METAVERSE,29
1716755190811,paho805275776713589,topic/security,METAVERSE,8
1716755190832,paho805275776713589,topic/security,METAVERSE,29
1716755190879,paho805275777850818,topic/maintenance,METAVERSE,109
1716755190909,paho805275776713589,topic/security,METAVERSE,6
1716755190994,paho805275775406663,topic/b/noise,METAVERSE,23
1716755191021,paho805275776713589,topic/security,METAVERSE,9
1716755191039,paho805275775406663,topic/b/noise,METAVERSE,14
1716755191082,paho805275777850818,topic/maintenance,METAVERSE,111
1716755191165,paho805275776713589,topic/security,METAVERSE,26
1716755191179,paho805275775406663,topic/e/lighting,METAVERSE,40
1716755191180,paho805275777850818,topic/maintenance,METAVERSE,155
1716755191180,paho805275777314734,topic/e/lighting,METAVERSE,41
1716755191283,paho805275776713589,topic/security,METAVERSE,8
1716755191321,paho805275775406663,topic/e/noise,METAVERSE,5
1716755191323,paho805275777102321,topic/occupancy,METAVERSE,20586
1716755191323,paho805275777102321,topic/occupancy,METAVERSE,20382
1716755191324,paho805275777102321,topic/occupancy,METAVERSE,20455
1716755191324,paho805275777102321,topic/occupancy,METAVERSE,20213
1716755191324,paho805275777102321,topic/occupancy,METAVERSE,20069
1716755191324,paho805275777102321,topic/occupancy,METAVERSE,20055
1716755191324,paho805275777102321,topic/occupancy,METAVERSE,19945
1716755191324,paho805275777102321,topic/occupancy,METAVERSE,19849
1716755191324,paho805275777102321,topic/occupancy,METAVERSE,19673
1716755191324,paho805275777102321,topic/occupancy,METAVERSE,19206
1716755191324,paho805275777102321,topic/occupancy,METAVERSE,18789
1716755191324,paho805275777102321,topic/occupancy,METAVERSE,18657
1716755191324,paho805275777102321,topic/occupancy,METAVERSE,18565
1716755191324,paho805275777102321,topic/occupancy,METAVERSE,18365
1716755191324,paho805275777102321,topic/occupancy,METAVERSE,18190
1716755191324,paho805275777102321,topic/occupancy,METAVERSE,18049
1716755191324,paho805275777102321,topic/occupancy,METAVERSE,17989
1716755191324,paho805275777102321,topic/occupancy,METAVERSE,17960
1716755191324,paho805275777102321,topic/occupancy,METAVERSE,17885
1716755191324,paho805275777102321,topic/occupancy,METAVERSE,17829
1716755191324,paho805275777102321,topic/occupancy,METAVERSE,17745
1716755191324,paho805275777102321,topic/occupancy,METAVERSE,17621
1716755191324,paho805275777102321,topic/occupancy,METAVERSE,17185
1716755191324,paho805275777102321,topic/occupancy,METAVERSE,16774
1716755191324,paho805275777102321,topic/occupancy,METAVERSE,16557
1716755191324,paho805275777102321,topic/occupancy,METAVERSE,16529
1716755191324,paho805275777102321,topic/occupancy,METAVERSE,16337
1716755191324,paho805275777102321,topic/occupancy,METAVERSE,16164
1716755191324,paho805275777102321,topic/occupancy,METAVERSE,16031
1716755191324,paho805275777102321,topic/occupancy,METAVERSE,15988
1716755191324,paho805275777102321,topic/occupancy,METAVERSE,15790
1716755191324,paho805275777102321,topic/occupancy,METAVERSE,15609
1716755191324,paho805275777102321,topic/occupancy,METAVERSE,15181
1716755191335,paho805275776713589,topic/security,METAVERSE,62
1716755191335,paho805275777850818,topic/maintenance,METAVERSE,19
1716755191382,paho805275776713589,topic/security,METAVERSE,59
1716755191423,paho805275776713589,topic/security,METAVERSE,55
1716755191431,paho805275776713589,topic/security,METAVERSE,63
1716755191467,paho805275777314734,topic/b/lighting,METAVERSE,9
1716755191467,paho805275775406663,topic/b/lighting,METAVERSE,9
1716755191482,paho805275777102321,topic/occupancy,METAVERSE,14987
1716755191491,paho805275776713589,topic/security,METAVERSE,8
1716755191572,paho805275777314734,topic/e/lighting,METAVERSE,5
1716755191572,paho805275775406663,topic/e/lighting,METAVERSE,5
1716755191649,paho805275776713589,topic/security,METAVERSE,6
1716755191783,paho805275776713589,topic/security,METAVERSE,7
1716755191929,paho805275776713589,topic/security,METAVERSE,6
1716755191961,paho805275776713589,topic/security,METAVERSE,6
1716755192007,paho805275777314734,topic/b/lighting,METAVERSE,12
1716755192008,paho805275775406663,topic/b/lighting,METAVERSE,13
1716755192047,paho805275777314734,topic/v/lighting,METAVERSE,4
1716755192048,paho805275775406663,topic/v/lighting,METAVERSE,5
1716755192049,paho805275776713589,topic/security,METAVERSE,22
1716755192212,paho805275776713589,topic/security,METAVERSE,26
1716755192258,paho805275776713589,topic/security,METAVERSE,7
1716755192285,paho805275777850818,topic/maintenance,METAVERSE,187
1716755192345,paho805275775406663,topic/c/noise,METAVERSE,9
1716755192387,paho805275776713589,topic/security,METAVERSE,6
1716755192430,paho805275777850818,topic/maintenance,METAVERSE,94
1716755192432,paho805275775406663,topic/b/lighting,METAVERSE,5
1716755192432,paho805275777314734,topic/b/lighting,METAVERSE,5
1716755192484,paho805275776713589,topic/security,METAVERSE,29
1716755192484,paho805275776713589,topic/security,METAVERSE,29
1716755192584,paho805275775406663,topic/v/noise,METAVERSE,37
1716755192706,paho805275776713589,topic/security,METAVERSE,5
1716755192728,paho805275776713589,topic/security,METAVERSE,17
1716755192735,paho805275777850818,topic/maintenance,METAVERSE,240
1716755192738,paho805275775406663,topic/g/rfid,METAVERSE,6
1716755192740,paho805275777102321,topic/queueing,METAVERSE,8
1716755192831,paho805275777850818,topic/maintenance,METAVERSE,304
1716755192832,paho805275776713589,topic/security,METAVERSE,80
1716755192910,paho805275776713589,topic/security,METAVERSE,6
1716755192976,paho805275777314734,topic/b/lighting,METAVERSE,5
1716755192976,paho805275775406663,topic/b/lighting,METAVERSE,5
1716755192980,paho805275777850818,topic/maintenance,METAVERSE,433
1716755193019,paho805275775406663,topic/g/noise,METAVERSE,32
1716755193048,paho805275775406663,topic/c/lighting,METAVERSE,5
1716755193048,paho805275777314734,topic/c/lighting,METAVERSE,5
1716755193068,paho805275776713589,topic/security,METAVERSE,5
1716755193084,paho805275777850818,topic/maintenance,METAVERSE,429
1716755193110,paho805275775406663,topic/b/noise,METAVERSE,4
1716755193134,paho805275775406663,topic/e/noise,METAVERSE,11
1716755193231,paho805275777850818,topic/maintenance,METAVERSE,459
1716755193281,paho805275776713589,topic/security,METAVERSE,5
1716755193295,paho805275776713589,topic/security,METAVERSE,10
1716755193329,paho805275777850818,topic/maintenance,METAVERSE,470
1716755193330,paho805275777850818,topic/maintenance,METAVERSE,319
1716755193381,paho805275776713589,topic/security,METAVERSE,50
1716755193383,paho805275777850818,topic/maintenance,METAVERSE,396
1716755193400,paho805275776713589,topic/security,METAVERSE,5
1716755193436,paho805275777850818,topic/maintenance,METAVERSE,424
1716755193501,paho805275776713589,topic/security,METAVERSE,26
1716755193519,paho805275776713589,topic/security,METAVERSE,8
1716755193533,paho805275777850818,topic/maintenance,METAVERSE,427
1716755193539,paho805275775406663,topic/s/noise,METAVERSE,4
1716755193581,paho805275777850818,topic/maintenance,METAVERSE,458
1716755193611,paho805275777314734,topic/c/lighting,METAVERSE,4
1716755193612,paho805275775406663,topic/c/lighting,METAVERSE,5
1716755193649,paho805275776713589,topic/security,METAVERSE,5
1716755193703,paho805275775406663,topic/b/noise,METAVERSE,4
1716755193779,paho805275777850818,topic/maintenance,METAVERSE,324
1716755193780,paho805275777850818,topic/maintenance,METAVERSE,305
1716755193783,paho805275777850818,topic/maintenance,METAVERSE,288
1716755193787,paho805275777850818,topic/maintenance,METAVERSE,252
1716755193791,paho805275777850818,topic/maintenance,METAVERSE,92
1716755193883,paho805275777850818,topic/maintenance,METAVERSE,102
1716755193935,paho805275776713589,topic/security,METAVERSE,8
1716755193985,paho805275776713589,topic/security,METAVERSE,26
1716755194030,paho805275776713589,topic/security,METAVERSE,71
1716755194092,paho805275776713589,topic/security,METAVERSE,9
1716755194135,paho805275777850818,topic/maintenance,METAVERSE,164
1716755194192,paho805275776713589,topic/security,METAVERSE,10
1716755194263,paho805275776713589,topic/security,METAVERSE,9
1716755194282,paho805275777850818,topic/maintenance,METAVERSE,287
1716755194283,paho805275777850818,topic/maintenance,METAVERSE,197
1716755194284,paho805275777850818,topic/maintenance,METAVERSE,192
1716755194317,paho805275775406663,topic/g/lighting,METAVERSE,14
1716755194318,paho805275777314734,topic/g/lighting,METAVERSE,15
1716755194381,paho805275777850818,topic/maintenance,METAVERSE,210
1716755194418,paho805275777314734,topic/b/lighting,METAVERSE,39
1716755194418,paho805275775406663,topic/b/lighting,METAVERSE,39
1716755194464,paho805275776713589,topic/security,METAVERSE,9
1716755194491,paho805275776713589,topic/security,METAVERSE,6
1716755194504,paho805275775406663,topic/g/noise,METAVERSE,19
1716755194518,paho805275775406663,topic/g/lighting,METAVERSE,7
1716755194519,paho805275777314734,topic/g/lighting,METAVERSE,8
1716755194580,paho805275777850818,topic/maintenance,METAVERSE,405
1716755194652,paho805275775406663,topic/d/noise,METAVERSE,5
1716755194730,paho805275776713589,topic/security,METAVERSE,20
1716755194733,paho805275777850818,topic/maintenance,METAVERSE,462
1716755194733,paho805275777850818,topic/maintenance,METAVERSE,446
1716755194733,paho805275777850818,topic/maintenance,METAVERSE,438
1716755194779,paho805275777850818,topic/maintenance,METAVERSE,294
1716755194783,paho805275777850818,topic/maintenance,METAVERSE,224
1716755194783,paho805275777850818,topic/maintenance,METAVERSE,136
1716755194839,paho805275775406663,topic/s/lighting,METAVERSE,5
1716755194839,paho805275777314734,topic/s/lighting,METAVERSE,5
1716755194895,paho805275777314734,topic/d/lighting,METAVERSE,4
1716755194897,paho805275775406663,topic/d/lighting,METAVERSE,6
1716755194931,paho805275775406663,topic/s/lighting,METAVERSE,4
1716755194932,paho805275777314734,topic/s/lighting,METAVERSE,5
1716755194951,paho805275776713589,topic/security,METAVERSE,16
1716755194954,paho805275777314734,topic/d/lighting,METAVERSE,4
1716755194955,paho805275775406663,topic/d/lighting,METAVERSE,5
1716755195072,paho805275776713589,topic/security,METAVERSE,6
1716755195177,paho805275776713589,topic/security,METAVERSE,18
1716755195307,paho805275776713589,topic/security,METAVERSE,15
1716755195309,paho805275776713589,topic/security,METAVERSE,6
1716755195343,paho805275776713589,topic/security,METAVERSE,5
1716755195417,paho805275776713589,topic/security,METAVERSE,6
1716755195472,paho805275775406663,topic/d/rfid,METAVERSE,5
1716755195473,paho805275777102321,topic/queueing,METAVERSE,6
1716755195517,paho805275775406663,topic/s/noise,METAVERSE,4
1716755195567,paho805275776713589,topic/security,METAVERSE,28
1716755195680,paho805275777850818,topic/maintenance,METAVERSE,829
1716755195680,paho805275776713589,topic/security,METAVERSE,13
1716755195730,paho805275777850818,topic/maintenance,METAVERSE,851
1716755195780,paho805275777850818,topic/maintenance,METAVERSE,862
1716755195805,paho805275775406663,topic/d/noise,METAVERSE,6
1716755195831,paho805275777850818,topic/maintenance,METAVERSE,860
1716755195847,paho805275776713589,topic/security,METAVERSE,12
1716755195882,paho805275777850818,topic/maintenance,METAVERSE,911
1716755195935,paho805275777850818,topic/maintenance,METAVERSE,912
1716755195983,paho805275776713589,topic/security,METAVERSE,23
1716755196005,paho805275775406663,topic/b/noise,METAVERSE,10
1716755196035,paho805275777850818,topic/maintenance,METAVERSE,948
1716755196035,paho805275777850818,topic/maintenance,METAVERSE,736
1716755196085,paho805275775406663,topic/v/rfid,METAVERSE,38
1716755196088,paho805275775406663,topic/v/rfid,METAVERSE,9
1716755196090,paho805275775406663,topic/v/rfid,METAVERSE,11
1716755196102,paho805275775406663,topic/b/noise,METAVERSE,7
1716755196131,paho805275777102321,topic/queueing,METAVERSE,84
1716755196171,paho805275775406663,topic/c/rfid,METAVERSE,46
1716755196187,paho805275777850818,topic/maintenance,METAVERSE,804
1716755196197,paho805275775406663,topic/e/lighting,METAVERSE,6
1716755196197,paho805275777314734,topic/e/lighting,METAVERSE,6
1716755196234,paho805275777102321,topic/queueing,METAVERSE,155
1716755196281,paho805275776713589,topic/security,METAVERSE,191
1716755196282,paho805275777850818,topic/maintenance,METAVERSE,815
1716755196282,paho805275776713589,topic/security,METAVERSE,187
1716755196282,paho805275777102321,topic/queueing,METAVERSE,203
1716755196282,paho805275777102321,topic/queueing,METAVERSE,157
1716755196283,paho805275776713589,topic/security,METAVERSE,92
1716755196335,paho805275776713589,topic/security,METAVERSE,40
1716755196354,paho805275775406663,topic/e/noise,METAVERSE,21
1716755196382,paho805275777850818,topic/maintenance,METAVERSE,869
1716755196386,paho805275776713589,topic/security,METAVERSE,11
1716755196476,paho805275777314734,topic/b/lighting,METAVERSE,5
1716755196476,paho805275775406663,topic/b/lighting,METAVERSE,5
1716755196480,paho805275777850818,topic/maintenance,METAVERSE,951
1716755196480,paho805275777850818,topic/maintenance,METAVERSE,933
1716755196480,paho805275777850818,topic/maintenance,METAVERSE,681
1716755196481,paho805275777850818,topic/maintenance,METAVERSE,598
1716755196481,paho805275777850818,topic/maintenance,METAVERSE,486
1716755196481,paho805275777850818,topic/maintenance,METAVERSE,386
1716755196482,paho805275777850818,topic/maintenance,METAVERSE,149
1716755196482,paho805275777850818,topic/maintenance,METAVERSE,139
1716755196530,paho805275777850818,topic/maintenance,METAVERSE,31
1716755196591,paho805275777314734,topic/e/lighting,METAVERSE,4
1716755196592,paho805275775406663,topic/e/lighting,METAVERSE,5
1716755196731,paho805275777850818,topic/maintenance,METAVERSE,88
1716755196732,paho805275776713589,topic/security,METAVERSE,6
1716755196781,paho805275776713589,topic/security,METAVERSE,22
1716755196952,paho805275776713589,topic/security,METAVERSE,5
1716755197031,paho805275775406663,topic/b/lighting,METAVERSE,7
1716755197032,paho805275777314734,topic/b/lighting,METAVERSE,8
1716755197076,paho805275776713589,topic/security,METAVERSE,5
1716755197086,paho805275775406663,topic/v/lighting,METAVERSE,5
1716755197086,paho805275777314734,topic/v/lighting,METAVERSE,5
1716755197112,paho805275776713589,topic/security,METAVERSE,5
1716755197309,paho805275776713589,topic/security,METAVERSE,5
1716755197340,paho805275776713589,topic/security,METAVERSE,27
1716755197383,paho805275776713589,topic/security,METAVERSE,33
1716755197387,paho805275775406663,topic/c/noise,METAVERSE,5
1716755197435,paho805275777850818,topic/maintenance,METAVERSE,53
1716755197436,paho805275777314734,topic/b/lighting,METAVERSE,6
1716755197437,paho805275775406663,topic/b/lighting,METAVERSE,7
1716755197437,paho805275776713589,topic/security,METAVERSE,10
1716755197610,paho805275775406663,topic/v/noise,METAVERSE,7
1716755197632,paho805275777850818,topic/maintenance,METAVERSE,29
1716755197644,paho805275776713589,topic/security,METAVERSE,19
1716755197684,paho805275776713589,topic/security,METAVERSE,5
1716755197733,paho805275776713589,topic/security,METAVERSE,10
1716755197837,paho805275777850818,topic/maintenance,METAVERSE,30
1716755197980,paho805275776713589,topic/security,METAVERSE,9
1716755197987,paho805275777314734,topic/b/lighting,METAVERSE,14
1716755197988,paho805275775406663,topic/b/lighting,METAVERSE,15
1716755198054,paho805275775406663,topic/c/lighting,METAVERSE,5
1716755198055,paho805275777314734,topic/c/lighting,METAVERSE,6
1716755198104,paho805275776713589,topic/security,METAVERSE,5
1716755198119,paho805275775406663,topic/b/noise,METAVERSE,12
1716755198137,paho805275775406663,topic/g/noise,METAVERSE,38
1716755198151,paho805275775406663,topic/e/noise,METAVERSE,4
1716755198179,paho805275777850818,topic/maintenance,METAVERSE,72
1716755198183,paho805275777850818,topic/maintenance,METAVERSE,84
1716755198279,paho805275777850818,topic/maintenance,METAVERSE,132
1716755198315,paho805275776713589,topic/security,METAVERSE,8
1716755198334,paho805275777850818,topic/maintenance,METAVERSE,155
1716755198435,paho805275777850818,topic/maintenance,METAVERSE,212
1716755198566,paho805275775406663,topic/s/noise,METAVERSE,7
1716755198630,paho805275777850818,topic/maintenance,METAVERSE,71
1716755198632,paho805275777314734,topic/c/lighting,METAVERSE,5
1716755198634,paho805275775406663,topic/c/lighting,METAVERSE,7
1716755198682,paho805275777850818,topic/maintenance,METAVERSE,31
1716755198713,paho805275775406663,topic/b/noise,METAVERSE,5
1716755198736,paho805275776713589,topic/security,METAVERSE,5
1716755198780,paho805275777850818,topic/maintenance,METAVERSE,72
1716755198816,paho805275776713589,topic/security,METAVERSE,7
1716755198934,paho805275777850818,topic/maintenance,METAVERSE,27
1716755198959,paho805275776713589,topic/security,METAVERSE,8
1716755199139,paho805275776713589,topic/security,METAVERSE,58
1716755199312,paho805275776713589,topic/security,METAVERSE,5
1716755199349,paho805275776713589,topic/security,METAVERSE,14
1716755199392,paho805275776713589,topic/security,METAVERSE,5
1716755199397,paho805275777314734,topic/g/lighting,METAVERSE,23
1716755199397,paho805275775406663,topic/g/lighting,METAVERSE,23
1716755199436,paho805275775406663,topic/b/lighting,METAVERSE,5
1716755199436,paho805275777314734,topic/b/lighting,METAVERSE,5
1716755199437,paho805275776713589,topic/security,METAVERSE,46
1716755199483,paho805275776713589,topic/security,METAVERSE,55
1716755199519,paho805275777314734,topic/g/lighting,METAVERSE,5
1716755199519,paho805275775406663,topic/g/lighting,METAVERSE,5
1716755199529,paho805275776713589,topic/security,METAVERSE,6
1716755199537,paho805275775406663,topic/g/noise,METAVERSE,14
1716755199561,paho805275775406663,topic/e/rfid,METAVERSE,5
1716755199561,paho805275777102321,topic/queueing,METAVERSE,5
1716755199632,paho805275777850818,topic/maintenance,METAVERSE,109
1716755199664,paho805275775406663,topic/d/noise,METAVERSE,5
1716755199665,paho805275776713589,topic/security,METAVERSE,6
1716755199682,paho805275777850818,topic/maintenance,METAVERSE,23
1716755199699,paho805275776713589,topic/security,METAVERSE,4
1716755199872,paho805275777314734,topic/s/lighting,METAVERSE,5
1716755199872,paho805275775406663,topic/s/lighting,METAVERSE,5
1716755199916,paho805275777314734,topic/d/lighting,METAVERSE,5
1716755199916,paho805275775406663,topic/d/lighting,METAVERSE,5
1716755199963,paho805275775406663,topic/s/lighting,METAVERSE,8
1716755199964,paho805275775406663,topic/d/lighting,METAVERSE,9
1716755199984,paho805275777314734,topic/s/lighting,METAVERSE,29
1716755199986,paho805275777314734,topic/d/lighting,METAVERSE,31
1716755199996,paho805275776713589,topic/security,METAVERSE,9
1716755200134,paho805275776713589,topic/security,METAVERSE,8
1716755200320,paho805275776713589,topic/security,METAVERSE,9
1716755200483,paho805275776713589,topic/security,METAVERSE,8
1716755200527,paho805275775406663,topic/s/noise,METAVERSE,13
1716755200579,paho805275777850818,topic/maintenance,METAVERSE,65
1716755200779,paho805275777850818,topic/maintenance,METAVERSE,155
1716755200794,paho805275776713589,topic/security,METAVERSE,12
1716755200806,paho805275777850818,topic/maintenance,METAVERSE,5
1716755200808,paho805275775406663,topic/d/noise,METAVERSE,7
1716755201012,paho805275776713589,topic/security,METAVERSE,37
1716755201076,paho805275775406663,topic/b/noise,METAVERSE,38
1716755201083,paho805275777850818,topic/maintenance,METAVERSE,45
1716755201094,paho805275775406663,topic/v/rfid,METAVERSE,7
1716755201094,paho805275777102321,topic/queueing,METAVERSE,7
1716755201115,paho805275775406663,topic/b/noise,METAVERSE,4
1716755201134,paho805275776713589,topic/security,METAVERSE,18
1716755201180,paho805275777850818,topic/maintenance,METAVERSE,69
1716755201234,paho805275776713589,topic/security,METAVERSE,7
1716755201239,paho805275775406663,topic/e/lighting,METAVERSE,12
1716755201240,paho805275777314734,topic/e/lighting,METAVERSE,13
1716755201344,paho805275776713589,topic/security,METAVERSE,31
1716755201384,paho805275775406663,topic/e/noise,METAVERSE,9
1716755201387,paho805275777850818,topic/maintenance,METAVERSE,12
1716755201392,paho805275776713589,topic/security,METAVERSE,39
1716755201433,paho805275776713589,topic/security,METAVERSE,42
1716755201483,paho805275776713589,topic/security,METAVERSE,88
1716755201488,paho805275775406663,topic/b/lighting,METAVERSE,13
1716755201488,paho805275777314734,topic/b/lighting,METAVERSE,13
1716755201530,paho805275776713589,topic/security,METAVERSE,93
1716755201599,paho805275775406663,topic/e/lighting,METAVERSE,8
1716755201600,paho805275777314734,topic/e/lighting,METAVERSE,9
1716755201665,paho805275776713589,topic/security,METAVERSE,5
1716755201723,paho805275776713589,topic/security,METAVERSE,12
1716755201739,paho805275775406663,topic/g/rfid,METAVERSE,6
1716755201740,paho805275777102321,topic/queueing,METAVERSE,7
1716755201790,paho805275776713589,topic/security,METAVERSE,12
1716755201934,paho805275777850818,topic/maintenance,METAVERSE,126
1716755201961,paho805275776713589,topic/security,METAVERSE,6
1716755202020,paho805275776713589,topic/security,METAVERSE,5
1716755202107,paho805275775406663,topic/b/lighting,METAVERSE,20
1716755202115,paho805275775406663,topic/v/lighting,METAVERSE,7
1716755202118,paho805275777314734,topic/b/lighting,METAVERSE,31
1716755202125,paho805275777314734,topic/v/lighting,METAVERSE,17
1716755202132,paho805275776713589,topic/security,METAVERSE,5
1716755202183,paho805275777850818,topic/maintenance,METAVERSE,160
1716755202324,paho805275776713589,topic/security,METAVERSE,5
1716755202418,paho805275775406663,topic/c/noise,METAVERSE,5
1716755202432,paho805275777850818,topic/maintenance,METAVERSE,252
1716755202451,paho805275775406663,topic/b/lighting,METAVERSE,4
1716755202452,paho805275777314734,topic/b/lighting,METAVERSE,5
1716755202536,paho805275777850818,topic/maintenance,METAVERSE,123
1716755202614,paho805275775406663,topic/v/noise,METAVERSE,7
1716755202682,paho805275777850818,topic/maintenance,METAVERSE,75
1716755202778,paho805275776713589,topic/security,METAVERSE,6
1716755202808,paho805275776713589,topic/security,METAVERSE,5
1716755202999,paho805275775406663,topic/b/lighting,METAVERSE,5
1716755203000,paho805275777314734,topic/b/lighting,METAVERSE,6
1716755203014,paho805275776713589,topic/security,METAVERSE,7
1716755203055,paho805275775406663,topic/c/lighting,METAVERSE,5
1716755203056,paho805275777314734,topic/c/lighting,METAVERSE,6
1716755203122,paho805275776713589,topic/security,METAVERSE,5
1716755203129,paho805275775406663,topic/b/noise,METAVERSE,7
1716755203164,paho805275775406663,topic/e/noise,METAVERSE,5
1716755203191,paho805275775406663,topic/g/noise,METAVERSE,28
1716755203352,paho805275776713589,topic/security,METAVERSE,6
1716755203381,paho805275777850818,topic/maintenance,METAVERSE,293
1716755203403,paho805275776713589,topic/security,METAVERSE,6
1716755203432,paho805275777850818,topic/maintenance,METAVERSE,345
1716755203432,paho805275777850818,topic/maintenance,METAVERSE,310
1716755203433,paho805275777850818,topic/maintenance,METAVERSE,274
1716755203433,paho805275777850818,topic/maintenance,METAVERSE,270
1716755203443,paho805275776713589,topic/security,METAVERSE,32
1716755203479,paho805275776713589,topic/security,METAVERSE,24
1716755203516,paho805275776713589,topic/security,METAVERSE,9
1716755203575,paho805275775406663,topic/s/noise,METAVERSE,4
1716755203581,paho805275777850818,topic/maintenance,METAVERSE,10
1716755203637,paho805275777314734,topic/c/lighting,METAVERSE,9
1716755203638,paho805275775406663,topic/c/lighting,METAVERSE,10
1716755203676,paho805275776713589,topic/security,METAVERSE,5
1716755203723,paho805275775406663,topic/b/noise,METAVERSE,5
1716755203731,paho805275777850818,topic/maintenance,METAVERSE,13
1716755203742,paho805275775406663,topic/s/rfid,METAVERSE,34
1716755203743,paho805275777102321,topic/queueing,METAVERSE,35
1716755203784,paho805275776713589,topic/security,METAVERSE,47
1716755203820,paho805275776713589,topic/security,METAVERSE,15
1716755204032,paho805275777850818,topic/maintenance,METAVERSE,39
1716755204041,paho805275776713589,topic/security,METAVERSE,5
1716755204152,paho805275776713589,topic/security,METAVERSE,5
1716755204331,paho805275777850818,topic/maintenance,METAVERSE,183
1716755204332,paho805275777850818,topic/maintenance,METAVERSE,189
1716755204333,paho805275777850818,topic/maintenance,METAVERSE,74
1716755204344,paho805275776713589,topic/security,METAVERSE,5
1716755204458,paho805275775406663,topic/g/lighting,METAVERSE,5
1716755204459,paho805275777314734,topic/g/lighting,METAVERSE,6
1716755204471,paho805275775406663,topic/b/lighting,METAVERSE,4
1716755204474,paho805275776713589,topic/security,METAVERSE,15
1716755204475,paho805275777314734,topic/b/lighting,METAVERSE,8
1716755204497,paho805275776713589,topic/security,METAVERSE,6
1716755204532,paho805275775406663,topic/g/lighting,METAVERSE,5
1716755204533,paho805275777314734,topic/g/lighting,METAVERSE,6
1716755204538,paho805275775406663,topic/g/noise,METAVERSE,5
1716755204591,paho805275776713589,topic/security,METAVERSE,58
1716755204632,paho805275777850818,topic/maintenance,METAVERSE,99
1716755204667,paho805275775406663,topic/d/noise,METAVERSE,4
1716755204824,paho805275776713589,topic/security,METAVERSE,5
1716755204884,paho805275775406663,topic/s/lighting,METAVERSE,5
1716755204885,paho805275777314734,topic/s/lighting,METAVERSE,6
1716755204936,paho805275775406663,topic/d/lighting,METAVERSE,5
1716755204936,paho805275777314734,topic/d/lighting,METAVERSE,5
1716755204979,paho805275777850818,topic/maintenance,METAVERSE,316
1716755204990,paho805275775406663,topic/s/lighting,METAVERSE,7
1716755204990,paho805275777314734,topic/s/lighting,METAVERSE,7
1716755205003,paho805275775406663,topic/d/lighting,METAVERSE,16
1716755205005,paho805275777314734,topic/d/lighting,METAVERSE,18
1716755205013,paho805275776713589,topic/security,METAVERSE,5
1716755205023,paho805275777850818,topic/maintenance,METAVERSE,152
1716755205122,paho805275776713589,topic/security,METAVERSE,5
1716755205384,paho805275776713589,topic/security,METAVERSE,36
1716755205431,paho805275776713589,topic/security,METAVERSE,34
1716755205455,paho805275776713589,topic/security,METAVERSE,12
1716755205481,paho805275776713589,topic/security,METAVERSE,18
1716755205544,paho805275775406663,topic/s/noise,METAVERSE,5
1716755205567,paho805275775406663,topic/e/rfid,METAVERSE,4
1716755205569,paho805275777102321,topic/queueing,METAVERSE,6
1716755205633,paho805275777850818,topic/maintenance,METAVERSE,94
1716755205715,paho805275776713589,topic/security,METAVERSE,14
1716755205751,paho805275776713589,topic/security,METAVERSE,13
1716755205817,paho805275776713589,topic/security,METAVERSE,6
1716755205827,paho805275775406663,topic/d/noise,METAVERSE,4
1716755205879,paho805275777850818,topic/maintenance,METAVERSE,63
1716755205979,paho805275777850818,topic/maintenance,METAVERSE,156
1716755206042,paho805275776713589,topic/security,METAVERSE,6
1716755206076,paho805275775406663,topic/b/noise,METAVERSE,5
1716755206116,paho805275776713589,topic/security,METAVERSE,9
1716755206131,paho805275776713589,topic/security,METAVERSE,36
1716755206163,paho805275776713589,topic/security,METAVERSE,4
1716755206168,paho805275775406663,topic/b/noise,METAVERSE,5
1716755206183,paho805275777850818,topic/maintenance,METAVERSE,112
1716755206183,paho805275777850818,topic/maintenance,METAVERSE,20
1716755206221,paho805275776713589,topic/security,METAVERSE,22
1716755206241,paho805275775406663,topic/e/lighting,METAVERSE,6
1716755206242,paho805275776713589,topic/security,METAVERSE,7
1716755206242,paho805275777314734,topic/e/lighting,METAVERSE,7
1716755206344,paho805275776713589,topic/security,METAVERSE,4
1716755206371,paho805275777102321,topic/occupancy,METAVERSE,29820
1716755206371,paho805275777102321,topic/occupancy,METAVERSE,29600
1716755206371,paho805275777102321,topic/occupancy,METAVERSE,29524
1716755206371,paho805275777102321,topic/occupancy,METAVERSE,29332
1716755206385,paho805275777850818,topic/maintenance,METAVERSE,200
1716755206388,paho805275775406663,topic/e/noise,METAVERSE,7
1716755206424,paho805275776713589,topic/security,METAVERSE,5
1716755206528,paho805275775406663,topic/b/lighting,METAVERSE,5
1716755206529,paho805275777314734,topic/b/lighting,METAVERSE,6
1716755206583,paho805275777850818,topic/maintenance,METAVERSE,202
1716755206608,paho805275775406663,topic/e/lighting,METAVERSE,5
1716755206647,paho805275777314734,topic/e/lighting,METAVERSE,44
1716755206768,paho805275775406663,topic/g/rfid,METAVERSE,5
1716755206771,paho805275777102321,topic/queueing,METAVERSE,8
1716755206801,paho805275776713589,topic/security,METAVERSE,6
1716755206848,paho805275776713589,topic/security,METAVERSE,22
1716755206914,paho805275776713589,topic/security,METAVERSE,36
1716755207024,paho805275776713589,topic/security,METAVERSE,5
1716755207085,paho805275777850818,topic/maintenance,METAVERSE,38
1716755207128,paho805275775406663,topic/b/lighting,METAVERSE,5
1716755207128,paho805275777314734,topic/b/lighting,METAVERSE,5
1716755207131,paho805275775406663,topic/v/lighting,METAVERSE,4
1716755207132,paho805275777314734,topic/v/lighting,METAVERSE,5
1716755207167,paho805275776713589,topic/security,METAVERSE,44
1716755207306,paho805275776713589,topic/security,METAVERSE,47
1716755207327,paho805275777850818,topic/maintenance,METAVERSE,7
1716755207418,paho805275775406663,topic/c/noise,METAVERSE,4
1716755207420,paho805275777850818,topic/maintenance,METAVERSE,6
1716755207436,paho805275776713589,topic/security,METAVERSE,37
1716755207459,paho805275775406663,topic/b/lighting,METAVERSE,10
1716755207460,paho805275777314734,topic/b/lighting,METAVERSE,11
1716755207479,paho805275776713589,topic/security,METAVERSE,78
1716755207523,paho805275776713589,topic/security,METAVERSE,59
1716755207532,paho805275776713589,topic/security,METAVERSE,67
1716755207628,paho805275775406663,topic/v/noise,METAVERSE,5
1716755207628,paho805275777850818,topic/maintenance,METAVERSE,5
1716755207709,paho805275777850818,topic/maintenance,METAVERSE,6
1716755207716,paho805275776713589,topic/security,METAVERSE,5
1716755207776,paho805275776713589,topic/security,METAVERSE,5
1716755207852,paho805275776713589,topic/security,METAVERSE,13
1716755208009,paho805275775406663,topic/b/lighting,METAVERSE,12
1716755208009,paho805275777314734,topic/b/lighting,METAVERSE,12
1716755208052,paho805275776713589,topic/security,METAVERSE,5
1716755208085,paho805275775406663,topic/c/lighting,METAVERSE,18
1716755208086,paho805275777314734,topic/c/lighting,METAVERSE,19
1716755208137,paho805275775406663,topic/b/noise,METAVERSE,6
1716755208139,paho805275777850818,topic/maintenance,METAVERSE,8
1716755208164,paho805275775406663,topic/e/noise,METAVERSE,4
1716755208231,paho805275775406663,topic/c/rfid,METAVERSE,43
