1716736503192,paho786626349598883,topic/security,METAVERSE,659
1716736503192,paho786626349816395,topic/occupancy,METAVERSE,659
1716736503787,paho786626349598883,topic/security,METAVERSE,115
1716736503905,paho786626350165352,topic/maintenance,METAVERSE,445
1716736504027,paho786626350165352,topic/maintenance,METAVERSE,273
1716736504134,paho786626348985480,topic/d/lighting,METAVERSE,81
1716736504173,paho786626349995698,topic/d/lighting,METAVERSE,120
1716736504445,paho786626348985480,topic/d/noise,METAVERSE,38
1716736504487,paho786626350165352,topic/maintenance,METAVERSE,80
1716736504534,paho786626348985480,topic/v/lighting,METAVERSE,205
1716736504564,paho786626349995698,topic/v/lighting,METAVERSE,235
1716736504687,paho786626349598883,topic/security,METAVERSE,65
1716736504697,paho786626349598883,topic/security,METAVERSE,207
1716736504731,paho786626349816395,topic/occupancy,METAVERSE,109
1716736504836,paho786626349598883,topic/security,METAVERSE,90
1716736504973,paho786626349598883,topic/security,METAVERSE,208
1716736505043,paho786626349598883,topic/security,METAVERSE,69
1716736505138,paho786626350165352,topic/maintenance,METAVERSE,99
1716736505148,paho786626349598883,topic/security,METAVERSE,64
1716736505188,paho786626349816395,topic/occupancy,METAVERSE,214
1716736505188,paho786626350165352,topic/maintenance,METAVERSE,38
1716736505226,paho786626348985480,topic/v/noise,METAVERSE,17
1716736505302,paho786626350165352,topic/maintenance,METAVERSE,93
1716736505447,paho786626350165352,topic/maintenance,METAVERSE,51
1716736505518,paho786626350165352,topic/maintenance,METAVERSE,62
1716736505557,paho786626348985480,topic/d/noise,METAVERSE,9
1716736505567,paho786626350165352,topic/maintenance,METAVERSE,19
1716736505727,paho786626349598883,topic/security,METAVERSE,47
1716736505863,paho786626348985480,topic/v/rfid,METAVERSE,31
1716736505900,paho786626349816395,topic/queueing,METAVERSE,68
1716736505915,paho786626350165352,topic/maintenance,METAVERSE,123
1716736505961,paho786626349816395,topic/occupancy,METAVERSE,129
1716736505970,paho786626349598883,topic/security,METAVERSE,54
1716736506013,paho786626348985480,topic/c/rfid,METAVERSE,19
1716736506035,paho786626349816395,topic/queueing,METAVERSE,41
1716736506035,paho786626350165352,topic/maintenance,METAVERSE,47
1716736506123,paho786626349995698,topic/c/lighting,METAVERSE,15
1716736506127,paho786626348985480,topic/c/lighting,METAVERSE,19
1716736506231,paho786626349816395,topic/occupancy,METAVERSE,237
1716736506332,paho786626350165352,topic/maintenance,METAVERSE,86
1716736506376,paho786626348985480,topic/c/noise,METAVERSE,6
1716736506387,paho786626350165352,topic/maintenance,METAVERSE,17
1716736506414,paho786626349995698,topic/c/lighting,METAVERSE,36
1716736506420,paho786626348985480,topic/c/lighting,METAVERSE,42
1716736506637,paho786626349995698,topic/s/lighting,METAVERSE,65
1716736506640,paho786626348985480,topic/s/lighting,METAVERSE,68
1716736506747,paho786626349598883,topic/security,METAVERSE,56
1716736506781,paho786626350165352,topic/maintenance,METAVERSE,197
1716736506836,paho786626349816395,topic/occupancy,METAVERSE,145
1716736506855,paho786626350165352,topic/maintenance,METAVERSE,54
1716736506959,paho786626349995698,topic/d/lighting,METAVERSE,16
1716736506962,paho786626348985480,topic/d/lighting,METAVERSE,19
1716736506977,paho786626350165352,topic/maintenance,METAVERSE,74
1716736507019,paho786626350165352,topic/maintenance,METAVERSE,67
1716736507116,paho786626349598883,topic/security,METAVERSE,84
1716736507193,paho786626349816395,topic/occupancy,METAVERSE,161
1716736507201,paho786626349598883,topic/security,METAVERSE,42
1716736507271,paho786626349816395,topic/occupancy,METAVERSE,112
1716736507327,paho786626349598883,topic/security,METAVERSE,35
1716736507393,paho786626350165352,topic/maintenance,METAVERSE,66
1716736507393,paho786626350165352,topic/maintenance,METAVERSE,67
1716736507855,paho786626349995698,topic/g/lighting,METAVERSE,19
1716736507858,paho786626348985480,topic/g/lighting,METAVERSE,22
1716736507974,paho786626349598883,topic/security,METAVERSE,58
1716736508086,paho786626350165352,topic/maintenance,METAVERSE,12
1716736508223,paho786626350165352,topic/maintenance,METAVERSE,63
1716736508304,paho786626350165352,topic/maintenance,METAVERSE,16
1716736508343,paho786626349995698,topic/s/lighting,METAVERSE,56
1716736508346,paho786626348985480,topic/s/lighting,METAVERSE,59
1716736508487,paho786626350165352,topic/maintenance,METAVERSE,27
1716736508487,paho786626350165352,topic/maintenance,METAVERSE,12
1716736508534,paho786626350165352,topic/maintenance,METAVERSE,82
1716736508587,paho786626349598883,topic/security,METAVERSE,24
1716736508766,paho786626348985480,topic/s/noise,METAVERSE,20
1716736508771,paho786626350165352,topic/maintenance,METAVERSE,25
1716736508795,paho786626349598883,topic/security,METAVERSE,15
1716736508824,paho786626349598883,topic/security,METAVERSE,41
1716736508835,paho786626350165352,topic/maintenance,METAVERSE,28
1716736508858,paho786626348985480,topic/d/rfid,METAVERSE,6
1716736508860,paho786626349598883,topic/security,METAVERSE,49
1716736508883,paho786626349816395,topic/queueing,METAVERSE,31
1716736508883,paho786626349816395,topic/occupancy,METAVERSE,103
1716736508907,paho786626350165352,topic/maintenance,METAVERSE,99
1716736508907,paho786626349598883,topic/security,METAVERSE,100
1716736508935,paho786626349598883,topic/security,METAVERSE,51
1716736509014,paho786626349598883,topic/security,METAVERSE,48
1716736509052,paho786626349995698,topic/g/lighting,METAVERSE,43
1716736509053,paho786626349598883,topic/security,METAVERSE,33
1716736509055,paho786626348985480,topic/g/lighting,METAVERSE,46
1716736509098,paho786626350165352,topic/maintenance,METAVERSE,67
1716736509098,paho786626350165352,topic/maintenance,METAVERSE,79
1716736509147,paho786626348985480,topic/s/noise,METAVERSE,76
1716736509177,paho786626349995698,topic/d/lighting,METAVERSE,54
1716736509180,paho786626350165352,topic/maintenance,METAVERSE,109
1716736509184,paho786626348985480,topic/d/lighting,METAVERSE,61
1716736509215,paho786626349816395,topic/occupancy,METAVERSE,432
1716736509218,paho786626349598883,topic/security,METAVERSE,40
1716736509279,paho786626349598883,topic/security,METAVERSE,28
1716736509338,paho786626349816395,topic/occupancy,METAVERSE,527
1716736509349,paho786626350165352,topic/maintenance,METAVERSE,39
1716736509366,paho786626350165352,topic/maintenance,METAVERSE,28
1716736509409,paho786626348985480,topic/e/noise,METAVERSE,8
1716736509439,paho786626350165352,topic/maintenance,METAVERSE,38
1716736509481,paho786626348985480,topic/d/noise,METAVERSE,32
1716736509487,paho786626350165352,topic/maintenance,METAVERSE,38
1716736509531,paho786626349816395,topic/occupancy,METAVERSE,679
1716736509531,paho786626350165352,topic/maintenance,METAVERSE,79
1716736509553,paho786626348985480,topic/g/noise,METAVERSE,15
1716736509589,paho786626349995698,topic/v/lighting,METAVERSE,36
1716736509597,paho786626348985480,topic/v/lighting,METAVERSE,44
1716736509636,paho786626350165352,topic/maintenance,METAVERSE,98
1716736509687,paho786626349816395,topic/occupancy,METAVERSE,509
1716736509687,paho786626350165352,topic/maintenance,METAVERSE,93
1716736509731,paho786626350165352,topic/maintenance,METAVERSE,19
1716736509808,paho786626349816395,topic/occupancy,METAVERSE,557
1716736510058,paho786626349816395,topic/queueing,METAVERSE,58
1716736510061,paho786626348985480,topic/s/rfid,METAVERSE,61
1716736510201,paho786626349816395,topic/occupancy,METAVERSE,201
1716736510249,paho786626349598883,topic/security,METAVERSE,11
1716736510262,paho786626350165352,topic/maintenance,METAVERSE,114
1716736510286,paho786626348985480,topic/v/noise,METAVERSE,19
1716736510363,paho786626350165352,topic/maintenance,METAVERSE,96
1716736510383,paho786626350165352,topic/maintenance,METAVERSE,128
1716736510405,paho786626349995698,topic/e/lighting,METAVERSE,5
1716736510414,paho786626348985480,topic/e/lighting,METAVERSE,14
1716736510435,paho786626350165352,topic/maintenance,METAVERSE,92
1716736510638,paho786626348985480,topic/d/noise,METAVERSE,31
1716736510642,paho786626350165352,topic/maintenance,METAVERSE,35
1716736510717,paho786626349598883,topic/security,METAVERSE,27
1716736510791,paho786626350165352,topic/maintenance,METAVERSE,351
1716736510811,paho786626349598883,topic/security,METAVERSE,76
1716736510836,paho786626349598883,topic/security,METAVERSE,155
1716736510839,paho786626349816395,topic/occupancy,METAVERSE,149
1716736510851,paho786626349598883,topic/security,METAVERSE,13
1716736510896,paho786626349598883,topic/security,METAVERSE,58
1716736510928,paho786626349598883,topic/security,METAVERSE,20
1716736510936,paho786626349995698,topic/b/lighting,METAVERSE,60
1716736510939,paho786626348985480,topic/b/lighting,METAVERSE,63
1716736510957,paho786626349598883,topic/security,METAVERSE,151
1716736510967,paho786626349816395,topic/occupancy,METAVERSE,286
1716736511071,paho786626349816395,topic/occupancy,METAVERSE,233
1716736511093,paho786626350165352,topic/maintenance,METAVERSE,48
1716736511199,paho786626349816395,topic/occupancy,METAVERSE,361
1716736511202,paho786626348985480,topic/g/noise,METAVERSE,26
1716736511214,paho786626349995698,topic/e/lighting,METAVERSE,16
1716736511225,paho786626348985480,topic/e/lighting,METAVERSE,27
1716736511247,paho786626349598883,topic/security,METAVERSE,20
1716736511248,paho786626349995698,topic/c/lighting,METAVERSE,131
1716736511251,paho786626348985480,topic/c/lighting,METAVERSE,134
1716736511285,paho786626350165352,topic/maintenance,METAVERSE,109
1716736511291,paho786626349816395,topic/occupancy,METAVERSE,383
1716736511379,paho786626349816395,topic/occupancy,METAVERSE,152
1716736511400,paho786626348985480,topic/c/noise,METAVERSE,29
1716736511407,paho786626349598883,topic/security,METAVERSE,48
1716736511417,paho786626350165352,topic/maintenance,METAVERSE,46
1716736511428,paho786626349995698,topic/c/lighting,METAVERSE,16
1716736511439,paho786626349816395,topic/queueing,METAVERSE,71
1716736511440,paho786626348985480,topic/g/rfid,METAVERSE,72
1716736511442,paho786626348985480,topic/c/lighting,METAVERSE,30
1716736511523,paho786626349598883,topic/security,METAVERSE,48
1716736511531,paho786626350165352,topic/maintenance,METAVERSE,94
1716736511563,paho786626349816395,topic/occupancy,METAVERSE,204
1716736511659,paho786626349816395,topic/occupancy,METAVERSE,291
1716736511679,paho786626350165352,topic/maintenance,METAVERSE,28
1716736511719,paho786626350165352,topic/maintenance,METAVERSE,38
1716736511810,paho786626349995698,topic/s/lighting,METAVERSE,31
1716736511813,paho786626348985480,topic/s/lighting,METAVERSE,34
1716736512041,paho786626350165352,topic/maintenance,METAVERSE,7
1716736512055,paho786626349995698,topic/d/lighting,METAVERSE,8
1716736512058,paho786626348985480,topic/d/lighting,METAVERSE,11
1716736512227,paho786626350165352,topic/maintenance,METAVERSE,16
1716736512535,paho786626348985480,topic/e/noise,METAVERSE,5
1716736512545,paho786626350165352,topic/maintenance,METAVERSE,15
1716736512652,paho786626348985480,topic/e/rfid,METAVERSE,9
1716736512661,paho786626349816395,topic/queueing,METAVERSE,18
1716736512831,paho786626349598883,topic/security,METAVERSE,28
1716736512859,paho786626349995698,topic/g/lighting,METAVERSE,11
1716736512862,paho786626348985480,topic/g/lighting,METAVERSE,14
1716736512870,paho786626349598883,topic/security,METAVERSE,14
1716736512904,paho786626349598883,topic/security,METAVERSE,18
1716736512908,paho786626349816395,topic/occupancy,METAVERSE,265
1716736512936,paho786626349598883,topic/security,METAVERSE,17
1716736512947,paho786626349598883,topic/security,METAVERSE,14
1716736513034,paho786626349598883,topic/security,METAVERSE,18
1716736513035,paho786626349598883,topic/security,METAVERSE,32
1716736513035,paho786626349816395,topic/occupancy,METAVERSE,232
1716736513093,paho786626349816395,topic/occupancy,METAVERSE,237
1716736513187,paho786626349816395,topic/occupancy,METAVERSE,301
1716736513248,paho786626349816395,topic/occupancy,METAVERSE,329
1716736513285,paho786626349598883,topic/security,METAVERSE,37
1716736513352,paho786626349816395,topic/occupancy,METAVERSE,419
1716736513434,paho786626349816395,topic/occupancy,METAVERSE,431
1716736513469,paho786626349995698,topic/s/lighting,METAVERSE,44
1716736513472,paho786626348985480,topic/s/lighting,METAVERSE,47
1716736513489,paho786626349598883,topic/security,METAVERSE,38
1716736513539,paho786626349816395,topic/occupancy,METAVERSE,291
1716736513638,paho786626349816395,topic/occupancy,METAVERSE,187
1716736513867,paho786626348985480,topic/d/rfid,METAVERSE,12
1716736513878,paho786626349816395,topic/queueing,METAVERSE,23
1716736513942,paho786626349816395,topic/occupancy,METAVERSE,87
1716736513956,paho786626348985480,topic/s/noise,METAVERSE,110
1716736513960,paho786626348985480,topic/v/rfid,METAVERSE,49
1716736513973,paho786626349816395,topic/queueing,METAVERSE,62
1716736513999,paho786626350165352,topic/maintenance,METAVERSE,153
1716736514056,paho786626349816395,topic/occupancy,METAVERSE,145
1716736514087,paho786626349995698,topic/g/lighting,METAVERSE,35
1716736514089,paho786626348985480,topic/g/lighting,METAVERSE,37
1716736514176,paho786626348985480,topic/s/noise,METAVERSE,24
1716736514187,paho786626350165352,topic/maintenance,METAVERSE,35
1716736514233,paho786626349995698,topic/d/lighting,METAVERSE,14
1716736514245,paho786626348985480,topic/d/lighting,METAVERSE,26
1716736514416,paho786626349995698,topic/b/lighting,METAVERSE,39
1716736514431,paho786626350165352,topic/maintenance,METAVERSE,35
1716736514432,paho786626348985480,topic/b/lighting,METAVERSE,55
1716736514438,paho786626349598883,topic/security,METAVERSE,26
1716736514446,paho786626348985480,topic/b/noise,METAVERSE,51
1716736514452,paho786626350165352,topic/maintenance,METAVERSE,57
1716736514459,paho786626348985480,topic/b/noise,METAVERSE,83
1716736514464,paho786626349598883,topic/security,METAVERSE,86
1716736514491,paho786626350165352,topic/maintenance,METAVERSE,115
1716736514495,paho786626348985480,topic/e/noise,METAVERSE,12
1716736514511,paho786626350165352,topic/maintenance,METAVERSE,28
1716736514539,paho786626348985480,topic/d/noise,METAVERSE,24
1716736514541,paho786626350165352,topic/maintenance,METAVERSE,26
1716736514630,paho786626348985480,topic/g/noise,METAVERSE,23
1716736514631,paho786626350165352,topic/maintenance,METAVERSE,24
1716736514651,paho786626348985480,topic/v/lighting,METAVERSE,12
1716736514659,paho786626349995698,topic/v/lighting,METAVERSE,20
1716736514679,paho786626349816395,topic/occupancy,METAVERSE,301
1716736514695,paho786626349598883,topic/security,METAVERSE,63
1716736514883,paho786626349598883,topic/security,METAVERSE,24
1716736514903,paho786626349598883,topic/security,METAVERSE,24
1716736514985,paho786626349816395,topic/occupancy,METAVERSE,126
1716736514996,paho786626349598883,topic/security,METAVERSE,65
1716736515038,paho786626349598883,topic/security,METAVERSE,52
1716736515073,paho786626349598883,topic/security,METAVERSE,38
1716736515088,paho786626349816395,topic/occupancy,METAVERSE,209
1716736515137,paho786626349598883,topic/security,METAVERSE,32
1716736515196,paho786626350165352,topic/maintenance,METAVERSE,96
1716736515253,paho786626349816395,topic/occupancy,METAVERSE,322
1716736515287,paho786626349598883,topic/security,METAVERSE,16
1716736515320,paho786626349598883,topic/security,METAVERSE,21
1716736515379,paho786626348985480,topic/v/noise,METAVERSE,12
1716736515380,paho786626349816395,topic/occupancy,METAVERSE,394
1716736515404,paho786626350165352,topic/maintenance,METAVERSE,37
1716736515451,paho786626349816395,topic/occupancy,METAVERSE,416
1716736515487,paho786626349995698,topic/b/lighting,METAVERSE,24
1716736515499,paho786626349995698,topic/e/lighting,METAVERSE,24
1716736515502,paho786626348985480,topic/b/lighting,METAVERSE,39
1716736515504,paho786626348985480,topic/e/lighting,METAVERSE,29
1716736515531,paho786626350165352,topic/maintenance,METAVERSE,26
1716736515551,paho786626349816395,topic/occupancy,METAVERSE,446
1716736515613,paho786626349598883,topic/security,METAVERSE,54
1716736515641,paho786626349816395,topic/occupancy,METAVERSE,370
1716736515694,paho786626349598883,topic/security,METAVERSE,6
1716736515709,paho786626348985480,topic/d/noise,METAVERSE,54
1716736515736,paho786626350165352,topic/maintenance,METAVERSE,88
1716736515736,paho786626350165352,topic/maintenance,METAVERSE,81
1716736515780,paho786626349816395,topic/occupancy,METAVERSE,221
1716736515886,paho786626350165352,topic/maintenance,METAVERSE,22
1716736515973,paho786626349995698,topic/b/lighting,METAVERSE,15
1716736515978,paho786626349598883,topic/security,METAVERSE,139
1716736515987,paho786626350165352,topic/maintenance,METAVERSE,15
1716736515989,paho786626348985480,topic/b/lighting,METAVERSE,31
1716736516027,paho786626349598883,topic/security,METAVERSE,6
1716736516079,paho786626349598883,topic/security,METAVERSE,47
1716736516234,paho786626349995698,topic/c/lighting,METAVERSE,6
1716736516238,paho786626348985480,topic/c/lighting,METAVERSE,10
1716736516269,paho786626348985480,topic/g/noise,METAVERSE,64
1716736516270,paho786626350165352,topic/maintenance,METAVERSE,65
1716736516299,paho786626348985480,topic/b/noise,METAVERSE,18
1716736516304,paho786626350165352,topic/maintenance,METAVERSE,23
1716736516339,paho786626349995698,topic/e/lighting,METAVERSE,5
1716736516342,paho786626348985480,topic/e/lighting,METAVERSE,8
1716736516400,paho786626348985480,topic/b/rfid,METAVERSE,25
1716736516411,paho786626349816395,topic/queueing,METAVERSE,36
1716736516439,paho786626350165352,topic/maintenance,METAVERSE,35
1716736516482,paho786626348985480,topic/c/noise,METAVERSE,75
1716736516487,paho786626350165352,topic/maintenance,METAVERSE,80
1716736516497,paho786626349995698,topic/c/lighting,METAVERSE,23
1716736516498,paho786626348985480,topic/c/lighting,METAVERSE,24
1716736516515,paho786626349816395,topic/occupancy,METAVERSE,140
1716736516548,paho786626349598883,topic/security,METAVERSE,42
1716736516615,paho786626348985480,topic/b/noise,METAVERSE,46
1716736516624,paho786626350165352,topic/maintenance,METAVERSE,55
1716736516645,paho786626349816395,topic/occupancy,METAVERSE,139
1716736516794,paho786626350165352,topic/maintenance,METAVERSE,24
1716736516870,paho786626348985480,topic/s/lighting,METAVERSE,15
1716736516874,paho786626349995698,topic/s/lighting,METAVERSE,19
1716736516891,paho786626349598883,topic/security,METAVERSE,11
1716736516938,paho786626349816395,topic/occupancy,METAVERSE,58
1716736516947,paho786626349598883,topic/security,METAVERSE,28
1716736517008,paho786626349598883,topic/security,METAVERSE,11
1716736517077,paho786626349816395,topic/occupancy,METAVERSE,158
1716736517100,paho786626349598883,topic/security,METAVERSE,26
1716736517123,paho786626348985480,topic/b/lighting,METAVERSE,22
1716736517125,paho786626349995698,topic/b/lighting,METAVERSE,24
1716736517143,paho786626349816395,topic/occupancy,METAVERSE,146
1716736517146,paho786626349995698,topic/d/lighting,METAVERSE,7
1716736517147,paho786626348985480,topic/d/lighting,METAVERSE,8
1716736517171,paho786626349816395,topic/occupancy,METAVERSE,97
1716736517176,paho786626349598883,topic/security,METAVERSE,83
1716736517231,paho786626349816395,topic/occupancy,METAVERSE,138
1716736517248,paho786626349598883,topic/security,METAVERSE,9
1716736517295,paho786626349816395,topic/occupancy,METAVERSE,56
1716736517309,paho786626349598883,topic/security,METAVERSE,11
1716736517332,paho786626349598883,topic/security,METAVERSE,17
1716736517388,paho786626349816395,topic/occupancy,METAVERSE,73
1716736517401,paho786626348985480,topic/b/lighting,METAVERSE,6
1716736517409,paho786626349995698,topic/b/lighting,METAVERSE,14
1716736517447,paho786626348985480,topic/g/rfid,METAVERSE,9
1716736517464,paho786626349816395,topic/queueing,METAVERSE,26
1716736517568,paho786626348985480,topic/e/noise,METAVERSE,5
1716736517591,paho786626350165352,topic/maintenance,METAVERSE,28
1716736517603,paho786626349816395,topic/occupancy,METAVERSE,165
1716736517721,paho786626349598883,topic/security,METAVERSE,70
1716736517759,paho786626349598883,topic/security,METAVERSE,45
1716736517789,paho786626349598883,topic/security,METAVERSE,29
1716736517813,paho786626349816395,topic/occupancy,METAVERSE,162
1716736517907,paho786626349816395,topic/occupancy,METAVERSE,193
1716736517936,paho786626348985480,topic/g/lighting,METAVERSE,77
1716736517938,paho786626349995698,topic/g/lighting,METAVERSE,79
1716736518024,paho786626349598883,topic/security,METAVERSE,17
1716736518506,paho786626348985480,topic/s/lighting,METAVERSE,19
1716736518508,paho786626349995698,topic/s/lighting,METAVERSE,21
1716736518587,paho786626349598883,topic/security,METAVERSE,13
1716736518600,paho786626349598883,topic/security,METAVERSE,17
1716736518653,paho786626349816395,topic/occupancy,METAVERSE,70
1716736518840,paho786626349598883,topic/security,METAVERSE,11
1716736518916,paho786626349598883,topic/security,METAVERSE,17
1716736518977,paho786626349816395,topic/occupancy,METAVERSE,78
1716736519074,paho786626349598883,topic/security,METAVERSE,27
1716736519089,paho786626349598883,topic/security,METAVERSE,42
1716736519090,paho786626349598883,topic/security,METAVERSE,43
1716736519095,paho786626348985480,topic/s/noise,METAVERSE,64
1716736519113,paho786626349598883,topic/security,METAVERSE,33
1716736519136,paho786626348985480,topic/g/lighting,METAVERSE,25
1716736519139,paho786626350165352,topic/maintenance,METAVERSE,108
1716736519140,paho786626349995698,topic/g/lighting,METAVERSE,29
1716736519160,paho786626349598883,topic/security,METAVERSE,48
1716736519168,paho786626349816395,topic/occupancy,METAVERSE,121
1716736519208,paho786626348985480,topic/s/noise,METAVERSE,9
1716736519250,paho786626350165352,topic/maintenance,METAVERSE,51
1716736519257,paho786626349598883,topic/security,METAVERSE,6
1716736519261,paho786626349816395,topic/occupancy,METAVERSE,214
1716736519265,paho786626349598883,topic/security,METAVERSE,50
1716736519327,paho786626348985480,topic/d/lighting,METAVERSE,76
1716736519332,paho786626349995698,topic/d/lighting,METAVERSE,81
1716736519335,paho786626349598883,topic/security,METAVERSE,8
1716736519413,paho786626349816395,topic/occupancy,METAVERSE,301
1716736519520,paho786626348985480,topic/e/noise,METAVERSE,5
1716736519539,paho786626350165352,topic/maintenance,METAVERSE,24
1716736519549,paho786626349816395,topic/occupancy,METAVERSE,298
1716736519552,paho786626348985480,topic/d/noise,METAVERSE,11
1716736519563,paho786626348985480,topic/b/lighting,METAVERSE,21
1716736519574,paho786626349995698,topic/b/lighting,METAVERSE,32
1716736519591,paho786626350165352,topic/maintenance,METAVERSE,50
1716736519593,paho786626348985480,topic/b/noise,METAVERSE,51
1716736519596,paho786626348985480,topic/b/noise,METAVERSE,54
1716736519632,paho786626349816395,topic/occupancy,METAVERSE,417
1716736519639,paho786626350165352,topic/maintenance,METAVERSE,97
1716736519683,paho786626350165352,topic/maintenance,METAVERSE,141
1716736519721,paho786626348985480,topic/v/lighting,METAVERSE,27
1716736519726,paho786626349995698,topic/v/lighting,METAVERSE,32
1716736519727,paho786626349598883,topic/security,METAVERSE,20
1716736519750,paho786626349816395,topic/occupancy,METAVERSE,423
1716736519750,paho786626349598883,topic/security,METAVERSE,18
1716736519753,paho786626348985480,topic/g/noise,METAVERSE,30
1716736519796,paho786626349598883,topic/security,METAVERSE,33
1716736519823,paho786626350165352,topic/maintenance,METAVERSE,100
1716736519889,paho786626349816395,topic/occupancy,METAVERSE,157
1716736519980,paho786626349816395,topic/occupancy,METAVERSE,217
1716736520353,paho786626349598883,topic/security,METAVERSE,6
1716736520468,paho786626348985480,topic/v/noise,METAVERSE,5
1716736520479,paho786626350165352,topic/maintenance,METAVERSE,16
1716736520546,paho786626348985480,topic/e/lighting,METAVERSE,5
1716736520547,paho786626349995698,topic/e/lighting,METAVERSE,6
1716736520580,paho786626349995698,topic/b/lighting,METAVERSE,76
1716736520580,paho786626348985480,topic/b/lighting,METAVERSE,76
1716736520676,paho786626349598883,topic/security,METAVERSE,37
1716736520708,paho786626348985480,topic/e/rfid,METAVERSE,5
1716736520715,paho786626349816395,topic/queueing,METAVERSE,12
1716736520752,paho786626349816395,topic/occupancy,METAVERSE,113
1716736520811,paho786626348985480,topic/d/noise,METAVERSE,31
1716736520835,paho786626350165352,topic/maintenance,METAVERSE,55
1716736520855,paho786626349816395,topic/occupancy,METAVERSE,152
1716736520919,paho786626349598883,topic/security,METAVERSE,12
1716736520959,paho786626349816395,topic/occupancy,METAVERSE,52
1716736521032,paho786626348985480,topic/b/lighting,METAVERSE,25
1716736521032,paho786626349995698,topic/b/lighting,METAVERSE,25
1716736521084,paho786626349598883,topic/security,METAVERSE,18
1716736521086,paho786626349598883,topic/security,METAVERSE,37
1716736521155,paho786626349598883,topic/security,METAVERSE,12
1716736521247,paho786626349995698,topic/c/lighting,METAVERSE,16
1716736521247,paho786626348985480,topic/c/lighting,METAVERSE,16
1716736521268,paho786626349816395,topic/occupancy,METAVERSE,202
1716736521297,paho786626349598883,topic/security,METAVERSE,18
1716736521336,paho786626349598883,topic/security,METAVERSE,58
1716736521351,paho786626348985480,topic/b/noise,METAVERSE,21
1716736521352,paho786626349598883,topic/security,METAVERSE,17
1716736521371,paho786626348985480,topic/g/noise,METAVERSE,35
1716736521390,paho786626349816395,topic/occupancy,METAVERSE,341
1716736521435,paho786626350165352,topic/maintenance,METAVERSE,105
1716736521447,paho786626350165352,topic/maintenance,METAVERSE,111
1716736521504,paho786626349995698,topic/e/lighting,METAVERSE,4
1716736521504,paho786626348985480,topic/e/lighting,METAVERSE,4
1716736521570,paho786626348985480,topic/c/noise,METAVERSE,47
1716736521580,paho786626349816395,topic/occupancy,METAVERSE,437
1716736521587,paho786626350165352,topic/maintenance,METAVERSE,64
1716736521598,paho786626348985480,topic/c/lighting,METAVERSE,35
1716736521606,paho786626349995698,topic/c/lighting,METAVERSE,43
1716736521613,paho786626348985480,topic/b/noise,METAVERSE,5
1716736521636,paho786626349598883,topic/security,METAVERSE,13
1716736521668,paho786626349816395,topic/occupancy,METAVERSE,389
1716736521689,paho786626350165352,topic/maintenance,METAVERSE,81
1716736521766,paho786626349598883,topic/security,METAVERSE,10
1716736521784,paho786626349816395,topic/occupancy,METAVERSE,506
1716736521844,paho786626349816395,topic/occupancy,METAVERSE,509
1716736521894,paho786626349598883,topic/security,METAVERSE,61
1716736521899,paho786626348985480,topic/d/rfid,METAVERSE,20
1716736521937,paho786626349816395,topic/queueing,METAVERSE,58
1716736521943,paho786626349816395,topic/occupancy,METAVERSE,187
1716736522015,paho786626348985480,topic/s/lighting,METAVERSE,20
1716736522019,paho786626349995698,topic/s/lighting,METAVERSE,24
1716736522020,paho786626349816395,topic/occupancy,METAVERSE,187
1716736522089,paho786626349816395,topic/occupancy,METAVERSE,210
1716736522116,paho786626348985480,topic/s/rfid,METAVERSE,5
1716736522129,paho786626349816395,topic/queueing,METAVERSE,18
1716736522139,paho786626348985480,topic/b/lighting,METAVERSE,10
1716736522142,paho786626348985480,topic/c/rfid,METAVERSE,10
1716736522147,paho786626349995698,topic/b/lighting,METAVERSE,18
1716736522155,paho786626349816395,topic/queueing,METAVERSE,23
1716736522203,paho786626349816395,topic/occupancy,METAVERSE,92
1716736522279,paho786626348985480,topic/d/lighting,METAVERSE,12
1716736522287,paho786626349995698,topic/d/lighting,METAVERSE,20
1716736522300,paho786626349816395,topic/occupancy,METAVERSE,168
1716736522471,paho786626348985480,topic/b/lighting,METAVERSE,8
1716736522478,paho786626349995698,topic/b/lighting,METAVERSE,15
1716736522644,paho786626348985480,topic/e/noise,METAVERSE,5
1716736522657,paho786626350165352,topic/maintenance,METAVERSE,18
1716736522740,paho786626349598883,topic/security,METAVERSE,41
1716736522796,paho786626349816395,topic/occupancy,METAVERSE,97
1716736522966,paho786626349995698,topic/g/lighting,METAVERSE,23
1716736522966,paho786626348985480,topic/g/lighting,METAVERSE,23
1716736522989,paho786626349598883,topic/security,METAVERSE,44
1716736523023,paho786626349598883,topic/security,METAVERSE,8
1716736523097,paho786626349816395,topic/occupancy,METAVERSE,152
1716736523108,paho786626349598883,topic/security,METAVERSE,14
1716736523136,paho786626349598883,topic/security,METAVERSE,13
1716736523148,paho786626349598883,topic/security,METAVERSE,9
1716736523200,paho786626349816395,topic/occupancy,METAVERSE,106
1716736523221,paho786626349598883,topic/security,METAVERSE,21
1716736523278,paho786626349816395,topic/occupancy,METAVERSE,139
1716736523305,paho786626349598883,topic/security,METAVERSE,18
1716736523353,paho786626349598883,topic/security,METAVERSE,6
1716736523373,paho786626349598883,topic/security,METAVERSE,6
1716736523385,paho786626349598883,topic/security,METAVERSE,14
1716736523414,paho786626349816395,topic/occupancy,METAVERSE,214
1716736523454,paho786626348985480,topic/b/rfid,METAVERSE,22
1716736523458,paho786626349816395,topic/queueing,METAVERSE,26
1716736523488,paho786626349816395,topic/occupancy,METAVERSE,201
1716736523536,paho786626348985480,topic/s/lighting,METAVERSE,13
1716736523540,paho786626349995698,topic/s/lighting,METAVERSE,17
1716736523613,paho786626349816395,topic/occupancy,METAVERSE,246
1716736523623,paho786626350165352,topic/maintenance,METAVERSE,97
1716736523714,paho786626349816395,topic/occupancy,METAVERSE,343
1716736523728,paho786626349598883,topic/security,METAVERSE,45
1716736523786,paho786626350165352,topic/maintenance,METAVERSE,14
1716736523816,paho786626349598883,topic/security,METAVERSE,17
1716736523843,paho786626349816395,topic/occupancy,METAVERSE,411
1716736523919,paho786626349598883,topic/security,METAVERSE,12
1716736523945,paho786626349816395,topic/occupancy,METAVERSE,146
1716736524012,paho786626349816395,topic/occupancy,METAVERSE,104
1716736524112,paho786626349598883,topic/security,METAVERSE,18
1716736524218,paho786626349995698,topic/g/lighting,METAVERSE,31
1716736524218,paho786626348985480,topic/g/lighting,METAVERSE,31
1716736524230,paho786626348985480,topic/s/noise,METAVERSE,12
1716736524231,paho786626350165352,topic/maintenance,METAVERSE,13
1716736524234,paho786626348985480,topic/s/noise,METAVERSE,15
1716736524239,paho786626350165352,topic/maintenance,METAVERSE,20
1716736524365,paho786626348985480,topic/d/lighting,METAVERSE,38
1716736524375,paho786626349995698,topic/d/lighting,METAVERSE,48
1716736524456,paho786626348985480,topic/g/rfid,METAVERSE,5
1716736524463,paho786626349816395,topic/queueing,METAVERSE,12
1716736524599,paho786626350165352,topic/maintenance,METAVERSE,90
1716736524600,paho786626350165352,topic/maintenance,METAVERSE,73
1716736524600,paho786626349816395,topic/occupancy,METAVERSE,149
1716736524603,paho786626348985480,topic/e/noise,METAVERSE,76
1716736524652,paho786626348985480,topic/b/noise,METAVERSE,17
1716736524657,paho786626350165352,topic/maintenance,METAVERSE,22
1716736524660,paho786626348985480,topic/b/noise,METAVERSE,25
1716736524683,paho786626350165352,topic/maintenance,METAVERSE,48
1716736524723,paho786626348985480,topic/d/noise,METAVERSE,40
1716736524726,paho786626349995698,topic/b/lighting,METAVERSE,91
1716736524730,paho786626348985480,topic/b/lighting,METAVERSE,95
1716736524731,paho786626350165352,topic/maintenance,METAVERSE,48
1716736524784,paho786626349598883,topic/security,METAVERSE,27
1716736524805,paho786626348985480,topic/v/lighting,METAVERSE,38
1716736524812,paho786626349995698,topic/v/lighting,METAVERSE,45
1716736524842,paho786626348985480,topic/g/noise,METAVERSE,23
1716736524848,paho786626349598883,topic/security,METAVERSE,77
1716736524849,paho786626350165352,topic/maintenance,METAVERSE,30
1716736524849,paho786626349816395,topic/occupancy,METAVERSE,92
1716736525003,paho786626348985480,topic/v/rfid,METAVERSE,18
1716736525017,paho786626349816395,topic/queueing,METAVERSE,32
1716736525019,paho786626349598883,topic/security,METAVERSE,9
1716736525067,paho786626349816395,topic/occupancy,METAVERSE,82
1716736525079,paho786626350165352,topic/maintenance,METAVERSE,20
1716736525151,paho786626349598883,topic/security,METAVERSE,52
1716736525179,paho786626349598883,topic/security,METAVERSE,17
1716736525196,paho786626350165352,topic/maintenance,METAVERSE,14
1716736525246,paho786626349816395,topic/occupancy,METAVERSE,236
1716736525247,paho786626349598883,topic/security,METAVERSE,28
1716736525345,paho786626349598883,topic/security,METAVERSE,26
1716736525364,paho786626349816395,topic/occupancy,METAVERSE,265
1716736525387,paho786626349598883,topic/security,METAVERSE,9
1716736525392,paho786626349598883,topic/security,METAVERSE,13
1716736525435,paho786626349816395,topic/occupancy,METAVERSE,273
1716736525542,paho786626349816395,topic/occupancy,METAVERSE,323
1716736525606,paho786626349816395,topic/occupancy,METAVERSE,287
1716736525607,paho786626349598883,topic/security,METAVERSE,186
1716736525677,paho786626348985480,topic/e/lighting,METAVERSE,11
1716736525678,paho786626349995698,topic/e/lighting,METAVERSE,12
1716736525681,paho786626348985480,topic/v/noise,METAVERSE,106
1716736525688,paho786626350165352,topic/maintenance,METAVERSE,147
1716736525688,paho786626350165352,topic/maintenance,METAVERSE,113
1716736525689,paho786626348985480,topic/b/lighting,METAVERSE,67
1716736525693,paho786626349995698,topic/b/lighting,METAVERSE,71
1716736525711,paho786626349598883,topic/security,METAVERSE,18
1716736525759,paho786626349816395,topic/occupancy,METAVERSE,381
1716736525840,paho786626349816395,topic/occupancy,METAVERSE,419
1716736525859,paho786626349598883,topic/security,METAVERSE,11
1716736525879,paho786626348985480,topic/d/noise,METAVERSE,35
1716736525911,paho786626350165352,topic/maintenance,METAVERSE,67
1716736525987,paho786626349598883,topic/security,METAVERSE,55
1716736526011,paho786626349598883,topic/security,METAVERSE,11
1716736526036,paho786626350165352,topic/maintenance,METAVERSE,141
1716736526039,paho786626349598883,topic/security,METAVERSE,76
1716736526071,paho786626349598883,topic/security,METAVERSE,41
1716736526081,paho786626350165352,topic/maintenance,METAVERSE,148
1716736526083,paho786626349816395,topic/occupancy,METAVERSE,235
1716736526084,paho786626350165352,topic/maintenance,METAVERSE,81
1716736526087,paho786626349995698,topic/b/lighting,METAVERSE,49
1716736526088,paho786626348985480,topic/b/lighting,METAVERSE,50
1716736526139,paho786626348985480,topic/s/rfid,METAVERSE,4
1716736526146,paho786626349816395,topic/queueing,METAVERSE,11
1716736526183,paho786626349816395,topic/occupancy,METAVERSE,220
1716736526280,paho786626349816395,topic/occupancy,METAVERSE,145
1716736526285,paho786626348985480,topic/c/lighting,METAVERSE,28
1716736526288,paho786626349995698,topic/c/lighting,METAVERSE,31
1716736526424,paho786626348985480,topic/g/noise,METAVERSE,57
1716736526428,paho786626350165352,topic/maintenance,METAVERSE,61
1716736526544,paho786626348985480,topic/b/noise,METAVERSE,129
1716736526546,paho786626349598883,topic/security,METAVERSE,15
1716736526546,paho786626350165352,topic/maintenance,METAVERSE,131
1716736526658,paho786626349995698,topic/e/lighting,METAVERSE,30
1716736526659,paho786626348985480,topic/e/lighting,METAVERSE,31
1716736526681,paho786626348985480,topic/c/lighting,METAVERSE,87
1716736526682,paho786626349995698,topic/c/lighting,METAVERSE,88
1716736526685,paho786626348985480,topic/c/noise,METAVERSE,26
1716736526685,paho786626350165352,topic/maintenance,METAVERSE,26
1716736526696,paho786626348985480,topic/b/noise,METAVERSE,61
1716736526724,paho786626349598883,topic/security,METAVERSE,9
1716736526732,paho786626350165352,topic/maintenance,METAVERSE,97
1716736526787,paho786626350165352,topic/maintenance,METAVERSE,20
1716736526795,paho786626349598883,topic/security,METAVERSE,12
1716736526924,paho786626349816395,topic/occupancy,METAVERSE,141
1716736527036,paho786626350165352,topic/maintenance,METAVERSE,14
1716736527084,paho786626349598883,topic/security,METAVERSE,24
1716736527148,paho786626349598883,topic/security,METAVERSE,13
1716736527178,paho786626349816395,topic/occupancy,METAVERSE,118
1716736527178,paho786626349598883,topic/security,METAVERSE,15
1716736527192,paho786626348985480,topic/b/lighting,METAVERSE,5
1716736527196,paho786626349995698,topic/b/lighting,METAVERSE,9
1716736527251,paho786626348985480,topic/s/lighting,METAVERSE,13
1716736527255,paho786626349995698,topic/s/lighting,METAVERSE,17
1716736527302,paho786626349816395,topic/occupancy,METAVERSE,167
1716736527331,paho786626349598883,topic/security,METAVERSE,15
1716736527348,paho786626348985480,topic/d/lighting,METAVERSE,5
1716736527353,paho786626349995698,topic/d/lighting,METAVERSE,10
1716736527372,paho786626349598883,topic/security,METAVERSE,29
1716736527383,paho786626349816395,topic/occupancy,METAVERSE,220
1716736527383,paho786626349598883,topic/security,METAVERSE,32
1716736527415,paho786626349598883,topic/security,METAVERSE,24
1716736527469,paho786626348985480,topic/b/lighting,METAVERSE,5
1716736527474,paho786626349995698,topic/b/lighting,METAVERSE,10
1716736527475,paho786626349816395,topic/occupancy,METAVERSE,159
1716736527530,paho786626349816395,topic/occupancy,METAVERSE,179
1716736527580,paho786626349816395,topic/occupancy,METAVERSE,189
1716736527607,paho786626349598883,topic/security,METAVERSE,14
1716736527661,paho786626348985480,topic/e/noise,METAVERSE,4
1716736527681,paho786626350165352,topic/maintenance,METAVERSE,24
1716736527687,paho786626349816395,topic/occupancy,METAVERSE,94
1716736527846,paho786626349598883,topic/security,METAVERSE,27
1716736527887,paho786626349598883,topic/security,METAVERSE,37
1716736527894,paho786626349816395,topic/occupancy,METAVERSE,44
1716736528042,paho786626348985480,topic/g/lighting,METAVERSE,63
1716736528045,paho786626349995698,topic/g/lighting,METAVERSE,66
1716736528083,paho786626349598883,topic/security,METAVERSE,6
1716736528132,paho786626349598883,topic/security,METAVERSE,25
1716736528212,paho786626349816395,topic/occupancy,METAVERSE,105
1716736528459,paho786626350165352,topic/maintenance,METAVERSE,136
1716736528535,paho786626350165352,topic/maintenance,METAVERSE,12
1716736528580,paho786626350165352,topic/maintenance,METAVERSE,25
1716736528614,paho786626349995698,topic/s/lighting,METAVERSE,35
1716736528615,paho786626348985480,topic/s/lighting,METAVERSE,36
1716736528622,paho786626349598883,topic/security,METAVERSE,8
1716736528622,paho786626350165352,topic/maintenance,METAVERSE,43
1716736528831,paho786626349598883,topic/security,METAVERSE,12
1716736528883,paho786626350165352,topic/maintenance,METAVERSE,51
1716736528886,paho786626350165352,topic/maintenance,METAVERSE,54
1716736528973,paho786626349598883,topic/security,METAVERSE,11
1716736528984,paho786626349816395,topic/occupancy,METAVERSE,165
1716736529064,paho786626350165352,topic/maintenance,METAVERSE,5
1716736529073,paho786626350165352,topic/maintenance,METAVERSE,32
1716736529088,paho786626349598883,topic/security,METAVERSE,20
1716736529123,paho786626349598883,topic/security,METAVERSE,24
1716736529163,paho786626349598883,topic/security,METAVERSE,104
1716736529180,paho786626349598883,topic/security,METAVERSE,25
1716736529207,paho786626348985480,topic/c/rfid,METAVERSE,4
1716736529216,paho786626349816395,topic/queueing,METAVERSE,13
1716736529223,paho786626348985480,topic/g/lighting,METAVERSE,7
1716736529223,paho786626349598883,topic/security,METAVERSE,44
1716736529229,paho786626349995698,topic/g/lighting,METAVERSE,13
1716736529234,paho786626349816395,topic/occupancy,METAVERSE,166
1716736529258,paho786626348985480,topic/s/noise,METAVERSE,4
1716736529262,paho786626348985480,topic/s/noise,METAVERSE,8
1716736529331,paho786626350165352,topic/maintenance,METAVERSE,77
1716736529332,paho786626349816395,topic/occupancy,METAVERSE,177
1716736529335,paho786626350165352,topic/maintenance,METAVERSE,81
1716736529370,paho786626349598883,topic/security,METAVERSE,11
1716736529404,paho786626348985480,topic/d/lighting,METAVERSE,8
1716736529406,paho786626349598883,topic/security,METAVERSE,11
1716736529406,paho786626350165352,topic/maintenance,METAVERSE,46
1716736529410,paho786626349995698,topic/d/lighting,METAVERSE,14
1716736529436,paho786626349598883,topic/security,METAVERSE,19
1716736529479,paho786626350165352,topic/maintenance,METAVERSE,110
1716736529484,paho786626349816395,topic/occupancy,METAVERSE,305
1716736529495,paho786626348985480,topic/g/rfid,METAVERSE,11
1716736529497,paho786626349816395,topic/queueing,METAVERSE,13
1716736529569,paho786626350165352,topic/maintenance,METAVERSE,90
1716736529611,paho786626349598883,topic/security,METAVERSE,13
1716736529631,paho786626348985480,topic/e/noise,METAVERSE,21
1716736529681,paho786626348985480,topic/b/noise,METAVERSE,26
1716736529687,paho786626348985480,topic/b/noise,METAVERSE,32
1716736529693,paho786626350165352,topic/maintenance,METAVERSE,83
1716736529732,paho786626349816395,topic/occupancy,METAVERSE,529
1716736529740,paho786626350165352,topic/maintenance,METAVERSE,133
1716736529750,paho786626348985480,topic/d/noise,METAVERSE,10
1716736529779,paho786626348985480,topic/b/lighting,METAVERSE,11
1716736529788,paho786626349995698,topic/b/lighting,METAVERSE,20
1716736529832,paho786626350165352,topic/maintenance,METAVERSE,177
1716736529880,paho786626350165352,topic/maintenance,METAVERSE,225
1716736529895,paho786626348985480,topic/v/lighting,METAVERSE,10
1716736529896,paho786626349995698,topic/v/lighting,METAVERSE,11
1716736529902,paho786626349598883,topic/security,METAVERSE,14
1716736529933,paho786626350165352,topic/maintenance,METAVERSE,193
1716736529940,paho786626350165352,topic/maintenance,METAVERSE,193
1716736529947,paho786626349816395,topic/occupancy,METAVERSE,588
1716736529954,paho786626349598883,topic/security,METAVERSE,65
1716736530117,paho786626348985480,topic/g/noise,METAVERSE,58
1716736530128,paho786626350165352,topic/maintenance,METAVERSE,69
1716736530128,paho786626349816395,topic/occupancy,METAVERSE,733
1716736530199,paho786626349598883,topic/security,METAVERSE,16
1716736530209,paho786626349816395,topic/occupancy,METAVERSE,792
1716736530259,paho786626349816395,topic/occupancy,METAVERSE,775
1716736530349,paho786626349816395,topic/occupancy,METAVERSE,751
1716736530385,paho786626350165352,topic/maintenance,METAVERSE,70
1716736530439,paho786626350165352,topic/maintenance,METAVERSE,116
1716736530452,paho786626349598883,topic/security,METAVERSE,16
1716736530537,paho786626349816395,topic/occupancy,METAVERSE,649
1716736530604,paho786626349816395,topic/occupancy,METAVERSE,421
1716736530710,paho786626348985480,topic/e/lighting,METAVERSE,5
1716736530711,paho786626349995698,topic/e/lighting,METAVERSE,6
1716736530726,paho786626348985480,topic/v/noise,METAVERSE,19
1716736530727,paho786626350165352,topic/maintenance,METAVERSE,20
1716736530751,paho786626349995698,topic/b/lighting,METAVERSE,44
1716736530751,paho786626348985480,topic/b/lighting,METAVERSE,44
1716736530807,paho786626350165352,topic/maintenance,METAVERSE,20
1716736530841,paho786626349598883,topic/security,METAVERSE,10
1716736530931,paho786626348985480,topic/d/noise,METAVERSE,10
1716736530936,paho786626349816395,topic/occupancy,METAVERSE,105
1716736530941,paho786626350165352,topic/maintenance,METAVERSE,20
1716736531056,paho786626350165352,topic/maintenance,METAVERSE,9
1716736531087,paho786626349598883,topic/security,METAVERSE,13
1716736531115,paho786626348985480,topic/b/lighting,METAVERSE,4
1716736531116,paho786626349995698,topic/b/lighting,METAVERSE,5
1716736531152,paho786626349816395,topic/occupancy,METAVERSE,78
1716736531181,paho786626349598883,topic/security,METAVERSE,14
1716736531192,paho786626349598883,topic/security,METAVERSE,9
1716736531285,paho786626349816395,topic/occupancy,METAVERSE,118
1716736531318,paho786626348985480,topic/c/lighting,METAVERSE,23
1716736531321,paho786626349995698,topic/c/lighting,METAVERSE,26
1716736531377,paho786626349598883,topic/security,METAVERSE,10
1716736531417,paho786626349816395,topic/occupancy,METAVERSE,234
1716736531449,paho786626348985480,topic/g/noise,METAVERSE,4
1716736531480,paho786626349598883,topic/security,METAVERSE,25
1716736531484,paho786626349598883,topic/security,METAVERSE,6
1716736531488,paho786626348985480,topic/b/rfid,METAVERSE,13
1716736531502,paho786626349816395,topic/queueing,METAVERSE,27
1716736531511,paho786626350165352,topic/maintenance,METAVERSE,66
1716736531553,paho786626349816395,topic/occupancy,METAVERSE,186
1716736531633,paho786626349598883,topic/security,METAVERSE,18
1716736531647,paho786626348985480,topic/b/noise,METAVERSE,64
1716736531656,paho786626349816395,topic/occupancy,METAVERSE,201
1716736531683,paho786626350165352,topic/maintenance,METAVERSE,100
1716736531690,paho786626348985480,topic/c/lighting,METAVERSE,11
1716736531702,paho786626349995698,topic/c/lighting,METAVERSE,23
1716736531738,paho786626348985480,topic/b/noise,METAVERSE,11
1716736531740,paho786626349598883,topic/security,METAVERSE,62
1716736531743,paho786626348985480,topic/e/lighting,METAVERSE,20
1716736531743,paho786626349995698,topic/e/lighting,METAVERSE,20
1716736531770,paho786626348985480,topic/e/rfid,METAVERSE,5
1716736531773,paho786626349816395,topic/queueing,METAVERSE,8
1716736531775,paho786626348985480,topic/c/noise,METAVERSE,52
1716736531797,paho786626350165352,topic/maintenance,METAVERSE,82
1716736531832,paho786626350165352,topic/maintenance,METAVERSE,249
1716736531852,paho786626350165352,topic/maintenance,METAVERSE,125
1716736531853,paho786626350165352,topic/maintenance,METAVERSE,130
1716736531907,paho786626350165352,topic/maintenance,METAVERSE,80
1716736531916,paho786626349816395,topic/occupancy,METAVERSE,438
1716736531920,paho786626348985480,topic/d/rfid,METAVERSE,5
1716736531921,paho786626349816395,topic/queueing,METAVERSE,6
1716736531939,paho786626349598883,topic/security,METAVERSE,48
1716736532058,paho786626349816395,topic/occupancy,METAVERSE,583
1716736532139,paho786626349816395,topic/occupancy,METAVERSE,524
1716736532198,paho786626349816395,topic/occupancy,METAVERSE,433
1716736532235,paho786626348985480,topic/b/lighting,METAVERSE,8
1716736532242,paho786626349995698,topic/b/lighting,METAVERSE,15
1716736532302,paho786626349816395,topic/occupancy,METAVERSE,387
1716736532310,paho786626348985480,topic/s/lighting,METAVERSE,9
1716736532322,paho786626349995698,topic/s/lighting,METAVERSE,21
1716736532340,paho786626349816395,topic/occupancy,METAVERSE,449
1716736532396,paho786626349598883,topic/security,METAVERSE,97
1716736532423,paho786626348985480,topic/d/lighting,METAVERSE,15
1716736532426,paho786626349995698,topic/d/lighting,METAVERSE,18
1716736532473,paho786626348985480,topic/b/lighting,METAVERSE,6
1716736532474,paho786626349995698,topic/b/lighting,METAVERSE,7
1716736532481,paho786626350165352,topic/maintenance,METAVERSE,91
1716736532504,paho786626349816395,topic/occupancy,METAVERSE,205
1716736532564,paho786626350165352,topic/maintenance,METAVERSE,33
1716736532692,paho786626348985480,topic/e/noise,METAVERSE,4
1716736532696,paho786626350165352,topic/maintenance,METAVERSE,8
1716736532852,paho786626349598883,topic/security,METAVERSE,21
1716736532863,paho786626349598883,topic/security,METAVERSE,19
1716736532965,paho786626349816395,topic/occupancy,METAVERSE,121
1716736533088,paho786626348985480,topic/g/lighting,METAVERSE,5
1716736533089,paho786626349995698,topic/g/lighting,METAVERSE,6
1716736533098,paho786626349598883,topic/security,METAVERSE,14
1716736533184,paho786626349598883,topic/security,METAVERSE,16
1716736533222,paho786626349816395,topic/occupancy,METAVERSE,138
1716736533228,paho786626349598883,topic/security,METAVERSE,5
1716736533303,paho786626349816395,topic/occupancy,METAVERSE,135
1716736533373,paho786626349816395,topic/occupancy,METAVERSE,150
1716736533387,paho786626349598883,topic/security,METAVERSE,19
1716736533477,paho786626349816395,topic/occupancy,METAVERSE,109
1716736533503,paho786626350165352,topic/maintenance,METAVERSE,57
1716736533509,paho786626349598883,topic/security,METAVERSE,6
1716736533544,paho786626349598883,topic/security,METAVERSE,53
1716736533592,paho786626349816395,topic/occupancy,METAVERSE,89
1716736533644,paho786626349598883,topic/security,METAVERSE,28
1716736533680,paho786626349816395,topic/occupancy,METAVERSE,189
1716736533752,paho786626349816395,topic/occupancy,METAVERSE,136
1716736533788,paho786626348985480,topic/s/lighting,METAVERSE,29
1716736533789,paho786626349995698,topic/s/lighting,METAVERSE,30
1716736533967,paho786626349598883,topic/security,METAVERSE,8
1716736534038,paho786626349598883,topic/security,METAVERSE,11
1716736534064,paho786626349816395,topic/occupancy,METAVERSE,105
1716736534064,paho786626349598883,topic/security,METAVERSE,35
1716736534271,paho786626348985480,topic/s/noise,METAVERSE,4
1716736534279,paho786626350165352,topic/maintenance,METAVERSE,12
1716736534283,paho786626348985480,topic/g/lighting,METAVERSE,28
1716736534283,paho786626349995698,topic/g/lighting,METAVERSE,28
1716736534409,paho786626348985480,topic/s/noise,METAVERSE,142
1716736534410,paho786626350165352,topic/maintenance,METAVERSE,143
1716736534452,paho786626349598883,topic/security,METAVERSE,42
1716736534491,paho786626348985480,topic/d/lighting,METAVERSE,40
1716736534499,paho786626349995698,topic/d/lighting,METAVERSE,48
1716736534558,paho786626349816395,topic/occupancy,METAVERSE,148
1716736534586,paho786626350165352,topic/maintenance,METAVERSE,13
1716736534683,paho786626348985480,topic/e/noise,METAVERSE,4
1716736534694,paho786626350165352,topic/maintenance,METAVERSE,15
1716736534720,paho786626348985480,topic/b/noise,METAVERSE,42
1716736534723,paho786626348985480,topic/b/noise,METAVERSE,16
1716736534737,paho786626350165352,topic/maintenance,METAVERSE,59
1716736534783,paho786626350165352,topic/maintenance,METAVERSE,76
1716736534835,paho786626348985480,topic/d/noise,METAVERSE,32
1716736534849,paho786626350165352,topic/maintenance,METAVERSE,46
1716736534877,paho786626349598883,topic/security,METAVERSE,6
1716736534885,paho786626348985480,topic/b/lighting,METAVERSE,14
1716736534889,paho786626349995698,topic/b/lighting,METAVERSE,18
1716736534938,paho786626349995698,topic/v/lighting,METAVERSE,31
1716736534938,paho786626348985480,topic/v/lighting,METAVERSE,31
1716736534995,paho786626349816395,topic/occupancy,METAVERSE,124
1716736535092,paho786626349598883,topic/security,METAVERSE,121
1716736535122,paho786626349598883,topic/security,METAVERSE,10
1716736535159,paho786626350165352,topic/maintenance,METAVERSE,33
1716736535211,paho786626349598883,topic/security,METAVERSE,25
1716736535214,paho786626349816395,topic/occupancy,METAVERSE,102
1716736535260,paho786626348985480,topic/g/noise,METAVERSE,25
1716736535303,paho786626349598883,topic/security,METAVERSE,8
1716736535332,paho786626350165352,topic/maintenance,METAVERSE,97
1716736535332,paho786626349816395,topic/occupancy,METAVERSE,146
1716736535417,paho786626349598883,topic/security,METAVERSE,16
1716736535435,paho786626349816395,topic/occupancy,METAVERSE,140
1716736535488,paho786626349816395,topic/occupancy,METAVERSE,87
1716736535521,paho786626349598883,topic/security,METAVERSE,12
1716736535557,paho786626349598883,topic/security,METAVERSE,13
1716736535563,paho786626349816395,topic/occupancy,METAVERSE,54
1716736535575,paho786626349598883,topic/security,METAVERSE,12
1716736535644,paho786626349598883,topic/security,METAVERSE,16
1716736535711,paho786626349598883,topic/security,METAVERSE,16
1716736535733,paho786626349995698,topic/e/lighting,METAVERSE,4
1716736535734,paho786626348985480,topic/e/lighting,METAVERSE,5
1716736535752,paho786626349816395,topic/occupancy,METAVERSE,189
1716736535756,paho786626348985480,topic/v/noise,METAVERSE,27
1716736535779,paho786626350165352,topic/maintenance,METAVERSE,88
1716736535831,paho786626350165352,topic/maintenance,METAVERSE,102
1716736535839,paho786626349816395,topic/occupancy,METAVERSE,211
1716736535867,paho786626348985480,topic/b/lighting,METAVERSE,108
1716736535869,paho786626349995698,topic/b/lighting,METAVERSE,110
1716736535923,paho786626350165352,topic/maintenance,METAVERSE,12
1716736535996,paho786626350165352,topic/maintenance,METAVERSE,76
1716736536005,paho786626349598883,topic/security,METAVERSE,14
1716736536039,paho786626350165352,topic/maintenance,METAVERSE,52
1716736536041,paho786626349598883,topic/security,METAVERSE,23
1716736536050,paho786626348985480,topic/d/noise,METAVERSE,4
1716736536075,paho786626349598883,topic/security,METAVERSE,10
1716736536092,paho786626349816395,topic/occupancy,METAVERSE,101
1716736536108,paho786626348985480,topic/v/rfid,METAVERSE,7
1716736536115,paho786626349816395,topic/queueing,METAVERSE,14
1716736536131,paho786626350165352,topic/maintenance,METAVERSE,85
1716736536157,paho786626348985480,topic/b/lighting,METAVERSE,5
1716736536160,paho786626349995698,topic/b/lighting,METAVERSE,8
1716736536185,paho786626349816395,topic/occupancy,METAVERSE,84
1716736536257,paho786626348985480,topic/c/rfid,METAVERSE,5
1716736536260,paho786626349816395,topic/queueing,METAVERSE,8
1716736536323,paho786626349816395,topic/occupancy,METAVERSE,71
1716736536335,paho786626348985480,topic/c/lighting,METAVERSE,20
1716736536344,paho786626349995698,topic/c/lighting,METAVERSE,29
1716736536444,paho786626350165352,topic/maintenance,METAVERSE,46
1716736536445,paho786626350165352,topic/maintenance,METAVERSE,58
1716736536464,paho786626348985480,topic/g/noise,METAVERSE,19
1716736536470,paho786626350165352,topic/maintenance,METAVERSE,25
1716736536671,paho786626349598883,topic/security,METAVERSE,140
1716736536721,paho786626348985480,topic/b/noise,METAVERSE,26
1716736536735,paho786626350165352,topic/maintenance,METAVERSE,40
1716736536739,paho786626348985480,topic/c/lighting,METAVERSE,8
1716736536746,paho786626349995698,topic/c/lighting,METAVERSE,15
1716736536768,paho786626348985480,topic/e/lighting,METAVERSE,5
1716736536771,paho786626349995698,topic/e/lighting,METAVERSE,8
1716736536800,paho786626349816395,topic/occupancy,METAVERSE,269
1716736536804,paho786626348985480,topic/b/noise,METAVERSE,9
1716736536814,paho786626350165352,topic/maintenance,METAVERSE,19
1716736536892,paho786626348985480,topic/c/noise,METAVERSE,40
1716736536896,paho786626349598883,topic/security,METAVERSE,21
1716736536935,paho786626350165352,topic/maintenance,METAVERSE,104
1716736536947,paho786626350165352,topic/maintenance,METAVERSE,95
1716736536951,paho786626349598883,topic/security,METAVERSE,40
1716736537073,paho786626349816395,topic/occupancy,METAVERSE,198
1716736537150,paho786626349598883,topic/security,METAVERSE,36
1716736537214,paho786626349598883,topic/security,METAVERSE,23
1716736537237,paho786626349816395,topic/occupancy,METAVERSE,123
1716736537288,paho786626349816395,topic/occupancy,METAVERSE,97
1716736537291,paho786626349995698,topic/b/lighting,METAVERSE,16
1716736537292,paho786626348985480,topic/b/lighting,METAVERSE,17
1716736537342,paho786626349598883,topic/security,METAVERSE,20
1716736537345,paho786626348985480,topic/s/lighting,METAVERSE,5
1716736537373,paho786626349995698,topic/s/lighting,METAVERSE,33
1716736537395,paho786626349816395,topic/occupancy,METAVERSE,73
1716736537418,paho786626349598883,topic/security,METAVERSE,7
1716736537461,paho786626349598883,topic/security,METAVERSE,10
1716736537469,paho786626348985480,topic/d/lighting,METAVERSE,8
1716736537471,paho786626349995698,topic/d/lighting,METAVERSE,10
1716736537483,paho786626350165352,topic/maintenance,METAVERSE,40
1716736537495,paho786626348985480,topic/b/lighting,METAVERSE,10
1716736537496,paho786626349995698,topic/b/lighting,METAVERSE,11
1716736537596,paho786626349598883,topic/security,METAVERSE,9
1716736537612,paho786626349816395,topic/occupancy,METAVERSE,161
1716736537620,paho786626349598883,topic/security,METAVERSE,53
1716736537657,paho786626349598883,topic/security,METAVERSE,10
1716736537708,paho786626349816395,topic/occupancy,METAVERSE,121
1716736537711,paho786626348985480,topic/e/noise,METAVERSE,8
1716736537711,paho786626349598883,topic/security,METAVERSE,68
1716736537732,paho786626350165352,topic/maintenance,METAVERSE,29
1716736537783,paho786626349816395,topic/occupancy,METAVERSE,216
1716736537839,paho786626349816395,topic/occupancy,METAVERSE,196
1716736537865,paho786626349598883,topic/security,METAVERSE,6
1716736538032,paho786626349598883,topic/security,METAVERSE,9
1716736538096,paho786626349816395,topic/occupancy,METAVERSE,73
1716736538111,paho786626348985480,topic/g/lighting,METAVERSE,8
1716736538123,paho786626349995698,topic/g/lighting,METAVERSE,20
1716736538126,paho786626349598883,topic/security,METAVERSE,7
1716736538261,paho786626350165352,topic/maintenance,METAVERSE,6
1716736538504,paho786626348985480,topic/b/rfid,METAVERSE,6
1716736538508,paho786626349816395,topic/queueing,METAVERSE,10
1716736538608,paho786626349816395,topic/occupancy,METAVERSE,110
1716736538646,paho786626349598883,topic/security,METAVERSE,23
1716736538784,paho786626349598883,topic/security,METAVERSE,121
1716736538784,paho786626349816395,topic/occupancy,METAVERSE,121
1716736538918,paho786626349598883,topic/security,METAVERSE,15
1716736538921,paho786626348985480,topic/s/lighting,METAVERSE,18
1716736538924,paho786626349995698,topic/s/lighting,METAVERSE,21
1716736539011,paho786626349816395,topic/occupancy,METAVERSE,108
1716736539060,paho786626350165352,topic/maintenance,METAVERSE,5
1716736539150,paho786626349598883,topic/security,METAVERSE,11
1716736539165,paho786626349598883,topic/security,METAVERSE,14
1716736539197,paho786626349598883,topic/security,METAVERSE,10
1716736539221,paho786626349598883,topic/security,METAVERSE,14
1716736539241,paho786626349816395,topic/occupancy,METAVERSE,54
1716736539298,paho786626348985480,topic/s/noise,METAVERSE,5
1716736539331,paho786626348985480,topic/g/lighting,METAVERSE,5
1716736539331,paho786626350165352,topic/maintenance,METAVERSE,38
1716736539336,paho786626349816395,topic/occupancy,METAVERSE,129
1716736539339,paho786626349995698,topic/g/lighting,METAVERSE,13
1716736539342,paho786626349598883,topic/security,METAVERSE,7
1716736539412,paho786626349598883,topic/security,METAVERSE,38
1716736539431,paho786626349816395,topic/occupancy,METAVERSE,96
1716736539473,paho786626349598883,topic/security,METAVERSE,19
1716736539478,paho786626348985480,topic/s/noise,METAVERSE,11
1716736539485,paho786626350165352,topic/maintenance,METAVERSE,18
1716736539511,paho786626348985480,topic/d/lighting,METAVERSE,8
1716736539525,paho786626349995698,topic/d/lighting,METAVERSE,22
1716736539532,paho786626350165352,topic/maintenance,METAVERSE,33
1716736539532,paho786626349816395,topic/occupancy,METAVERSE,78
1716736539628,paho786626349598883,topic/security,METAVERSE,12
1716736539630,paho786626349598883,topic/security,METAVERSE,11
1716736539684,paho786626349816395,topic/occupancy,METAVERSE,68
1716736539707,paho786626348985480,topic/e/noise,METAVERSE,24
1716736539714,paho786626350165352,topic/maintenance,METAVERSE,31
1716736539715,paho786626349598883,topic/security,METAVERSE,8
1716736539760,paho786626349816395,topic/occupancy,METAVERSE,141
1716736539847,paho786626349816395,topic/occupancy,METAVERSE,140
1716736539850,paho786626348985480,topic/b/noise,METAVERSE,62
1716736539854,paho786626348985480,topic/b/noise,METAVERSE,65
1716736539855,paho786626350165352,topic/maintenance,METAVERSE,67
1716736539872,paho786626348985480,topic/d/noise,METAVERSE,5
1716736539880,paho786626350165352,topic/maintenance,METAVERSE,91
1716736539923,paho786626350165352,topic/maintenance,METAVERSE,56
1716736539939,paho786626348985480,topic/b/lighting,METAVERSE,20
1716736539943,paho786626349995698,topic/b/lighting,METAVERSE,24
1716736540039,paho786626348985480,topic/v/lighting,METAVERSE,12
1716736540040,paho786626349598883,topic/security,METAVERSE,13
1716736540043,paho786626349995698,topic/v/lighting,METAVERSE,16
1716736540142,paho786626349816395,topic/occupancy,METAVERSE,115
1716736540156,paho786626350165352,topic/maintenance,METAVERSE,9
1716736540171,paho786626349598883,topic/security,METAVERSE,12
1716736540281,paho786626348985480,topic/g/noise,METAVERSE,16
1716736540283,paho786626350165352,topic/maintenance,METAVERSE,18
1716736540527,paho786626348985480,topic/b/rfid,METAVERSE,17
1716736540533,paho786626349816395,topic/queueing,METAVERSE,23
1716736540625,paho786626349598883,topic/security,METAVERSE,24
1716736540626,paho786626349816395,topic/occupancy,METAVERSE,116
1716736540698,paho786626349598883,topic/security,METAVERSE,7
1716736540770,paho786626348985480,topic/e/lighting,METAVERSE,13
1716736540771,paho786626349995698,topic/e/lighting,METAVERSE,14
1716736540787,paho786626349816395,topic/occupancy,METAVERSE,96
1716736540863,paho786626348985480,topic/v/noise,METAVERSE,20
1716736540864,paho786626350165352,topic/maintenance,METAVERSE,21
1716736540897,paho786626349995698,topic/b/lighting,METAVERSE,4
1716736540898,paho786626348985480,topic/b/lighting,METAVERSE,5
1716736540921,paho786626349598883,topic/security,METAVERSE,6
1716736540980,paho786626349816395,topic/occupancy,METAVERSE,65
1716736541167,paho786626348985480,topic/s/rfid,METAVERSE,28
1716736541171,paho786626348985480,topic/b/lighting,METAVERSE,16
1716736541172,paho786626349995698,topic/b/lighting,METAVERSE,17
1716736541176,paho786626349816395,topic/queueing,METAVERSE,37
1716736541194,paho786626348985480,topic/d/noise,METAVERSE,21
1716736541195,paho786626350165352,topic/maintenance,METAVERSE,22
1716736541220,paho786626349598883,topic/security,METAVERSE,5
1716736541236,paho786626349598883,topic/security,METAVERSE,25
1716736541260,paho786626349598883,topic/security,METAVERSE,5
1716736541304,paho786626349816395,topic/occupancy,METAVERSE,165
1716736541345,paho786626348985480,topic/c/lighting,METAVERSE,4
1716736541346,paho786626349995698,topic/c/lighting,METAVERSE,5
1716736541352,paho786626349816395,topic/occupancy,METAVERSE,137
1716736541376,paho786626349598883,topic/security,METAVERSE,5
1716736541433,paho786626349816395,topic/occupancy,METAVERSE,178
1716736541465,paho786626348985480,topic/g/noise,METAVERSE,5
1716736541479,paho786626350165352,topic/maintenance,METAVERSE,19
1716736541486,paho786626349598883,topic/security,METAVERSE,6
1716736541533,paho786626349816395,topic/occupancy,METAVERSE,162
1716736541600,paho786626349816395,topic/occupancy,METAVERSE,120
1716736541636,paho786626349598883,topic/security,METAVERSE,6
1716736541647,paho786626349598883,topic/security,METAVERSE,6
1716736541714,paho786626349598883,topic/security,METAVERSE,6
1716736541732,paho786626349816395,topic/occupancy,METAVERSE,102
1716736541751,paho786626349598883,topic/security,METAVERSE,8
1716736541774,paho786626348985480,topic/c/lighting,METAVERSE,5
1716736541774,paho786626349995698,topic/c/lighting,METAVERSE,5
1716736541783,paho786626349995698,topic/e/lighting,METAVERSE,4
1716736541783,paho786626348985480,topic/e/lighting,METAVERSE,4
1716736541831,paho786626348985480,topic/b/noise,METAVERSE,6
1716736541838,paho786626349816395,topic/occupancy,METAVERSE,197
1716736541838,paho786626350165352,topic/maintenance,METAVERSE,13
1716736541857,paho786626348985480,topic/b/noise,METAVERSE,82
1716736541887,paho786626350165352,topic/maintenance,METAVERSE,112
1716736541895,paho786626349816395,topic/occupancy,METAVERSE,187
1716736541939,paho786626348985480,topic/c/noise,METAVERSE,12
1716736541940,paho786626350165352,topic/maintenance,METAVERSE,13
1716736541995,paho786626350165352,topic/maintenance,METAVERSE,22
1716736542068,paho786626349598883,topic/security,METAVERSE,9
1716736542139,paho786626349816395,topic/occupancy,METAVERSE,80
1716736542344,paho786626349995698,topic/b/lighting,METAVERSE,25
1716736542344,paho786626348985480,topic/b/lighting,METAVERSE,25
1716736542363,paho786626349995698,topic/s/lighting,METAVERSE,4
1716736542364,paho786626348985480,topic/s/lighting,METAVERSE,5
1716736542420,paho786626350165352,topic/maintenance,METAVERSE,29
1716736542486,paho786626348985480,topic/d/lighting,METAVERSE,14
1716736542487,paho786626349995698,topic/d/lighting,METAVERSE,15
1716736542516,paho786626348985480,topic/b/lighting,METAVERSE,5
1716736542516,paho786626349995698,topic/b/lighting,METAVERSE,5
1716736542716,paho786626349598883,topic/security,METAVERSE,5
1716736542739,paho786626348985480,topic/e/noise,METAVERSE,4
1716736542746,paho786626350165352,topic/maintenance,METAVERSE,11
1716736542804,paho786626349598883,topic/security,METAVERSE,17
1716736542824,paho786626348985480,topic/e/rfid,METAVERSE,5
1716736542828,paho786626349816395,topic/queueing,METAVERSE,9
1716736542828,paho786626349816395,topic/occupancy,METAVERSE,117
1716736542910,paho786626349816395,topic/occupancy,METAVERSE,91
1716736542924,paho786626348985480,topic/d/rfid,METAVERSE,7
1716736542926,paho786626349816395,topic/queueing,METAVERSE,9
1716736542931,paho786626349598883,topic/security,METAVERSE,6
1716736543012,paho786626349816395,topic/occupancy,METAVERSE,95
1716736543138,paho786626349816395,topic/occupancy,METAVERSE,213
1716736543168,paho786626348985480,topic/g/lighting,METAVERSE,17
1716736543168,paho786626349995698,topic/g/lighting,METAVERSE,17
1716736543256,paho786626349598883,topic/security,METAVERSE,12
1716736543272,paho786626349598883,topic/security,METAVERSE,16
1716736543296,paho786626349816395,topic/occupancy,METAVERSE,52
1716736543378,paho786626349598883,topic/security,METAVERSE,6
1716736543386,paho786626349816395,topic/occupancy,METAVERSE,130
1716736543488,paho786626349816395,topic/occupancy,METAVERSE,116
1716736543515,paho786626348985480,topic/g/rfid,METAVERSE,8
1716736543516,paho786626349816395,topic/queueing,METAVERSE,9
1716736543516,paho786626349598883,topic/security,METAVERSE,17
1716736543583,paho786626349816395,topic/occupancy,METAVERSE,84
1716736543641,paho786626350165352,topic/maintenance,METAVERSE,26
1716736543700,paho786626349598883,topic/security,METAVERSE,28
1716736543714,paho786626349598883,topic/security,METAVERSE,5
1716736543715,paho786626349816395,topic/occupancy,METAVERSE,208
1716736543755,paho786626349598883,topic/security,METAVERSE,88
1716736543833,paho786626350165352,topic/maintenance,METAVERSE,58
1716736543833,paho786626349816395,topic/occupancy,METAVERSE,161
1716736543956,paho786626349816395,topic/occupancy,METAVERSE,247
1716736543966,paho786626349995698,topic/s/lighting,METAVERSE,7
1716736543972,paho786626348985480,topic/s/lighting,METAVERSE,13
1716736544044,paho786626349816395,topic/occupancy,METAVERSE,377
1716736544099,paho786626349598883,topic/security,METAVERSE,7
1716736544218,paho786626349816395,topic/occupancy,METAVERSE,126
1716736544288,paho786626348985480,topic/c/rfid,METAVERSE,5
1716736544292,paho786626349816395,topic/queueing,METAVERSE,9
1716736544324,paho786626348985480,topic/s/noise,METAVERSE,5
1716736544334,paho786626350165352,topic/maintenance,METAVERSE,15
1716736544343,paho786626349995698,topic/g/lighting,METAVERSE,4
1716736544344,paho786626348985480,topic/g/lighting,METAVERSE,5
1716736544348,paho786626349816395,topic/occupancy,METAVERSE,65
1716736544504,paho786626348985480,topic/s/noise,METAVERSE,5
1716736544505,paho786626350165352,topic/maintenance,METAVERSE,6
1716736544552,paho786626349995698,topic/d/lighting,METAVERSE,17
1716736544552,paho786626348985480,topic/d/lighting,METAVERSE,17
1716736544600,paho786626348985480,topic/b/rfid,METAVERSE,44
1716736544604,paho786626349816395,topic/queueing,METAVERSE,48
1716736544637,paho786626350165352,topic/maintenance,METAVERSE,10
1716736544700,paho786626349816395,topic/occupancy,METAVERSE,144
1716736544732,paho786626349598883,topic/security,METAVERSE,5
1716736544772,paho786626348985480,topic/e/noise,METAVERSE,25
1716736544779,paho786626350165352,topic/maintenance,METAVERSE,32
1716736544836,paho786626349816395,topic/occupancy,METAVERSE,109
1716736544887,paho786626348985480,topic/b/noise,METAVERSE,8
1716736544889,paho786626350165352,topic/maintenance,METAVERSE,10
1716736544892,paho786626350165352,topic/maintenance,METAVERSE,13
1716736544893,paho786626348985480,topic/b/noise,METAVERSE,14
1716736544903,paho786626350165352,topic/maintenance,METAVERSE,35
1716736544904,paho786626348985480,topic/d/noise,METAVERSE,36
1716736544940,paho786626348985480,topic/b/lighting,METAVERSE,5
1716736544940,paho786626349995698,topic/b/lighting,METAVERSE,5
1716736544945,paho786626349598883,topic/security,METAVERSE,13
1716736545010,paho786626349816395,topic/occupancy,METAVERSE,78
1716736545039,paho786626349995698,topic/v/lighting,METAVERSE,11
1716736545039,paho786626348985480,topic/v/lighting,METAVERSE,11
1716736545081,paho786626350165352,topic/maintenance,METAVERSE,21
1716736545220,paho786626349598883,topic/security,METAVERSE,26
1716736545231,paho786626350165352,topic/maintenance,METAVERSE,32
1716736545282,paho786626348985480,topic/g/noise,METAVERSE,5
1716736545284,paho786626350165352,topic/maintenance,METAVERSE,7
1716736545288,paho786626349598883,topic/security,METAVERSE,9
1716736545295,paho786626349598883,topic/security,METAVERSE,35
1716736545359,paho786626349816395,topic/occupancy,METAVERSE,80
1716736545381,paho786626349598883,topic/security,METAVERSE,6
1716736545437,paho786626349816395,topic/occupancy,METAVERSE,177
1716736545544,paho786626349816395,topic/occupancy,METAVERSE,169
1716736545620,paho786626349598883,topic/security,METAVERSE,65
1716736545681,paho786626350165352,topic/maintenance,METAVERSE,38
1716736545709,paho786626349598883,topic/security,METAVERSE,6
1716736545716,paho786626349598883,topic/security,METAVERSE,6
1716736545723,paho786626349598883,topic/security,METAVERSE,25
1716736545743,paho786626349598883,topic/security,METAVERSE,36
1716736545756,paho786626349598883,topic/security,METAVERSE,12
1716736545783,paho786626349598883,topic/security,METAVERSE,36
1716736545801,paho786626349816395,topic/occupancy,METAVERSE,246
1716736545871,paho786626349995698,topic/e/lighting,METAVERSE,14
1716736545871,paho786626348985480,topic/e/lighting,METAVERSE,14
1716736545882,paho786626349816395,topic/occupancy,METAVERSE,172
1716736545912,paho786626348985480,topic/b/lighting,METAVERSE,9
1716736545912,paho786626349995698,topic/b/lighting,METAVERSE,9
1716736545918,paho786626350165352,topic/maintenance,METAVERSE,6
1716736545937,paho786626348985480,topic/v/noise,METAVERSE,14
1716736545988,paho786626350165352,topic/maintenance,METAVERSE,65
1716736546025,paho786626350165352,topic/maintenance,METAVERSE,91
1716736546067,paho786626350165352,topic/maintenance,METAVERSE,52
1716736546088,paho786626349816395,topic/occupancy,METAVERSE,390
1716736546096,paho786626349598883,topic/security,METAVERSE,9
1716736546128,paho786626349598883,topic/security,METAVERSE,5
1716736546148,paho786626349816395,topic/occupancy,METAVERSE,404
1716736546181,paho786626349598883,topic/security,METAVERSE,26
1716736546247,paho786626348985480,topic/d/noise,METAVERSE,40
1716736546251,paho786626349995698,topic/b/lighting,METAVERSE,64
1716736546252,paho786626348985480,topic/b/lighting,METAVERSE,65
1716736546272,paho786626349816395,topic/occupancy,METAVERSE,149
1716736546283,paho786626350165352,topic/maintenance,METAVERSE,76
1716736546371,paho786626349995698,topic/c/lighting,METAVERSE,24
1716736546375,paho786626348985480,topic/c/lighting,METAVERSE,28
1716736546482,paho786626348985480,topic/g/noise,METAVERSE,4
1716736546483,paho786626350165352,topic/maintenance,METAVERSE,5
1716736546564,paho786626350165352,topic/maintenance,METAVERSE,29
1716736546743,paho786626349598883,topic/security,METAVERSE,6
1716736546754,paho786626349598883,topic/security,METAVERSE,38
1716736546774,paho786626348985480,topic/c/lighting,METAVERSE,4
1716736546777,paho786626349995698,topic/c/lighting,METAVERSE,7
1716736546794,paho786626348985480,topic/e/lighting,METAVERSE,11
1716736546794,paho786626349995698,topic/e/lighting,METAVERSE,11
1716736546832,paho786626349816395,topic/occupancy,METAVERSE,95
1716736546864,paho786626350165352,topic/maintenance,METAVERSE,9
1716736546883,paho786626348985480,topic/b/noise,METAVERSE,4
1716736546886,paho786626350165352,topic/maintenance,METAVERSE,7
1716736546890,paho786626350165352,topic/maintenance,METAVERSE,11
1716736546890,paho786626348985480,topic/b/noise,METAVERSE,11
1716736546944,paho786626349598883,topic/security,METAVERSE,5
1716736546969,paho786626349598883,topic/security,METAVERSE,6
1716736546983,paho786626348985480,topic/c/noise,METAVERSE,12
1716736546984,paho786626350165352,topic/maintenance,METAVERSE,13
1716736547045,paho786626349816395,topic/occupancy,METAVERSE,106
1716736547049,paho786626349598883,topic/security,METAVERSE,30
1716736547056,paho786626349598883,topic/security,METAVERSE,13
1716736547147,paho786626350165352,topic/maintenance,METAVERSE,66
1716736547306,paho786626349598883,topic/security,METAVERSE,7
1716736547360,paho786626349598883,topic/security,METAVERSE,5
1716736547364,paho786626348985480,topic/s/lighting,METAVERSE,5
1716736547364,paho786626349995698,topic/s/lighting,METAVERSE,5
1716736547389,paho786626349598883,topic/security,METAVERSE,6
1716736547400,paho786626349816395,topic/occupancy,METAVERSE,101
1716736547407,paho786626348985480,topic/b/lighting,METAVERSE,23
1716736547407,paho786626349995698,topic/b/lighting,METAVERSE,23
1716736547452,paho786626349598883,topic/security,METAVERSE,39
1716736547480,paho786626349816395,topic/occupancy,METAVERSE,125
1716736547506,paho786626349995698,topic/d/lighting,METAVERSE,15
1716736547506,paho786626348985480,topic/d/lighting,METAVERSE,15
1716736547527,paho786626349995698,topic/b/lighting,METAVERSE,4
1716736547527,paho786626348985480,topic/b/lighting,METAVERSE,4
1716736547548,paho786626349816395,topic/occupancy,METAVERSE,165
1716736547680,paho786626349598883,topic/security,METAVERSE,41
1716736547747,paho786626349598883,topic/security,METAVERSE,20
1716736547751,paho786626349816395,topic/occupancy,METAVERSE,112
1716736547752,paho786626348985480,topic/e/noise,METAVERSE,9
1716736547756,paho786626350165352,topic/maintenance,METAVERSE,13
1716736547756,paho786626349598883,topic/security,METAVERSE,13
1716736547776,paho786626349598883,topic/security,METAVERSE,5
1716736547844,paho786626349816395,topic/occupancy,METAVERSE,117
1716736547948,paho786626349816395,topic/occupancy,METAVERSE,205
1716736548057,paho786626349816395,topic/occupancy,METAVERSE,286
1716736548081,paho786626349598883,topic/security,METAVERSE,66
1716736548114,paho786626348985480,topic/v/rfid,METAVERSE,5
1716736548119,paho786626349816395,topic/queueing,METAVERSE,10
1716736548134,paho786626349598883,topic/security,METAVERSE,7
1716736548189,paho786626349598883,topic/security,METAVERSE,5
1716736548206,paho786626348985480,topic/g/lighting,METAVERSE,39
1716736548207,paho786626349995698,topic/g/lighting,METAVERSE,40
1716736548209,paho786626349816395,topic/occupancy,METAVERSE,100
1716736548277,paho786626349816395,topic/occupancy,METAVERSE,150
1716736548465,paho786626350165352,topic/maintenance,METAVERSE,6
1716736548604,paho786626350165352,topic/maintenance,METAVERSE,9
1716736548664,paho786626349598883,topic/security,METAVERSE,13
1716736548696,paho786626350165352,topic/maintenance,METAVERSE,17
1716736548744,paho786626349598883,topic/security,METAVERSE,6
1716736548820,paho786626349816395,topic/occupancy,METAVERSE,82
1716736548875,paho786626349598883,topic/security,METAVERSE,8
1716736548878,paho786626350165352,topic/maintenance,METAVERSE,14
1716736548880,paho786626350165352,topic/maintenance,METAVERSE,15
1716736548931,paho786626348985480,topic/d/rfid,METAVERSE,10
1716736548934,paho786626349816395,topic/queueing,METAVERSE,13
1716736548955,paho786626349598883,topic/security,METAVERSE,15
1716736548971,paho786626348985480,topic/s/lighting,METAVERSE,4
1716736548972,paho786626349995698,topic/s/lighting,METAVERSE,5
1716736549008,paho786626349816395,topic/occupancy,METAVERSE,87
1716736549080,paho786626349816395,topic/occupancy,METAVERSE,140
1716736549088,paho786626350165352,topic/maintenance,METAVERSE,8
1716736549131,paho786626350165352,topic/maintenance,METAVERSE,52
1716736549209,paho786626349598883,topic/security,METAVERSE,16
1716736549260,paho786626349598883,topic/security,METAVERSE,57
1716736549331,paho786626348985480,topic/s/noise,METAVERSE,4
1716736549333,paho786626350165352,topic/maintenance,METAVERSE,6
1716736549349,paho786626349598883,topic/security,METAVERSE,6
1716736549364,paho786626349598883,topic/security,METAVERSE,7
1716736549367,paho786626349995698,topic/g/lighting,METAVERSE,5
1716736549367,paho786626348985480,topic/g/lighting,METAVERSE,5
1716736549390,paho786626349598883,topic/security,METAVERSE,5
1716736549432,paho786626350165352,topic/maintenance,METAVERSE,56
1716736549435,paho786626349816395,topic/occupancy,METAVERSE,92
1716736549504,paho786626348985480,topic/s/noise,METAVERSE,4
1716736549539,paho786626350165352,topic/maintenance,METAVERSE,100
1716736549632,paho786626350165352,topic/maintenance,METAVERSE,132
1716736549632,paho786626350165352,topic/maintenance,METAVERSE,49
1716736549649,paho786626349995698,topic/d/lighting,METAVERSE,38
1716736549649,paho786626348985480,topic/d/lighting,METAVERSE,38
1716736549681,paho786626350165352,topic/maintenance,METAVERSE,18
1716736549726,paho786626349598883,topic/security,METAVERSE,5
1716736549733,paho786626349816395,topic/occupancy,METAVERSE,376
1716736549780,paho786626349598883,topic/security,METAVERSE,37
1716736549785,paho786626349598883,topic/security,METAVERSE,6
1716736549807,paho786626348985480,topic/e/noise,METAVERSE,8
1716736549831,paho786626349598883,topic/security,METAVERSE,72
1716736549848,paho786626350165352,topic/maintenance,METAVERSE,49
1716736549879,paho786626350165352,topic/maintenance,METAVERSE,68
1716736549888,paho786626349816395,topic/occupancy,METAVERSE,503
1716736549908,paho786626348985480,topic/b/noise,METAVERSE,5
1716736549914,paho786626348985480,topic/b/noise,METAVERSE,11
1716736549917,paho786626348985480,topic/d/noise,METAVERSE,9
1716736549935,paho786626350165352,topic/maintenance,METAVERSE,32
1716736549983,paho786626350165352,topic/maintenance,METAVERSE,80
1716736549986,paho786626348985480,topic/b/lighting,METAVERSE,7
1716736549987,paho786626349995698,topic/b/lighting,METAVERSE,8
1716736550016,paho786626349816395,topic/occupancy,METAVERSE,295
1716736550024,paho786626350165352,topic/maintenance,METAVERSE,116
1716736550052,paho786626349995698,topic/v/lighting,METAVERSE,5
1716736550052,paho786626348985480,topic/v/lighting,METAVERSE,5
1716736550105,paho786626349816395,topic/occupancy,METAVERSE,362
1716736550138,paho786626349598883,topic/security,METAVERSE,9
1716736550171,paho786626349816395,topic/occupancy,METAVERSE,392
1716736550233,paho786626349598883,topic/security,METAVERSE,6
1716736550283,paho786626348985480,topic/g/noise,METAVERSE,5
1716736550291,paho786626350165352,topic/maintenance,METAVERSE,13
1716736550292,paho786626349816395,topic/occupancy,METAVERSE,533
1716736550335,paho786626349816395,topic/occupancy,METAVERSE,206
1716736550385,paho786626350165352,topic/maintenance,METAVERSE,42
1716736550405,paho786626350165352,topic/maintenance,METAVERSE,26
1716736550616,paho786626348985480,topic/b/rfid,METAVERSE,5
1716736550618,paho786626349816395,topic/queueing,METAVERSE,7
1716736550682,paho786626349816395,topic/occupancy,METAVERSE,71
1716736550745,paho786626349598883,topic/security,METAVERSE,6
1716736550759,paho786626349598883,topic/security,METAVERSE,20
1716736550786,paho786626349816395,topic/occupancy,METAVERSE,47
1716736550852,paho786626350165352,topic/maintenance,METAVERSE,21
1716736550908,paho786626348985480,topic/e/lighting,METAVERSE,17
1716736550908,paho786626349995698,topic/e/lighting,METAVERSE,17
1716736550947,paho786626349995698,topic/b/lighting,METAVERSE,22
1716736550947,paho786626348985480,topic/b/lighting,METAVERSE,22
1716736550977,paho786626349598883,topic/security,METAVERSE,18
1716736550981,paho786626348985480,topic/v/noise,METAVERSE,5
1716736550982,paho786626350165352,topic/maintenance,METAVERSE,6
1716736551048,paho786626349816395,topic/occupancy,METAVERSE,89
1716736551069,paho786626349598883,topic/security,METAVERSE,10
1716736551080,paho786626350165352,topic/maintenance,METAVERSE,9
1716736551300,paho786626348985480,topic/b/lighting,METAVERSE,5
1716736551301,paho786626349995698,topic/b/lighting,METAVERSE,6
1716736551303,paho786626348985480,topic/c/rfid,METAVERSE,8
1716736551309,paho786626349816395,topic/queueing,METAVERSE,14
1716736551327,paho786626348985480,topic/d/noise,METAVERSE,5
1716736551330,paho786626350165352,topic/maintenance,METAVERSE,8
1716736551368,paho786626349598883,topic/security,METAVERSE,8
1716736551397,paho786626349816395,topic/occupancy,METAVERSE,102
1716736551408,paho786626349598883,topic/security,METAVERSE,25
1716736551421,paho786626349995698,topic/c/lighting,METAVERSE,10
1716736551421,paho786626348985480,topic/c/lighting,METAVERSE,10
1716736551459,paho786626349598883,topic/security,METAVERSE,56
1716736551492,paho786626348985480,topic/g/noise,METAVERSE,5
1716736551500,paho786626350165352,topic/maintenance,METAVERSE,13
1716736551544,paho786626349816395,topic/occupancy,METAVERSE,184
1716736551652,paho786626349816395,topic/occupancy,METAVERSE,269
1716736551747,paho786626349598883,topic/security,METAVERSE,22
1716736551748,paho786626349816395,topic/occupancy,METAVERSE,345
1716736551757,paho786626350165352,topic/maintenance,METAVERSE,17
1716736551791,paho786626349816395,topic/occupancy,METAVERSE,66
1716736551816,paho786626349598883,topic/security,METAVERSE,37
1716736551819,paho786626348985480,topic/e/lighting,METAVERSE,12
1716736551819,paho786626349995698,topic/e/lighting,METAVERSE,12
1716736551823,paho786626349598883,topic/security,METAVERSE,28
1716736551851,paho786626350165352,topic/maintenance,METAVERSE,16
1716736551855,paho786626349598883,topic/security,METAVERSE,5
1716736551858,paho786626348985480,topic/c/lighting,METAVERSE,15
1716736551859,paho786626349995698,topic/c/lighting,METAVERSE,16
1716736551865,paho786626349598883,topic/security,METAVERSE,57
1716736551886,paho786626348985480,topic/e/rfid,METAVERSE,19
1716736551896,paho786626349816395,topic/queueing,METAVERSE,29
1716736551924,paho786626348985480,topic/b/noise,METAVERSE,12
1716736551946,paho786626348985480,topic/b/noise,METAVERSE,51
1716736551958,paho786626348985480,topic/d/rfid,METAVERSE,7
1716736551979,paho786626350165352,topic/maintenance,METAVERSE,84
1716736551980,paho786626349816395,topic/queueing,METAVERSE,29
1716736551987,paho786626350165352,topic/maintenance,METAVERSE,75
1716736552002,paho786626348985480,topic/c/noise,METAVERSE,7
1716736552039,paho786626349816395,topic/occupancy,METAVERSE,244
1716736552044,paho786626350165352,topic/maintenance,METAVERSE,149
1716736552091,paho786626350165352,topic/maintenance,METAVERSE,96
1716736552231,paho786626349598883,topic/security,METAVERSE,16
1716736552253,paho786626349816395,topic/occupancy,METAVERSE,403
1716736552297,paho786626349598883,topic/security,METAVERSE,6
1716736552347,paho786626349816395,topic/occupancy,METAVERSE,539
1716736552430,paho786626349816395,topic/occupancy,METAVERSE,563
1716736552467,paho786626350165352,topic/maintenance,METAVERSE,20
1716736552480,paho786626349816395,topic/occupancy,METAVERSE,529
1716736552488,paho786626348985480,topic/s/lighting,METAVERSE,93
1716736552490,paho786626349995698,topic/s/lighting,METAVERSE,95
1716736552517,paho786626348985480,topic/g/rfid,METAVERSE,9
1716736552523,paho786626349816395,topic/queueing,METAVERSE,15
1716736552529,paho786626348985480,topic/b/lighting,METAVERSE,6
1716736552535,paho786626349995698,topic/b/lighting,METAVERSE,12
1716736552539,paho786626348985480,topic/b/lighting,METAVERSE,8
1716736552546,paho786626348985480,topic/d/lighting,METAVERSE,14
1716736552549,paho786626349995698,topic/b/lighting,METAVERSE,18
1716736552552,paho786626349995698,topic/d/lighting,METAVERSE,20
1716736552606,paho786626349816395,topic/occupancy,METAVERSE,391
1716736552684,paho786626349816395,topic/occupancy,METAVERSE,176
1716736552765,paho786626349598883,topic/security,METAVERSE,24
1716736552784,paho786626348985480,topic/e/noise,METAVERSE,5
1716736552786,paho786626350165352,topic/maintenance,METAVERSE,7
1716736552832,paho786626349816395,topic/occupancy,METAVERSE,91
1716736553017,paho786626349598883,topic/security,METAVERSE,10
1716736553101,paho786626349598883,topic/security,METAVERSE,8
1716736553101,paho786626349816395,topic/occupancy,METAVERSE,94
1716736553214,paho786626348985480,topic/g/lighting,METAVERSE,5
1716736553218,paho786626349995698,topic/g/lighting,METAVERSE,9
1716736553267,paho786626348985480,topic/s/rfid,METAVERSE,52
1716736553268,paho786626349816395,topic/queueing,METAVERSE,53
1716736553343,paho786626349816395,topic/occupancy,METAVERSE,128
1716736553387,paho786626349598883,topic/security,METAVERSE,14
1716736553435,paho786626349598883,topic/security,METAVERSE,16
1716736553459,paho786626349598883,topic/security,METAVERSE,37
1716736553461,paho786626349816395,topic/occupancy,METAVERSE,88
1716736553591,paho786626349816395,topic/occupancy,METAVERSE,172
1716736553663,paho786626349816395,topic/occupancy,METAVERSE,241
1716736553844,paho786626349598883,topic/security,METAVERSE,69
1716736553844,paho786626349598883,topic/security,METAVERSE,33
1716736553883,paho786626349598883,topic/security,METAVERSE,24
1716736553935,paho786626349598883,topic/security,METAVERSE,58
1716736553941,paho786626349816395,topic/occupancy,METAVERSE,166
1716736553946,paho786626349598883,topic/security,METAVERSE,48
1716736553980,paho786626348985480,topic/e/rfid,METAVERSE,25
1716736554003,paho786626349816395,topic/queueing,METAVERSE,48
1716736554033,paho786626349995698,topic/s/lighting,METAVERSE,14
1716736554059,paho786626349816395,topic/occupancy,METAVERSE,248
1716736554059,paho786626348985480,topic/s/lighting,METAVERSE,40
1716736554135,paho786626349598883,topic/security,METAVERSE,20
1716736554160,paho786626349816395,topic/occupancy,METAVERSE,283
1716736554259,paho786626349598883,topic/security,METAVERSE,9
1716736554278,paho786626349816395,topic/occupancy,METAVERSE,380
1716736554375,paho786626348985480,topic/s/noise,METAVERSE,11
1716736554376,paho786626349816395,topic/occupancy,METAVERSE,421
1716736554376,paho786626350165352,topic/maintenance,METAVERSE,12
1716736554408,paho786626348985480,topic/g/lighting,METAVERSE,13
1716736554415,paho786626349995698,topic/g/lighting,METAVERSE,20
1716736554453,paho786626349816395,topic/occupancy,METAVERSE,203
1716736554531,paho786626348985480,topic/s/noise,METAVERSE,13
1716736554535,paho786626350165352,topic/maintenance,METAVERSE,17
1716736554670,paho786626350165352,topic/maintenance,METAVERSE,9
1716736554749,paho786626349995698,topic/d/lighting,METAVERSE,70
1716736554749,paho786626348985480,topic/d/lighting,METAVERSE,70
1716736554805,paho786626349598883,topic/security,METAVERSE,18
1716736554834,paho786626348985480,topic/e/noise,METAVERSE,23
1716736554866,paho786626350165352,topic/maintenance,METAVERSE,55
1716736554900,paho786626349816395,topic/occupancy,METAVERSE,113
1716736554930,paho786626348985480,topic/d/noise,METAVERSE,19
1716736554931,paho786626350165352,topic/maintenance,METAVERSE,20
1716736554951,paho786626348985480,topic/b/noise,METAVERSE,14
1716736554954,paho786626350165352,topic/maintenance,METAVERSE,17
1716736554957,paho786626348985480,topic/b/noise,METAVERSE,26
1716736554995,paho786626350165352,topic/maintenance,METAVERSE,64
1716736555030,paho786626349598883,topic/security,METAVERSE,15
1716736555035,paho786626348985480,topic/b/lighting,METAVERSE,5
1716736555035,paho786626349995698,topic/b/lighting,METAVERSE,5
1716736555093,paho786626349816395,topic/occupancy,METAVERSE,78
1716736555104,paho786626349995698,topic/v/lighting,METAVERSE,11
1716736555145,paho786626348985480,topic/v/lighting,METAVERSE,52
1716736555199,paho786626350165352,topic/maintenance,METAVERSE,50
1716736555250,paho786626349598883,topic/security,METAVERSE,16
1716736555290,paho786626348985480,topic/g/noise,METAVERSE,5
1716736555299,paho786626350165352,topic/maintenance,METAVERSE,14
1716736555324,paho786626349598883,topic/security,METAVERSE,12
1716736555452,paho786626349598883,topic/security,METAVERSE,21
1716736555491,paho786626349598883,topic/security,METAVERSE,20
1716736555541,paho786626349598883,topic/security,METAVERSE,10
1716736555541,paho786626349816395,topic/occupancy,METAVERSE,110
1716736555627,paho786626349816395,topic/occupancy,METAVERSE,156
1716736555707,paho786626349816395,topic/occupancy,METAVERSE,176
1716736555739,paho786626350165352,topic/maintenance,METAVERSE,47
1716736555829,paho786626349598883,topic/security,METAVERSE,18
1716736555829,paho786626349598883,topic/security,METAVERSE,50
1716736555859,paho786626349598883,topic/security,METAVERSE,16
1716736555907,paho786626349598883,topic/security,METAVERSE,63
1716736555952,paho786626349995698,topic/e/lighting,METAVERSE,5
1716736555954,paho786626348985480,topic/e/lighting,METAVERSE,7
1716736555955,paho786626350165352,topic/maintenance,METAVERSE,42
1716736555962,paho786626349598883,topic/security,METAVERSE,27
1716736555996,paho786626349816395,topic/occupancy,METAVERSE,153
1716736556007,paho786626349598883,topic/security,METAVERSE,45
1716736556026,paho786626348985480,topic/v/noise,METAVERSE,31
1716736556035,paho786626350165352,topic/maintenance,METAVERSE,40
1716736556061,paho786626349995698,topic/b/lighting,METAVERSE,13
1716736556063,paho786626348985480,topic/b/lighting,METAVERSE,15
1716736556081,paho786626350165352,topic/maintenance,METAVERSE,33
1716736556136,paho786626349816395,topic/occupancy,METAVERSE,292
1716736556144,paho786626349598883,topic/security,METAVERSE,9
1716736556237,paho786626349816395,topic/occupancy,METAVERSE,302
1716736556275,paho786626349598883,topic/security,METAVERSE,12
1716736556297,paho786626349816395,topic/occupancy,METAVERSE,335
1716736556338,paho786626348985480,topic/d/noise,METAVERSE,11
1716736556339,paho786626350165352,topic/maintenance,METAVERSE,12
1716736556352,paho786626349995698,topic/b/lighting,METAVERSE,5
1716736556352,paho786626348985480,topic/b/lighting,METAVERSE,5
1716736556384,paho786626349816395,topic/occupancy,METAVERSE,121
1716736556438,paho786626348985480,topic/c/lighting,METAVERSE,8
1716736556438,paho786626349995698,topic/c/lighting,METAVERSE,8
1716736556499,paho786626349598883,topic/security,METAVERSE,31
1716736556535,paho786626348985480,topic/g/noise,METAVERSE,8
1716736556542,paho786626350165352,topic/maintenance,METAVERSE,13
1716736556542,paho786626350165352,topic/maintenance,METAVERSE,15
1716736556593,paho786626350165352,topic/maintenance,METAVERSE,13
