1716782011464,paho829052001574408,topic/v/rfid,METAVERSE,179
1716782011485,paho829052002273114,topic/security,METAVERSE,458
1716782011496,paho829052002495081,topic/queueing,METAVERSE,211
1716782011533,paho829052002273114,topic/security,METAVERSE,458
1716782011535,paho829052001574408,topic/v/noise,METAVERSE,19
1716782011579,paho829052002824734,topic/maintenance,METAVERSE,185
1716782011588,paho829052002273114,topic/security,METAVERSE,464
1716782011620,paho829052002824734,topic/maintenance,METAVERSE,104
1716782011629,paho829052002273114,topic/security,METAVERSE,487
1716782011679,paho829052002273114,topic/security,METAVERSE,519
1716782011696,paho829052002824734,topic/maintenance,METAVERSE,93
1716782011733,paho829052002273114,topic/security,METAVERSE,547
1716782011765,paho829052002273114,topic/security,METAVERSE,534
1716782011785,paho829052002273114,topic/security,METAVERSE,541
1716782011785,paho829052002273114,topic/security,METAVERSE,502
1716782011786,paho829052002273114,topic/security,METAVERSE,381
1716782011786,paho829052002273114,topic/security,METAVERSE,301
1716782011806,paho829052002273114,topic/security,METAVERSE,320
1716782011806,paho829052002273114,topic/security,METAVERSE,319
1716782011806,paho829052002273114,topic/security,METAVERSE,318
1716782011806,paho829052002273114,topic/security,METAVERSE,299
1716782011829,paho829052002273114,topic/security,METAVERSE,259
1716782011830,paho829052002495081,topic/occupancy,METAVERSE,545
1716782011868,paho829052002273114,topic/security,METAVERSE,277
1716782011869,paho829052002273114,topic/security,METAVERSE,254
1716782011869,paho829052002273114,topic/security,METAVERSE,238
1716782011869,paho829052002273114,topic/security,METAVERSE,214
1716782011869,paho829052002273114,topic/security,METAVERSE,157
1716782011869,paho829052002273114,topic/security,METAVERSE,110
1716782011869,paho829052002273114,topic/security,METAVERSE,88
1716782011869,paho829052002273114,topic/security,METAVERSE,67
1716782011869,paho829052002273114,topic/security,METAVERSE,63
1716782011919,paho829052002824734,topic/maintenance,METAVERSE,15
1716782011921,paho829052002273114,topic/security,METAVERSE,22
1716782011929,paho829052002273114,topic/security,METAVERSE,33
1716782011960,paho829052002273114,topic/security,METAVERSE,58
1716782011984,paho829052002824734,topic/maintenance,METAVERSE,28
1716782012006,paho829052002273114,topic/security,METAVERSE,12
1716782012019,paho829052002273114,topic/security,METAVERSE,10
1716782012026,paho829052002824734,topic/maintenance,METAVERSE,47
1716782012051,paho829052002273114,topic/security,METAVERSE,8
1716782012078,paho829052002495081,topic/occupancy,METAVERSE,176
1716782012084,paho829052002273114,topic/security,METAVERSE,25
1716782012115,paho829052002662143,topic/c/lighting,METAVERSE,43
1716782012115,paho829052001574408,topic/c/lighting,METAVERSE,43
1716782012116,paho829052001574408,topic/c/rfid,METAVERSE,20
1716782012116,paho829052001574408,topic/c/rfid,METAVERSE,18
1716782012133,paho829052002495081,topic/queueing,METAVERSE,37
1716782012134,paho829052002495081,topic/queueing,METAVERSE,36
1716782012194,paho829052002824734,topic/maintenance,METAVERSE,50
1716782012201,paho829052002273114,topic/security,METAVERSE,46
1716782012204,paho829052002273114,topic/security,METAVERSE,12
1716782012229,paho829052002824734,topic/maintenance,METAVERSE,9
1716782012244,paho829052002273114,topic/security,METAVERSE,15
1716782012250,paho829052002273114,topic/security,METAVERSE,15
1716782012261,paho829052002273114,topic/security,METAVERSE,15
1716782012279,paho829052002495081,topic/occupancy,METAVERSE,270
1716782012279,paho829052002273114,topic/security,METAVERSE,23
1716782012300,paho829052002273114,topic/security,METAVERSE,43
1716782012300,paho829052002273114,topic/security,METAVERSE,43
1716782012303,paho829052002273114,topic/security,METAVERSE,19
1716782012311,paho829052001574408,topic/v/rfid,METAVERSE,8
1716782012321,paho829052001574408,topic/v/rfid,METAVERSE,7
1716782012328,paho829052002273114,topic/security,METAVERSE,50
1716782012328,paho829052002495081,topic/queueing,METAVERSE,25
1716782012331,paho829052001574408,topic/v/lighting,METAVERSE,15
1716782012332,paho829052002662143,topic/v/lighting,METAVERSE,16
1716782012334,paho829052002495081,topic/queueing,METAVERSE,20
1716782012340,paho829052002495081,topic/occupancy,METAVERSE,244
1716782012359,paho829052001574408,topic/c/noise,METAVERSE,7
1716782012376,paho829052002273114,topic/security,METAVERSE,71
1716782012384,paho829052002824734,topic/maintenance,METAVERSE,32
1716782012427,paho829052002495081,topic/occupancy,METAVERSE,329
1716782012428,paho829052002273114,topic/security,METAVERSE,88
1716782012429,paho829052002824734,topic/maintenance,METAVERSE,50
1716782012439,paho829052002273114,topic/security,METAVERSE,17
1716782012452,paho829052002273114,topic/security,METAVERSE,20
1716782012458,paho829052002273114,topic/security,METAVERSE,25
1716782012465,paho829052002273114,topic/security,METAVERSE,22
1716782012486,paho829052002273114,topic/security,METAVERSE,43
1716782012500,paho829052002495081,topic/occupancy,METAVERSE,197
1716782012502,paho829052002273114,topic/security,METAVERSE,36
1716782012544,paho829052002273114,topic/security,METAVERSE,58
1716782012563,paho829052002662143,topic/c/lighting,METAVERSE,7
1716782012564,paho829052001574408,topic/c/lighting,METAVERSE,8
1716782012577,paho829052002824734,topic/maintenance,METAVERSE,101
1716782012581,paho829052002273114,topic/security,METAVERSE,48
1716782012597,paho829052002495081,topic/occupancy,METAVERSE,283
1716782012610,paho829052002273114,topic/security,METAVERSE,10
1716782012629,paho829052002273114,topic/security,METAVERSE,25
1716782012634,paho829052002273114,topic/security,METAVERSE,22
1716782012641,paho829052002273114,topic/security,METAVERSE,11
1716782012657,paho829052002273114,topic/security,METAVERSE,8
1716782012696,paho829052002273114,topic/security,METAVERSE,8
1716782012699,paho829052002273114,topic/security,METAVERSE,8
1716782012702,paho829052002273114,topic/security,METAVERSE,11
1716782012713,paho829052001574408,topic/s/noise,METAVERSE,35
1716782012714,paho829052002824734,topic/maintenance,METAVERSE,36
1716782012727,paho829052002273114,topic/security,METAVERSE,33
1716782012738,paho829052002273114,topic/security,METAVERSE,41
1716782012780,paho829052002273114,topic/security,METAVERSE,56
1716782012781,paho829052002662143,topic/s/lighting,METAVERSE,9
1716782012782,paho829052001574408,topic/s/lighting,METAVERSE,10
1716782012836,paho829052002273114,topic/security,METAVERSE,100
1716782012839,paho829052002273114,topic/security,METAVERSE,10
1716782012848,paho829052002273114,topic/security,METAVERSE,18
1716782012880,paho829052002273114,topic/security,METAVERSE,49
1716782012880,paho829052002273114,topic/security,METAVERSE,48
1716782012926,paho829052002273114,topic/security,METAVERSE,93
1716782012967,paho829052002273114,topic/security,METAVERSE,125
1716782012967,paho829052002273114,topic/security,METAVERSE,124
1716782012967,paho829052002273114,topic/security,METAVERSE,123
1716782012973,paho829052002824734,topic/maintenance,METAVERSE,15
1716782012979,paho829052002273114,topic/security,METAVERSE,135
1716782012979,paho829052002273114,topic/security,METAVERSE,132
1716782012979,paho829052002273114,topic/security,METAVERSE,115
1716782012992,paho829052002824734,topic/maintenance,METAVERSE,40
1716782012996,paho829052002273114,topic/security,METAVERSE,131
1716782013027,paho829052002273114,topic/security,METAVERSE,162
1716782013029,paho829052002824734,topic/maintenance,METAVERSE,25
1716782013030,paho829052002273114,topic/security,METAVERSE,164
1716782013032,paho829052002273114,topic/security,METAVERSE,166
1716782013053,paho829052002824734,topic/maintenance,METAVERSE,9
1716782013075,paho829052002273114,topic/security,METAVERSE,175
1716782013094,paho829052001574408,topic/d/noise,METAVERSE,88
1716782013099,paho829052002273114,topic/security,METAVERSE,196
1716782013099,paho829052002824734,topic/maintenance,METAVERSE,93
1716782013099,paho829052002273114,topic/security,METAVERSE,194
1716782013099,paho829052002273114,topic/security,METAVERSE,141
1716782013099,paho829052002273114,topic/security,METAVERSE,139
1716782013124,paho829052002273114,topic/security,METAVERSE,163
1716782013126,paho829052002273114,topic/security,METAVERSE,165
1716782013135,paho829052002273114,topic/security,METAVERSE,226
1716782013135,paho829052002273114,topic/security,METAVERSE,166
1716782013176,paho829052002273114,topic/security,METAVERSE,207
1716782013178,paho829052002824734,topic/maintenance,METAVERSE,14
1716782013179,paho829052002273114,topic/security,METAVERSE,188
1716782013220,paho829052002273114,topic/security,METAVERSE,227
1716782013220,paho829052002273114,topic/security,METAVERSE,263
1716782013226,paho829052002273114,topic/security,METAVERSE,207
1716782013227,paho829052002273114,topic/security,METAVERSE,207
1716782013230,paho829052002273114,topic/security,METAVERSE,209
1716782013276,paho829052002273114,topic/security,METAVERSE,255
1716782013278,paho829052002273114,topic/security,METAVERSE,257
1716782013280,paho829052002273114,topic/security,METAVERSE,281
1716782013326,paho829052002273114,topic/security,METAVERSE,304
1716782013326,paho829052002273114,topic/security,METAVERSE,274
1716782013328,paho829052002273114,topic/security,METAVERSE,245
1716782013329,paho829052002273114,topic/security,METAVERSE,238
1716782013376,paho829052002273114,topic/security,METAVERSE,283
1716782013376,paho829052002273114,topic/security,METAVERSE,275
1716782013379,paho829052002273114,topic/security,METAVERSE,278
1716782013384,paho829052002273114,topic/security,METAVERSE,282
1716782013428,paho829052002273114,topic/security,METAVERSE,326
1716782013428,paho829052002273114,topic/security,METAVERSE,326
1716782013429,paho829052002273114,topic/security,METAVERSE,329
1716782013431,paho829052002273114,topic/security,METAVERSE,316
1716782013433,paho829052002273114,topic/security,METAVERSE,289
1716782013453,paho829052001574408,topic/d/noise,METAVERSE,77
1716782013457,paho829052002824734,topic/maintenance,METAVERSE,81
1716782013461,paho829052002824734,topic/maintenance,METAVERSE,77
1716782013474,paho829052001574408,topic/s/rfid,METAVERSE,6
1716782013479,paho829052002495081,topic/queueing,METAVERSE,11
1716782013479,paho829052002273114,topic/security,METAVERSE,330
1716782013487,paho829052002824734,topic/maintenance,METAVERSE,26
1716782013511,paho829052001574408,topic/s/rfid,METAVERSE,42
1716782013514,paho829052001574408,topic/s/rfid,METAVERSE,7
1716782013527,paho829052002495081,topic/queueing,METAVERSE,58
1716782013527,paho829052002273114,topic/security,METAVERSE,378
1716782013530,paho829052002273114,topic/security,METAVERSE,376
1716782013580,paho829052002273114,topic/security,METAVERSE,426
1716782013580,paho829052002273114,topic/security,METAVERSE,425
1716782013584,paho829052002495081,topic/occupancy,METAVERSE,116
1716782013626,paho829052002495081,topic/queueing,METAVERSE,119
1716782013626,paho829052002273114,topic/security,METAVERSE,471
1716782013629,paho829052002273114,topic/security,METAVERSE,474
1716782013631,paho829052002273114,topic/security,METAVERSE,475
1716782013637,paho829052002495081,topic/occupancy,METAVERSE,168
1716782013699,paho829052002495081,topic/occupancy,METAVERSE,192
1716782013714,paho829052002824734,topic/maintenance,METAVERSE,17
1716782013724,paho829052002273114,topic/security,METAVERSE,573
1716782013729,paho829052002273114,topic/security,METAVERSE,560
1716782013729,paho829052002273114,topic/security,METAVERSE,525
1716782013755,paho829052002273114,topic/security,METAVERSE,561
1716782013778,paho829052002273114,topic/security,METAVERSE,570
1716782013816,paho829052002273114,topic/security,METAVERSE,608
1716782013816,paho829052002273114,topic/security,METAVERSE,607
1716782013843,paho829052002273114,topic/security,METAVERSE,634
1716782013843,paho829052002273114,topic/security,METAVERSE,633
1716782013844,paho829052002273114,topic/security,METAVERSE,636
1716782013844,paho829052002273114,topic/security,METAVERSE,633
1716782013844,paho829052002824734,topic/maintenance,METAVERSE,22
1716782013848,paho829052001574408,topic/g/noise,METAVERSE,26
1716782013849,paho829052002273114,topic/security,METAVERSE,587
1716782013852,paho829052002273114,topic/security,METAVERSE,588
1716782013880,paho829052002273114,topic/security,METAVERSE,632
1716782013897,paho829052002495081,topic/occupancy,METAVERSE,74
1716782013947,paho829052001574408,topic/s/noise,METAVERSE,22
1716782013949,paho829052002824734,topic/maintenance,METAVERSE,45
1716782013949,paho829052002824734,topic/maintenance,METAVERSE,24
1716782013979,paho829052002824734,topic/maintenance,METAVERSE,11
1716782013983,paho829052001574408,topic/d/lighting,METAVERSE,8
1716782013983,paho829052002662143,topic/d/lighting,METAVERSE,8
1716782014082,paho829052002824734,topic/maintenance,METAVERSE,31
1716782014122,paho829052002662143,topic/g/lighting,METAVERSE,21
1716782014123,paho829052001574408,topic/g/lighting,METAVERSE,22
1716782014132,paho829052002824734,topic/maintenance,METAVERSE,63
1716782014179,paho829052002495081,topic/occupancy,METAVERSE,167
1716782014236,paho829052002495081,topic/occupancy,METAVERSE,237
1716782014331,paho829052002273114,topic/security,METAVERSE,1067
1716782014332,paho829052002273114,topic/security,METAVERSE,1067
1716782014332,paho829052002273114,topic/security,METAVERSE,1058
1716782014332,paho829052002273114,topic/security,METAVERSE,1030
1716782014332,paho829052002273114,topic/security,METAVERSE,1028
1716782014332,paho829052002273114,topic/security,METAVERSE,1026
1716782014332,paho829052002273114,topic/security,METAVERSE,1026
1716782014332,paho829052002273114,topic/security,METAVERSE,1025
1716782014332,paho829052002273114,topic/security,METAVERSE,992
1716782014332,paho829052002273114,topic/security,METAVERSE,991
1716782014332,paho829052002273114,topic/security,METAVERSE,972
1716782014332,paho829052002273114,topic/security,METAVERSE,1030
1716782014332,paho829052002273114,topic/security,METAVERSE,940
1716782014332,paho829052002273114,topic/security,METAVERSE,935
1716782014332,paho829052002273114,topic/security,METAVERSE,932
1716782014333,paho829052002273114,topic/security,METAVERSE,928
1716782014333,paho829052002273114,topic/security,METAVERSE,868
1716782014333,paho829052002273114,topic/security,METAVERSE,868
1716782014333,paho829052002273114,topic/security,METAVERSE,883
1716782014333,paho829052002273114,topic/security,METAVERSE,867
1716782014333,paho829052002273114,topic/security,METAVERSE,829
1716782014333,paho829052002273114,topic/security,METAVERSE,829
1716782014333,paho829052002273114,topic/security,METAVERSE,830
1716782014333,paho829052002273114,topic/security,METAVERSE,793
1716782014333,paho829052002273114,topic/security,METAVERSE,793
1716782014333,paho829052002273114,topic/security,METAVERSE,793
1716782014333,paho829052002273114,topic/security,METAVERSE,796
1716782014333,paho829052002273114,topic/security,METAVERSE,779
1716782014333,paho829052002273114,topic/security,METAVERSE,778
1716782014333,paho829052002273114,topic/security,METAVERSE,778
1716782014333,paho829052002273114,topic/security,METAVERSE,777
1716782014333,paho829052002273114,topic/security,METAVERSE,778
1716782014334,paho829052002273114,topic/security,METAVERSE,777
1716782014334,paho829052002273114,topic/security,METAVERSE,778
1716782014334,paho829052002273114,topic/security,METAVERSE,775
1716782014334,paho829052002273114,topic/security,METAVERSE,777
1716782014334,paho829052002273114,topic/security,METAVERSE,774
1716782014334,paho829052002273114,topic/security,METAVERSE,774
1716782014335,paho829052002273114,topic/security,METAVERSE,766
1716782014335,paho829052002273114,topic/security,METAVERSE,727
1716782014432,paho829052002824734,topic/maintenance,METAVERSE,60
1716782014482,paho829052002824734,topic/maintenance,METAVERSE,31
1716782014529,paho829052002824734,topic/maintenance,METAVERSE,113
1716782014664,paho829052002495081,topic/occupancy,METAVERSE,29
1716782014669,paho829052002662143,topic/b/lighting,METAVERSE,20
1716782014670,paho829052001574408,topic/b/lighting,METAVERSE,21
1716782014718,paho829052002824734,topic/maintenance,METAVERSE,26
1716782014725,paho829052001574408,topic/s/lighting,METAVERSE,40
1716782014726,paho829052002662143,topic/s/lighting,METAVERSE,41
1716782014781,paho829052002824734,topic/maintenance,METAVERSE,24
1716782014806,paho829052002824734,topic/maintenance,METAVERSE,80
1716782014836,paho829052002824734,topic/maintenance,METAVERSE,38
1716782014855,paho829052002824734,topic/maintenance,METAVERSE,56
1716782014884,paho829052002824734,topic/maintenance,METAVERSE,17
1716782014901,paho829052001574408,topic/g/rfid,METAVERSE,23
1716782014910,paho829052002824734,topic/maintenance,METAVERSE,10
1716782014932,paho829052002495081,topic/queueing,METAVERSE,54
1716782014951,paho829052002824734,topic/maintenance,METAVERSE,21
1716782014980,paho829052002495081,topic/occupancy,METAVERSE,102
1716782015007,paho829052002824734,topic/maintenance,METAVERSE,30
1716782015068,paho829052001574408,topic/g/noise,METAVERSE,16
1716782015079,paho829052002824734,topic/maintenance,METAVERSE,53
1716782015079,paho829052002824734,topic/maintenance,METAVERSE,35
1716782015093,paho829052002824734,topic/maintenance,METAVERSE,41
1716782015128,paho829052002824734,topic/maintenance,METAVERSE,64
1716782015181,paho829052002824734,topic/maintenance,METAVERSE,108
1716782015235,paho829052002824734,topic/maintenance,METAVERSE,98
1716782015237,paho829052002824734,topic/maintenance,METAVERSE,130
1716782015281,paho829052002824734,topic/maintenance,METAVERSE,129
1716782015287,paho829052002824734,topic/maintenance,METAVERSE,113
1716782015321,paho829052001574408,topic/g/lighting,METAVERSE,9
1716782015321,paho829052002662143,topic/g/lighting,METAVERSE,9
1716782015328,paho829052002824734,topic/maintenance,METAVERSE,133
1716782015350,paho829052002824734,topic/maintenance,METAVERSE,143
1716782015385,paho829052002824734,topic/maintenance,METAVERSE,168
1716782015427,paho829052002824734,topic/maintenance,METAVERSE,209
1716782015447,paho829052002824734,topic/maintenance,METAVERSE,224
1716782015479,paho829052002824734,topic/maintenance,METAVERSE,242
1716782015488,paho829052002824734,topic/maintenance,METAVERSE,242
1716782015527,paho829052002824734,topic/maintenance,METAVERSE,273
1716782015533,paho829052002273114,topic/security,METAVERSE,1929
1716782015533,paho829052002273114,topic/security,METAVERSE,1894
1716782015533,paho829052002273114,topic/security,METAVERSE,1891
1716782015533,paho829052002273114,topic/security,METAVERSE,1894
1716782015533,paho829052002273114,topic/security,METAVERSE,1890
1716782015533,paho829052002273114,topic/security,METAVERSE,1878
1716782015533,paho829052002273114,topic/security,METAVERSE,1866
1716782015534,paho829052002273114,topic/security,METAVERSE,1890
1716782015534,paho829052002273114,topic/security,METAVERSE,1866
1716782015534,paho829052002273114,topic/security,METAVERSE,1866
1716782015534,paho829052002273114,topic/security,METAVERSE,1865
1716782015534,paho829052002273114,topic/security,METAVERSE,1841
1716782015534,paho829052002273114,topic/security,METAVERSE,1841
1716782015534,paho829052002273114,topic/security,METAVERSE,1841
1716782015534,paho829052002273114,topic/security,METAVERSE,1840
1716782015534,paho829052002273114,topic/security,METAVERSE,1878
1716782015534,paho829052002273114,topic/security,METAVERSE,1840
1716782015534,paho829052002273114,topic/security,METAVERSE,1840
1716782015534,paho829052002273114,topic/security,METAVERSE,1816
1716782015534,paho829052002273114,topic/security,METAVERSE,1816
1716782015534,paho829052002273114,topic/security,METAVERSE,1816
1716782015534,paho829052002273114,topic/security,METAVERSE,1829
1716782015534,paho829052002273114,topic/security,METAVERSE,1796
1716782015534,paho829052002273114,topic/security,METAVERSE,1815
1716782015534,paho829052002273114,topic/security,METAVERSE,1786
1716782015535,paho829052002273114,topic/security,METAVERSE,1787
1716782015535,paho829052002273114,topic/security,METAVERSE,1787
1716782015535,paho829052002273114,topic/security,METAVERSE,1786
1716782015535,paho829052002273114,topic/security,METAVERSE,1786
1716782015535,paho829052002273114,topic/security,METAVERSE,1786
1716782015535,paho829052002273114,topic/security,METAVERSE,1785
1716782015535,paho829052002273114,topic/security,METAVERSE,1781
1716782015535,paho829052002273114,topic/security,METAVERSE,1780
1716782015535,paho829052002273114,topic/security,METAVERSE,1752
1716782015549,paho829052001574408,topic/s/rfid,METAVERSE,6
1716782015551,paho829052002824734,topic/maintenance,METAVERSE,296
1716782015553,paho829052001574408,topic/s/rfid,METAVERSE,9
1716782015576,paho829052002495081,topic/queueing,METAVERSE,33
1716782015627,paho829052002824734,topic/maintenance,METAVERSE,372
1716782015628,paho829052002495081,topic/queueing,METAVERSE,84
1716782015663,paho829052001574408,topic/d/rfid,METAVERSE,6
1716782015676,paho829052001574408,topic/d/lighting,METAVERSE,16
1716782015679,paho829052002495081,topic/queueing,METAVERSE,22
1716782015680,paho829052002662143,topic/d/lighting,METAVERSE,20
1716782015732,paho829052002824734,topic/maintenance,METAVERSE,477
1716782015777,paho829052002824734,topic/maintenance,METAVERSE,512
1716782015805,paho829052002824734,topic/maintenance,METAVERSE,491
1716782015824,paho829052002824734,topic/maintenance,METAVERSE,500
1716782015845,paho829052002824734,topic/maintenance,METAVERSE,496
1716782015845,paho829052002824734,topic/maintenance,METAVERSE,496
1716782015879,paho829052002824734,topic/maintenance,METAVERSE,527
1716782015884,paho829052002495081,topic/occupancy,METAVERSE,341
1716782015931,paho829052002824734,topic/maintenance,METAVERSE,576
1716782015981,paho829052002824734,topic/maintenance,METAVERSE,624
1716782015997,paho829052002824734,topic/maintenance,METAVERSE,640
1716782016021,paho829052001574408,topic/g/rfid,METAVERSE,6
1716782016036,paho829052002824734,topic/maintenance,METAVERSE,679
1716782016079,paho829052002495081,topic/queueing,METAVERSE,64
1716782016083,paho829052002824734,topic/maintenance,METAVERSE,719
1716782016124,paho829052002824734,topic/maintenance,METAVERSE,755
1716782016132,paho829052002824734,topic/maintenance,METAVERSE,763
1716782016190,paho829052002824734,topic/maintenance,METAVERSE,821
1716782016234,paho829052002824734,topic/maintenance,METAVERSE,865
1716782016286,paho829052002824734,topic/maintenance,METAVERSE,913
1716782016330,paho829052002824734,topic/maintenance,METAVERSE,961
1716782016332,paho829052002824734,topic/maintenance,METAVERSE,938
1716782016380,paho829052002495081,topic/occupancy,METAVERSE,836
1716782016381,paho829052002824734,topic/maintenance,METAVERSE,985
1716782016432,paho829052002824734,topic/maintenance,METAVERSE,1030
1716782016472,paho829052002824734,topic/maintenance,METAVERSE,1072
1716782016481,paho829052002824734,topic/maintenance,METAVERSE,1089
1716782016502,paho829052002662143,topic/e/lighting,METAVERSE,42
1716782016503,paho829052001574408,topic/e/lighting,METAVERSE,43
1716782016537,paho829052002824734,topic/maintenance,METAVERSE,1127
1716782016549,paho829052002662143,topic/e/lighting,METAVERSE,18
1716782016550,paho829052001574408,topic/e/lighting,METAVERSE,19
1716782016553,paho829052001574408,topic/s/rfid,METAVERSE,8
1716782016564,paho829052001574408,topic/v/noise,METAVERSE,13
1716782016579,paho829052002495081,topic/occupancy,METAVERSE,1018
1716782016626,paho829052002495081,topic/queueing,METAVERSE,81
1716782016626,paho829052002824734,topic/maintenance,METAVERSE,1215
1716782016687,paho829052002824734,topic/maintenance,METAVERSE,1274
1716782016716,paho829052001574408,topic/e/noise,METAVERSE,23
1716782016735,paho829052002824734,topic/maintenance,METAVERSE,1326
1716782016772,paho829052002824734,topic/maintenance,METAVERSE,1328
1716782016779,paho829052002824734,topic/maintenance,METAVERSE,1264
1716782016827,paho829052002824734,topic/maintenance,METAVERSE,1312
1716782016828,paho829052002495081,topic/occupancy,METAVERSE,1171
1716782016832,paho829052001574408,topic/e/noise,METAVERSE,51
1716782016838,paho829052002824734,topic/maintenance,METAVERSE,1276
1716782016883,paho829052002824734,topic/maintenance,METAVERSE,1300
1716782016883,paho829052002824734,topic/maintenance,METAVERSE,1290
1716782016883,paho829052002824734,topic/maintenance,METAVERSE,1290
1716782016929,paho829052002824734,topic/maintenance,METAVERSE,1270
1716782017005,paho829052001574408,topic/e/rfid,METAVERSE,28
1716782017039,paho829052002824734,topic/maintenance,METAVERSE,1379
1716782017039,paho829052002495081,topic/occupancy,METAVERSE,1915
1716782017079,paho829052002495081,topic/queueing,METAVERSE,102
1716782017079,paho829052002824734,topic/maintenance,METAVERSE,1408
1716782017130,paho829052002824734,topic/maintenance,METAVERSE,1427
1716782017141,paho829052002662143,topic/c/lighting,METAVERSE,25
1716782017141,paho829052001574408,topic/c/lighting,METAVERSE,25
1716782017168,paho829052002824734,topic/maintenance,METAVERSE,1455
1716782017178,paho829052002824734,topic/maintenance,METAVERSE,1425
1716782017182,paho829052002824734,topic/maintenance,METAVERSE,1395
1716782017283,paho829052002824734,topic/maintenance,METAVERSE,1482
1716782017284,paho829052002824734,topic/maintenance,METAVERSE,1479
1716782017326,paho829052002824734,topic/maintenance,METAVERSE,1498
1716782017327,paho829052002495081,topic/occupancy,METAVERSE,2267
1716782017334,paho829052002824734,topic/maintenance,METAVERSE,1470
1716782017374,paho829052002662143,topic/v/lighting,METAVERSE,39
1716782017375,paho829052001574408,topic/v/lighting,METAVERSE,40
1716782017383,paho829052002824734,topic/maintenance,METAVERSE,1528
1716782017400,paho829052001574408,topic/c/noise,METAVERSE,13
1716782017428,paho829052002824734,topic/maintenance,METAVERSE,1557
1716782017528,paho829052002824734,topic/maintenance,METAVERSE,1624
1716782017529,paho829052002824734,topic/maintenance,METAVERSE,1553
1716782017582,paho829052002824734,topic/maintenance,METAVERSE,1592
1716782017594,paho829052002662143,topic/c/lighting,METAVERSE,11
1716782017595,paho829052001574408,topic/c/lighting,METAVERSE,12
1716782017652,paho829052002495081,topic/occupancy,METAVERSE,1783
1716782017679,paho829052002824734,topic/maintenance,METAVERSE,1708
1716782017716,paho829052001574408,topic/s/noise,METAVERSE,6
1716782017726,paho829052002824734,topic/maintenance,METAVERSE,1704
1716782017780,paho829052002824734,topic/maintenance,METAVERSE,1708
1716782017799,paho829052002662143,topic/s/lighting,METAVERSE,13
1716782017800,paho829052001574408,topic/s/lighting,METAVERSE,14
1716782017832,paho829052002824734,topic/maintenance,METAVERSE,1783
1716782017832,paho829052002824734,topic/maintenance,METAVERSE,1719
1716782017832,paho829052002824734,topic/maintenance,METAVERSE,1688
1716782017832,paho829052002824734,topic/maintenance,METAVERSE,1694
1716782017877,paho829052002824734,topic/maintenance,METAVERSE,1719
1716782017878,paho829052002824734,topic/maintenance,METAVERSE,1690
1716782017979,paho829052002824734,topic/maintenance,METAVERSE,1770
1716782017981,paho829052002824734,topic/maintenance,METAVERSE,1726
1716782018028,paho829052002824734,topic/maintenance,METAVERSE,1773
1716782018051,paho829052002662143,topic/b/lighting,METAVERSE,1663
1716782018051,paho829052001574408,topic/b/lighting,METAVERSE,1663
1716782018078,paho829052002824734,topic/maintenance,METAVERSE,1812
1716782018090,paho829052001574408,topic/b/noise,METAVERSE,24
1716782018109,paho829052001574408,topic/b/noise,METAVERSE,9
1716782018135,paho829052002824734,topic/maintenance,METAVERSE,1861
1716782018167,paho829052001574408,topic/d/noise,METAVERSE,15
1716782018178,paho829052002495081,topic/occupancy,METAVERSE,2163
1716782018228,paho829052002824734,topic/maintenance,METAVERSE,1924
1716782018229,paho829052002824734,topic/maintenance,METAVERSE,1906
1716782018277,paho829052002273114,topic/security,METAVERSE,4493
1716782018277,paho829052002273114,topic/security,METAVERSE,4492
1716782018277,paho829052002273114,topic/security,METAVERSE,4492
1716782018277,paho829052002273114,topic/security,METAVERSE,4485
1716782018277,paho829052002273114,topic/security,METAVERSE,4480
1716782018277,paho829052002273114,topic/security,METAVERSE,4492
1716782018277,paho829052002273114,topic/security,METAVERSE,4469
1716782018277,paho829052002273114,topic/security,METAVERSE,4469
1716782018277,paho829052002273114,topic/security,METAVERSE,4469
1716782018277,paho829052002273114,topic/security,METAVERSE,4468
1716782018277,paho829052002273114,topic/security,METAVERSE,4538
1716782018278,paho829052002824734,topic/maintenance,METAVERSE,1945
1716782018278,paho829052002824734,topic/maintenance,METAVERSE,1930
1716782018279,paho829052002273114,topic/security,METAVERSE,4470
1716782018279,paho829052002273114,topic/security,METAVERSE,4470
1716782018279,paho829052002273114,topic/security,METAVERSE,4469
1716782018279,paho829052002273114,topic/security,METAVERSE,4455
1716782018279,paho829052002273114,topic/security,METAVERSE,4456
1716782018279,paho829052002273114,topic/security,METAVERSE,4446
1716782018279,paho829052002273114,topic/security,METAVERSE,4441
1716782018279,paho829052002273114,topic/security,METAVERSE,4440
1716782018279,paho829052002273114,topic/security,METAVERSE,4439
1716782018279,paho829052002273114,topic/security,METAVERSE,4469
1716782018279,paho829052002273114,topic/security,METAVERSE,4407
1716782018279,paho829052002273114,topic/security,METAVERSE,4407
1716782018279,paho829052002273114,topic/security,METAVERSE,4406
1716782018279,paho829052002273114,topic/security,METAVERSE,4406
1716782018279,paho829052002273114,topic/security,METAVERSE,4406
1716782018279,paho829052002273114,topic/security,METAVERSE,4406
1716782018279,paho829052002273114,topic/security,METAVERSE,4373
1716782018279,paho829052002273114,topic/security,METAVERSE,4373
1716782018279,paho829052002273114,topic/security,METAVERSE,4364
1716782018279,paho829052002273114,topic/security,METAVERSE,4363
1716782018280,paho829052002273114,topic/security,METAVERSE,4388
1716782018280,paho829052002273114,topic/security,METAVERSE,4364
1716782018280,paho829052002273114,topic/security,METAVERSE,4364
1716782018280,paho829052002273114,topic/security,METAVERSE,4363
1716782018280,paho829052002273114,topic/security,METAVERSE,4352
1716782018280,paho829052002273114,topic/security,METAVERSE,4340
1716782018280,paho829052002273114,topic/security,METAVERSE,4339
1716782018280,paho829052002273114,topic/security,METAVERSE,4338
1716782018326,paho829052002824734,topic/maintenance,METAVERSE,1949
1716782018326,paho829052002824734,topic/maintenance,METAVERSE,1819
1716782018357,paho829052002824734,topic/maintenance,METAVERSE,1819
1716782018428,paho829052002824734,topic/maintenance,METAVERSE,1877
1716782018432,paho829052002824734,topic/maintenance,METAVERSE,1836
1716782018459,paho829052001574408,topic/d/noise,METAVERSE,10
1716782018481,paho829052002824734,topic/maintenance,METAVERSE,1788
1716782018481,paho829052002824734,topic/maintenance,METAVERSE,1689
1716782018529,paho829052002495081,topic/occupancy,METAVERSE,2509
1716782018849,paho829052001574408,topic/b/rfid,METAVERSE,14
1716782018880,paho829052002495081,topic/queueing,METAVERSE,45
1716782018892,paho829052001574408,topic/g/noise,METAVERSE,58
1716782018926,paho829052002495081,topic/occupancy,METAVERSE,2888
1716782018956,paho829052001574408,topic/s/noise,METAVERSE,6
1716782018988,paho829052001574408,topic/d/lighting,METAVERSE,6
1716782018988,paho829052002662143,topic/d/lighting,METAVERSE,6
1716782019038,paho829052001574408,topic/g/rfid,METAVERSE,6
1716782019076,paho829052002495081,topic/queueing,METAVERSE,44
1716782019155,paho829052002662143,topic/b/lighting,METAVERSE,11
1716782019156,paho829052001574408,topic/b/lighting,METAVERSE,12
1716782019184,paho829052002495081,topic/occupancy,METAVERSE,2639
1716782019228,paho829052002662143,topic/g/lighting,METAVERSE,39
1716782019229,paho829052001574408,topic/g/lighting,METAVERSE,40
1716782019274,paho829052002662143,topic/b/lighting,METAVERSE,6
1716782019281,paho829052001574408,topic/b/lighting,METAVERSE,13
1716782019479,paho829052002824734,topic/maintenance,METAVERSE,2698
1716782019479,paho829052002824734,topic/maintenance,METAVERSE,2614
1716782019479,paho829052002824734,topic/maintenance,METAVERSE,2489
1716782019479,paho829052002824734,topic/maintenance,METAVERSE,2467
1716782019479,paho829052002824734,topic/maintenance,METAVERSE,2379
1716782019479,paho829052002824734,topic/maintenance,METAVERSE,2248
1716782019480,paho829052002824734,topic/maintenance,METAVERSE,2309
1716782019480,paho829052002824734,topic/maintenance,METAVERSE,2109
1716782019480,paho829052002824734,topic/maintenance,METAVERSE,2093
1716782019480,paho829052002824734,topic/maintenance,METAVERSE,1892
1716782019480,paho829052002824734,topic/maintenance,METAVERSE,1770
1716782019480,paho829052002824734,topic/maintenance,METAVERSE,1577
1716782019480,paho829052002824734,topic/maintenance,METAVERSE,1525
1716782019480,paho829052002824734,topic/maintenance,METAVERSE,1464
1716782019480,paho829052002824734,topic/maintenance,METAVERSE,1469
1716782019480,paho829052002824734,topic/maintenance,METAVERSE,3046
1716782019480,paho829052002824734,topic/maintenance,METAVERSE,1414
1716782019480,paho829052002824734,topic/maintenance,METAVERSE,1380
1716782019480,paho829052002824734,topic/maintenance,METAVERSE,1380
1716782019480,paho829052002824734,topic/maintenance,METAVERSE,1379
1716782019480,paho829052002824734,topic/maintenance,METAVERSE,1353
1716782019480,paho829052002824734,topic/maintenance,METAVERSE,1349
1716782019480,paho829052002824734,topic/maintenance,METAVERSE,1349
1716782019480,paho829052002824734,topic/maintenance,METAVERSE,1328
1716782019480,paho829052002824734,topic/maintenance,METAVERSE,1317
1716782019480,paho829052002824734,topic/maintenance,METAVERSE,1316
1716782019480,paho829052002824734,topic/maintenance,METAVERSE,1316
1716782019481,paho829052002824734,topic/maintenance,METAVERSE,1353
1716782019628,paho829052002495081,topic/occupancy,METAVERSE,2991
1716782019750,paho829052002662143,topic/s/lighting,METAVERSE,6
1716782019751,paho829052001574408,topic/s/lighting,METAVERSE,7
1716782019754,paho829052002662143,topic/b/lighting,METAVERSE,77
1716782019755,paho829052001574408,topic/b/lighting,METAVERSE,78
1716782019980,paho829052002495081,topic/occupancy,METAVERSE,3111
1716782019983,paho829052002662143,topic/b/lighting,METAVERSE,40
1716782019984,paho829052001574408,topic/b/lighting,METAVERSE,41
1716782019989,paho829052001574408,topic/b/noise,METAVERSE,44
1716782020144,paho829052001574408,topic/g/noise,METAVERSE,33
1716782020180,paho829052002495081,topic/occupancy,METAVERSE,3203
1716782020335,paho829052001574408,topic/b/noise,METAVERSE,17
1716782020354,paho829052002662143,topic/g/lighting,METAVERSE,30
1716782020355,paho829052001574408,topic/g/lighting,METAVERSE,31
1716782020528,paho829052002495081,topic/occupancy,METAVERSE,2920
1716782020677,paho829052002495081,topic/occupancy,METAVERSE,3008
1716782020681,paho829052002662143,topic/d/lighting,METAVERSE,14
1716782020682,paho829052001574408,topic/d/lighting,METAVERSE,15
1716782021080,paho829052002495081,topic/occupancy,METAVERSE,3401
1716782021377,paho829052002495081,topic/occupancy,METAVERSE,3478
1716782021534,paho829052002662143,topic/e/lighting,METAVERSE,39
1716782021536,paho829052001574408,topic/e/lighting,METAVERSE,41
1716782021591,paho829052001574408,topic/v/noise,METAVERSE,31
1716782021611,paho829052002662143,topic/e/lighting,METAVERSE,68
1716782021612,paho829052001574408,topic/e/lighting,METAVERSE,69
1716782021726,paho829052001574408,topic/e/noise,METAVERSE,31
1716782021728,paho829052002495081,topic/occupancy,METAVERSE,3661
1716782021959,paho829052001574408,topic/e/noise,METAVERSE,64
1716782022077,paho829052002495081,topic/occupancy,METAVERSE,4007
1716782022210,paho829052002662143,topic/c/lighting,METAVERSE,59
1716782022211,paho829052001574408,topic/c/lighting,METAVERSE,60
1716782022279,paho829052002495081,topic/occupancy,METAVERSE,3615
1716782022413,paho829052002662143,topic/v/lighting,METAVERSE,6
1716782022414,paho829052001574408,topic/v/lighting,METAVERSE,7
1716782022430,paho829052002495081,topic/occupancy,METAVERSE,3595
1716782022433,paho829052001574408,topic/c/noise,METAVERSE,9
1716782022577,paho829052002495081,topic/occupancy,METAVERSE,3702
1716782022609,paho829052002662143,topic/c/lighting,METAVERSE,12
1716782022610,paho829052001574408,topic/c/lighting,METAVERSE,13
1716782022733,paho829052001574408,topic/s/noise,METAVERSE,6
1716782022740,paho829052002495081,topic/occupancy,METAVERSE,3708
1716782022799,paho829052002662143,topic/s/lighting,METAVERSE,6
1716782022800,paho829052001574408,topic/s/lighting,METAVERSE,7
1716782022903,paho829052001574408,topic/b/rfid,METAVERSE,25
1716782022907,paho829052002495081,topic/queueing,METAVERSE,29
1716782022928,paho829052002495081,topic/occupancy,METAVERSE,3312
1716782023116,paho829052001574408,topic/b/noise,METAVERSE,21
1716782023140,paho829052002662143,topic/b/lighting,METAVERSE,45
1716782023141,paho829052001574408,topic/b/lighting,METAVERSE,46
1716782023151,paho829052001574408,topic/b/noise,METAVERSE,34
1716782023225,paho829052002495081,topic/occupancy,METAVERSE,3517
1716782023274,paho829052001574408,topic/d/noise,METAVERSE,19
1716782023380,paho829052002495081,topic/occupancy,METAVERSE,3644
1716782023464,paho829052001574408,topic/d/noise,METAVERSE,8
1716782023575,paho829052002495081,topic/occupancy,METAVERSE,3661
1716782023585,paho829052002824734,topic/maintenance,METAVERSE,5417
1716782023585,paho829052002824734,topic/maintenance,METAVERSE,5417
1716782023585,paho829052002824734,topic/maintenance,METAVERSE,5397
1716782023585,paho829052002824734,topic/maintenance,METAVERSE,5393
1716782023585,paho829052002824734,topic/maintenance,METAVERSE,5374
1716782023585,paho829052002824734,topic/maintenance,METAVERSE,5372
1716782023585,paho829052002824734,topic/maintenance,METAVERSE,5372
1716782023585,paho829052002824734,topic/maintenance,METAVERSE,5371
1716782023585,paho829052002824734,topic/maintenance,METAVERSE,5371
1716782023585,paho829052002824734,topic/maintenance,METAVERSE,5371
1716782023585,paho829052002824734,topic/maintenance,METAVERSE,5371
1716782023585,paho829052002824734,topic/maintenance,METAVERSE,5371
1716782023585,paho829052002824734,topic/maintenance,METAVERSE,5371
1716782023585,paho829052002824734,topic/maintenance,METAVERSE,5362
1716782023585,paho829052002824734,topic/maintenance,METAVERSE,5355
1716782023585,paho829052002824734,topic/maintenance,METAVERSE,5348
1716782023585,paho829052002824734,topic/maintenance,METAVERSE,5320
1716782023585,paho829052002824734,topic/maintenance,METAVERSE,5320
1716782023586,paho829052002824734,topic/maintenance,METAVERSE,5313
1716782023586,paho829052002824734,topic/maintenance,METAVERSE,5305
1716782023586,paho829052002824734,topic/maintenance,METAVERSE,5315
1716782023586,paho829052002824734,topic/maintenance,METAVERSE,5283
1716782023586,paho829052002824734,topic/maintenance,METAVERSE,5279
1716782023586,paho829052002824734,topic/maintenance,METAVERSE,5277
1716782023586,paho829052002824734,topic/maintenance,METAVERSE,5277
1716782023586,paho829052002824734,topic/maintenance,METAVERSE,5283
1716782023586,paho829052002824734,topic/maintenance,METAVERSE,5272
1716782023586,paho829052002824734,topic/maintenance,METAVERSE,5271
1716782023586,paho829052002824734,topic/maintenance,METAVERSE,5271
1716782023586,paho829052002824734,topic/maintenance,METAVERSE,5265
1716782023586,paho829052002824734,topic/maintenance,METAVERSE,5265
1716782023586,paho829052002824734,topic/maintenance,METAVERSE,5265
1716782023586,paho829052002824734,topic/maintenance,METAVERSE,5265
1716782023586,paho829052002824734,topic/maintenance,METAVERSE,5256
1716782023586,paho829052002824734,topic/maintenance,METAVERSE,5256
1716782023586,paho829052002824734,topic/maintenance,METAVERSE,5256
1716782023586,paho829052002824734,topic/maintenance,METAVERSE,5242
1716782023586,paho829052002824734,topic/maintenance,METAVERSE,5238
1716782023586,paho829052002824734,topic/maintenance,METAVERSE,5237
1716782023586,paho829052002824734,topic/maintenance,METAVERSE,5237
1716782023586,paho829052002824734,topic/maintenance,METAVERSE,5226
1716782023678,paho829052002495081,topic/queueing,METAVERSE,7
1716782023680,paho829052001574408,topic/d/rfid,METAVERSE,9
1716782023827,paho829052002495081,topic/occupancy,METAVERSE,3759
1716782023933,paho829052002495081,topic/occupancy,METAVERSE,3771
1716782023935,paho829052001574408,topic/g/noise,METAVERSE,37
1716782023959,paho829052001574408,topic/b/rfid,METAVERSE,70
1716782023960,paho829052002495081,topic/queueing,METAVERSE,71
1716782023967,paho829052001574408,topic/s/noise,METAVERSE,14
1716782023993,paho829052001574408,topic/d/lighting,METAVERSE,9
1716782023994,paho829052002662143,topic/d/lighting,METAVERSE,10
1716782024183,paho829052001574408,topic/b/lighting,METAVERSE,36
1716782024185,paho829052002662143,topic/b/lighting,METAVERSE,38
1716782024249,paho829052002662143,topic/g/lighting,METAVERSE,11
1716782024250,paho829052001574408,topic/g/lighting,METAVERSE,12
1716782024342,paho829052002662143,topic/b/lighting,METAVERSE,23
1716782024343,paho829052001574408,topic/b/lighting,METAVERSE,24
1716782024376,paho829052002495081,topic/occupancy,METAVERSE,3689
1716782024578,paho829052002495081,topic/occupancy,METAVERSE,3795
1716782024750,paho829052002662143,topic/s/lighting,METAVERSE,5
1716782024752,paho829052001574408,topic/s/lighting,METAVERSE,7
1716782024778,paho829052002495081,topic/occupancy,METAVERSE,3948
1716782024787,paho829052002662143,topic/b/lighting,METAVERSE,44
1716782024788,paho829052001574408,topic/b/lighting,METAVERSE,45
1716782025009,paho829052001574408,topic/b/noise,METAVERSE,56
1716782025025,paho829052002662143,topic/b/lighting,METAVERSE,50
1716782025026,paho829052001574408,topic/b/lighting,METAVERSE,51
1716782025077,paho829052002495081,topic/occupancy,METAVERSE,4191
1716782025176,paho829052001574408,topic/g/noise,METAVERSE,5
1716782025330,paho829052002495081,topic/occupancy,METAVERSE,3687
1716782025334,paho829052002662143,topic/g/lighting,METAVERSE,6
1716782025335,paho829052001574408,topic/g/lighting,METAVERSE,7
1716782025414,paho829052001574408,topic/b/noise,METAVERSE,47
1716782025576,paho829052002495081,topic/occupancy,METAVERSE,3845
1716782025684,paho829052001574408,topic/d/rfid,METAVERSE,11
1716782025685,paho829052002495081,topic/queueing,METAVERSE,12
1716782025697,paho829052002662143,topic/d/lighting,METAVERSE,19
1716782025698,paho829052001574408,topic/d/lighting,METAVERSE,20
1716782025730,paho829052002495081,topic/occupancy,METAVERSE,3988
1716782025970,paho829052002495081,topic/occupancy,METAVERSE,4038
1716782026178,paho829052002495081,topic/occupancy,METAVERSE,4098
1716782026376,paho829052002495081,topic/occupancy,METAVERSE,4164
1716782026535,paho829052002662143,topic/e/lighting,METAVERSE,31
1716782026536,paho829052001574408,topic/e/lighting,METAVERSE,32
1716782026571,paho829052001574408,topic/v/noise,METAVERSE,6
1716782026578,paho829052002495081,topic/occupancy,METAVERSE,3882
1716782026606,paho829052002662143,topic/e/lighting,METAVERSE,8
1716782026607,paho829052001574408,topic/e/lighting,METAVERSE,9
1716782026747,paho829052001574408,topic/e/noise,METAVERSE,28
1716782026829,paho829052002495081,topic/occupancy,METAVERSE,4010
1716782026979,paho829052002495081,topic/occupancy,METAVERSE,4114
1716782027024,paho829052001574408,topic/e/noise,METAVERSE,72
1716782027224,paho829052002495081,topic/occupancy,METAVERSE,4346
1716782027232,paho829052002662143,topic/c/lighting,METAVERSE,7
1716782027233,paho829052001574408,topic/c/lighting,METAVERSE,8
1716782027378,paho829052002495081,topic/occupancy,METAVERSE,4469
1716782027462,paho829052001574408,topic/c/noise,METAVERSE,7
1716782027477,paho829052002662143,topic/v/lighting,METAVERSE,14
1716782027478,paho829052001574408,topic/v/lighting,METAVERSE,15
1716782027611,paho829052002662143,topic/c/lighting,METAVERSE,7
1716782027612,paho829052001574408,topic/c/lighting,METAVERSE,8
1716782027627,paho829052002495081,topic/occupancy,METAVERSE,3956
1716782027736,paho829052001574408,topic/s/noise,METAVERSE,5
1716782027803,paho829052002662143,topic/s/lighting,METAVERSE,9
1716782027804,paho829052001574408,topic/s/lighting,METAVERSE,10
1716782027825,paho829052002495081,topic/occupancy,METAVERSE,4079
1716782028075,paho829052002495081,topic/occupancy,METAVERSE,4356
1716782028147,paho829052001574408,topic/b/noise,METAVERSE,51
1716782028232,paho829052001574408,topic/b/noise,METAVERSE,85
1716782028235,paho829052002662143,topic/b/lighting,METAVERSE,72
1716782028238,paho829052001574408,topic/b/lighting,METAVERSE,75
1716782028311,paho829052001574408,topic/d/noise,METAVERSE,6
1716782028378,paho829052002495081,topic/occupancy,METAVERSE,4609
1716782028480,paho829052001574408,topic/d/noise,METAVERSE,5
1716782028825,paho829052002495081,topic/occupancy,METAVERSE,4936
1716782028940,paho829052001574408,topic/g/noise,METAVERSE,28
1716782028981,paho829052001574408,topic/s/noise,METAVERSE,18
1716782029002,paho829052001574408,topic/d/lighting,METAVERSE,7
1716782029003,paho829052002662143,topic/d/lighting,METAVERSE,8
1716782029075,paho829052002495081,topic/occupancy,METAVERSE,5107
1716782029193,paho829052002662143,topic/b/lighting,METAVERSE,38
1716782029194,paho829052001574408,topic/b/lighting,METAVERSE,39
1716782029292,paho829052002662143,topic/g/lighting,METAVERSE,48
1716782029292,paho829052001574408,topic/g/lighting,METAVERSE,48
1716782029393,paho829052002662143,topic/b/lighting,METAVERSE,58
1716782029394,paho829052001574408,topic/b/lighting,METAVERSE,59
1716782029427,paho829052002495081,topic/occupancy,METAVERSE,5323
1716782029676,paho829052002495081,topic/occupancy,METAVERSE,5457
1716782029780,paho829052002662143,topic/s/lighting,METAVERSE,9
1716782029781,paho829052001574408,topic/s/lighting,METAVERSE,10
1716782029814,paho829052002662143,topic/b/lighting,METAVERSE,64
1716782029815,paho829052001574408,topic/b/lighting,METAVERSE,65
1716782029977,paho829052002495081,topic/occupancy,METAVERSE,5281
1716782030056,paho829052001574408,topic/b/noise,METAVERSE,55
1716782030062,paho829052002662143,topic/b/lighting,METAVERSE,38
1716782030062,paho829052001574408,topic/b/lighting,METAVERSE,38
1716782030228,paho829052002495081,topic/occupancy,METAVERSE,5389
1716782030239,paho829052001574408,topic/g/noise,METAVERSE,28
1716782030379,paho829052002495081,topic/occupancy,METAVERSE,5471
1716782030394,paho829052002662143,topic/g/lighting,METAVERSE,31
1716782030395,paho829052001574408,topic/g/lighting,METAVERSE,32
1716782030496,paho829052001574408,topic/b/noise,METAVERSE,86
1716782030530,paho829052002495081,topic/occupancy,METAVERSE,5571
1716782030635,paho829052002495081,topic/occupancy,METAVERSE,4962
1716782030725,paho829052002662143,topic/d/lighting,METAVERSE,33
1716782030726,paho829052001574408,topic/d/lighting,METAVERSE,34
1716782030828,paho829052002495081,topic/occupancy,METAVERSE,5059
1716782030976,paho829052002495081,topic/occupancy,METAVERSE,5229
1716782031084,paho829052002495081,topic/occupancy,METAVERSE,5276
1716782031230,paho829052002495081,topic/occupancy,METAVERSE,5224
1716782031340,paho829052002495081,topic/occupancy,METAVERSE,5236
1716782031570,paho829052002662143,topic/e/lighting,METAVERSE,14
1716782031572,paho829052001574408,topic/e/lighting,METAVERSE,16
1716782031576,paho829052002495081,topic/occupancy,METAVERSE,5312
1716782031598,paho829052001574408,topic/v/noise,METAVERSE,28
1716782031679,paho829052001574408,topic/e/lighting,METAVERSE,12
1716782031679,paho829052002662143,topic/e/lighting,METAVERSE,12
1716782031785,paho829052002495081,topic/occupancy,METAVERSE,5088
1716782031802,paho829052001574408,topic/e/noise,METAVERSE,43
1716782031953,paho829052002495081,topic/occupancy,METAVERSE,5105
1716782032045,paho829052001574408,topic/e/noise,METAVERSE,65
1716782032175,paho829052002495081,topic/occupancy,METAVERSE,5229
1716782032239,paho829052001574408,topic/c/lighting,METAVERSE,8
1716782032240,paho829052002662143,topic/c/lighting,METAVERSE,9
1716782032277,paho829052002495081,topic/occupancy,METAVERSE,5306
1716782032477,paho829052002495081,topic/occupancy,METAVERSE,4718
1716782032502,paho829052001574408,topic/c/noise,METAVERSE,6
1716782032531,paho829052001574408,topic/v/lighting,METAVERSE,32
1716782032532,paho829052002662143,topic/v/lighting,METAVERSE,33
1716782032612,paho829052001574408,topic/c/lighting,METAVERSE,6
1716782032612,paho829052002662143,topic/c/lighting,METAVERSE,6
1716782032680,paho829052002495081,topic/occupancy,METAVERSE,4892
1716782032686,paho829052001574408,topic/d/rfid,METAVERSE,6
1716782032692,paho829052002495081,topic/queueing,METAVERSE,12
1716782032742,paho829052001574408,topic/s/noise,METAVERSE,10
1716782032813,paho829052002662143,topic/s/lighting,METAVERSE,14
1716782032814,paho829052001574408,topic/s/lighting,METAVERSE,15
1716782032825,paho829052002495081,topic/occupancy,METAVERSE,5013
1716782032930,paho829052002495081,topic/occupancy,METAVERSE,4870
1716782033125,paho829052002495081,topic/occupancy,METAVERSE,5017
1716782033136,paho829052001574408,topic/b/noise,METAVERSE,35
1716782033197,paho829052001574408,topic/b/noise,METAVERSE,6
1716782033224,paho829052002495081,topic/occupancy,METAVERSE,4896
1716782033323,paho829052001574408,topic/b/lighting,METAVERSE,72
1716782033324,paho829052002662143,topic/b/lighting,METAVERSE,73
1716782033337,paho829052001574408,topic/d/noise,METAVERSE,13
1716782033378,paho829052002495081,topic/occupancy,METAVERSE,4646
1716782033496,paho829052001574408,topic/d/noise,METAVERSE,6
1716782033524,paho829052002495081,topic/occupancy,METAVERSE,4640
1716782033678,paho829052002495081,topic/occupancy,METAVERSE,4683
1716782033828,paho829052002495081,topic/occupancy,METAVERSE,4851
1716782033961,paho829052001574408,topic/g/noise,METAVERSE,11
1716782033974,paho829052002495081,topic/occupancy,METAVERSE,4162
1716782034005,paho829052001574408,topic/s/noise,METAVERSE,17
1716782034030,paho829052001574408,topic/d/lighting,METAVERSE,10
1716782034031,paho829052002662143,topic/d/lighting,METAVERSE,11
1716782034053,paho829052002495081,topic/occupancy,METAVERSE,4228
1716782034142,paho829052002495081,topic/occupancy,METAVERSE,4286
1716782034165,paho829052002495081,topic/occupancy,METAVERSE,4063
1716782034233,paho829052002495081,topic/occupancy,METAVERSE,4085
1716782034269,paho829052002662143,topic/b/lighting,METAVERSE,98
1716782034270,paho829052001574408,topic/b/lighting,METAVERSE,99
1716782034278,paho829052002495081,topic/occupancy,METAVERSE,3930
1716782034314,paho829052002662143,topic/g/lighting,METAVERSE,29
1716782034315,paho829052001574408,topic/g/lighting,METAVERSE,30
1716782034367,paho829052002495081,topic/occupancy,METAVERSE,3634
1716782034414,paho829052002495081,topic/occupancy,METAVERSE,3525
1716782034448,paho829052002662143,topic/b/lighting,METAVERSE,81
1716782034449,paho829052001574408,topic/b/lighting,METAVERSE,82
1716782034479,paho829052002495081,topic/occupancy,METAVERSE,3475
1716782034548,paho829052002495081,topic/occupancy,METAVERSE,3459
1716782034584,paho829052002495081,topic/occupancy,METAVERSE,2755
1716782034649,paho829052002495081,topic/occupancy,METAVERSE,2807
1716782034688,paho829052001574408,topic/d/rfid,METAVERSE,6
1716782034689,paho829052002495081,topic/queueing,METAVERSE,7
1716782034732,paho829052002495081,topic/occupancy,METAVERSE,2828
1716782034777,paho829052002495081,topic/occupancy,METAVERSE,2613
1716782034819,paho829052001574408,topic/s/lighting,METAVERSE,6
1716782034820,paho829052002662143,topic/s/lighting,METAVERSE,7
1716782034840,paho829052002495081,topic/occupancy,METAVERSE,2685
1716782034861,paho829052001574408,topic/b/lighting,METAVERSE,102
1716782034862,paho829052002662143,topic/b/lighting,METAVERSE,103
1716782034954,paho829052002495081,topic/occupancy,METAVERSE,2590
1716782034994,paho829052002495081,topic/occupancy,METAVERSE,2314
1716782035062,paho829052002495081,topic/occupancy,METAVERSE,2328
1716782035087,paho829052002495081,topic/occupancy,METAVERSE,2188
1716782035134,paho829052002662143,topic/b/lighting,METAVERSE,64
1716782035136,paho829052001574408,topic/b/lighting,METAVERSE,66
1716782035145,paho829052001574408,topic/b/noise,METAVERSE,72
1716782035179,paho829052002495081,topic/occupancy,METAVERSE,2174
1716782035255,paho829052002495081,topic/occupancy,METAVERSE,2147
1716782035297,paho829052001574408,topic/g/noise,METAVERSE,38
1716782035332,paho829052002495081,topic/occupancy,METAVERSE,1480
1716782035375,paho829052002662143,topic/g/lighting,METAVERSE,8
1716782035376,paho829052001574408,topic/g/lighting,METAVERSE,9
1716782035407,paho829052002495081,topic/occupancy,METAVERSE,1523
1716782035463,paho829052002495081,topic/occupancy,METAVERSE,1507
1716782035536,paho829052002495081,topic/occupancy,METAVERSE,1356
1716782035575,paho829052002495081,topic/occupancy,METAVERSE,1375
1716782035607,paho829052001574408,topic/b/noise,METAVERSE,128
1716782035642,paho829052002495081,topic/occupancy,METAVERSE,1262
1716782035711,paho829052002495081,topic/occupancy,METAVERSE,1029
1716782035772,paho829052002495081,topic/occupancy,METAVERSE,1012
1716782035793,paho829052001574408,topic/d/lighting,METAVERSE,22
1716782035793,paho829052002662143,topic/d/lighting,METAVERSE,22
1716782035852,paho829052002495081,topic/occupancy,METAVERSE,947
1716782035938,paho829052002495081,topic/occupancy,METAVERSE,926
1716782036009,paho829052002495081,topic/occupancy,METAVERSE,878
1716782036070,paho829052002495081,topic/occupancy,METAVERSE,190
1716782036120,paho829052002495081,topic/occupancy,METAVERSE,208
1716782036141,paho829052002495081,topic/occupancy,METAVERSE,155
1716782036243,paho829052002495081,topic/occupancy,METAVERSE,51
1716782036345,paho829052002495081,topic/occupancy,METAVERSE,114
1716782036457,paho829052002495081,topic/occupancy,METAVERSE,49
1716782036584,paho829052001574408,topic/v/noise,METAVERSE,12
1716782036665,paho829052001574408,topic/e/lighting,METAVERSE,22
1716782036665,paho829052002662143,topic/e/lighting,METAVERSE,22
1716782036739,paho829052002662143,topic/e/lighting,METAVERSE,36
1716782036739,paho829052001574408,topic/e/lighting,METAVERSE,36
1716782036843,paho829052001574408,topic/e/noise,METAVERSE,20
1716782036885,paho829052002495081,topic/occupancy,METAVERSE,97
1716782037007,paho829052002495081,topic/occupancy,METAVERSE,92
1716782037084,paho829052001574408,topic/e/noise,METAVERSE,49
1716782037092,paho829052002495081,topic/occupancy,METAVERSE,77
1716782037178,paho829052002495081,topic/occupancy,METAVERSE,38
1716782037296,paho829052002662143,topic/c/lighting,METAVERSE,9
1716782037297,paho829052001574408,topic/c/lighting,METAVERSE,10
1716782037519,paho829052001574408,topic/c/noise,METAVERSE,5
1716782037570,paho829052002662143,topic/v/lighting,METAVERSE,47
1716782037570,paho829052001574408,topic/v/lighting,METAVERSE,47
1716782037620,paho829052002662143,topic/c/lighting,METAVERSE,5
1716782037621,paho829052001574408,topic/c/lighting,METAVERSE,6
1716782037755,paho829052001574408,topic/s/noise,METAVERSE,9
1716782037818,paho829052002662143,topic/s/lighting,METAVERSE,7
1716782037819,paho829052001574408,topic/s/lighting,METAVERSE,8
1716782037919,paho829052002495081,topic/occupancy,METAVERSE,19
1716782038029,paho829052002495081,topic/occupancy,METAVERSE,101
1716782038108,paho829052002495081,topic/occupancy,METAVERSE,80
1716782038164,paho829052001574408,topic/b/noise,METAVERSE,63
1716782038243,paho829052001574408,topic/b/noise,METAVERSE,51
1716782038294,paho829052002495081,topic/occupancy,METAVERSE,82
1716782038355,paho829052002495081,topic/occupancy,METAVERSE,119
1716782038366,paho829052001574408,topic/d/noise,METAVERSE,15
1716782038388,paho829052002662143,topic/b/lighting,METAVERSE,79
1716782038389,paho829052001574408,topic/b/lighting,METAVERSE,80
1716782038488,paho829052002495081,topic/occupancy,METAVERSE,60
1716782038505,paho829052001574408,topic/d/noise,METAVERSE,14
1716782038877,paho829052002495081,topic/occupancy,METAVERSE,45
1716782038981,paho829052001574408,topic/g/noise,METAVERSE,28
1716782039032,paho829052002495081,topic/occupancy,METAVERSE,112
1716782039071,paho829052001574408,topic/s/noise,METAVERSE,36
1716782039086,paho829052002662143,topic/d/lighting,METAVERSE,7
1716782039086,paho829052001574408,topic/d/lighting,METAVERSE,7
1716782039132,paho829052002495081,topic/occupancy,METAVERSE,108
1716782039220,paho829052002495081,topic/occupancy,METAVERSE,79
1716782039311,paho829052002662143,topic/b/lighting,METAVERSE,96
1716782039311,paho829052001574408,topic/b/lighting,METAVERSE,96
1716782039332,paho829052002662143,topic/g/lighting,METAVERSE,47
1716782039333,paho829052001574408,topic/g/lighting,METAVERSE,48
1716782039547,paho829052002662143,topic/b/lighting,METAVERSE,128
1716782039548,paho829052001574408,topic/b/lighting,METAVERSE,129
1716782039840,paho829052002662143,topic/s/lighting,METAVERSE,9
1716782039841,paho829052001574408,topic/s/lighting,METAVERSE,10
1716782039922,paho829052002662143,topic/b/lighting,METAVERSE,127
1716782039923,paho829052001574408,topic/b/lighting,METAVERSE,128
1716782039931,paho829052002495081,topic/occupancy,METAVERSE,19
1716782040076,paho829052002495081,topic/occupancy,METAVERSE,147
1716782040176,paho829052002662143,topic/b/lighting,METAVERSE,93
1716782040177,paho829052001574408,topic/b/lighting,METAVERSE,94
1716782040181,paho829052002495081,topic/occupancy,METAVERSE,137
1716782040248,paho829052001574408,topic/b/noise,METAVERSE,153
1716782040334,paho829052002495081,topic/occupancy,METAVERSE,106
1716782040342,paho829052001574408,topic/g/noise,METAVERSE,40
1716782040388,paho829052002495081,topic/occupancy,METAVERSE,120
1716782040443,paho829052001574408,topic/g/lighting,METAVERSE,72
1716782040444,paho829052002662143,topic/g/lighting,METAVERSE,73
1716782040568,paho829052002495081,topic/occupancy,METAVERSE,132
1716782040616,paho829052001574408,topic/b/noise,METAVERSE,136
1716782040870,paho829052001574408,topic/d/lighting,METAVERSE,14
1716782040871,paho829052002662143,topic/d/lighting,METAVERSE,15
1716782040875,paho829052002495081,topic/occupancy,METAVERSE,42
1716782041137,paho829052002495081,topic/occupancy,METAVERSE,198
1716782041182,paho829052002495081,topic/occupancy,METAVERSE,158
1716782041243,paho829052002495081,topic/occupancy,METAVERSE,87
1716782041588,paho829052001574408,topic/v/noise,METAVERSE,8
1716782041667,paho829052001574408,topic/e/lighting,METAVERSE,10
1716782041667,paho829052002662143,topic/e/lighting,METAVERSE,10
1716782041737,paho829052001574408,topic/e/lighting,METAVERSE,14
1716782041737,paho829052002662143,topic/e/lighting,METAVERSE,14
1716782041892,paho829052001574408,topic/e/noise,METAVERSE,12
1716782041984,paho829052002495081,topic/occupancy,METAVERSE,69
1716782042033,paho829052002495081,topic/occupancy,METAVERSE,85
1716782042083,paho829052002495081,topic/occupancy,METAVERSE,35
1716782042088,paho829052001574408,topic/e/noise,METAVERSE,9
1716782042312,paho829052002495081,topic/occupancy,METAVERSE,64
1716782042328,paho829052002662143,topic/c/lighting,METAVERSE,24
1716782042329,paho829052001574408,topic/c/lighting,METAVERSE,25
1716782042426,paho829052002495081,topic/occupancy,METAVERSE,145
1716782042527,paho829052001574408,topic/c/noise,METAVERSE,10
1716782042576,paho829052002495081,topic/occupancy,METAVERSE,41
1716782042576,paho829052002662143,topic/v/lighting,METAVERSE,15
1716782042577,paho829052001574408,topic/v/lighting,METAVERSE,16
1716782042642,paho829052002662143,topic/c/lighting,METAVERSE,8
1716782042642,paho829052001574408,topic/c/lighting,METAVERSE,8
1716782042756,paho829052001574408,topic/s/noise,METAVERSE,6
1716782042829,paho829052002662143,topic/s/lighting,METAVERSE,6
1716782042830,paho829052001574408,topic/s/lighting,METAVERSE,7
1716782042939,paho829052002495081,topic/occupancy,METAVERSE,91
1716782043095,paho829052002495081,topic/occupancy,METAVERSE,154
1716782043206,paho829052002495081,topic/occupancy,METAVERSE,166
1716782043219,paho829052001574408,topic/b/noise,METAVERSE,112
1716782043281,paho829052002495081,topic/occupancy,METAVERSE,124
1716782043322,paho829052001574408,topic/b/noise,METAVERSE,102
1716782043454,paho829052001574408,topic/b/lighting,METAVERSE,119
1716782043454,paho829052002662143,topic/b/lighting,METAVERSE,119
1716782043496,paho829052001574408,topic/d/noise,METAVERSE,9
1716782043516,paho829052001574408,topic/d/noise,METAVERSE,16
1716782043994,paho829052001574408,topic/g/noise,METAVERSE,6
1716782044025,paho829052002495081,topic/occupancy,METAVERSE,100
1716782044102,paho829052001574408,topic/d/lighting,METAVERSE,21
1716782044103,paho829052002662143,topic/d/lighting,METAVERSE,22
1716782044129,paho829052002495081,topic/occupancy,METAVERSE,173
1716782044134,paho829052001574408,topic/s/noise,METAVERSE,67
1716782044189,paho829052002495081,topic/occupancy,METAVERSE,116
1716782044296,paho829052002495081,topic/occupancy,METAVERSE,48
1716782044354,paho829052002662143,topic/b/lighting,METAVERSE,76
1716782044355,paho829052001574408,topic/b/lighting,METAVERSE,77
1716782044384,paho829052002495081,topic/occupancy,METAVERSE,96
1716782044412,paho829052002662143,topic/g/lighting,METAVERSE,39
1716782044412,paho829052001574408,topic/g/lighting,METAVERSE,39
1716782044513,paho829052002662143,topic/b/lighting,METAVERSE,91
1716782044514,paho829052001574408,topic/b/lighting,METAVERSE,92
1716782044640,paho829052002495081,topic/occupancy,METAVERSE,70
1716782044858,paho829052002662143,topic/s/lighting,METAVERSE,7
1716782044859,paho829052001574408,topic/s/lighting,METAVERSE,8
1716782044912,paho829052002662143,topic/b/lighting,METAVERSE,80
1716782044912,paho829052001574408,topic/b/lighting,METAVERSE,80
1716782044956,paho829052002495081,topic/occupancy,METAVERSE,105
1716782045039,paho829052002495081,topic/occupancy,METAVERSE,92
1716782045184,paho829052002495081,topic/occupancy,METAVERSE,118
1716782045243,paho829052002495081,topic/occupancy,METAVERSE,49
1716782045249,paho829052002662143,topic/b/lighting,METAVERSE,101
1716782045250,paho829052001574408,topic/b/lighting,METAVERSE,102
1716782045262,paho829052001574408,topic/b/noise,METAVERSE,111
1716782045360,paho829052001574408,topic/g/noise,METAVERSE,11
1716782045427,paho829052002662143,topic/g/lighting,METAVERSE,27
1716782045428,paho829052001574408,topic/g/lighting,METAVERSE,28
1716782045604,paho829052001574408,topic/b/noise,METAVERSE,93
1716782045921,paho829052002662143,topic/d/lighting,METAVERSE,38
1716782045922,paho829052001574408,topic/d/lighting,METAVERSE,39
1716782046017,paho829052002495081,topic/occupancy,METAVERSE,71
1716782046058,paho829052002495081,topic/occupancy,METAVERSE,90
1716782046156,paho829052002495081,topic/occupancy,METAVERSE,82
1716782046330,paho829052002495081,topic/occupancy,METAVERSE,62
1716782046388,paho829052002495081,topic/occupancy,METAVERSE,90
1716782046607,paho829052001574408,topic/v/noise,METAVERSE,6
1716782046673,paho829052001574408,topic/e/lighting,METAVERSE,13
1716782046673,paho829052002662143,topic/e/lighting,METAVERSE,13
1716782046682,paho829052002495081,topic/occupancy,METAVERSE,75
1716782046757,paho829052002662143,topic/e/lighting,METAVERSE,10
1716782046758,paho829052001574408,topic/e/lighting,METAVERSE,11
1716782046903,paho829052001574408,topic/e/noise,METAVERSE,11
1716782046921,paho829052002495081,topic/occupancy,METAVERSE,69
1716782047131,paho829052002495081,topic/occupancy,METAVERSE,152
1716782047138,paho829052001574408,topic/e/noise,METAVERSE,32
1716782047277,paho829052002495081,topic/occupancy,METAVERSE,202
1716782047343,paho829052002495081,topic/occupancy,METAVERSE,137
1716782047359,paho829052002662143,topic/c/lighting,METAVERSE,9
1716782047361,paho829052001574408,topic/c/lighting,METAVERSE,11
1716782047580,paho829052002662143,topic/v/lighting,METAVERSE,8
1716782047581,paho829052001574408,topic/v/lighting,METAVERSE,9
1716782047583,paho829052001574408,topic/c/noise,METAVERSE,10
1716782047650,paho829052002662143,topic/c/lighting,METAVERSE,10
1716782047651,paho829052001574408,topic/c/lighting,METAVERSE,11
1716782047775,paho829052001574408,topic/s/noise,METAVERSE,7
1716782047831,paho829052002662143,topic/s/lighting,METAVERSE,7
1716782047832,paho829052001574408,topic/s/lighting,METAVERSE,8
1716782048003,paho829052002495081,topic/occupancy,METAVERSE,52
1716782048087,paho829052002495081,topic/occupancy,METAVERSE,107
1716782048138,paho829052002495081,topic/occupancy,METAVERSE,54
1716782048221,paho829052001574408,topic/b/noise,METAVERSE,113
1716782048295,paho829052002495081,topic/occupancy,METAVERSE,20
1716782048335,paho829052001574408,topic/b/noise,METAVERSE,114
1716782048427,paho829052002495081,topic/occupancy,METAVERSE,124
1716782048474,paho829052001574408,topic/b/lighting,METAVERSE,95
1716782048475,paho829052002662143,topic/b/lighting,METAVERSE,96
1716782048525,paho829052001574408,topic/d/noise,METAVERSE,6
1716782048582,paho829052001574408,topic/d/noise,METAVERSE,49
1716782048719,paho829052002495081,topic/occupancy,METAVERSE,91
1716782048953,paho829052002495081,topic/occupancy,METAVERSE,61
1716782049091,paho829052001574408,topic/g/noise,METAVERSE,61
1716782049112,paho829052002662143,topic/d/lighting,METAVERSE,6
1716782049117,paho829052001574408,topic/d/lighting,METAVERSE,11
1716782049128,paho829052002495081,topic/occupancy,METAVERSE,144
1716782049228,paho829052002495081,topic/occupancy,METAVERSE,149
1716782049238,paho829052001574408,topic/s/noise,METAVERSE,67
1716782049328,paho829052002495081,topic/occupancy,METAVERSE,120
1716782049413,paho829052002662143,topic/b/lighting,METAVERSE,114
1716782049414,paho829052001574408,topic/b/lighting,METAVERSE,115
1716782049482,paho829052002662143,topic/g/lighting,METAVERSE,65
1716782049482,paho829052001574408,topic/g/lighting,METAVERSE,65
1716782049553,paho829052002662143,topic/b/lighting,METAVERSE,126
1716782049554,paho829052001574408,topic/b/lighting,METAVERSE,127
1716782049893,paho829052002662143,topic/s/lighting,METAVERSE,6
1716782049894,paho829052001574408,topic/s/lighting,METAVERSE,7
1716782049965,paho829052002662143,topic/b/lighting,METAVERSE,110
1716782049966,paho829052001574408,topic/b/lighting,METAVERSE,111
1716782049980,paho829052002495081,topic/occupancy,METAVERSE,25
1716782050076,paho829052002495081,topic/occupancy,METAVERSE,68
1716782050133,paho829052002495081,topic/occupancy,METAVERSE,44
1716782050274,paho829052002662143,topic/b/lighting,METAVERSE,111
1716782050275,paho829052001574408,topic/b/lighting,METAVERSE,112
1716782050278,paho829052001574408,topic/b/noise,METAVERSE,115
1716782050372,paho829052002495081,topic/occupancy,METAVERSE,68
1716782050448,paho829052001574408,topic/g/noise,METAVERSE,65
1716782050454,paho829052002495081,topic/occupancy,METAVERSE,138
1716782050512,paho829052002662143,topic/g/lighting,METAVERSE,64
1716782050513,paho829052001574408,topic/g/lighting,METAVERSE,65
1716782050625,paho829052001574408,topic/b/noise,METAVERSE,113
1716782050713,paho829052002495081,topic/occupancy,METAVERSE,69
1716782050937,paho829052001574408,topic/d/lighting,METAVERSE,17
1716782050937,paho829052002662143,topic/d/lighting,METAVERSE,17
1716782051021,paho829052002495081,topic/occupancy,METAVERSE,121
1716782051134,paho829052002495081,topic/occupancy,METAVERSE,141
1716782051240,paho829052002495081,topic/occupancy,METAVERSE,160
1716782051319,paho829052002495081,topic/occupancy,METAVERSE,68
1716782051672,paho829052001574408,topic/v/noise,METAVERSE,8
1716782051739,paho829052001574408,topic/e/lighting,METAVERSE,12
1716782051740,paho829052002662143,topic/e/lighting,METAVERSE,13
1716782051754,paho829052002662143,topic/e/lighting,METAVERSE,6
1716782051755,paho829052001574408,topic/e/lighting,METAVERSE,7
1716782051954,paho829052001574408,topic/e/noise,METAVERSE,31
1716782051991,paho829052002495081,topic/occupancy,METAVERSE,19
1716782052099,paho829052002495081,topic/occupancy,METAVERSE,64
1716782052151,paho829052002495081,topic/occupancy,METAVERSE,53
1716782052206,paho829052001574408,topic/e/noise,METAVERSE,51
1716782052367,paho829052002495081,topic/occupancy,METAVERSE,63
1716782052393,paho829052001574408,topic/c/lighting,METAVERSE,10
1716782052394,paho829052002662143,topic/c/lighting,METAVERSE,11
1716782052486,paho829052002495081,topic/occupancy,METAVERSE,154
1716782052613,paho829052001574408,topic/c/noise,METAVERSE,13
1716782052616,paho829052002662143,topic/v/lighting,METAVERSE,32
1716782052619,paho829052001574408,topic/v/lighting,METAVERSE,35
1716782052661,paho829052002662143,topic/c/lighting,METAVERSE,6
1716782052662,paho829052001574408,topic/c/lighting,METAVERSE,7
1716782052709,paho829052002495081,topic/occupancy,METAVERSE,47
1716782052825,paho829052001574408,topic/s/noise,METAVERSE,6
1716782052832,paho829052002662143,topic/s/lighting,METAVERSE,5
1716782052833,paho829052001574408,topic/s/lighting,METAVERSE,6
1716782053034,paho829052002495081,topic/occupancy,METAVERSE,66
1716782053088,paho829052002495081,topic/occupancy,METAVERSE,92
1716782053194,paho829052001574408,topic/b/noise,METAVERSE,85
1716782053229,paho829052002495081,topic/occupancy,METAVERSE,127
1716782053276,paho829052002495081,topic/occupancy,METAVERSE,18
1716782053340,paho829052001574408,topic/b/noise,METAVERSE,101
1716782053473,paho829052001574408,topic/b/lighting,METAVERSE,82
1716782053474,paho829052002662143,topic/b/lighting,METAVERSE,83
1716782053555,paho829052001574408,topic/d/noise,METAVERSE,12
1716782053585,paho829052001574408,topic/d/noise,METAVERSE,6
1716782054031,paho829052002495081,topic/occupancy,METAVERSE,55
1716782054112,paho829052002662143,topic/d/lighting,METAVERSE,6
1716782054113,paho829052001574408,topic/d/lighting,METAVERSE,7
1716782054115,paho829052002495081,topic/occupancy,METAVERSE,78
1716782054161,paho829052002495081,topic/occupancy,METAVERSE,60
1716782054176,paho829052001574408,topic/g/noise,METAVERSE,109
1716782054266,paho829052001574408,topic/s/noise,METAVERSE,14
1716782054352,paho829052002495081,topic/occupancy,METAVERSE,47
1716782054440,paho829052002662143,topic/b/lighting,METAVERSE,127
1716782054443,paho829052001574408,topic/b/lighting,METAVERSE,130
1716782054523,paho829052002662143,topic/g/lighting,METAVERSE,102
1716782054526,paho829052001574408,topic/g/lighting,METAVERSE,105
1716782054529,paho829052002495081,topic/occupancy,METAVERSE,155
1716782054542,paho829052002662143,topic/b/lighting,METAVERSE,107
1716782054544,paho829052001574408,topic/b/lighting,METAVERSE,109
1716782054728,paho829052002495081,topic/occupancy,METAVERSE,62
1716782054896,paho829052002662143,topic/s/lighting,METAVERSE,7
1716782054898,paho829052001574408,topic/s/lighting,METAVERSE,9
1716782054996,paho829052002662143,topic/b/lighting,METAVERSE,125
1716782054999,paho829052001574408,topic/b/lighting,METAVERSE,128
1716782055026,paho829052002495081,topic/occupancy,METAVERSE,57
1716782055137,paho829052002495081,topic/occupancy,METAVERSE,140
1716782055281,paho829052002495081,topic/occupancy,METAVERSE,161
1716782055301,paho829052002662143,topic/b/lighting,METAVERSE,134
1716782055301,paho829052001574408,topic/b/noise,METAVERSE,134
1716782055304,paho829052001574408,topic/b/lighting,METAVERSE,137
1716782055339,paho829052002495081,topic/occupancy,METAVERSE,77
1716782055428,paho829052001574408,topic/g/noise,METAVERSE,17
1716782055500,paho829052002662143,topic/g/lighting,METAVERSE,6
1716782055502,paho829052001574408,topic/g/lighting,METAVERSE,8
1716782055642,paho829052001574408,topic/b/noise,METAVERSE,127
1716782055939,paho829052002662143,topic/d/lighting,METAVERSE,7
1716782055941,paho829052001574408,topic/d/lighting,METAVERSE,9
1716782056062,paho829052002495081,topic/occupancy,METAVERSE,54
1716782056219,paho829052002495081,topic/occupancy,METAVERSE,55
1716782056302,paho829052002495081,topic/occupancy,METAVERSE,208
1716782056355,paho829052002495081,topic/occupancy,METAVERSE,48
1716782056392,paho829052002495081,topic/occupancy,METAVERSE,17
1716782056670,paho829052001574408,topic/v/noise,METAVERSE,5
1716782056731,paho829052002495081,topic/occupancy,METAVERSE,55
1716782056778,paho829052002662143,topic/e/lighting,METAVERSE,39
1716782056780,paho829052001574408,topic/e/lighting,METAVERSE,41
1716782056820,paho829052002662143,topic/e/lighting,METAVERSE,53
1716782056823,paho829052001574408,topic/e/lighting,METAVERSE,56
1716782057012,paho829052001574408,topic/e/noise,METAVERSE,69
1716782057049,paho829052002495081,topic/occupancy,METAVERSE,69
1716782057180,paho829052002495081,topic/occupancy,METAVERSE,166
1716782057269,paho829052001574408,topic/e/noise,METAVERSE,62
1716782057291,paho829052002495081,topic/occupancy,METAVERSE,170
1716782057400,paho829052002662143,topic/c/lighting,METAVERSE,12
1716782057402,paho829052001574408,topic/c/lighting,METAVERSE,14
1716782057425,paho829052002495081,topic/occupancy,METAVERSE,145
1716782057594,paho829052002662143,topic/v/lighting,METAVERSE,9
1716782057596,paho829052001574408,topic/v/lighting,METAVERSE,11
1716782057633,paho829052001574408,topic/c/noise,METAVERSE,6
1716782057677,paho829052002662143,topic/c/lighting,METAVERSE,6
1716782057679,paho829052001574408,topic/c/lighting,METAVERSE,8
1716782057840,paho829052002662143,topic/s/lighting,METAVERSE,9
1716782057843,paho829052001574408,topic/s/lighting,METAVERSE,12
1716782057876,paho829052001574408,topic/s/noise,METAVERSE,13
1716782058079,paho829052002495081,topic/occupancy,METAVERSE,47
1716782058239,paho829052001574408,topic/b/noise,METAVERSE,129
1716782058279,paho829052002495081,topic/occupancy,METAVERSE,175
1716782058344,paho829052002495081,topic/occupancy,METAVERSE,173
1716782058388,paho829052002495081,topic/occupancy,METAVERSE,75
1716782058420,paho829052001574408,topic/b/noise,METAVERSE,126
1716782058511,paho829052002495081,topic/occupancy,METAVERSE,100
1716782058540,paho829052002662143,topic/b/lighting,METAVERSE,127
1716782058542,paho829052001574408,topic/b/lighting,METAVERSE,129
1716782058555,paho829052001574408,topic/d/noise,METAVERSE,6
1716782058597,paho829052001574408,topic/d/noise,METAVERSE,6
1716782058728,paho829052002495081,topic/occupancy,METAVERSE,52
1716782059039,paho829052002495081,topic/occupancy,METAVERSE,50
1716782059113,paho829052002662143,topic/d/lighting,METAVERSE,6
1716782059116,paho829052001574408,topic/d/lighting,METAVERSE,9
1716782059172,paho829052001574408,topic/g/noise,METAVERSE,105
1716782059178,paho829052002495081,topic/occupancy,METAVERSE,163
1716782059275,paho829052001574408,topic/s/noise,METAVERSE,6
1716782059297,paho829052002495081,topic/occupancy,METAVERSE,171
1716782059428,paho829052002495081,topic/occupancy,METAVERSE,148
1716782059454,paho829052002662143,topic/b/lighting,METAVERSE,123
1716782059457,paho829052001574408,topic/b/lighting,METAVERSE,126
1716782059537,paho829052002662143,topic/g/lighting,METAVERSE,109
1716782059539,paho829052001574408,topic/g/lighting,METAVERSE,111
1716782059563,paho829052002662143,topic/b/lighting,METAVERSE,127
1716782059565,paho829052001574408,topic/b/lighting,METAVERSE,129
1716782059916,paho829052002662143,topic/s/lighting,METAVERSE,6
1716782059924,paho829052001574408,topic/s/lighting,METAVERSE,14
1716782060002,paho829052002662143,topic/b/lighting,METAVERSE,127
1716782060003,paho829052001574408,topic/b/lighting,METAVERSE,128
1716782060071,paho829052002495081,topic/occupancy,METAVERSE,26
1716782060304,paho829052002662143,topic/b/lighting,METAVERSE,129
1716782060305,paho829052001574408,topic/b/lighting,METAVERSE,130
1716782060308,paho829052001574408,topic/b/noise,METAVERSE,133
1716782060311,paho829052002495081,topic/occupancy,METAVERSE,180
1716782060365,paho829052002495081,topic/occupancy,METAVERSE,109
1716782060429,paho829052002495081,topic/occupancy,METAVERSE,112
1716782060488,paho829052001574408,topic/g/noise,METAVERSE,76
1716782060563,paho829052002495081,topic/occupancy,METAVERSE,151
1716782060571,paho829052002662143,topic/g/lighting,METAVERSE,61
1716782060572,paho829052001574408,topic/g/lighting,METAVERSE,62
1716782060683,paho829052001574408,topic/b/noise,METAVERSE,124
1716782060746,paho829052002495081,topic/occupancy,METAVERSE,66
1716782060965,paho829052002662143,topic/d/lighting,METAVERSE,6
1716782060966,paho829052001574408,topic/d/lighting,METAVERSE,7
1716782061116,paho829052002495081,topic/occupancy,METAVERSE,72
1716782061165,paho829052002495081,topic/occupancy,METAVERSE,147
1716782061297,paho829052002495081,topic/occupancy,METAVERSE,166
1716782061391,paho829052002495081,topic/occupancy,METAVERSE,108
1716782061680,paho829052001574408,topic/v/noise,METAVERSE,7
1716782061827,paho829052001574408,topic/e/lighting,METAVERSE,86
1716782061827,paho829052002662143,topic/e/lighting,METAVERSE,86
1716782061909,paho829052002662143,topic/e/lighting,METAVERSE,106
1716782061910,paho829052001574408,topic/e/lighting,METAVERSE,107
1716782062072,paho829052001574408,topic/e/noise,METAVERSE,109
1716782062115,paho829052002495081,topic/occupancy,METAVERSE,67
1716782062285,paho829052002495081,topic/occupancy,METAVERSE,153
1716782062337,paho829052002495081,topic/occupancy,METAVERSE,66
1716782062356,paho829052001574408,topic/e/noise,METAVERSE,109
1716782062384,paho829052002495081,topic/occupancy,METAVERSE,44
1716782062417,paho829052002662143,topic/c/lighting,METAVERSE,6
1716782062418,paho829052001574408,topic/c/lighting,METAVERSE,7
1716782062575,paho829052002495081,topic/occupancy,METAVERSE,162
1716782062597,paho829052002662143,topic/v/lighting,METAVERSE,6
1716782062598,paho829052001574408,topic/v/lighting,METAVERSE,7
1716782062670,paho829052001574408,topic/c/noise,METAVERSE,19
1716782062692,paho829052002662143,topic/c/lighting,METAVERSE,5
1716782062693,paho829052001574408,topic/c/lighting,METAVERSE,6
1716782062765,paho829052002495081,topic/occupancy,METAVERSE,60
1716782062853,paho829052002662143,topic/s/lighting,METAVERSE,6
1716782062854,paho829052001574408,topic/s/lighting,METAVERSE,7
1716782062881,paho829052001574408,topic/s/noise,METAVERSE,6
1716782063104,paho829052002495081,topic/occupancy,METAVERSE,54
1716782063178,paho829052002495081,topic/occupancy,METAVERSE,159
1716782063243,paho829052001574408,topic/b/noise,METAVERSE,128
1716782063280,paho829052002495081,topic/occupancy,METAVERSE,140
1716782063426,paho829052001574408,topic/b/noise,METAVERSE,127
1716782063453,paho829052002495081,topic/occupancy,METAVERSE,126
1716782063558,paho829052001574408,topic/b/lighting,METAVERSE,127
1716782063559,paho829052002662143,topic/b/lighting,METAVERSE,128
1716782063562,paho829052001574408,topic/d/noise,METAVERSE,7
1716782063613,paho829052001574408,topic/d/noise,METAVERSE,6
1716782064112,paho829052002495081,topic/occupancy,METAVERSE,52
1716782064132,paho829052002662143,topic/d/lighting,METAVERSE,6
1716782064132,paho829052001574408,topic/d/lighting,METAVERSE,6
1716782064179,paho829052001574408,topic/g/noise,METAVERSE,108
1716782064271,paho829052002495081,topic/occupancy,METAVERSE,111
1716782064296,paho829052001574408,topic/s/noise,METAVERSE,5
1716782064343,paho829052002495081,topic/occupancy,METAVERSE,70
1716782064414,paho829052002495081,topic/occupancy,METAVERSE,72
1716782064450,paho829052002662143,topic/b/lighting,METAVERSE,110
1716782064451,paho829052001574408,topic/b/lighting,METAVERSE,111
1716782064540,paho829052002662143,topic/g/lighting,METAVERSE,110
1716782064541,paho829052001574408,topic/g/lighting,METAVERSE,111
1716782064580,paho829052002662143,topic/b/lighting,METAVERSE,133
1716782064581,paho829052001574408,topic/b/lighting,METAVERSE,134
1716782064595,paho829052002495081,topic/occupancy,METAVERSE,155
1716782064762,paho829052002495081,topic/occupancy,METAVERSE,46
1716782064922,paho829052002662143,topic/s/lighting,METAVERSE,6
1716782064923,paho829052001574408,topic/s/lighting,METAVERSE,7
1716782064999,paho829052002662143,topic/b/lighting,METAVERSE,123
1716782064999,paho829052001574408,topic/b/lighting,METAVERSE,123
1716782065079,paho829052002495081,topic/occupancy,METAVERSE,25
1716782065219,paho829052002495081,topic/occupancy,METAVERSE,182
1716782065286,paho829052002495081,topic/occupancy,METAVERSE,145
1716782065314,paho829052001574408,topic/b/noise,METAVERSE,130
1716782065315,paho829052002662143,topic/b/lighting,METAVERSE,131
1716782065319,paho829052001574408,topic/b/lighting,METAVERSE,135
1716782065429,paho829052002495081,topic/occupancy,METAVERSE,95
1716782065536,paho829052001574408,topic/g/noise,METAVERSE,110
1716782065620,paho829052002662143,topic/g/lighting,METAVERSE,106
1716782065646,paho829052001574408,topic/g/lighting,METAVERSE,132
1716782065710,paho829052001574408,topic/b/noise,METAVERSE,127
1716782065968,paho829052002662143,topic/d/lighting,METAVERSE,7
1716782065969,paho829052001574408,topic/d/lighting,METAVERSE,8
1716782066111,paho829052002495081,topic/occupancy,METAVERSE,50
1716782066229,paho829052002495081,topic/occupancy,METAVERSE,67
1716782066427,paho829052002495081,topic/occupancy,METAVERSE,143
1716782066504,paho829052002495081,topic/occupancy,METAVERSE,156
1716782066567,paho829052002495081,topic/occupancy,METAVERSE,112
1716782066710,paho829052001574408,topic/v/noise,METAVERSE,36
1716782066754,paho829052001574408,topic/e/lighting,METAVERSE,9
1716782066754,paho829052002662143,topic/e/lighting,METAVERSE,9
1716782066802,paho829052002495081,topic/occupancy,METAVERSE,86
1716782066831,paho829052002662143,topic/e/lighting,METAVERSE,20
1716782066832,paho829052001574408,topic/e/lighting,METAVERSE,21
1716782066992,paho829052001574408,topic/e/noise,METAVERSE,17
1716782067145,paho829052002495081,topic/occupancy,METAVERSE,61
1716782067222,paho829052002495081,topic/occupancy,METAVERSE,169
1716782067288,paho829052001574408,topic/e/noise,METAVERSE,38
1716782067298,paho829052002495081,topic/occupancy,METAVERSE,144
1716782067452,paho829052002662143,topic/c/lighting,METAVERSE,36
1716782067454,paho829052001574408,topic/c/lighting,METAVERSE,38
