1716734800520,paho781840709702843,topic/c/rfid,METAVERSE,170
1716734800696,paho781840709702843,topic/v/rfid,METAVERSE,8
1716734800855,paho781840709702843,topic/c/lighting,METAVERSE,19
1716734800856,paho781840710833629,topic/c/lighting,METAVERSE,20
1716734800934,paho781840709702843,topic/v/noise,METAVERSE,18
1716734801009,paho781840709702843,topic/v/lighting,METAVERSE,37
1716734801010,paho781840710833629,topic/v/lighting,METAVERSE,38
1716734801043,paho781840709702843,topic/c/noise,METAVERSE,29
1716734801154,paho781840709702843,topic/g/rfid,METAVERSE,38
1716734801198,paho781840709702843,topic/s/rfid,METAVERSE,65
1716734801513,paho781840710833629,topic/c/lighting,METAVERSE,5
1716734801514,paho781840709702843,topic/c/lighting,METAVERSE,6
1716734801884,paho781840709702843,topic/s/noise,METAVERSE,8
1716734801889,paho781840709702843,topic/g/noise,METAVERSE,8
1716734801936,paho781840709702843,topic/s/lighting,METAVERSE,57
1716734801937,paho781840710833629,topic/s/lighting,METAVERSE,58
1716734801985,paho781840709702843,topic/b/lighting,METAVERSE,72
1716734801986,paho781840710833629,topic/b/lighting,METAVERSE,73
1716734802081,paho781840709702843,topic/d/noise,METAVERSE,29
1716734802083,paho781840710833629,topic/s/lighting,METAVERSE,17
1716734802085,paho781840709702843,topic/s/lighting,METAVERSE,19
1716734802222,paho781840709702843,topic/s/noise,METAVERSE,38
1716734802404,paho781840709702843,topic/d/lighting,METAVERSE,21
1716734802405,paho781840710833629,topic/d/lighting,METAVERSE,22
1716734802683,paho781840709702843,topic/e/noise,METAVERSE,6
1716734802845,paho781840709702843,topic/g/lighting,METAVERSE,81
1716734802845,paho781840710833629,topic/g/lighting,METAVERSE,81
1716734803031,paho781840709702843,topic/d/noise,METAVERSE,19
1716734803330,paho781840709702843,topic/b/noise,METAVERSE,41
1716734803412,paho781840710833629,topic/b/lighting,METAVERSE,20
1716734803411,paho781840709702843,topic/b/lighting,METAVERSE,19
1716734803709,paho781840709702843,topic/d/rfid,METAVERSE,6
1716734803928,paho781840709702843,topic/g/noise,METAVERSE,392
1716734803955,paho781840709702843,topic/d/lighting,METAVERSE,10
1716734803958,paho781840710833629,topic/d/lighting,METAVERSE,13
1716734804022,paho781840709702843,topic/g/lighting,METAVERSE,22
1716734804023,paho781840710833629,topic/g/lighting,METAVERSE,23
1716734804136,paho781840709702843,topic/e/lighting,METAVERSE,15
1716734804136,paho781840710833629,topic/e/lighting,METAVERSE,15
1716734804301,paho781840709702843,topic/s/rfid,METAVERSE,5
1716734804318,paho781840709702843,topic/e/noise,METAVERSE,46
1716734804432,paho781840709702843,topic/e/rfid,METAVERSE,69
1716734804445,paho781840709702843,topic/c/rfid,METAVERSE,56
1716734804449,paho781840709702843,topic/e/lighting,METAVERSE,5
1716734804450,paho781840710833629,topic/e/lighting,METAVERSE,6
1716734805192,paho781840709702843,topic/g/rfid,METAVERSE,36
1716734805216,paho781840709702843,topic/g/rfid,METAVERSE,17
1716734805248,paho781840709702843,topic/g/rfid,METAVERSE,13
1716734805451,paho781840709702843,topic/e/rfid,METAVERSE,16
1716734805739,paho781840709702843,topic/b/rfid,METAVERSE,2301
1716734805752,paho781840709702843,topic/v/rfid,METAVERSE,22
1716734805847,paho781840709702843,topic/c/lighting,METAVERSE,9
1716734805848,paho781840710833629,topic/c/lighting,METAVERSE,10
1716734805933,paho781840709702843,topic/v/noise,METAVERSE,6
1716734806037,paho781840709702843,topic/c/noise,METAVERSE,6
1716734806096,paho781840709702843,topic/v/lighting,METAVERSE,81
1716734806097,paho781840710833629,topic/v/lighting,METAVERSE,82
1716734806553,paho781840709702843,topic/c/lighting,METAVERSE,17
1716734806553,paho781840710833629,topic/c/lighting,METAVERSE,17
1716734806690,paho781840709702843,topic/b/noise,METAVERSE,6
1716734806812,paho781840709702843,topic/b/noise,METAVERSE,8
1716734806934,paho781840709702843,topic/g/noise,METAVERSE,6
1716734806937,paho781840709702843,topic/s/noise,METAVERSE,11
1716734806987,paho781840709702843,topic/s/lighting,METAVERSE,24
1716734806988,paho781840710833629,topic/s/lighting,METAVERSE,25
1716734806997,paho781840709702843,topic/b/lighting,METAVERSE,15
1716734806997,paho781840710833629,topic/b/lighting,METAVERSE,15
1716734807107,paho781840709702843,topic/s/lighting,METAVERSE,6
1716734807107,paho781840710833629,topic/s/lighting,METAVERSE,6
1716734807184,paho781840709702843,topic/d/noise,METAVERSE,25
1716734807287,paho781840709702843,topic/g/rfid,METAVERSE,24
1716734807298,paho781840709702843,topic/s/noise,METAVERSE,27
1716734807320,paho781840710833629,topic/b/lighting,METAVERSE,40
1716734807320,paho781840709702843,topic/b/lighting,METAVERSE,40
1716734807373,paho781840709702843,topic/b/lighting,METAVERSE,5
1716734807374,paho781840710833629,topic/b/lighting,METAVERSE,6
1716734807417,paho781840709702843,topic/d/lighting,METAVERSE,12
1716734807417,paho781840710833629,topic/d/lighting,METAVERSE,12
1716734807731,paho781840709702843,topic/e/noise,METAVERSE,9
1716734807740,paho781840709702843,topic/d/rfid,METAVERSE,9
1716734807773,paho781840709702843,topic/b/noise,METAVERSE,5
1716734807938,paho781840709702843,topic/g/lighting,METAVERSE,19
1716734807939,paho781840710833629,topic/g/lighting,METAVERSE,20
1716734808057,paho781840709702843,topic/d/noise,METAVERSE,6
1716734808350,paho781840709702843,topic/b/noise,METAVERSE,13
1716734808428,paho781840710411408,topic/security,METAVERSE,1134
1716734808455,paho781840709702843,topic/b/lighting,METAVERSE,8
1716734808456,paho781840710833629,topic/b/lighting,METAVERSE,9
1716734808769,paho781840709702843,topic/b/rfid,METAVERSE,25
1716734808812,paho781840709702843,topic/d/rfid,METAVERSE,13
1716734808829,paho781840711013834,topic/maintenance,METAVERSE,1558
1716734808850,paho781840710833629,topic/b/lighting,METAVERSE,6
1716734808851,paho781840709702843,topic/b/lighting,METAVERSE,7
1716734808983,paho781840710833629,topic/d/lighting,METAVERSE,5
1716734808984,paho781840709702843,topic/d/lighting,METAVERSE,6
1716734809028,paho781840711013834,topic/maintenance,METAVERSE,1736
1716734809040,paho781840709702843,topic/g/noise,METAVERSE,13
1716734809068,paho781840710833629,topic/g/lighting,METAVERSE,21
1716734809070,paho781840709702843,topic/g/lighting,METAVERSE,23
1716734809080,paho781840711013834,topic/maintenance,METAVERSE,1730
1716734809128,paho781840711013834,topic/maintenance,METAVERSE,1569
1716734809129,paho781840710833629,topic/e/lighting,METAVERSE,8
1716734809137,paho781840709702843,topic/e/lighting,METAVERSE,16
1716734809177,paho781840710652335,topic/queueing,METAVERSE,1446
1716734809180,paho781840711013834,topic/maintenance,METAVERSE,1589
1716734809334,paho781840709702843,topic/e/noise,METAVERSE,12
1716734809337,paho781840709702843,topic/g/rfid,METAVERSE,26
1716734809380,paho781840711013834,topic/maintenance,METAVERSE,1708
1716734809396,paho781840709702843,topic/s/rfid,METAVERSE,9
1716734809479,paho781840711013834,topic/maintenance,METAVERSE,1835
1716734809496,paho781840710833629,topic/e/lighting,METAVERSE,5
1716734809497,paho781840709702843,topic/e/lighting,METAVERSE,6
1716734809580,paho781840710652335,topic/queueing,METAVERSE,836
1716734809676,paho781840711013834,topic/maintenance,METAVERSE,1956
1716734809677,paho781840710652335,topic/queueing,METAVERSE,878
1716734809780,paho781840710652335,topic/queueing,METAVERSE,469
1716734809876,paho781840710652335,topic/queueing,METAVERSE,489
1716734810076,paho781840711013834,topic/maintenance,METAVERSE,2354
1716734810126,paho781840711013834,topic/maintenance,METAVERSE,2358
1716734810126,paho781840711013834,topic/maintenance,METAVERSE,2075
1716734810328,paho781840711013834,topic/maintenance,METAVERSE,2265
1716734810424,paho781840711013834,topic/maintenance,METAVERSE,2296
1716734810528,paho781840711013834,topic/maintenance,METAVERSE,2324
1716734810528,paho781840710652335,topic/occupancy,METAVERSE,3265
1716734810680,paho781840711013834,topic/maintenance,METAVERSE,2454
1716734810769,paho781840709702843,topic/v/rfid,METAVERSE,6
1716734810774,paho781840711013834,topic/maintenance,METAVERSE,2437
1716734810809,paho781840709702843,topic/b/rfid,METAVERSE,14
1716734810849,paho781840709702843,topic/c/lighting,METAVERSE,5
1716734810849,paho781840710833629,topic/c/lighting,METAVERSE,5
1716734810928,paho781840710652335,topic/queueing,METAVERSE,165
1716734810928,paho781840710652335,topic/queueing,METAVERSE,133
1716734810986,paho781840709702843,topic/v/noise,METAVERSE,7
1716734811057,paho781840709702843,topic/c/noise,METAVERSE,6
1716734811080,paho781840710652335,topic/occupancy,METAVERSE,3688
1716734811134,paho781840710833629,topic/v/lighting,METAVERSE,16
1716734811135,paho781840709702843,topic/v/lighting,METAVERSE,17
1716734811176,paho781840711013834,topic/maintenance,METAVERSE,2626
1716734811176,paho781840711013834,topic/maintenance,METAVERSE,2442
1716734811280,paho781840711013834,topic/maintenance,METAVERSE,2253
1716734811376,paho781840711013834,topic/maintenance,METAVERSE,2171
1716734811428,paho781840711013834,topic/maintenance,METAVERSE,2121
1716734811459,paho781840709702843,topic/c/rfid,METAVERSE,6
1716734811622,paho781840710833629,topic/c/lighting,METAVERSE,7
1716734811621,paho781840709702843,topic/c/lighting,METAVERSE,6
1716734811680,paho781840710652335,topic/queueing,METAVERSE,227
1716734811680,paho781840711013834,topic/maintenance,METAVERSE,2358
1716734811690,paho781840709702843,topic/b/noise,METAVERSE,5
1716734811721,paho781840710411408,topic/security,METAVERSE,4391
1716734811721,paho781840710411408,topic/security,METAVERSE,4402
1716734811721,paho781840710411408,topic/security,METAVERSE,4373
1716734811722,paho781840710411408,topic/security,METAVERSE,4373
1716734811722,paho781840710411408,topic/security,METAVERSE,4372
1716734811722,paho781840710411408,topic/security,METAVERSE,4367
1716734811722,paho781840710411408,topic/security,METAVERSE,4357
1716734811722,paho781840710411408,topic/security,METAVERSE,4330
1716734811722,paho781840710411408,topic/security,METAVERSE,4325
1716734811722,paho781840710411408,topic/security,METAVERSE,4294
1716734811722,paho781840710411408,topic/security,METAVERSE,4290
1716734811722,paho781840710411408,topic/security,METAVERSE,4270
1716734811722,paho781840710411408,topic/security,METAVERSE,4239
1716734811722,paho781840710411408,topic/security,METAVERSE,4219
1716734811722,paho781840710411408,topic/security,METAVERSE,4250
1716734811722,paho781840710411408,topic/security,METAVERSE,4232
1716734811722,paho781840710411408,topic/security,METAVERSE,4180
1716734811723,paho781840710411408,topic/security,METAVERSE,4175
1716734811723,paho781840710411408,topic/security,METAVERSE,4163
1716734811723,paho781840710411408,topic/security,METAVERSE,4161
1716734811723,paho781840710411408,topic/security,METAVERSE,4164
1716734811723,paho781840710411408,topic/security,METAVERSE,4163
1716734811723,paho781840710411408,topic/security,METAVERSE,4151
1716734811723,paho781840710411408,topic/security,METAVERSE,4139
1716734811723,paho781840710411408,topic/security,METAVERSE,4132
1716734811723,paho781840710411408,topic/security,METAVERSE,4114
1716734811723,paho781840710411408,topic/security,METAVERSE,4126
1716734811824,paho781840711013834,topic/maintenance,METAVERSE,2305
1716734811849,paho781840709702843,topic/b/noise,METAVERSE,20
1716734811936,paho781840709702843,topic/g/noise,METAVERSE,5
1716734811964,paho781840709702843,topic/s/noise,METAVERSE,5
1716734811980,paho781840711013834,topic/maintenance,METAVERSE,2245
1716734812000,paho781840710833629,topic/s/lighting,METAVERSE,9
1716734812001,paho781840709702843,topic/s/lighting,METAVERSE,10
1716734812074,paho781840709702843,topic/b/lighting,METAVERSE,23
1716734812075,paho781840710833629,topic/b/lighting,METAVERSE,24
1716734812128,paho781840710652335,topic/occupancy,METAVERSE,4519
1716734812130,paho781840709702843,topic/s/lighting,METAVERSE,27
1716734812131,paho781840710833629,topic/s/lighting,METAVERSE,28
1716734812189,paho781840709702843,topic/d/noise,METAVERSE,4
1716734812226,paho781840711013834,topic/maintenance,METAVERSE,2416
1716734812326,paho781840711013834,topic/maintenance,METAVERSE,2515
1716734812340,paho781840709702843,topic/b/lighting,METAVERSE,5
1716734812341,paho781840710833629,topic/b/lighting,METAVERSE,6
1716734812368,paho781840709702843,topic/g/rfid,METAVERSE,9
1716734812371,paho781840709702843,topic/s/noise,METAVERSE,41
1716734812401,paho781840709702843,topic/b/lighting,METAVERSE,9
1716734812402,paho781840710833629,topic/b/lighting,METAVERSE,10
1716734812429,paho781840709702843,topic/d/lighting,METAVERSE,14
1716734812430,paho781840711013834,topic/maintenance,METAVERSE,2323
1716734812433,paho781840710833629,topic/d/lighting,METAVERSE,18
1716734812456,paho781840709702843,topic/s/rfid,METAVERSE,12
1716734812583,paho781840710652335,topic/queueing,METAVERSE,224
1716734812584,paho781840710652335,topic/queueing,METAVERSE,140
1716734812680,paho781840710652335,topic/occupancy,METAVERSE,4949
1716734812769,paho781840709702843,topic/e/noise,METAVERSE,14
1716734812796,paho781840709702843,topic/b/noise,METAVERSE,25
1716734812877,paho781840711013834,topic/maintenance,METAVERSE,2625
1716734813021,paho781840709702843,topic/g/lighting,METAVERSE,42
1716734813021,paho781840710833629,topic/g/lighting,METAVERSE,42
1716734813062,paho781840709702843,topic/d/noise,METAVERSE,5
1716734813076,paho781840711013834,topic/maintenance,METAVERSE,2813
1716734813176,paho781840711013834,topic/maintenance,METAVERSE,2900
1716734813276,paho781840711013834,topic/maintenance,METAVERSE,2997
1716734813422,paho781840709702843,topic/b/noise,METAVERSE,44
1716734813445,paho781840709702843,topic/g/rfid,METAVERSE,34
1716734813501,paho781840710833629,topic/b/lighting,METAVERSE,42
1716734813502,paho781840709702843,topic/b/lighting,METAVERSE,43
1716734813518,paho781840709702843,topic/s/rfid,METAVERSE,23
1716734813626,paho781840710652335,topic/queueing,METAVERSE,215
1716734813728,paho781840710652335,topic/occupancy,METAVERSE,5843
1716734813776,paho781840711013834,topic/maintenance,METAVERSE,3480
1716734813866,paho781840710833629,topic/b/lighting,METAVERSE,21
1716734813868,paho781840709702843,topic/b/lighting,METAVERSE,23
1716734813876,paho781840711013834,topic/maintenance,METAVERSE,3392
1716734814017,paho781840710833629,topic/d/lighting,METAVERSE,6
1716734814018,paho781840709702843,topic/d/lighting,METAVERSE,7
1716734814028,paho781840710652335,topic/queueing,METAVERSE,533
1716734814077,paho781840711013834,topic/maintenance,METAVERSE,3558
1716734814105,paho781840709702843,topic/g/noise,METAVERSE,6
1716734814128,paho781840710833629,topic/e/lighting,METAVERSE,6
1716734814129,paho781840709702843,topic/e/lighting,METAVERSE,7
1716734814133,paho781840710833629,topic/g/lighting,METAVERSE,41
1716734814134,paho781840709702843,topic/g/lighting,METAVERSE,42
1716734814184,paho781840711013834,topic/maintenance,METAVERSE,3281
1716734814369,paho781840709702843,topic/e/noise,METAVERSE,22
1716734814380,paho781840711013834,topic/maintenance,METAVERSE,3401
1716734814424,paho781840711013834,topic/maintenance,METAVERSE,3373
1716734814580,paho781840711013834,topic/maintenance,METAVERSE,3436
1716734814587,paho781840710833629,topic/e/lighting,METAVERSE,6
1716734814587,paho781840709702843,topic/e/lighting,METAVERSE,6
1716734814680,paho781840711013834,topic/maintenance,METAVERSE,3393
1716734814726,paho781840711013834,topic/maintenance,METAVERSE,3435
1716734814836,paho781840711013834,topic/maintenance,METAVERSE,3445
1716734814869,paho781840709702843,topic/d/rfid,METAVERSE,38
1716734814980,paho781840711013834,topic/maintenance,METAVERSE,3512
1716734815132,paho781840710652335,topic/queueing,METAVERSE,301
1716734815227,paho781840711013834,topic/maintenance,METAVERSE,3542
1716734815325,paho781840711013834,topic/maintenance,METAVERSE,3537
1716734815326,paho781840710652335,topic/occupancy,METAVERSE,7025
1716734815376,paho781840711013834,topic/maintenance,METAVERSE,3547
1716734815428,paho781840711013834,topic/maintenance,METAVERSE,3502
1716734815529,paho781840711013834,topic/maintenance,METAVERSE,3598
1716734815674,paho781840711013834,topic/maintenance,METAVERSE,3715
1716734815874,paho781840710833629,topic/c/lighting,METAVERSE,7
1716734815879,paho781840709702843,topic/c/lighting,METAVERSE,12
1716734815881,paho781840711013834,topic/maintenance,METAVERSE,3865
1716734815930,paho781840711013834,topic/maintenance,METAVERSE,3937
1716734815979,paho781840711013834,topic/maintenance,METAVERSE,3794
1716734816021,paho781840709702843,topic/v/noise,METAVERSE,5
1716734816028,paho781840710652335,topic/occupancy,METAVERSE,7475
1716734816097,paho781840709702843,topic/c/noise,METAVERSE,5
1716734816130,paho781840711013834,topic/maintenance,METAVERSE,3975
1716734816176,paho781840710833629,topic/v/lighting,METAVERSE,13
1716734816180,paho781840709702843,topic/v/lighting,METAVERSE,17
1716734816276,paho781840711013834,topic/maintenance,METAVERSE,3950
1716734816424,paho781840711013834,topic/maintenance,METAVERSE,4094
1716734816468,paho781840711013834,topic/maintenance,METAVERSE,4145
1716734816528,paho781840711013834,topic/maintenance,METAVERSE,4173
1716734816560,paho781840709702843,topic/s/rfid,METAVERSE,8
1716734816627,paho781840711013834,topic/maintenance,METAVERSE,3872
1716734816657,paho781840709702843,topic/c/lighting,METAVERSE,6
1716734816657,paho781840710833629,topic/c/lighting,METAVERSE,6
1716734816680,paho781840710652335,topic/queueing,METAVERSE,128
1716734816698,paho781840709702843,topic/b/noise,METAVERSE,6
1716734816853,paho781840709702843,topic/b/noise,METAVERSE,6
1716734816876,paho781840711013834,topic/maintenance,METAVERSE,4105
1716734816924,paho781840711013834,topic/maintenance,METAVERSE,3945
1716734816925,paho781840711013834,topic/maintenance,METAVERSE,3868
1716734816965,paho781840709702843,topic/s/noise,METAVERSE,5
1716734816980,paho781840711013834,topic/maintenance,METAVERSE,3629
1716734816996,paho781840709702843,topic/g/noise,METAVERSE,5
1716734817026,paho781840711013834,topic/maintenance,METAVERSE,3610
1716734817044,paho781840709702843,topic/s/lighting,METAVERSE,23
1716734817046,paho781840710833629,topic/s/lighting,METAVERSE,25
1716734817124,paho781840711013834,topic/maintenance,METAVERSE,3746
1716734817145,paho781840710833629,topic/s/lighting,METAVERSE,10
1716734817146,paho781840709702843,topic/s/lighting,METAVERSE,11
1716734817163,paho781840710833629,topic/b/lighting,METAVERSE,49
1716734817165,paho781840709702843,topic/b/lighting,METAVERSE,51
1716734817174,paho781840711013834,topic/maintenance,METAVERSE,3778
1716734817209,paho781840709702843,topic/d/noise,METAVERSE,8
1716734817329,paho781840711013834,topic/maintenance,METAVERSE,3502
1716734817388,paho781840710833629,topic/b/lighting,METAVERSE,23
1716734817389,paho781840709702843,topic/b/lighting,METAVERSE,24
1716734817424,paho781840711013834,topic/maintenance,METAVERSE,3605
1716734817446,paho781840709702843,topic/s/noise,METAVERSE,15
1716734817460,paho781840710833629,topic/b/lighting,METAVERSE,21
1716734817460,paho781840709702843,topic/b/lighting,METAVERSE,21
1716734817496,paho781840710833629,topic/d/lighting,METAVERSE,25
1716734817497,paho781840709702843,topic/d/lighting,METAVERSE,26
1716734817676,paho781840711013834,topic/maintenance,METAVERSE,3681
1716734817805,paho781840709702843,topic/e/noise,METAVERSE,6
1716734817828,paho781840711013834,topic/maintenance,METAVERSE,3729
1716734817828,paho781840710652335,topic/occupancy,METAVERSE,9208
1716734817828,paho781840709702843,topic/b/noise,METAVERSE,9
1716734818025,paho781840711013834,topic/maintenance,METAVERSE,3782
1716734818031,paho781840710652335,topic/occupancy,METAVERSE,9287
1716734818070,paho781840709702843,topic/d/noise,METAVERSE,4
1716734818078,paho781840711013834,topic/maintenance,METAVERSE,3731
1716734818127,paho781840711013834,topic/maintenance,METAVERSE,3748
1716734818172,paho781840711013834,topic/maintenance,METAVERSE,3792
1716734818177,paho781840710833629,topic/g/lighting,METAVERSE,22
1716734818178,paho781840709702843,topic/g/lighting,METAVERSE,23
1716734818178,paho781840711013834,topic/maintenance,METAVERSE,3791
1716734818225,paho781840711013834,topic/maintenance,METAVERSE,3761
1716734818325,paho781840711013834,topic/maintenance,METAVERSE,3840
1716734818381,paho781840711013834,topic/maintenance,METAVERSE,3802
1716734818425,paho781840711013834,topic/maintenance,METAVERSE,3814
1716734818442,paho781840711013834,topic/maintenance,METAVERSE,3384
1716734818442,paho781840711013834,topic/maintenance,METAVERSE,2991
1716734818460,paho781840709702843,topic/b/noise,METAVERSE,9
1716734818476,paho781840711013834,topic/maintenance,METAVERSE,3012
1716734818494,paho781840709702843,topic/g/rfid,METAVERSE,7
1716734818561,paho781840710833629,topic/b/lighting,METAVERSE,28
1716734818562,paho781840709702843,topic/b/lighting,METAVERSE,29
1716734818576,paho781840711013834,topic/maintenance,METAVERSE,3003
1716734818577,paho781840710652335,topic/queueing,METAVERSE,90
1716734818620,paho781840711013834,topic/maintenance,METAVERSE,3027
1716734818627,paho781840711013834,topic/maintenance,METAVERSE,2736
1716734818672,paho781840711013834,topic/maintenance,METAVERSE,2656
1716734818678,paho781840711013834,topic/maintenance,METAVERSE,2619
1716734818724,paho781840711013834,topic/maintenance,METAVERSE,2640
1716734818776,paho781840711013834,topic/maintenance,METAVERSE,2688
1716734818777,paho781840711013834,topic/maintenance,METAVERSE,2685
1716734818884,paho781840710833629,topic/b/lighting,METAVERSE,37
1716734818884,paho781840709702843,topic/b/lighting,METAVERSE,37
1716734818974,paho781840711013834,topic/maintenance,METAVERSE,2591
1716734818974,paho781840710652335,topic/occupancy,METAVERSE,10175
1716734819018,paho781840710833629,topic/d/lighting,METAVERSE,6
1716734819019,paho781840709702843,topic/d/lighting,METAVERSE,7
1716734819080,paho781840711013834,topic/maintenance,METAVERSE,2649
1716734819080,paho781840711013834,topic/maintenance,METAVERSE,2645
1716734819131,paho781840711013834,topic/maintenance,METAVERSE,2624
1716734819185,paho781840710833629,topic/g/lighting,METAVERSE,6
1716734819186,paho781840709702843,topic/g/lighting,METAVERSE,7
1716734819208,paho781840710833629,topic/e/lighting,METAVERSE,41
1716734819209,paho781840709702843,topic/e/lighting,METAVERSE,42
1716734819229,paho781840709702843,topic/g/noise,METAVERSE,52
1716734819274,paho781840711013834,topic/maintenance,METAVERSE,2582
1716734819328,paho781840711013834,topic/maintenance,METAVERSE,2481
1716734819376,paho781840711013834,topic/maintenance,METAVERSE,2416
1716734819380,paho781840711013834,topic/maintenance,METAVERSE,2389
1716734819398,paho781840709702843,topic/e/noise,METAVERSE,7
1716734819426,paho781840711013834,topic/maintenance,METAVERSE,2363
1716734819477,paho781840711013834,topic/maintenance,METAVERSE,2276
1716734819498,paho781840709702843,topic/g/rfid,METAVERSE,5
1716734819580,paho781840711013834,topic/maintenance,METAVERSE,2149
1716734819601,paho781840710833629,topic/e/lighting,METAVERSE,6
1716734819602,paho781840709702843,topic/e/lighting,METAVERSE,7
1716734819632,paho781840710652335,topic/queueing,METAVERSE,139
1716734819679,paho781840710652335,topic/occupancy,METAVERSE,10721
1716734819726,paho781840711013834,topic/maintenance,METAVERSE,2257
1716734819875,paho781840711013834,topic/maintenance,METAVERSE,2358
1716734819928,paho781840711013834,topic/maintenance,METAVERSE,2401
1716734820077,paho781840711013834,topic/maintenance,METAVERSE,2478
1716734820175,paho781840711013834,topic/maintenance,METAVERSE,2420
1716734820327,paho781840711013834,topic/maintenance,METAVERSE,2528
1716734820480,paho781840710652335,topic/occupancy,METAVERSE,11398
1716734820777,paho781840711013834,topic/maintenance,METAVERSE,2958
1716734820827,paho781840711013834,topic/maintenance,METAVERSE,2964
1716734820833,paho781840710411408,topic/security,METAVERSE,13189
1716734820833,paho781840710411408,topic/security,METAVERSE,13159
1716734820877,paho781840709702843,topic/c/lighting,METAVERSE,6
1716734820879,paho781840710833629,topic/c/lighting,METAVERSE,8
1716734820927,paho781840711013834,topic/maintenance,METAVERSE,3034
1716734821027,paho781840711013834,topic/maintenance,METAVERSE,2961
1716734821060,paho781840709702843,topic/v/noise,METAVERSE,5
1716734821104,paho781840709702843,topic/c/noise,METAVERSE,5
1716734821224,paho781840711013834,topic/maintenance,METAVERSE,3124
1716734821247,paho781840710833629,topic/v/lighting,METAVERSE,12
1716734821248,paho781840709702843,topic/v/lighting,METAVERSE,13
1716734821328,paho781840711013834,topic/maintenance,METAVERSE,2953
1716734821377,paho781840711013834,topic/maintenance,METAVERSE,2977
1716734821427,paho781840711013834,topic/maintenance,METAVERSE,2991
1716734821461,paho781840709702843,topic/c/rfid,METAVERSE,8
1716734821464,paho781840709702843,topic/c/rfid,METAVERSE,10
1716734821580,paho781840710652335,topic/queueing,METAVERSE,127
1716734821680,paho781840711013834,topic/maintenance,METAVERSE,3229
1716734821693,paho781840710833629,topic/c/lighting,METAVERSE,5
1716734821694,paho781840709702843,topic/c/lighting,METAVERSE,6
1716734821726,paho781840711013834,topic/maintenance,METAVERSE,3282
1716734821775,paho781840710652335,topic/queueing,METAVERSE,321
1716734821793,paho781840709702843,topic/b/noise,METAVERSE,32
1716734821825,paho781840711013834,topic/maintenance,METAVERSE,3314
1716734821878,paho781840709702843,topic/b/noise,METAVERSE,28
1716734821928,paho781840711013834,topic/maintenance,METAVERSE,3395
1716734821929,paho781840711013834,topic/maintenance,METAVERSE,2829
1716734821929,paho781840711013834,topic/maintenance,METAVERSE,2752
1716734821929,paho781840711013834,topic/maintenance,METAVERSE,2538
1716734821969,paho781840709702843,topic/s/noise,METAVERSE,6
1716734822001,paho781840709702843,topic/g/noise,METAVERSE,6
1716734822025,paho781840711013834,topic/maintenance,METAVERSE,2483
1716734822026,paho781840711013834,topic/maintenance,METAVERSE,2479
1716734822026,paho781840711013834,topic/maintenance,METAVERSE,2387
1716734822026,paho781840711013834,topic/maintenance,METAVERSE,2376
1716734822026,paho781840711013834,topic/maintenance,METAVERSE,2375
1716734822027,paho781840711013834,topic/maintenance,METAVERSE,2134
1716734822082,paho781840710833629,topic/s/lighting,METAVERSE,10
1716734822084,paho781840709702843,topic/s/lighting,METAVERSE,12
1716734822168,paho781840710833629,topic/s/lighting,METAVERSE,13
1716734822170,paho781840709702843,topic/s/lighting,METAVERSE,15
1716734822176,paho781840711013834,topic/maintenance,METAVERSE,2082
1716734822188,paho781840710833629,topic/b/lighting,METAVERSE,48
1716734822188,paho781840711013834,topic/maintenance,METAVERSE,2087
1716734822188,paho781840711013834,topic/maintenance,METAVERSE,2033
1716734822190,paho781840709702843,topic/b/lighting,METAVERSE,50
1716734822257,paho781840709702843,topic/d/noise,METAVERSE,12
1716734822378,paho781840711013834,topic/maintenance,METAVERSE,2159
1716734822402,paho781840711013834,topic/maintenance,METAVERSE,1999
1716734822435,paho781840710833629,topic/b/lighting,METAVERSE,28
1716734822437,paho781840709702843,topic/b/lighting,METAVERSE,30
1716734822476,paho781840711013834,topic/maintenance,METAVERSE,2024
1716734822515,paho781840709702843,topic/s/noise,METAVERSE,5
1716734822522,paho781840710833629,topic/b/lighting,METAVERSE,31
1716734822525,paho781840709702843,topic/b/lighting,METAVERSE,34
1716734822528,paho781840711013834,topic/maintenance,METAVERSE,2036
1716734822561,paho781840710833629,topic/d/lighting,METAVERSE,54
1716734822563,paho781840709702843,topic/d/lighting,METAVERSE,56
1716734822677,paho781840711013834,topic/maintenance,METAVERSE,2118
1716734822724,paho781840711013834,topic/maintenance,METAVERSE,2129
1716734822861,paho781840709702843,topic/e/noise,METAVERSE,7
1716734822869,paho781840709702843,topic/b/noise,METAVERSE,22
1716734822880,paho781840711013834,topic/maintenance,METAVERSE,2269
1716734822881,paho781840711013834,topic/maintenance,METAVERSE,2246
1716734822881,paho781840711013834,topic/maintenance,METAVERSE,1826
1716734822881,paho781840711013834,topic/maintenance,METAVERSE,1782
1716734822881,paho781840711013834,topic/maintenance,METAVERSE,1718
1716734822881,paho781840711013834,topic/maintenance,METAVERSE,1681
1716734822881,paho781840711013834,topic/maintenance,METAVERSE,1602
1716734822975,paho781840711013834,topic/maintenance,METAVERSE,1684
1716734823024,paho781840711013834,topic/maintenance,METAVERSE,1725
1716734823084,paho781840709702843,topic/d/noise,METAVERSE,18
1716734823126,paho781840711013834,topic/maintenance,METAVERSE,1781
1716734823216,paho781840710833629,topic/g/lighting,METAVERSE,9
1716734823218,paho781840709702843,topic/g/lighting,METAVERSE,11
1716734823277,paho781840711013834,topic/maintenance,METAVERSE,1726
1716734823474,paho781840711013834,topic/maintenance,METAVERSE,1915
1716734823500,paho781840709702843,topic/b/noise,METAVERSE,37
1716734823598,paho781840710833629,topic/b/lighting,METAVERSE,37
1716734823601,paho781840709702843,topic/b/lighting,METAVERSE,40
1716734823675,paho781840711013834,topic/maintenance,METAVERSE,2039
1716734823724,paho781840711013834,topic/maintenance,METAVERSE,2015
1716734823877,paho781840711013834,topic/maintenance,METAVERSE,2167
1716734823879,paho781840710833629,topic/b/lighting,METAVERSE,25
1716734823881,paho781840709702843,topic/b/lighting,METAVERSE,27
1716734824018,paho781840710833629,topic/d/lighting,METAVERSE,5
1716734824021,paho781840709702843,topic/d/lighting,METAVERSE,8
1716734824075,paho781840711013834,topic/maintenance,METAVERSE,2314
1716734824128,paho781840711013834,topic/maintenance,METAVERSE,2278
1716734824216,paho781840710833629,topic/g/lighting,METAVERSE,33
1716734824218,paho781840709702843,topic/g/lighting,METAVERSE,35
1716734824249,paho781840710833629,topic/e/lighting,METAVERSE,6
1716734824251,paho781840709702843,topic/e/lighting,METAVERSE,8
1716734824271,paho781840709702843,topic/g/noise,METAVERSE,9
1716734824276,paho781840711013834,topic/maintenance,METAVERSE,2381
1716734824436,paho781840709702843,topic/e/noise,METAVERSE,35
1716734824524,paho781840711013834,topic/maintenance,METAVERSE,2625
1716734824568,paho781840711013834,topic/maintenance,METAVERSE,2605
1716734824654,paho781840710833629,topic/e/lighting,METAVERSE,6
1716734824656,paho781840709702843,topic/e/lighting,METAVERSE,8
1716734824727,paho781840711013834,topic/maintenance,METAVERSE,2732
1716734824774,paho781840711013834,topic/maintenance,METAVERSE,2734
1716734825078,paho781840711013834,topic/maintenance,METAVERSE,2914
1716734825426,paho781840711013834,topic/maintenance,METAVERSE,3262
1716734825478,paho781840711013834,topic/maintenance,METAVERSE,3233
1716734825478,paho781840711013834,topic/maintenance,METAVERSE,3079
1716734825498,paho781840709702843,topic/g/rfid,METAVERSE,5
1716734825499,paho781840710652335,topic/queueing,METAVERSE,6
1716734825540,paho781840709702843,topic/g/rfid,METAVERSE,25
1716734825541,paho781840710652335,topic/queueing,METAVERSE,26
1716734825579,paho781840711013834,topic/maintenance,METAVERSE,3144
1716734825582,paho781840709702843,topic/s/rfid,METAVERSE,10
1716734825583,paho781840710652335,topic/queueing,METAVERSE,11
1716734825725,paho781840711013834,topic/maintenance,METAVERSE,3242
1716734825772,paho781840711013834,topic/maintenance,METAVERSE,3279
1716734825897,paho781840710833629,topic/c/lighting,METAVERSE,6
1716734825899,paho781840709702843,topic/c/lighting,METAVERSE,8
1716734826078,paho781840711013834,topic/maintenance,METAVERSE,3568
1716734826105,paho781840709702843,topic/c/noise,METAVERSE,5
1716734826116,paho781840709702843,topic/v/noise,METAVERSE,5
1716734826225,paho781840711013834,topic/maintenance,METAVERSE,3698
1716734826276,paho781840711013834,topic/maintenance,METAVERSE,3707
1716734826299,paho781840710833629,topic/v/lighting,METAVERSE,5
1716734826301,paho781840709702843,topic/v/lighting,METAVERSE,7
1716734826320,paho781840711013834,topic/maintenance,METAVERSE,3730
1716734826475,paho781840711013834,topic/maintenance,METAVERSE,3888
1716734826549,paho781840709702843,topic/g/rfid,METAVERSE,6
1716734826549,paho781840710652335,topic/queueing,METAVERSE,6
1716734826602,paho781840709702843,topic/s/rfid,METAVERSE,14
1716734826604,paho781840710652335,topic/queueing,METAVERSE,16
1716734826624,paho781840711013834,topic/maintenance,METAVERSE,4017
1716734826676,paho781840711013834,topic/maintenance,METAVERSE,3822
1716734826707,paho781840710833629,topic/c/lighting,METAVERSE,5
1716734826710,paho781840709702843,topic/c/lighting,METAVERSE,8
1716734826828,paho781840711013834,topic/maintenance,METAVERSE,3981
1716734826854,paho781840709702843,topic/b/noise,METAVERSE,42
1716734826893,paho781840709702843,topic/d/rfid,METAVERSE,29
1716734826897,paho781840709702843,topic/b/noise,METAVERSE,10
1716734826897,paho781840710652335,topic/queueing,METAVERSE,33
1716734826979,paho781840709702843,topic/s/noise,METAVERSE,8
1716734827020,paho781840709702843,topic/g/noise,METAVERSE,5
1716734827140,paho781840710833629,topic/s/lighting,METAVERSE,29
1716734827142,paho781840709702843,topic/s/lighting,METAVERSE,31
1716734827206,paho781840710833629,topic/b/lighting,METAVERSE,19
1716734827206,paho781840709702843,topic/b/lighting,METAVERSE,19
1716734827246,paho781840710833629,topic/s/lighting,METAVERSE,27
1716734827247,paho781840709702843,topic/s/lighting,METAVERSE,28
1716734827276,paho781840711013834,topic/maintenance,METAVERSE,4349
1716734827296,paho781840709702843,topic/d/noise,METAVERSE,5
1716734827475,paho781840711013834,topic/maintenance,METAVERSE,4409
1716734827491,paho781840710833629,topic/b/lighting,METAVERSE,29
1716734827492,paho781840709702843,topic/b/lighting,METAVERSE,30
1716734827584,paho781840710833629,topic/b/lighting,METAVERSE,33
1716734827585,paho781840709702843,topic/b/lighting,METAVERSE,34
1716734827586,paho781840710833629,topic/d/lighting,METAVERSE,11
1716734827587,paho781840709702843,topic/d/lighting,METAVERSE,12
1716734827609,paho781840709702843,topic/s/noise,METAVERSE,38
1716734827624,paho781840711013834,topic/maintenance,METAVERSE,4449
1716734827725,paho781840711013834,topic/maintenance,METAVERSE,4262
1716734827772,paho781840711013834,topic/maintenance,METAVERSE,4211
1716734827853,paho781840709702843,topic/b/noise,METAVERSE,5
1716734827875,paho781840711013834,topic/maintenance,METAVERSE,4297
1716734827886,paho781840709702843,topic/e/noise,METAVERSE,10
1716734827920,paho781840711013834,topic/maintenance,METAVERSE,4348
1716734828075,paho781840711013834,topic/maintenance,METAVERSE,4474
1716734828108,paho781840709702843,topic/d/noise,METAVERSE,5
1716734828125,paho781840711013834,topic/maintenance,METAVERSE,4423
1716734828168,paho781840711013834,topic/maintenance,METAVERSE,4273
1716734828168,paho781840711013834,topic/maintenance,METAVERSE,4245
1716734828227,paho781840710833629,topic/g/lighting,METAVERSE,9
1716734828228,paho781840709702843,topic/g/lighting,METAVERSE,10
1716734828324,paho781840711013834,topic/maintenance,METAVERSE,4141
1716734828424,paho781840711013834,topic/maintenance,METAVERSE,4241
1716734828524,paho781840711013834,topic/maintenance,METAVERSE,4262
1716734828541,paho781840709702843,topic/b/noise,METAVERSE,42
1716734828659,paho781840710833629,topic/b/lighting,METAVERSE,53
1716734828659,paho781840709702843,topic/b/lighting,METAVERSE,53
1716734828724,paho781840711013834,topic/maintenance,METAVERSE,4323
1716734828776,paho781840711013834,topic/maintenance,METAVERSE,4337
1716734828824,paho781840711013834,topic/maintenance,METAVERSE,4285
1716734828825,paho781840711013834,topic/maintenance,METAVERSE,4306
1716734828874,paho781840711013834,topic/maintenance,METAVERSE,4287
1716734828910,paho781840710833629,topic/b/lighting,METAVERSE,42
1716734828910,paho781840709702843,topic/b/lighting,METAVERSE,42
1716734829024,paho781840711013834,topic/maintenance,METAVERSE,4220
1716734829056,paho781840710833629,topic/d/lighting,METAVERSE,13
1716734829056,paho781840709702843,topic/d/lighting,METAVERSE,13
1716734829077,paho781840711013834,topic/maintenance,METAVERSE,3889
1716734829127,paho781840711013834,topic/maintenance,METAVERSE,3553
1716734829225,paho781840711013834,topic/maintenance,METAVERSE,3626
1716734829249,paho781840710833629,topic/e/lighting,METAVERSE,5
1716734829250,paho781840709702843,topic/e/lighting,METAVERSE,6
1716734829253,paho781840710833629,topic/g/lighting,METAVERSE,17
1716734829253,paho781840709702843,topic/g/lighting,METAVERSE,17
1716734829325,paho781840711013834,topic/maintenance,METAVERSE,3579
1716734829348,paho781840709702843,topic/g/noise,METAVERSE,13
1716734829375,paho781840711013834,topic/maintenance,METAVERSE,3467
1716734829376,paho781840711013834,topic/maintenance,METAVERSE,3448
1716734829428,paho781840711013834,topic/maintenance,METAVERSE,3385
1716734829428,paho781840711013834,topic/maintenance,METAVERSE,3328
1716734829450,paho781840709702843,topic/e/noise,METAVERSE,16
1716734829516,paho781840709702843,topic/c/rfid,METAVERSE,5
1716734829520,paho781840710652335,topic/queueing,METAVERSE,9
1716734829576,paho781840711013834,topic/maintenance,METAVERSE,3465
1716734829697,paho781840710833629,topic/e/lighting,METAVERSE,9
1716734829697,paho781840709702843,topic/e/lighting,METAVERSE,9
1716734829724,paho781840711013834,topic/maintenance,METAVERSE,3505
1716734829880,paho781840711013834,topic/maintenance,METAVERSE,3457
1716734829928,paho781840711013834,topic/maintenance,METAVERSE,3481
1716734830127,paho781840711013834,topic/maintenance,METAVERSE,3656
1716734830275,paho781840711013834,topic/maintenance,METAVERSE,3741
1716734830475,paho781840711013834,topic/maintenance,METAVERSE,3887
1716734830675,paho781840711013834,topic/maintenance,METAVERSE,4037
1716734830825,paho781840711013834,topic/maintenance,METAVERSE,4201
1716734830876,paho781840711013834,topic/maintenance,METAVERSE,4247
1716734830897,paho781840710833629,topic/c/lighting,METAVERSE,5
1716734830898,paho781840709702843,topic/c/lighting,METAVERSE,6
1716734830928,paho781840711013834,topic/maintenance,METAVERSE,4157
1716734831076,paho781840711013834,topic/maintenance,METAVERSE,4264
1716734831112,paho781840709702843,topic/c/noise,METAVERSE,5
1716734831116,paho781840709702843,topic/v/noise,METAVERSE,4
1716734831232,paho781840711013834,topic/maintenance,METAVERSE,4345
1716734831332,paho781840710833629,topic/v/lighting,METAVERSE,8
1716734831333,paho781840709702843,topic/v/lighting,METAVERSE,9
1716734831424,paho781840711013834,topic/maintenance,METAVERSE,4453
1716734831479,paho781840711013834,topic/maintenance,METAVERSE,4464
1716734831536,paho781840711013834,topic/maintenance,METAVERSE,4310
1716734831615,paho781840709702843,topic/s/rfid,METAVERSE,7
1716734831618,paho781840710652335,topic/queueing,METAVERSE,10
1716734831624,paho781840711013834,topic/maintenance,METAVERSE,4333
1716734831724,paho781840711013834,topic/maintenance,METAVERSE,4288
1716734831736,paho781840710833629,topic/c/lighting,METAVERSE,5
1716734831737,paho781840709702843,topic/c/lighting,METAVERSE,6
1716734831768,paho781840711013834,topic/maintenance,METAVERSE,4181
1716734831825,paho781840711013834,topic/maintenance,METAVERSE,4254
1716734831871,paho781840709702843,topic/b/noise,METAVERSE,40
1716734831880,paho781840711013834,topic/maintenance,METAVERSE,4261
1716734831880,paho781840711013834,topic/maintenance,METAVERSE,4242
1716734831934,paho781840709702843,topic/b/noise,METAVERSE,39
1716734832064,paho781840709702843,topic/s/noise,METAVERSE,54
1716734832069,paho781840709702843,topic/g/noise,METAVERSE,6
1716734832080,paho781840711013834,topic/maintenance,METAVERSE,4232
1716734832152,paho781840710833629,topic/s/lighting,METAVERSE,6
1716734832153,paho781840709702843,topic/s/lighting,METAVERSE,7
1716734832226,paho781840711013834,topic/maintenance,METAVERSE,4350
1716734832259,paho781840710833629,topic/s/lighting,METAVERSE,5
1716734832259,paho781840709702843,topic/s/lighting,METAVERSE,5
1716734832300,paho781840710833629,topic/b/lighting,METAVERSE,77
1716734832301,paho781840709702843,topic/b/lighting,METAVERSE,78
1716734832342,paho781840709702843,topic/d/noise,METAVERSE,5
1716734832428,paho781840711013834,topic/maintenance,METAVERSE,4518
1716734832532,paho781840710833629,topic/b/lighting,METAVERSE,45
1716734832533,paho781840709702843,topic/b/lighting,METAVERSE,46
1716734832631,paho781840709702843,topic/s/noise,METAVERSE,8
1716734832639,paho781840710833629,topic/d/lighting,METAVERSE,28
1716734832640,paho781840709702843,topic/d/lighting,METAVERSE,29
1716734832676,paho781840711013834,topic/maintenance,METAVERSE,4573
1716734832689,paho781840710833629,topic/b/lighting,METAVERSE,94
1716734832689,paho781840709702843,topic/b/lighting,METAVERSE,94
1716734832824,paho781840711013834,topic/maintenance,METAVERSE,4573
1716734832826,paho781840711013834,topic/maintenance,METAVERSE,4411
1716734832889,paho781840709702843,topic/b/noise,METAVERSE,34
1716734832930,paho781840709702843,topic/e/noise,METAVERSE,6
1716734832931,paho781840709702843,topic/d/rfid,METAVERSE,25
1716734832935,paho781840710652335,topic/queueing,METAVERSE,29
1716734833109,paho781840709702843,topic/d/noise,METAVERSE,5
1716734833126,paho781840711013834,topic/maintenance,METAVERSE,4671
1716734833274,paho781840711013834,topic/maintenance,METAVERSE,4775
1716734833277,paho781840709702843,topic/g/lighting,METAVERSE,6
1716734833282,paho781840710833629,topic/g/lighting,METAVERSE,11
1716734833525,paho781840711013834,topic/maintenance,METAVERSE,5005
1716734833529,paho781840711013834,topic/maintenance,METAVERSE,4922
1716734833530,paho781840711013834,topic/maintenance,METAVERSE,4851
1716734833530,paho781840711013834,topic/maintenance,METAVERSE,4875
1716734833530,paho781840711013834,topic/maintenance,METAVERSE,4423
1716734833530,paho781840711013834,topic/maintenance,METAVERSE,4271
1716734833530,paho781840711013834,topic/maintenance,METAVERSE,4195
1716734833530,paho781840711013834,topic/maintenance,METAVERSE,4096
1716734833530,paho781840711013834,topic/maintenance,METAVERSE,3931
1716734833530,paho781840711013834,topic/maintenance,METAVERSE,3873
1716734833530,paho781840711013834,topic/maintenance,METAVERSE,3619
1716734833530,paho781840711013834,topic/maintenance,METAVERSE,3559
1716734833530,paho781840711013834,topic/maintenance,METAVERSE,3270
1716734833530,paho781840711013834,topic/maintenance,METAVERSE,3048
1716734833530,paho781840711013834,topic/maintenance,METAVERSE,2922
1716734833530,paho781840711013834,topic/maintenance,METAVERSE,2887
1716734833530,paho781840711013834,topic/maintenance,METAVERSE,2843
1716734833530,paho781840711013834,topic/maintenance,METAVERSE,2836
1716734833563,paho781840709702843,topic/b/noise,METAVERSE,44
1716734833580,paho781840711013834,topic/maintenance,METAVERSE,2889
1716734833684,paho781840710833629,topic/b/lighting,METAVERSE,21
1716734833685,paho781840709702843,topic/b/lighting,METAVERSE,22
1716734833724,paho781840711013834,topic/maintenance,METAVERSE,2617
1716734833912,paho781840710833629,topic/b/lighting,METAVERSE,17
1716734833913,paho781840709702843,topic/b/lighting,METAVERSE,18
1716734834024,paho781840711013834,topic/maintenance,METAVERSE,2912
1716734834077,paho781840711013834,topic/maintenance,METAVERSE,2828
1716734834093,paho781840710833629,topic/d/lighting,METAVERSE,6
1716734834098,paho781840709702843,topic/d/lighting,METAVERSE,11
1716734834120,paho781840711013834,topic/maintenance,METAVERSE,2860
1716734834120,paho781840711013834,topic/maintenance,METAVERSE,2714
1716734834120,paho781840711013834,topic/maintenance,METAVERSE,2697
1716734834120,paho781840711013834,topic/maintenance,METAVERSE,2533
1716734834303,paho781840710833629,topic/g/lighting,METAVERSE,32
1716734834304,paho781840709702843,topic/g/lighting,METAVERSE,33
1716734834320,paho781840710833629,topic/e/lighting,METAVERSE,44
1716734834320,paho781840709702843,topic/e/lighting,METAVERSE,44
1716734834416,paho781840709702843,topic/g/noise,METAVERSE,20
1716734834428,paho781840711013834,topic/maintenance,METAVERSE,2816
1716734834496,paho781840709702843,topic/e/noise,METAVERSE,29
1716734834526,paho781840711013834,topic/maintenance,METAVERSE,2900
1716734834526,paho781840711013834,topic/maintenance,METAVERSE,2771
1716734834526,paho781840711013834,topic/maintenance,METAVERSE,2835
1716734834527,paho781840711013834,topic/maintenance,METAVERSE,2696
1716734834527,paho781840711013834,topic/maintenance,METAVERSE,2632
1716734834527,paho781840711013834,topic/maintenance,METAVERSE,2576
1716734834527,paho781840711013834,topic/maintenance,METAVERSE,2517
1716734834724,paho781840711013834,topic/maintenance,METAVERSE,2661
1716734834737,paho781840710833629,topic/e/lighting,METAVERSE,6
1716734834737,paho781840709702843,topic/e/lighting,METAVERSE,6
1716734834825,paho781840711013834,topic/maintenance,METAVERSE,2751
1716734835126,paho781840711013834,topic/maintenance,METAVERSE,2863
1716734835127,paho781840711013834,topic/maintenance,METAVERSE,2790
1716734835324,paho781840711013834,topic/maintenance,METAVERSE,2813
1716734835358,paho781840711013834,topic/maintenance,METAVERSE,2735
1716734835358,paho781840711013834,topic/maintenance,METAVERSE,2749
1716734835358,paho781840711013834,topic/maintenance,METAVERSE,2670
1716734835358,paho781840711013834,topic/maintenance,METAVERSE,2648
1716734835358,paho781840711013834,topic/maintenance,METAVERSE,2503
1716734835358,paho781840711013834,topic/maintenance,METAVERSE,2434
1716734835528,paho781840711013834,topic/maintenance,METAVERSE,2424
1716734835540,paho781840709702843,topic/c/rfid,METAVERSE,5
1716734835544,paho781840710652335,topic/queueing,METAVERSE,9
1716734835725,paho781840711013834,topic/maintenance,METAVERSE,2430
1716734835828,paho781840711013834,topic/maintenance,METAVERSE,2309
1716734835919,paho781840710833629,topic/c/lighting,METAVERSE,6
1716734835919,paho781840709702843,topic/c/lighting,METAVERSE,6
1716734835927,paho781840711013834,topic/maintenance,METAVERSE,2290
1716734835928,paho781840711013834,topic/maintenance,METAVERSE,2215
1716734836025,paho781840711013834,topic/maintenance,METAVERSE,2027
1716734836025,paho781840711013834,topic/maintenance,METAVERSE,2006
1716734836025,paho781840711013834,topic/maintenance,METAVERSE,1690
1716734836025,paho781840711013834,topic/maintenance,METAVERSE,1629
1716734836025,paho781840711013834,topic/maintenance,METAVERSE,1558
1716734836026,paho781840711013834,topic/maintenance,METAVERSE,1479
1716734836026,paho781840711013834,topic/maintenance,METAVERSE,1387
1716734836075,paho781840711013834,topic/maintenance,METAVERSE,1384
1716734836116,paho781840709702843,topic/c/noise,METAVERSE,5
1716734836139,paho781840709702843,topic/v/noise,METAVERSE,20
1716734836224,paho781840711013834,topic/maintenance,METAVERSE,1500
1716734836276,paho781840711013834,topic/maintenance,METAVERSE,1556
1716734836328,paho781840711013834,topic/maintenance,METAVERSE,1517
1716734836385,paho781840710833629,topic/v/lighting,METAVERSE,19
1716734836385,paho781840709702843,topic/v/lighting,METAVERSE,19
1716734836425,paho781840711013834,topic/maintenance,METAVERSE,1298
1716734836525,paho781840711013834,topic/maintenance,METAVERSE,1189
1716734836526,paho781840711013834,topic/maintenance,METAVERSE,887
1716734836685,paho781840710652335,topic/occupancy,METAVERSE,27601
1716734836685,paho781840710652335,topic/occupancy,METAVERSE,27485
1716734836685,paho781840710652335,topic/occupancy,METAVERSE,27374
1716734836685,paho781840710652335,topic/occupancy,METAVERSE,27298
1716734836686,paho781840710652335,topic/occupancy,METAVERSE,27227
1716734836686,paho781840710652335,topic/occupancy,METAVERSE,27030
1716734836686,paho781840710652335,topic/occupancy,METAVERSE,26770
1716734836686,paho781840710652335,topic/occupancy,METAVERSE,26332
1716734836686,paho781840710652335,topic/occupancy,METAVERSE,26065
1716734836686,paho781840710652335,topic/occupancy,METAVERSE,26075
1716734836686,paho781840710652335,topic/occupancy,METAVERSE,25923
1716734836686,paho781840710652335,topic/occupancy,METAVERSE,25891
1716734836686,paho781840710652335,topic/occupancy,METAVERSE,25722
1716734836686,paho781840710652335,topic/occupancy,METAVERSE,25558
1716734836686,paho781840710652335,topic/occupancy,METAVERSE,25557
1716734836686,paho781840710652335,topic/occupancy,METAVERSE,25470
1716734836686,paho781840710652335,topic/occupancy,METAVERSE,25233
1716734836686,paho781840710652335,topic/occupancy,METAVERSE,25215
1716734836752,paho781840710833629,topic/c/lighting,METAVERSE,5
1716734836753,paho781840709702843,topic/c/lighting,METAVERSE,6
1716734836776,paho781840711013834,topic/maintenance,METAVERSE,1045
1716734836776,paho781840711013834,topic/maintenance,METAVERSE,721
1716734836777,paho781840711013834,topic/maintenance,METAVERSE,666
1716734836778,paho781840711013834,topic/maintenance,METAVERSE,659
1716734836779,paho781840711013834,topic/maintenance,METAVERSE,417
1716734836784,paho781840711013834,topic/maintenance,METAVERSE,205
1716734836912,paho781840709702843,topic/b/noise,METAVERSE,69
1716734836940,paho781840709702843,topic/d/rfid,METAVERSE,14
1716734836944,paho781840710652335,topic/queueing,METAVERSE,18
1716734836947,paho781840709702843,topic/b/noise,METAVERSE,45
1716734837024,paho781840711013834,topic/maintenance,METAVERSE,353
1716734837075,paho781840711013834,topic/maintenance,METAVERSE,420
1716734837076,paho781840711013834,topic/maintenance,METAVERSE,357
1716734837078,paho781840709702843,topic/s/noise,METAVERSE,15
1716734837098,paho781840711013834,topic/maintenance,METAVERSE,362
1716734837100,paho781840709702843,topic/g/noise,METAVERSE,5
1716734837176,paho781840711013834,topic/maintenance,METAVERSE,333
1716734837186,paho781840709702843,topic/s/lighting,METAVERSE,7
1716734837186,paho781840710833629,topic/s/lighting,METAVERSE,7
1716734837265,paho781840710833629,topic/s/lighting,METAVERSE,7
1716734837265,paho781840709702843,topic/s/lighting,METAVERSE,7
1716734837276,paho781840711013834,topic/maintenance,METAVERSE,374
1716734837326,paho781840711013834,topic/maintenance,METAVERSE,263
1716734837326,paho781840710833629,topic/b/lighting,METAVERSE,40
1716734837327,paho781840709702843,topic/b/lighting,METAVERSE,41
1716734837379,paho781840711013834,topic/maintenance,METAVERSE,284
1716734837405,paho781840709702843,topic/d/noise,METAVERSE,6
1716734837476,paho781840711013834,topic/maintenance,METAVERSE,109
1716734837514,paho781840710833629,topic/b/lighting,METAVERSE,7
1716734837515,paho781840709702843,topic/b/lighting,METAVERSE,8
1716734837516,paho781840711013834,topic/maintenance,METAVERSE,117
1716734837644,paho781840710833629,topic/d/lighting,METAVERSE,5
1716734837645,paho781840709702843,topic/d/lighting,METAVERSE,6
1716734837681,paho781840709702843,topic/s/noise,METAVERSE,22
1716734837727,paho781840710833629,topic/b/lighting,METAVERSE,76
1716734837727,paho781840709702843,topic/b/lighting,METAVERSE,76
1716734837827,paho781840711013834,topic/maintenance,METAVERSE,197
1716734837828,paho781840711013834,topic/maintenance,METAVERSE,198
1716734837879,paho781840709702843,topic/b/noise,METAVERSE,23
1716734837929,paho781840711013834,topic/maintenance,METAVERSE,289
1716734837929,paho781840711013834,topic/maintenance,METAVERSE,270
1716734837929,paho781840711013834,topic/maintenance,METAVERSE,190
1716734837959,paho781840709702843,topic/e/noise,METAVERSE,4
1716734837979,paho781840711013834,topic/maintenance,METAVERSE,123
1716734838020,paho781840711013834,topic/maintenance,METAVERSE,65
1716734838078,paho781840711013834,topic/maintenance,METAVERSE,6
1716734838137,paho781840709702843,topic/d/noise,METAVERSE,14
1716734838228,paho781840711013834,topic/maintenance,METAVERSE,138
1716734838272,paho781840711013834,topic/maintenance,METAVERSE,149
1716734838288,paho781840709702843,topic/g/lighting,METAVERSE,16
1716734838288,paho781840710833629,topic/g/lighting,METAVERSE,16
1716734838407,paho781840711013834,topic/maintenance,METAVERSE,36
1716734838541,paho781840709702843,topic/c/rfid,METAVERSE,5
1716734838541,paho781840710652335,topic/queueing,METAVERSE,5
1716734838583,paho781840709702843,topic/b/noise,METAVERSE,20
1716734838583,paho781840711013834,topic/maintenance,METAVERSE,20
1716734838592,paho781840711013834,topic/maintenance,METAVERSE,5
1716734838724,paho781840711013834,topic/maintenance,METAVERSE,15
1716734838731,paho781840711013834,topic/maintenance,METAVERSE,11
1716734838757,paho781840709702843,topic/b/lighting,METAVERSE,38
1716734838757,paho781840710833629,topic/b/lighting,METAVERSE,38
1716734838783,paho781840711013834,topic/maintenance,METAVERSE,44
1716734838877,paho781840711013834,topic/maintenance,METAVERSE,98
1716734838925,paho781840710833629,topic/b/lighting,METAVERSE,26
1716734838925,paho781840709702843,topic/b/lighting,METAVERSE,26
1716734838996,paho781840709702843,topic/d/rfid,METAVERSE,25
1716734838997,paho781840710652335,topic/queueing,METAVERSE,26
1716734839111,paho781840710833629,topic/d/lighting,METAVERSE,8
1716734839116,paho781840709702843,topic/d/lighting,METAVERSE,13
1716734839305,paho781840710833629,topic/g/lighting,METAVERSE,6
1716734839306,paho781840709702843,topic/g/lighting,METAVERSE,7
1716734839381,paho781840710833629,topic/e/lighting,METAVERSE,18
1716734839382,paho781840709702843,topic/e/lighting,METAVERSE,19
1716734839477,paho781840709702843,topic/g/noise,METAVERSE,22
1716734839477,paho781840711013834,topic/maintenance,METAVERSE,85
1716734839477,paho781840711013834,topic/maintenance,METAVERSE,22
1716734839524,paho781840709702843,topic/e/noise,METAVERSE,32
1716734839525,paho781840711013834,topic/maintenance,METAVERSE,33
1716734839639,paho781840711013834,topic/maintenance,METAVERSE,12
1716734839676,paho781840711013834,topic/maintenance,METAVERSE,21
1716734839808,paho781840709702843,topic/e/lighting,METAVERSE,37
1716734839809,paho781840710833629,topic/e/lighting,METAVERSE,38
1716734839824,paho781840711013834,topic/maintenance,METAVERSE,137
1716734839868,paho781840711013834,topic/maintenance,METAVERSE,129
1716734840177,paho781840711013834,topic/maintenance,METAVERSE,66
1716734840224,paho781840711013834,topic/maintenance,METAVERSE,29
1716734840325,paho781840711013834,topic/maintenance,METAVERSE,90
1716734840425,paho781840711013834,topic/maintenance,METAVERSE,18
1716734840623,paho781840711013834,topic/maintenance,METAVERSE,8
1716734840624,paho781840711013834,topic/maintenance,METAVERSE,8
1716734840774,paho781840711013834,topic/maintenance,METAVERSE,23
1716734840826,paho781840711013834,topic/maintenance,METAVERSE,73
1716734840826,paho781840711013834,topic/maintenance,METAVERSE,66
1716734840929,paho781840710833629,topic/c/lighting,METAVERSE,5
1716734840930,paho781840709702843,topic/c/lighting,METAVERSE,6
1716734841144,paho781840709702843,topic/c/noise,METAVERSE,17
1716734841144,paho781840711013834,topic/maintenance,METAVERSE,17
1716734841182,paho781840709702843,topic/v/noise,METAVERSE,23
1716734841183,paho781840711013834,topic/maintenance,METAVERSE,24
1716734841224,paho781840711013834,topic/maintenance,METAVERSE,49
1716734841313,paho781840711013834,topic/maintenance,METAVERSE,6
1716734841324,paho781840711013834,topic/maintenance,METAVERSE,12
1716734841332,paho781840711013834,topic/maintenance,METAVERSE,62
1716734841452,paho781840710833629,topic/v/lighting,METAVERSE,13
1716734841453,paho781840709702843,topic/v/lighting,METAVERSE,14
1716734841568,paho781840710652335,topic/queueing,METAVERSE,31
1716734841570,paho781840709702843,topic/c/rfid,METAVERSE,33
1716734841580,paho781840711013834,topic/maintenance,METAVERSE,245
1716734841676,paho781840711013834,topic/maintenance,METAVERSE,245
1716734841677,paho781840711013834,topic/maintenance,METAVERSE,250
1716734841763,paho781840709702843,topic/c/lighting,METAVERSE,14
1716734841764,paho781840710833629,topic/c/lighting,METAVERSE,15
1716734841778,paho781840711013834,topic/maintenance,METAVERSE,148
1716734841860,paho781840709702843,topic/b/noise,METAVERSE,4
1716734841946,paho781840709702843,topic/b/noise,METAVERSE,7
1716734842024,paho781840711013834,topic/maintenance,METAVERSE,348
1716734842024,paho781840711013834,topic/maintenance,METAVERSE,316
1716734842025,paho781840711013834,topic/maintenance,METAVERSE,273
1716734842025,paho781840711013834,topic/maintenance,METAVERSE,273
1716734842027,paho781840711013834,topic/maintenance,METAVERSE,171
1716734842104,paho781840709702843,topic/s/noise,METAVERSE,19
1716734842117,paho781840709702843,topic/g/noise,METAVERSE,14
1716734842126,paho781840711013834,topic/maintenance,METAVERSE,187
1716734842200,paho781840709702843,topic/s/lighting,METAVERSE,13
1716734842201,paho781840710833629,topic/s/lighting,METAVERSE,14
1716734842228,paho781840711013834,topic/maintenance,METAVERSE,142
1716734842300,paho781840710833629,topic/s/lighting,METAVERSE,13
1716734842301,paho781840709702843,topic/s/lighting,METAVERSE,14
1716734842349,paho781840710833629,topic/b/lighting,METAVERSE,14
1716734842350,paho781840709702843,topic/b/lighting,METAVERSE,15
1716734842405,paho781840709702843,topic/d/noise,METAVERSE,5
1716734842524,paho781840711013834,topic/maintenance,METAVERSE,449
1716734842538,paho781840710833629,topic/b/lighting,METAVERSE,30
1716734842540,paho781840709702843,topic/b/lighting,METAVERSE,32
1716734842660,paho781840710833629,topic/d/lighting,METAVERSE,5
1716734842662,paho781840709702843,topic/d/lighting,METAVERSE,7
1716734842726,paho781840711013834,topic/maintenance,METAVERSE,641
1716734842732,paho781840711013834,topic/maintenance,METAVERSE,629
1716734842732,paho781840711013834,topic/maintenance,METAVERSE,541
1716734842734,paho781840709702843,topic/s/noise,METAVERSE,24
1716734842754,paho781840710833629,topic/b/lighting,METAVERSE,75
1716734842755,paho781840709702843,topic/b/lighting,METAVERSE,76
1716734842828,paho781840711013834,topic/maintenance,METAVERSE,637
1716734842899,paho781840709702843,topic/b/noise,METAVERSE,43
1716734842983,paho781840709702843,topic/e/noise,METAVERSE,6
1716734843128,paho781840711013834,topic/maintenance,METAVERSE,728
1716734843168,paho781840709702843,topic/d/noise,METAVERSE,9
1716734843176,paho781840711013834,topic/maintenance,METAVERSE,770
1716734843220,paho781840711013834,topic/maintenance,METAVERSE,782
1716734843220,paho781840711013834,topic/maintenance,METAVERSE,690
1716734843297,paho781840709702843,topic/g/lighting,METAVERSE,6
1716734843297,paho781840710833629,topic/g/lighting,METAVERSE,6
1716734843376,paho781840711013834,topic/maintenance,METAVERSE,737
1716734843424,paho781840711013834,topic/maintenance,METAVERSE,781
1716734843425,paho781840711013834,topic/maintenance,METAVERSE,774
1716734843425,paho781840711013834,topic/maintenance,METAVERSE,715
1716734843425,paho781840711013834,topic/maintenance,METAVERSE,650
1716734843426,paho781840711013834,topic/maintenance,METAVERSE,641
1716734843426,paho781840711013834,topic/maintenance,METAVERSE,671
1716734843427,paho781840711013834,topic/maintenance,METAVERSE,587
1716734843427,paho781840711013834,topic/maintenance,METAVERSE,571
1716734843427,paho781840711013834,topic/maintenance,METAVERSE,450
1716734843525,paho781840711013834,topic/maintenance,METAVERSE,548
1716734843612,paho781840709702843,topic/b/noise,METAVERSE,44
1716734843626,paho781840711013834,topic/maintenance,METAVERSE,467
1716734843819,paho781840710833629,topic/b/lighting,METAVERSE,56
1716734843820,paho781840709702843,topic/b/lighting,METAVERSE,57
1716734843827,paho781840711013834,topic/maintenance,METAVERSE,368
1716734844026,paho781840709702843,topic/b/lighting,METAVERSE,95
1716734844028,paho781840711013834,topic/maintenance,METAVERSE,442
1716734844029,paho781840710833629,topic/b/lighting,METAVERSE,98
1716734844126,paho781840711013834,topic/maintenance,METAVERSE,558
1716734844126,paho781840711013834,topic/maintenance,METAVERSE,515
1716734844126,paho781840711013834,topic/maintenance,METAVERSE,491
1716734844127,paho781840711013834,topic/maintenance,METAVERSE,450
1716734844176,paho781840710833629,topic/d/lighting,METAVERSE,29
1716734844177,paho781840709702843,topic/d/lighting,METAVERSE,30
1716734844178,paho781840711013834,topic/maintenance,METAVERSE,459
1716734844178,paho781840711013834,topic/maintenance,METAVERSE,408
1716734844178,paho781840711013834,topic/maintenance,METAVERSE,237
1716734844276,paho781840711013834,topic/maintenance,METAVERSE,81
1716734844308,paho781840710833629,topic/g/lighting,METAVERSE,5
1716734844309,paho781840709702843,topic/g/lighting,METAVERSE,6
1716734844320,paho781840711013834,topic/maintenance,METAVERSE,105
1716734844447,paho781840710833629,topic/e/lighting,METAVERSE,12
1716734844448,paho781840709702843,topic/e/lighting,METAVERSE,13
1716734844528,paho781840709702843,topic/g/noise,METAVERSE,33
1716734844529,paho781840711013834,topic/maintenance,METAVERSE,34
1716734844540,paho781840709702843,topic/e/noise,METAVERSE,8
1716734844576,paho781840711013834,topic/maintenance,METAVERSE,44
1716734844626,paho781840711013834,topic/maintenance,METAVERSE,163
1716734844668,paho781840711013834,topic/maintenance,METAVERSE,8
1716734844732,paho781840711013834,topic/maintenance,METAVERSE,5
1716734844815,paho781840711013834,topic/maintenance,METAVERSE,6
1716734844847,paho781840711013834,topic/maintenance,METAVERSE,5
1716734844865,paho781840709702843,topic/e/lighting,METAVERSE,5
1716734844866,paho781840710833629,topic/e/lighting,METAVERSE,6
1716734844976,paho781840711013834,topic/maintenance,METAVERSE,152
1716734845020,paho781840711013834,topic/maintenance,METAVERSE,241
1716734845480,paho781840711013834,topic/maintenance,METAVERSE,6
1716734845582,paho781840711013834,topic/maintenance,METAVERSE,86
1716734845713,paho781840711013834,topic/maintenance,METAVERSE,6
1716734845864,paho781840711013834,topic/maintenance,METAVERSE,77
1716734845935,paho781840710833629,topic/c/lighting,METAVERSE,6
1716734845936,paho781840709702843,topic/c/lighting,METAVERSE,7
1716734846004,paho781840709702843,topic/d/rfid,METAVERSE,10
1716734846005,paho781840710652335,topic/queueing,METAVERSE,11
1716734846098,paho781840711013834,topic/maintenance,METAVERSE,9
1716734846156,paho781840709702843,topic/c/noise,METAVERSE,11
1716734846157,paho781840711013834,topic/maintenance,METAVERSE,58
1716734846192,paho781840709702843,topic/v/noise,METAVERSE,6
1716734846277,paho781840711013834,topic/maintenance,METAVERSE,132
1716734846320,paho781840711013834,topic/maintenance,METAVERSE,134
1716734846320,paho781840711013834,topic/maintenance,METAVERSE,122
1716734846516,paho781840709702843,topic/v/lighting,METAVERSE,29
1716734846517,paho781840710833629,topic/v/lighting,METAVERSE,30
1716734846524,paho781840711013834,topic/maintenance,METAVERSE,81
1716734846585,paho781840711013834,topic/maintenance,METAVERSE,89
1716734846637,paho781840711013834,topic/maintenance,METAVERSE,60
1716734846727,paho781840711013834,topic/maintenance,METAVERSE,76
1716734846767,paho781840710833629,topic/c/lighting,METAVERSE,4
1716734846768,paho781840711013834,topic/maintenance,METAVERSE,116
1716734846768,paho781840709702843,topic/c/lighting,METAVERSE,5
1716734846777,paho781840711013834,topic/maintenance,METAVERSE,113
1716734846875,paho781840711013834,topic/maintenance,METAVERSE,44
1716734846906,paho781840709702843,topic/b/noise,METAVERSE,37
1716734847017,paho781840709702843,topic/b/noise,METAVERSE,66
1716734847172,paho781840709702843,topic/g/noise,METAVERSE,5
1716734847175,paho781840709702843,topic/s/noise,METAVERSE,64
1716734847176,paho781840711013834,topic/maintenance,METAVERSE,357
1716734847224,paho781840711013834,topic/maintenance,METAVERSE,429
1716734847234,paho781840710833629,topic/s/lighting,METAVERSE,30
1716734847235,paho781840709702843,topic/s/lighting,METAVERSE,31
1716734847268,paho781840711013834,topic/maintenance,METAVERSE,399
1716734847268,paho781840711013834,topic/maintenance,METAVERSE,399
1716734847268,paho781840711013834,topic/maintenance,METAVERSE,317
1716734847268,paho781840711013834,topic/maintenance,METAVERSE,101
1716734847268,paho781840711013834,topic/maintenance,METAVERSE,157
1716734847307,paho781840710833629,topic/s/lighting,METAVERSE,7
1716734847308,paho781840709702843,topic/s/lighting,METAVERSE,8
1716734847324,paho781840711013834,topic/maintenance,METAVERSE,108
1716734847406,paho781840709702843,topic/d/noise,METAVERSE,5
1716734847406,paho781840711013834,topic/maintenance,METAVERSE,5
1716734847424,paho781840710833629,topic/b/lighting,METAVERSE,44
1716734847425,paho781840709702843,topic/b/lighting,METAVERSE,45
1716734847503,paho781840711013834,topic/maintenance,METAVERSE,6
1716734847531,paho781840710833629,topic/b/lighting,METAVERSE,8
1716734847532,paho781840709702843,topic/b/lighting,METAVERSE,9
1716734847534,paho781840711013834,topic/maintenance,METAVERSE,32
1716734847589,paho781840709702843,topic/c/rfid,METAVERSE,29
1716734847589,paho781840710652335,topic/queueing,METAVERSE,29
1716734847680,paho781840710833629,topic/d/lighting,METAVERSE,5
1716734847681,paho781840709702843,topic/d/lighting,METAVERSE,6
1716734847736,paho781840711013834,topic/maintenance,METAVERSE,5
1716734847745,paho781840711013834,topic/maintenance,METAVERSE,6
1716734847752,paho781840710833629,topic/b/lighting,METAVERSE,72
1716734847753,paho781840709702843,topic/b/lighting,METAVERSE,73
1716734847768,paho781840709702843,topic/s/noise,METAVERSE,9
1716734847828,paho781840711013834,topic/maintenance,METAVERSE,69
1716734847919,paho781840709702843,topic/b/noise,METAVERSE,52
1716734847927,paho781840711013834,topic/maintenance,METAVERSE,113
1716734847976,paho781840711013834,topic/maintenance,METAVERSE,109
1716734848056,paho781840709702843,topic/e/noise,METAVERSE,9
1716734848056,paho781840711013834,topic/maintenance,METAVERSE,9
1716734848184,paho781840709702843,topic/d/noise,METAVERSE,5
1716734848185,paho781840711013834,topic/maintenance,METAVERSE,6
1716734848227,paho781840711013834,topic/maintenance,METAVERSE,11
1716734848312,paho781840709702843,topic/g/lighting,METAVERSE,5
1716734848312,paho781840710833629,topic/g/lighting,METAVERSE,5
1716734848514,paho781840711013834,topic/maintenance,METAVERSE,22
1716734848573,paho781840711013834,topic/maintenance,METAVERSE,58
1716734848653,paho781840709702843,topic/b/noise,METAVERSE,85
1716734848653,paho781840711013834,topic/maintenance,METAVERSE,85
1716734848684,paho781840711013834,topic/maintenance,METAVERSE,8
1716734848813,paho781840709702843,topic/b/lighting,METAVERSE,37
1716734848813,paho781840710833629,topic/b/lighting,METAVERSE,37
1716734848837,paho781840711013834,topic/maintenance,METAVERSE,5
1716734848924,paho781840711013834,topic/maintenance,METAVERSE,37
1716734848975,paho781840711013834,topic/maintenance,METAVERSE,136
1716734849037,paho781840710833629,topic/b/lighting,METAVERSE,89
1716734849038,paho781840709702843,topic/b/lighting,METAVERSE,90
1716734849224,paho781840710833629,topic/d/lighting,METAVERSE,15
1716734849224,paho781840709702843,topic/d/lighting,METAVERSE,15
1716734849327,paho781840710833629,topic/g/lighting,METAVERSE,20
1716734849329,paho781840709702843,topic/g/lighting,METAVERSE,22
1716734849492,paho781840710833629,topic/e/lighting,METAVERSE,12
1716734849493,paho781840709702843,topic/e/lighting,METAVERSE,13
1716734849526,paho781840711013834,topic/maintenance,METAVERSE,10
1716734849531,paho781840709702843,topic/g/noise,METAVERSE,7
1716734849552,paho781840709702843,topic/e/noise,METAVERSE,6
1716734849576,paho781840711013834,topic/maintenance,METAVERSE,52
1716734849625,paho781840711013834,topic/maintenance,METAVERSE,79
1716734849740,paho781840711013834,topic/maintenance,METAVERSE,5
1716734849825,paho781840711013834,topic/maintenance,METAVERSE,57
1716734849876,paho781840711013834,topic/maintenance,METAVERSE,27
1716734849880,paho781840710833629,topic/e/lighting,METAVERSE,11
1716734849881,paho781840709702843,topic/e/lighting,METAVERSE,12
1716734849926,paho781840711013834,topic/maintenance,METAVERSE,63
1716734850125,paho781840711013834,topic/maintenance,METAVERSE,30
1716734850278,paho781840711013834,topic/maintenance,METAVERSE,46
1716734850555,paho781840711013834,topic/maintenance,METAVERSE,31
1716734850725,paho781840711013834,topic/maintenance,METAVERSE,45
1716734850841,paho781840711013834,topic/maintenance,METAVERSE,6
1716734850865,paho781840711013834,topic/maintenance,METAVERSE,6
1716734850940,paho781840710833629,topic/c/lighting,METAVERSE,6
1716734850940,paho781840709702843,topic/c/lighting,METAVERSE,6
1716734851025,paho781840711013834,topic/maintenance,METAVERSE,134
1716734851076,paho781840711013834,topic/maintenance,METAVERSE,185
1716734851161,paho781840709702843,topic/c/noise,METAVERSE,7
1716734851161,paho781840711013834,topic/maintenance,METAVERSE,7
1716734851193,paho781840709702843,topic/v/noise,METAVERSE,5
1716734851193,paho781840711013834,topic/maintenance,METAVERSE,5
1716734851341,paho781840711013834,topic/maintenance,METAVERSE,14
1716734851475,paho781840711013834,topic/maintenance,METAVERSE,6
1716734851598,paho781840709702843,topic/v/lighting,METAVERSE,43
1716734851598,paho781840710833629,topic/v/lighting,METAVERSE,43
1716734851624,paho781840711013834,topic/maintenance,METAVERSE,89
1716734851778,paho781840710833629,topic/c/lighting,METAVERSE,5
1716734851779,paho781840709702843,topic/c/lighting,METAVERSE,6
1716734851788,paho781840711013834,topic/maintenance,METAVERSE,6
1716734851973,paho781840709702843,topic/b/noise,METAVERSE,81
1716734851973,paho781840711013834,topic/maintenance,METAVERSE,81
1716734852026,paho781840711013834,topic/maintenance,METAVERSE,134
1716734852083,paho781840709702843,topic/b/noise,METAVERSE,104
1716734852084,paho781840711013834,topic/maintenance,METAVERSE,105
1716734852124,paho781840711013834,topic/maintenance,METAVERSE,24
1716734852228,paho781840709702843,topic/g/noise,METAVERSE,5
1716734852229,paho781840711013834,topic/maintenance,METAVERSE,6
1716734852231,paho781840709702843,topic/s/noise,METAVERSE,46
1716734852259,paho781840709702843,topic/s/lighting,METAVERSE,14
1716734852259,paho781840710833629,topic/s/lighting,METAVERSE,14
1716734852276,paho781840711013834,topic/maintenance,METAVERSE,91
1716734852318,paho781840710833629,topic/s/lighting,METAVERSE,5
1716734852318,paho781840709702843,topic/s/lighting,METAVERSE,5
1716734852324,paho781840711013834,topic/maintenance,METAVERSE,74
1716734852424,paho781840709702843,topic/d/noise,METAVERSE,5
1716734852424,paho781840711013834,topic/maintenance,METAVERSE,5
1716734852489,paho781840710833629,topic/b/lighting,METAVERSE,106
1716734852490,paho781840709702843,topic/b/lighting,METAVERSE,107
1716734852571,paho781840710833629,topic/b/lighting,METAVERSE,39
1716734852572,paho781840709702843,topic/b/lighting,METAVERSE,40
1716734852678,paho781840711013834,topic/maintenance,METAVERSE,142
1716734852686,paho781840710833629,topic/d/lighting,METAVERSE,5
1716734852686,paho781840709702843,topic/d/lighting,METAVERSE,5
1716734852727,paho781840711013834,topic/maintenance,METAVERSE,43
1716734852783,paho781840710833629,topic/b/lighting,METAVERSE,103
1716734852786,paho781840709702843,topic/b/lighting,METAVERSE,106
1716734852832,paho781840709702843,topic/s/noise,METAVERSE,34
1716734852832,paho781840711013834,topic/maintenance,METAVERSE,34
1716734852877,paho781840711013834,topic/maintenance,METAVERSE,37
1716734852926,paho781840711013834,topic/maintenance,METAVERSE,34
1716734852969,paho781840709702843,topic/b/noise,METAVERSE,72
1716734852976,paho781840711013834,topic/maintenance,METAVERSE,79
1716734853058,paho781840709702843,topic/e/noise,METAVERSE,4
1716734853077,paho781840711013834,topic/maintenance,METAVERSE,181
1716734853124,paho781840711013834,topic/maintenance,METAVERSE,70
1716734853212,paho781840711013834,topic/maintenance,METAVERSE,5
1716734853215,paho781840709702843,topic/d/noise,METAVERSE,8
1716734853321,paho781840710833629,topic/g/lighting,METAVERSE,6
1716734853324,paho781840709702843,topic/g/lighting,METAVERSE,9
1716734853611,paho781840709702843,topic/c/rfid,METAVERSE,7
1716734853612,paho781840710652335,topic/queueing,METAVERSE,8
1716734853694,paho781840709702843,topic/b/noise,METAVERSE,106
1716734853724,paho781840711013834,topic/maintenance,METAVERSE,180
1716734853727,paho781840711013834,topic/maintenance,METAVERSE,84
1716734853775,paho781840711013834,topic/maintenance,METAVERSE,187
1716734853807,paho781840711013834,topic/maintenance,METAVERSE,71
1716734853877,paho781840711013834,topic/maintenance,METAVERSE,72
1716734853885,paho781840710833629,topic/b/lighting,METAVERSE,92
1716734853887,paho781840709702843,topic/b/lighting,METAVERSE,94
1716734854010,paho781840709702843,topic/d/rfid,METAVERSE,7
1716734854011,paho781840710652335,topic/queueing,METAVERSE,8
1716734854025,paho781840711013834,topic/maintenance,METAVERSE,126
1716734854076,paho781840710833629,topic/b/lighting,METAVERSE,101
1716734854078,paho781840709702843,topic/b/lighting,METAVERSE,103
1716734854121,paho781840711013834,topic/maintenance,METAVERSE,5
1716734854240,paho781840710833629,topic/d/lighting,METAVERSE,13
1716734854243,paho781840709702843,topic/d/lighting,METAVERSE,16
1716734854280,paho781840711013834,topic/maintenance,METAVERSE,29
1716734854343,paho781840710833629,topic/g/lighting,METAVERSE,6
1716734854346,paho781840709702843,topic/g/lighting,METAVERSE,9
1716734854507,paho781840710833629,topic/e/lighting,METAVERSE,19
1716734854510,paho781840709702843,topic/e/lighting,METAVERSE,22
1716734854542,paho781840709702843,topic/g/noise,METAVERSE,7
1716734854543,paho781840711013834,topic/maintenance,METAVERSE,8
1716734854560,paho781840709702843,topic/e/noise,METAVERSE,10
1716734854576,paho781840711013834,topic/maintenance,METAVERSE,26
1716734854614,paho781840709702843,topic/c/rfid,METAVERSE,7
1716734854615,paho781840710652335,topic/queueing,METAVERSE,8
1716734854631,paho781840709702843,topic/c/rfid,METAVERSE,12
1716734854632,paho781840710652335,topic/queueing,METAVERSE,13
1716734854676,paho781840711013834,topic/maintenance,METAVERSE,113
1716734854725,paho781840711013834,topic/maintenance,METAVERSE,30
1716734854775,paho781840711013834,topic/maintenance,METAVERSE,28
1716734854876,paho781840711013834,topic/maintenance,METAVERSE,30
1716734854886,paho781840710833629,topic/e/lighting,METAVERSE,5
1716734854886,paho781840709702843,topic/e/lighting,METAVERSE,5
1716734854924,paho781840711013834,topic/maintenance,METAVERSE,57
1716734854975,paho781840711013834,topic/maintenance,METAVERSE,68
1716734855025,paho781840711013834,topic/maintenance,METAVERSE,125
1716734855682,paho781840711013834,topic/maintenance,METAVERSE,10
1716734855726,paho781840711013834,topic/maintenance,METAVERSE,135
1716734855813,paho781840711013834,topic/maintenance,METAVERSE,5
1716734855950,paho781840710833629,topic/c/lighting,METAVERSE,5
1716734855950,paho781840709702843,topic/c/lighting,METAVERSE,5
1716734856025,paho781840711013834,topic/maintenance,METAVERSE,102
1716734856168,paho781840709702843,topic/c/noise,METAVERSE,8
1716734856168,paho781840711013834,topic/maintenance,METAVERSE,8
1716734856196,paho781840709702843,topic/v/noise,METAVERSE,5
1716734856196,paho781840711013834,topic/maintenance,METAVERSE,5
1716734856277,paho781840711013834,topic/maintenance,METAVERSE,6
