1716776062161,paho826185606323831,topic/s/lighting,METAVERSE,168
1716776062138,paho826185599631012,topic/s/lighting,METAVERSE,145
1716776062640,paho826185599631012,topic/e/lighting,METAVERSE,56
1716776062642,paho826185606323831,topic/e/lighting,METAVERSE,58
1716776062658,paho826185606323831,topic/g/lighting,METAVERSE,9
1716776062658,paho826185599631012,topic/g/lighting,METAVERSE,9
1716776062781,paho826185606323831,topic/c/lighting,METAVERSE,51
1716776062783,paho826185599631012,topic/c/lighting,METAVERSE,53
1716776062828,paho826185606323831,topic/d/lighting,METAVERSE,124
1716776062828,paho826185599631012,topic/d/lighting,METAVERSE,124
1716776062904,paho826185599631012,topic/e/rfid,METAVERSE,28
1716776063029,paho826185599631012,topic/c/rfid,METAVERSE,26
1716776063215,paho826185599631012,topic/v/noise,METAVERSE,8
1716776063283,paho826185599631012,topic/v/lighting,METAVERSE,6
1716776063286,paho826185606323831,topic/v/lighting,METAVERSE,9
1716776063295,paho826185599631012,topic/v/rfid,METAVERSE,18
1716776063325,paho826185606323831,topic/c/lighting,METAVERSE,41
1716776063326,paho826185599631012,topic/c/lighting,METAVERSE,42
1716776063452,paho826185599631012,topic/c/noise,METAVERSE,41
1716776063904,paho826185599631012,topic/d/rfid,METAVERSE,41
1716776063916,paho826185599631012,topic/s/noise,METAVERSE,52
1716776063922,paho826185599631012,topic/g/noise,METAVERSE,66
1716776063972,paho826185599631012,topic/d/rfid,METAVERSE,21
1716776063985,paho826185599631012,topic/s/rfid,METAVERSE,9
1716776064252,paho826185599631012,topic/g/noise,METAVERSE,5
1716776064262,paho826185599631012,topic/d/noise,METAVERSE,20
1716776064323,paho826185599631012,topic/e/noise,METAVERSE,6
1716776064391,paho826185599631012,topic/d/noise,METAVERSE,16
1716776064528,paho826185599631012,topic/s/lighting,METAVERSE,17
1716776064528,paho826185606323831,topic/s/lighting,METAVERSE,17
1716776064612,paho826185606323831,topic/g/lighting,METAVERSE,36
1716776064612,paho826185599631012,topic/g/lighting,METAVERSE,36
1716776064735,paho826185599631012,topic/b/noise,METAVERSE,28
1716776064776,paho826185599631012,topic/s/noise,METAVERSE,9
1716776064910,paho826185606323831,topic/d/lighting,METAVERSE,7
1716776064911,paho826185599631012,topic/d/lighting,METAVERSE,8
1716776064981,paho826185599631012,topic/e/rfid,METAVERSE,7
1716776065364,paho826185599631012,topic/e/lighting,METAVERSE,27
1716776065364,paho826185606323831,topic/e/lighting,METAVERSE,27
1716776065673,paho826185599631012,topic/g/rfid,METAVERSE,17
1716776066008,paho826185599631012,topic/e/noise,METAVERSE,69
1716776066011,paho826185599631012,topic/e/rfid,METAVERSE,8
1716776066317,paho826185599631012,topic/b/lighting,METAVERSE,5
1716776066317,paho826185606323831,topic/b/lighting,METAVERSE,5
1716776067056,paho826185606323831,topic/s/lighting,METAVERSE,5
1716776067056,paho826185599631012,topic/s/lighting,METAVERSE,5
1716776067639,paho826185606323831,topic/e/lighting,METAVERSE,5
1716776067642,paho826185599631012,topic/e/lighting,METAVERSE,8
1716776067667,paho826185606323831,topic/g/lighting,METAVERSE,13
1716776067667,paho826185599631012,topic/g/lighting,METAVERSE,13
1716776067823,paho826185599631012,topic/c/lighting,METAVERSE,4
1716776067824,paho826185606323831,topic/c/lighting,METAVERSE,5
1716776067889,paho826185606323831,topic/d/lighting,METAVERSE,22
1716776067890,paho826185599631012,topic/d/lighting,METAVERSE,23
1716776068299,paho826185599631012,topic/v/noise,METAVERSE,62
1716776068327,paho826185606323831,topic/v/lighting,METAVERSE,49
1716776068327,paho826185599631012,topic/v/lighting,METAVERSE,49
1716776068353,paho826185606323831,topic/c/lighting,METAVERSE,4
1716776068354,paho826185599631012,topic/c/lighting,METAVERSE,5
1716776068465,paho826185606323831,topic/b/lighting,METAVERSE,2030
1716776068465,paho826185599631012,topic/b/lighting,METAVERSE,2030
1716776068498,paho826185599631012,topic/b/rfid,METAVERSE,9
1716776068506,paho826185599631012,topic/c/noise,METAVERSE,15
1716776068568,paho826185599631012,topic/b/rfid,METAVERSE,21
1716776068590,paho826185606323831,topic/b/lighting,METAVERSE,5
1716776068590,paho826185599631012,topic/b/lighting,METAVERSE,5
1716776068631,paho826185606323831,topic/b/lighting,METAVERSE,22
1716776068631,paho826185599631012,topic/b/lighting,METAVERSE,22
1716776068923,paho826185599631012,topic/g/noise,METAVERSE,4
1716776068997,paho826185599631012,topic/s/noise,METAVERSE,54
1716776069255,paho826185599631012,topic/g/noise,METAVERSE,4
1716776069325,paho826185599631012,topic/d/noise,METAVERSE,26
1716776069328,paho826185599631012,topic/e/noise,METAVERSE,8
1716776069439,paho826185599631012,topic/d/noise,METAVERSE,24
1716776069604,paho826185599631012,topic/s/lighting,METAVERSE,21
1716776069604,paho826185606323831,topic/s/lighting,METAVERSE,21
1716776069624,paho826185606323831,topic/b/lighting,METAVERSE,5
1716776069624,paho826185599631012,topic/b/lighting,METAVERSE,5
1716776069647,paho826185606323831,topic/g/lighting,METAVERSE,20
1716776069647,paho826185599631012,topic/g/lighting,METAVERSE,20
1716776069793,paho826185599631012,topic/b/noise,METAVERSE,6
1716776069807,paho826185599631012,topic/s/noise,METAVERSE,4
1716776069939,paho826185606323831,topic/d/lighting,METAVERSE,30
1716776069939,paho826185599631012,topic/d/lighting,METAVERSE,30
1716776070006,paho826185599631012,topic/b/noise,METAVERSE,31
1716776070034,paho826185605560881,topic/security,METAVERSE,1095
1716776070038,paho826185599631012,topic/s/rfid,METAVERSE,14
1716776070041,paho826185599631012,topic/b/noise,METAVERSE,39
1716776070184,paho826185605560881,topic/security,METAVERSE,1230
1716776070334,paho826185605560881,topic/security,METAVERSE,1330
1716776070382,paho826185599631012,topic/e/lighting,METAVERSE,5
1716776070381,paho826185606323831,topic/e/lighting,METAVERSE,4
1716776070388,paho826185606072698,topic/queueing,METAVERSE,364
1716776070433,paho826185605560881,topic/security,METAVERSE,1393
1716776070485,paho826185605560881,topic/security,METAVERSE,1438
1716776070588,paho826185605560881,topic/security,METAVERSE,1525
1716776070636,paho826185605560881,topic/security,METAVERSE,1573
1716776070727,paho826185599631012,topic/b/noise,METAVERSE,47
1716776070736,paho826185605560881,topic/security,METAVERSE,1572
1716776070785,paho826185605560881,topic/security,METAVERSE,1560
1716776070833,paho826185605560881,topic/security,METAVERSE,1614
1716776070936,paho826185605560881,topic/security,METAVERSE,1672
1716776070987,paho826185605560881,topic/security,METAVERSE,1660
1716776071020,paho826185599631012,topic/e/noise,METAVERSE,10
1716776071032,paho826185605560881,topic/security,METAVERSE,1661
1716776071084,paho826185605560881,topic/security,METAVERSE,1669
1716776071186,paho826185605560881,topic/security,METAVERSE,1669
1716776071232,paho826185605560881,topic/security,METAVERSE,1589
1716776071333,paho826185605560881,topic/security,METAVERSE,1378
1716776071377,paho826185599631012,topic/b/lighting,METAVERSE,6
1716776071377,paho826185606323831,topic/b/lighting,METAVERSE,6
1716776071432,paho826185605560881,topic/security,METAVERSE,1165
1716776071488,paho826185605560881,topic/security,METAVERSE,1173
1716776071535,paho826185605560881,topic/security,METAVERSE,1208
1716776071689,paho826185614342144,topic/maintenance,METAVERSE,2746
1716776071731,paho826185605560881,topic/security,METAVERSE,1274
1716776071776,paho826185605560881,topic/security,METAVERSE,1233
1716776071786,paho826185605560881,topic/security,METAVERSE,1081
1716776071791,paho826185605560881,topic/security,METAVERSE,769
1716776071791,paho826185605560881,topic/security,METAVERSE,751
1716776071836,paho826185605560881,topic/security,METAVERSE,766
1716776071836,paho826185605560881,topic/security,METAVERSE,741
1716776071836,paho826185605560881,topic/security,METAVERSE,729
1716776071836,paho826185605560881,topic/security,METAVERSE,725
1716776071836,paho826185605560881,topic/security,METAVERSE,678
1716776071836,paho826185605560881,topic/security,METAVERSE,509
1716776071836,paho826185605560881,topic/security,METAVERSE,461
1716776071837,paho826185605560881,topic/security,METAVERSE,433
1716776071838,paho826185605560881,topic/security,METAVERSE,416
1716776071838,paho826185605560881,topic/security,METAVERSE,319
1716776071838,paho826185605560881,topic/security,METAVERSE,292
1716776071936,paho826185614342144,topic/maintenance,METAVERSE,2685
1716776071956,paho826185605560881,topic/security,METAVERSE,9
1716776071985,paho826185605560881,topic/security,METAVERSE,14
1716776072034,paho826185605560881,topic/security,METAVERSE,51
1716776072051,paho826185599631012,topic/c/rfid,METAVERSE,5
1716776072135,paho826185606072698,topic/queueing,METAVERSE,89
1716776072135,paho826185614342144,topic/maintenance,METAVERSE,2836
1716776072136,paho826185599631012,topic/s/lighting,METAVERSE,9
1716776072138,paho826185606323831,topic/s/lighting,METAVERSE,11
1716776072319,paho826185599631012,topic/v/rfid,METAVERSE,4
1716776072325,paho826185606072698,topic/queueing,METAVERSE,10
1716776072328,paho826185599631012,topic/v/rfid,METAVERSE,13
1716776072383,paho826185606072698,topic/queueing,METAVERSE,68
1716776072384,paho826185614342144,topic/maintenance,METAVERSE,3064
1716776072384,paho826185605560881,topic/security,METAVERSE,25
1716776072436,paho826185605560881,topic/security,METAVERSE,77
1716776072481,paho826185605560881,topic/security,METAVERSE,18
1716776072584,paho826185605560881,topic/security,METAVERSE,33
1716776072585,paho826185614342144,topic/maintenance,METAVERSE,3170
1716776072663,paho826185599631012,topic/e/lighting,METAVERSE,8
1716776072663,paho826185606323831,topic/e/lighting,METAVERSE,8
1716776072670,paho826185606323831,topic/g/lighting,METAVERSE,4
1716776072671,paho826185599631012,topic/g/lighting,METAVERSE,5
1716776072693,paho826185605560881,topic/security,METAVERSE,6
1716776072733,paho826185614342144,topic/maintenance,METAVERSE,3178
1716776072775,paho826185614342144,topic/maintenance,METAVERSE,2988
1716776072783,paho826185606072698,topic/occupancy,METAVERSE,3456
1716776072795,paho826185605560881,topic/security,METAVERSE,6
1716776072839,paho826185605560881,topic/security,METAVERSE,11
1716776072855,paho826185606323831,topic/c/lighting,METAVERSE,4
1716776072855,paho826185599631012,topic/c/lighting,METAVERSE,4
1716776072915,paho826185606323831,topic/d/lighting,METAVERSE,12
1716776072915,paho826185599631012,topic/d/lighting,METAVERSE,12
1716776072961,paho826185605560881,topic/security,METAVERSE,6
1716776072984,paho826185605560881,topic/security,METAVERSE,28
1716776073031,paho826185599631012,topic/d/rfid,METAVERSE,10
1716776073034,paho826185614342144,topic/maintenance,METAVERSE,3231
1716776073082,paho826185606072698,topic/queueing,METAVERSE,61
1716776073130,paho826185605560881,topic/security,METAVERSE,39
1716776073132,paho826185614342144,topic/maintenance,METAVERSE,3209
1716776073181,paho826185605560881,topic/security,METAVERSE,37
1716776073192,paho826185605560881,topic/security,METAVERSE,49
1716776073234,paho826185614342144,topic/maintenance,METAVERSE,3259
1716776073235,paho826185605560881,topic/security,METAVERSE,36
1716776073283,paho826185614342144,topic/maintenance,METAVERSE,3281
1716776073334,paho826185605560881,topic/security,METAVERSE,106
1716776073341,paho826185606323831,topic/v/lighting,METAVERSE,5
1716776073341,paho826185599631012,topic/v/lighting,METAVERSE,5
1716776073344,paho826185599631012,topic/v/noise,METAVERSE,29
1716776073363,paho826185599631012,topic/v/rfid,METAVERSE,4
1716776073366,paho826185599631012,topic/v/rfid,METAVERSE,7
1716776073383,paho826185614342144,topic/maintenance,METAVERSE,2836
1716776073404,paho826185606323831,topic/c/lighting,METAVERSE,5
1716776073404,paho826185599631012,topic/c/lighting,METAVERSE,5
1716776073435,paho826185606072698,topic/queueing,METAVERSE,76
1716776073480,paho826185599631012,topic/b/lighting,METAVERSE,13
1716776073482,paho826185606323831,topic/b/lighting,METAVERSE,15
1716776073482,paho826185614342144,topic/maintenance,METAVERSE,2802
1716776073483,paho826185606072698,topic/queueing,METAVERSE,124
1716776073534,paho826185605560881,topic/security,METAVERSE,339
1716776073543,paho826185599631012,topic/c/noise,METAVERSE,9
1716776073584,paho826185605560881,topic/security,METAVERSE,196
1716776073584,paho826185614342144,topic/maintenance,METAVERSE,2613
1716776073623,paho826185605560881,topic/security,METAVERSE,228
1716776073675,paho826185606323831,topic/b/lighting,METAVERSE,8
1716776073675,paho826185599631012,topic/b/lighting,METAVERSE,8
1716776073682,paho826185605560881,topic/security,METAVERSE,263
1716776073683,paho826185605560881,topic/security,METAVERSE,228
1716776073684,paho826185605560881,topic/security,METAVERSE,127
1716776073707,paho826185606323831,topic/b/lighting,METAVERSE,40
1716776073708,paho826185599631012,topic/b/lighting,METAVERSE,41
1716776073753,paho826185605560881,topic/security,METAVERSE,38
1716776073833,paho826185605560881,topic/security,METAVERSE,50
1716776073833,paho826185606072698,topic/occupancy,METAVERSE,4462
1716776073879,paho826185605560881,topic/security,METAVERSE,92
1716776073979,paho826185599631012,topic/g/noise,METAVERSE,24
1716776073985,paho826185614342144,topic/maintenance,METAVERSE,2982
1716776074025,paho826185605560881,topic/security,METAVERSE,6
1716776074071,paho826185599631012,topic/s/noise,METAVERSE,32
1716776074083,paho826185614342144,topic/maintenance,METAVERSE,3073
1716776074184,paho826185614342144,topic/maintenance,METAVERSE,3161
1716776074230,paho826185614342144,topic/maintenance,METAVERSE,2535
1716776074258,paho826185599631012,topic/g/noise,METAVERSE,7
1716776074285,paho826185605560881,topic/security,METAVERSE,39
1716776074345,paho826185599631012,topic/d/noise,METAVERSE,4
1716776074359,paho826185599631012,topic/e/noise,METAVERSE,35
1716776074383,paho826185605560881,topic/security,METAVERSE,24
1716776074388,paho826185605560881,topic/security,METAVERSE,25
1716776074431,paho826185605560881,topic/security,METAVERSE,40
1716776074431,paho826185606072698,topic/occupancy,METAVERSE,4476
1716776074482,paho826185605560881,topic/security,METAVERSE,40
1716776074495,paho826185599631012,topic/d/noise,METAVERSE,4
1716776074580,paho826185605560881,topic/security,METAVERSE,116
1716776074580,paho826185605560881,topic/security,METAVERSE,17
1716776074592,paho826185605560881,topic/security,METAVERSE,21
1716776074627,paho826185599631012,topic/s/lighting,METAVERSE,8
1716776074627,paho826185606323831,topic/s/lighting,METAVERSE,8
1716776074681,paho826185599631012,topic/b/lighting,METAVERSE,14
1716776074681,paho826185606323831,topic/b/lighting,METAVERSE,14
1716776074707,paho826185606323831,topic/g/lighting,METAVERSE,8
1716776074707,paho826185599631012,topic/g/lighting,METAVERSE,8
1716776074822,paho826185599631012,topic/s/noise,METAVERSE,7
1716776074825,paho826185599631012,topic/b/noise,METAVERSE,6
1716776074831,paho826185614342144,topic/maintenance,METAVERSE,2872
1716776074933,paho826185614342144,topic/maintenance,METAVERSE,2642
1716776074967,paho826185606323831,topic/d/lighting,METAVERSE,4
1716776074968,paho826185599631012,topic/d/lighting,METAVERSE,5
1716776074983,paho826185614342144,topic/maintenance,METAVERSE,2536
1716776075017,paho826185605560881,topic/security,METAVERSE,6
1716776075051,paho826185599631012,topic/b/noise,METAVERSE,13
1716776075059,paho826185599631012,topic/s/rfid,METAVERSE,6
1716776075061,paho826185606072698,topic/queueing,METAVERSE,8
1716776075083,paho826185614342144,topic/maintenance,METAVERSE,2492
1716776075095,paho826185599631012,topic/b/noise,METAVERSE,12
1716776075160,paho826185605560881,topic/security,METAVERSE,9
1716776075204,paho826185605560881,topic/security,METAVERSE,21
1716776075237,paho826185605560881,topic/security,METAVERSE,40
1716776075279,paho826185614342144,topic/maintenance,METAVERSE,1964
1716776075293,paho826185605560881,topic/security,METAVERSE,41
1716776075333,paho826185614342144,topic/maintenance,METAVERSE,1799
1716776075383,paho826185614342144,topic/maintenance,METAVERSE,1428
1716776075384,paho826185605560881,topic/security,METAVERSE,121
1716776075386,paho826185614342144,topic/maintenance,METAVERSE,1375
1716776075391,paho826185606323831,topic/e/lighting,METAVERSE,6
1716776075393,paho826185605560881,topic/security,METAVERSE,54
1716776075394,paho826185599631012,topic/e/lighting,METAVERSE,9
1716776075433,paho826185606072698,topic/occupancy,METAVERSE,5409
1716776075434,paho826185605560881,topic/security,METAVERSE,40
1716776075480,paho826185605560881,topic/security,METAVERSE,37
1716776075481,paho826185614342144,topic/maintenance,METAVERSE,1446
1716776075490,paho826185605560881,topic/security,METAVERSE,5
1716776075536,paho826185614342144,topic/maintenance,METAVERSE,1497
1716776075580,paho826185605560881,topic/security,METAVERSE,90
1716776075580,paho826185614342144,topic/maintenance,METAVERSE,1329
1716776075683,paho826185605560881,topic/security,METAVERSE,192
1716776075733,paho826185605560881,topic/security,METAVERSE,242
1716776075733,paho826185605560881,topic/security,METAVERSE,154
1716776075756,paho826185599631012,topic/b/noise,METAVERSE,5
1716776075781,paho826185606072698,topic/occupancy,METAVERSE,5466
1716776075937,paho826185614342144,topic/maintenance,METAVERSE,1596
1716776076031,paho826185599631012,topic/e/noise,METAVERSE,16
1716776076031,paho826185614342144,topic/maintenance,METAVERSE,1707
1716776076061,paho826185605560881,topic/security,METAVERSE,6
1716776076184,paho826185614342144,topic/maintenance,METAVERSE,1693
1716776076281,paho826185614342144,topic/maintenance,METAVERSE,1658
1716776076281,paho826185614342144,topic/maintenance,METAVERSE,1466
1716776076284,paho826185606072698,topic/occupancy,METAVERSE,5827
1716776076332,paho826185614342144,topic/maintenance,METAVERSE,1513
1716776076381,paho826185614342144,topic/maintenance,METAVERSE,1518
1716776076405,paho826185605560881,topic/security,METAVERSE,6
1716776076410,paho826185599631012,topic/b/lighting,METAVERSE,15
1716776076410,paho826185606323831,topic/b/lighting,METAVERSE,15
1716776076435,paho826185605560881,topic/security,METAVERSE,30
1716776076480,paho826185605560881,topic/security,METAVERSE,5
1716776076533,paho826185614342144,topic/maintenance,METAVERSE,1618
1716776076549,paho826185605560881,topic/security,METAVERSE,54
1716776076579,paho826185614342144,topic/maintenance,METAVERSE,1541
1716776076620,paho826185605560881,topic/security,METAVERSE,5
1716776076680,paho826185614342144,topic/maintenance,METAVERSE,1597
1716776076688,paho826185614342144,topic/maintenance,METAVERSE,1430
1716776076788,paho826185605560881,topic/security,METAVERSE,9
1716776076831,paho826185605560881,topic/security,METAVERSE,40
1716776076834,paho826185614342144,topic/maintenance,METAVERSE,1219
1716776076836,paho826185606072698,topic/occupancy,METAVERSE,5796
1716776076889,paho826185605560881,topic/security,METAVERSE,55
1716776076931,paho826185614342144,topic/maintenance,METAVERSE,1180
1716776076969,paho826185605560881,topic/security,METAVERSE,6
1716776076987,paho826185614342144,topic/maintenance,METAVERSE,972
1716776077036,paho826185614342144,topic/maintenance,METAVERSE,976
1716776077157,paho826185605560881,topic/security,METAVERSE,38
1716776077164,paho826185606323831,topic/s/lighting,METAVERSE,13
1716776077164,paho826185599631012,topic/s/lighting,METAVERSE,13
1716776077233,paho826185605560881,topic/security,METAVERSE,26
1716776077233,paho826185605560881,topic/security,METAVERSE,26
1716776077233,paho826185605560881,topic/security,METAVERSE,10
1716776077344,paho826185605560881,topic/security,METAVERSE,25
1716776077421,paho826185605560881,topic/security,METAVERSE,6
1716776077468,paho826185605560881,topic/security,METAVERSE,13
1716776077504,paho826185605560881,topic/security,METAVERSE,53
1716776077536,paho826185605560881,topic/security,METAVERSE,33
1716776077536,paho826185614342144,topic/maintenance,METAVERSE,1461
1716776077583,paho826185605560881,topic/security,METAVERSE,68
1716776077583,paho826185614342144,topic/maintenance,METAVERSE,1016
1716776077627,paho826185605560881,topic/security,METAVERSE,92
1716776077674,paho826185606323831,topic/e/lighting,METAVERSE,8
1716776077675,paho826185599631012,topic/e/lighting,METAVERSE,9
1716776077677,paho826185606323831,topic/g/lighting,METAVERSE,10
1716776077678,paho826185599631012,topic/g/lighting,METAVERSE,11
1716776077684,paho826185605560881,topic/security,METAVERSE,49
1716776077732,paho826185606072698,topic/occupancy,METAVERSE,6637
1716776077732,paho826185614342144,topic/maintenance,METAVERSE,1093
1716776077736,paho826185605560881,topic/security,METAVERSE,70
1716776077881,paho826185614342144,topic/maintenance,METAVERSE,874
1716776077895,paho826185606323831,topic/c/lighting,METAVERSE,20
1716776077896,paho826185599631012,topic/c/lighting,METAVERSE,21
1716776077930,paho826185614342144,topic/maintenance,METAVERSE,883
1716776077935,paho826185614342144,topic/maintenance,METAVERSE,876
1716776077935,paho826185614342144,topic/maintenance,METAVERSE,840
1716776077935,paho826185614342144,topic/maintenance,METAVERSE,212
1716776077971,paho826185606323831,topic/d/lighting,METAVERSE,43
1716776077972,paho826185599631012,topic/d/lighting,METAVERSE,44
1716776077997,paho826185605560881,topic/security,METAVERSE,6
1716776078041,paho826185605560881,topic/security,METAVERSE,18
1716776078089,paho826185605560881,topic/security,METAVERSE,6
1716776078132,paho826185605560881,topic/security,METAVERSE,13
1716776078135,paho826185606072698,topic/occupancy,METAVERSE,7028
1716776078179,paho826185599631012,topic/d/rfid,METAVERSE,40
1716776078183,paho826185606072698,topic/queueing,METAVERSE,44
1716776078332,paho826185614342144,topic/maintenance,METAVERSE,177
1716776078332,paho826185605560881,topic/security,METAVERSE,53
1716776078356,paho826185606323831,topic/v/lighting,METAVERSE,5
1716776078356,paho826185599631012,topic/v/lighting,METAVERSE,5
1716776078406,paho826185599631012,topic/v/noise,METAVERSE,49
1716776078409,paho826185605560881,topic/security,METAVERSE,12
1716776078431,paho826185606323831,topic/c/lighting,METAVERSE,4
1716776078431,paho826185599631012,topic/c/lighting,METAVERSE,4
1716776078434,paho826185605560881,topic/security,METAVERSE,15
1716776078483,paho826185605560881,topic/security,METAVERSE,22
1716776078504,paho826185605560881,topic/security,METAVERSE,5
1716776078550,paho826185606323831,topic/b/lighting,METAVERSE,7
1716776078550,paho826185599631012,topic/b/lighting,METAVERSE,7
1716776078571,paho826185599631012,topic/c/noise,METAVERSE,8
1716776078582,paho826185614342144,topic/maintenance,METAVERSE,225
1716776078635,paho826185614342144,topic/maintenance,METAVERSE,72
1716776078661,paho826185605560881,topic/security,METAVERSE,6
1716776078675,paho826185606323831,topic/b/lighting,METAVERSE,4
1716776078675,paho826185599631012,topic/b/lighting,METAVERSE,4
1716776078755,paho826185606323831,topic/b/lighting,METAVERSE,8
1716776078755,paho826185599631012,topic/b/lighting,METAVERSE,8
1716776078885,paho826185614342144,topic/maintenance,METAVERSE,234
1716776078887,paho826185606072698,topic/occupancy,METAVERSE,7776
1716776078927,paho826185614342144,topic/maintenance,METAVERSE,176
1716776079033,paho826185606072698,topic/occupancy,METAVERSE,7875
1716776079100,paho826185599631012,topic/s/rfid,METAVERSE,13
1716776079103,paho826185606072698,topic/queueing,METAVERSE,16
1716776079108,paho826185599631012,topic/g/noise,METAVERSE,53
1716776079119,paho826185599631012,topic/s/noise,METAVERSE,8
1716776079135,paho826185614342144,topic/maintenance,METAVERSE,80
1716776079189,paho826185614342144,topic/maintenance,METAVERSE,78
1716776079271,paho826185599631012,topic/g/noise,METAVERSE,4
1716776079275,paho826185605560881,topic/security,METAVERSE,8
1716776079295,paho826185605560881,topic/security,METAVERSE,32
1716776079335,paho826185605560881,topic/security,METAVERSE,72
1716776079336,paho826185614342144,topic/maintenance,METAVERSE,69
1716776079349,paho826185599631012,topic/d/noise,METAVERSE,7
1716776079389,paho826185599631012,topic/e/noise,METAVERSE,6
1716776079412,paho826185605560881,topic/security,METAVERSE,35
1716776079431,paho826185614342144,topic/maintenance,METAVERSE,89
1716776079432,paho826185606072698,topic/occupancy,METAVERSE,8057
1716776079452,paho826185605560881,topic/security,METAVERSE,8
1716776079483,paho826185614342144,topic/maintenance,METAVERSE,100
1716776079512,paho826185605560881,topic/security,METAVERSE,9
1716776079547,paho826185599631012,topic/d/noise,METAVERSE,4
1716776079572,paho826185605560881,topic/security,METAVERSE,9
1716776079582,paho826185614342144,topic/maintenance,METAVERSE,95
1716776079623,paho826185614342144,topic/maintenance,METAVERSE,80
1716776079661,paho826185605560881,topic/security,METAVERSE,10
1716776079683,paho826185605560881,topic/security,METAVERSE,96
1716776079696,paho826185605560881,topic/security,METAVERSE,14
1716776079700,paho826185599631012,topic/s/lighting,METAVERSE,45
1716776079700,paho826185606323831,topic/s/lighting,METAVERSE,45
1716776079729,paho826185606072698,topic/occupancy,METAVERSE,8325
1716776079763,paho826185606323831,topic/b/lighting,METAVERSE,40
1716776079763,paho826185599631012,topic/b/lighting,METAVERSE,40
1716776079767,paho826185606323831,topic/g/lighting,METAVERSE,28
1716776079768,paho826185599631012,topic/g/lighting,METAVERSE,29
1716776079855,paho826185599631012,topic/b/noise,METAVERSE,23
1716776079871,paho826185599631012,topic/s/noise,METAVERSE,19
1716776079882,paho826185606072698,topic/occupancy,METAVERSE,7899
1716776079920,paho826185605560881,topic/security,METAVERSE,18
1716776079932,paho826185614342144,topic/maintenance,METAVERSE,100
1716776079932,paho826185614342144,topic/maintenance,METAVERSE,80
1716776079995,paho826185606323831,topic/d/lighting,METAVERSE,4
1716776079996,paho826185599631012,topic/d/lighting,METAVERSE,5
1716776080033,paho826185614342144,topic/maintenance,METAVERSE,117
1716776080146,paho826185614342144,topic/maintenance,METAVERSE,39
1716776080146,paho826185599631012,topic/b/noise,METAVERSE,39
1716776080150,paho826185599631012,topic/b/noise,METAVERSE,19
1716776080185,paho826185605560881,topic/security,METAVERSE,6
1716776080234,paho826185614342144,topic/maintenance,METAVERSE,103
1716776080321,paho826185605560881,topic/security,METAVERSE,9
1716776080334,paho826185614342144,topic/maintenance,METAVERSE,129
1716776080388,paho826185599631012,topic/v/rfid,METAVERSE,5
1716776080415,paho826185606323831,topic/e/lighting,METAVERSE,4
1716776080415,paho826185599631012,topic/e/lighting,METAVERSE,4
1716776080433,paho826185606072698,topic/queueing,METAVERSE,50
1716776080433,paho826185606072698,topic/occupancy,METAVERSE,8387
1716776080464,paho826185605560881,topic/security,METAVERSE,12
1716776080508,paho826185605560881,topic/security,METAVERSE,14
1716776080537,paho826185614342144,topic/maintenance,METAVERSE,34
1716776080537,paho826185605560881,topic/security,METAVERSE,22
1716776080632,paho826185605560881,topic/security,METAVERSE,101
1716776080635,paho826185605560881,topic/security,METAVERSE,60
1716776080680,paho826185606072698,topic/occupancy,METAVERSE,8365
1716776080698,paho826185605560881,topic/security,METAVERSE,20
1716776080731,paho826185605560881,topic/security,METAVERSE,40
1716776080766,paho826185599631012,topic/b/noise,METAVERSE,11
1716776080996,paho826185605560881,topic/security,METAVERSE,9
1716776081033,paho826185606072698,topic/occupancy,METAVERSE,8718
1716776081035,paho826185605560881,topic/security,METAVERSE,9
1716776081075,paho826185599631012,topic/e/noise,METAVERSE,18
1716776081082,paho826185614342144,topic/maintenance,METAVERSE,327
1716776081082,paho826185614342144,topic/maintenance,METAVERSE,246
1716776081201,paho826185605560881,topic/security,METAVERSE,6
1716776081244,paho826185614342144,topic/maintenance,METAVERSE,187
1716776081282,paho826185606072698,topic/occupancy,METAVERSE,8923
1716776081368,paho826185605560881,topic/security,METAVERSE,5
1716776081383,paho826185605560881,topic/security,METAVERSE,21
1716776081423,paho826185605560881,topic/security,METAVERSE,138
1716776081439,paho826185605560881,topic/security,METAVERSE,12
1716776081456,paho826185606323831,topic/b/lighting,METAVERSE,5
1716776081456,paho826185599631012,topic/b/lighting,METAVERSE,5
1716776081475,paho826185599631012,topic/v/rfid,METAVERSE,58
1716776081486,paho826185606072698,topic/occupancy,METAVERSE,9023
1716776081583,paho826185605560881,topic/security,METAVERSE,104
1716776081583,paho826185606072698,topic/queueing,METAVERSE,166
1716776081634,paho826185606072698,topic/occupancy,METAVERSE,8613
1716776081681,paho826185605560881,topic/security,METAVERSE,137
1716776081732,paho826185605560881,topic/security,METAVERSE,156
1716776081775,paho826185605560881,topic/security,METAVERSE,122
1716776081775,paho826185605560881,topic/security,METAVERSE,82
1716776081820,paho826185605560881,topic/security,METAVERSE,5
1716776081880,paho826185614342144,topic/maintenance,METAVERSE,237
1716776082008,paho826185605560881,topic/security,METAVERSE,6
1716776082083,paho826185606072698,topic/occupancy,METAVERSE,8992
1716776082134,paho826185614342144,topic/maintenance,METAVERSE,195
1716776082180,paho826185614342144,topic/maintenance,METAVERSE,89
1716776082197,paho826185605560881,topic/security,METAVERSE,6
1716776082212,paho826185606323831,topic/s/lighting,METAVERSE,25
1716776082212,paho826185599631012,topic/s/lighting,METAVERSE,25
1716776082335,paho826185614342144,topic/maintenance,METAVERSE,129
1716776082341,paho826185605560881,topic/security,METAVERSE,30
1716776082487,paho826185606072698,topic/occupancy,METAVERSE,9343
1716776082527,paho826185605560881,topic/security,METAVERSE,11
1716776082528,paho826185605560881,topic/security,METAVERSE,7
1716776082541,paho826185605560881,topic/security,METAVERSE,18
1716776082583,paho826185614342144,topic/maintenance,METAVERSE,275
1716776082583,paho826185605560881,topic/security,METAVERSE,66
1716776082673,paho826185606323831,topic/g/lighting,METAVERSE,5
1716776082673,paho826185599631012,topic/g/lighting,METAVERSE,5
1716776082704,paho826185606323831,topic/e/lighting,METAVERSE,5
1716776082704,paho826185599631012,topic/e/lighting,METAVERSE,5
1716776082735,paho826185606072698,topic/occupancy,METAVERSE,9592
1716776082744,paho826185605560881,topic/security,METAVERSE,9
1716776082779,paho826185605560881,topic/security,METAVERSE,80
1716776082848,paho826185605560881,topic/security,METAVERSE,14
1716776082953,paho826185605560881,topic/security,METAVERSE,14
1716776083011,paho826185606323831,topic/c/lighting,METAVERSE,8
1716776083011,paho826185599631012,topic/c/lighting,METAVERSE,8
1716776083019,paho826185606323831,topic/d/lighting,METAVERSE,4
1716776083019,paho826185599631012,topic/d/lighting,METAVERSE,4
1716776083033,paho826185606072698,topic/occupancy,METAVERSE,9834
1716776083333,paho826185614342144,topic/maintenance,METAVERSE,485
1716776083352,paho826185605560881,topic/security,METAVERSE,23
1716776083356,paho826185606323831,topic/v/lighting,METAVERSE,4
1716776083357,paho826185599631012,topic/v/lighting,METAVERSE,5
1716776083383,paho826185614342144,topic/maintenance,METAVERSE,527
1716776083384,paho826185605560881,topic/security,METAVERSE,33
1716776083407,paho826185599631012,topic/v/noise,METAVERSE,5
1716776083427,paho826185605560881,topic/security,METAVERSE,58
1716776083463,paho826185606323831,topic/c/lighting,METAVERSE,4
1716776083464,paho826185599631012,topic/c/lighting,METAVERSE,5
1716776083483,paho826185605560881,topic/security,METAVERSE,114
1716776083484,paho826185614342144,topic/maintenance,METAVERSE,613
1716776083533,paho826185605560881,topic/security,METAVERSE,102
1716776083534,paho826185606072698,topic/occupancy,METAVERSE,10339
1716776083567,paho826185606323831,topic/b/lighting,METAVERSE,4
1716776083568,paho826185599631012,topic/b/lighting,METAVERSE,5
1716776083580,paho826185605560881,topic/security,METAVERSE,133
1716776083584,paho826185599631012,topic/c/noise,METAVERSE,4
1716776083591,paho826185605560881,topic/security,METAVERSE,12
1716776083635,paho826185605560881,topic/security,METAVERSE,32
1716776083683,paho826185614342144,topic/maintenance,METAVERSE,804
1716776083767,paho826185606323831,topic/b/lighting,METAVERSE,8
1716776083767,paho826185599631012,topic/b/lighting,METAVERSE,8
1716776083783,paho826185614342144,topic/maintenance,METAVERSE,724
1716776083815,paho826185606323831,topic/b/lighting,METAVERSE,8
1716776083815,paho826185599631012,topic/b/lighting,METAVERSE,8
1716776083981,paho826185606072698,topic/occupancy,METAVERSE,10622
1716776083983,paho826185605560881,topic/security,METAVERSE,427
1716776084005,paho826185605560881,topic/security,METAVERSE,378
1716776084005,paho826185605560881,topic/security,METAVERSE,340
1716776084005,paho826185605560881,topic/security,METAVERSE,345
1716776084005,paho826185605560881,topic/security,METAVERSE,298
1716776084005,paho826185605560881,topic/security,METAVERSE,242
1716776084005,paho826185605560881,topic/security,METAVERSE,157
1716776084036,paho826185605560881,topic/security,METAVERSE,33
1716776084069,paho826185605560881,topic/security,METAVERSE,66
1716776084079,paho826185614342144,topic/maintenance,METAVERSE,986
1716776084099,paho826185599631012,topic/c/rfid,METAVERSE,4
1716776084134,paho826185599631012,topic/g/noise,METAVERSE,21
1716776084180,paho826185614342144,topic/maintenance,METAVERSE,1077
1716776084183,paho826185606072698,topic/queueing,METAVERSE,88
1716776084183,paho826185614342144,topic/maintenance,METAVERSE,1036
1716776084231,paho826185605560881,topic/security,METAVERSE,168
1716776084232,paho826185599631012,topic/s/noise,METAVERSE,29
1716776084275,paho826185599631012,topic/g/noise,METAVERSE,4
1716776084281,paho826185605560881,topic/security,METAVERSE,162
1716776084283,paho826185605560881,topic/security,METAVERSE,64
1716776084330,paho826185614342144,topic/maintenance,METAVERSE,1151
1716776084350,paho826185599631012,topic/d/noise,METAVERSE,4
1716776084380,paho826185614342144,topic/maintenance,METAVERSE,1105
1716776084411,paho826185599631012,topic/e/noise,METAVERSE,27
1716776084482,paho826185614342144,topic/maintenance,METAVERSE,1080
1716776084527,paho826185605560881,topic/security,METAVERSE,5
1716776084538,paho826185599631012,topic/v/rfid,METAVERSE,15
1716776084540,paho826185606072698,topic/queueing,METAVERSE,17
1716776084562,paho826185605560881,topic/security,METAVERSE,5
1716776084582,paho826185614342144,topic/maintenance,METAVERSE,1039
1716776084583,paho826185605560881,topic/security,METAVERSE,8
1716776084607,paho826185599631012,topic/d/noise,METAVERSE,4
1716776084633,paho826185605560881,topic/security,METAVERSE,30
1716776084660,paho826185605560881,topic/security,METAVERSE,61
1716776084724,paho826185599631012,topic/s/lighting,METAVERSE,5
1716776084724,paho826185606323831,topic/s/lighting,METAVERSE,5
1716776084783,paho826185614342144,topic/maintenance,METAVERSE,1203
1716776084792,paho826185605560881,topic/security,METAVERSE,5
1716776084796,paho826185606323831,topic/g/lighting,METAVERSE,9
1716776084797,paho826185599631012,topic/g/lighting,METAVERSE,10
1716776084832,paho826185614342144,topic/maintenance,METAVERSE,1251
1716776084851,paho826185606323831,topic/b/lighting,METAVERSE,36
1716776084852,paho826185599631012,topic/b/lighting,METAVERSE,37
1716776084903,paho826185599631012,topic/s/noise,METAVERSE,4
1716776084907,paho826185599631012,topic/b/noise,METAVERSE,28
1716776084932,paho826185606072698,topic/occupancy,METAVERSE,11573
1716776084981,paho826185614342144,topic/maintenance,METAVERSE,1358
1716776085022,paho826185606323831,topic/d/lighting,METAVERSE,4
1716776085023,paho826185599631012,topic/d/lighting,METAVERSE,5
1716776085181,paho826185614342144,topic/maintenance,METAVERSE,1578
1716776085207,paho826185599631012,topic/b/noise,METAVERSE,7
1716776085210,paho826185599631012,topic/b/noise,METAVERSE,52
1716776085272,paho826185605560881,topic/security,METAVERSE,6
1716776085289,paho826185605560881,topic/security,METAVERSE,6
1716776085333,paho826185614342144,topic/maintenance,METAVERSE,1542
1716776085381,paho826185605560881,topic/security,METAVERSE,6
1716776085396,paho826185605560881,topic/security,METAVERSE,5
1716776085431,paho826185606323831,topic/e/lighting,METAVERSE,4
1716776085432,paho826185599631012,topic/e/lighting,METAVERSE,5
1716776085439,paho826185614342144,topic/maintenance,METAVERSE,1368
1716776085482,paho826185605560881,topic/security,METAVERSE,90
1716776085535,paho826185606072698,topic/occupancy,METAVERSE,12140
1716776085535,paho826185605560881,topic/security,METAVERSE,144
1716776085575,paho826185605560881,topic/security,METAVERSE,144
1716776085575,paho826185605560881,topic/security,METAVERSE,132
1716776085582,paho826185605560881,topic/security,METAVERSE,91
1716776085633,paho826185605560881,topic/security,METAVERSE,26
1716776085683,paho826185605560881,topic/security,METAVERSE,60
1716776085685,paho826185605560881,topic/security,METAVERSE,58
1716776085734,paho826185605560881,topic/security,METAVERSE,15
1716776085782,paho826185614342144,topic/maintenance,METAVERSE,1669
1716776085792,paho826185599631012,topic/b/noise,METAVERSE,5
1716776085794,paho826185605560881,topic/security,METAVERSE,6
1716776085831,paho826185614342144,topic/maintenance,METAVERSE,1692
1716776085983,paho826185614342144,topic/maintenance,METAVERSE,1780
1716776085996,paho826185605560881,topic/security,METAVERSE,9
1716776086031,paho826185605560881,topic/security,METAVERSE,24
1716776086116,paho826185599631012,topic/s/rfid,METAVERSE,9
1716776086119,paho826185606072698,topic/queueing,METAVERSE,12
1716776086122,paho826185599631012,topic/e/noise,METAVERSE,23
1716776086131,paho826185614342144,topic/maintenance,METAVERSE,1872
1716776086181,paho826185614342144,topic/maintenance,METAVERSE,1910
1716776086229,paho826185605560881,topic/security,METAVERSE,6
1716776086383,paho826185614342144,topic/maintenance,METAVERSE,2037
1716776086431,paho826185614342144,topic/maintenance,METAVERSE,2068
1716776086492,paho826185606323831,topic/b/lighting,METAVERSE,5
1716776086492,paho826185599631012,topic/b/lighting,METAVERSE,5
1716776086548,paho826185605560881,topic/security,METAVERSE,25
1716776086680,paho826185614342144,topic/maintenance,METAVERSE,2296
1716776086683,paho826185605560881,topic/security,METAVERSE,76
1716776086734,paho826185605560881,topic/security,METAVERSE,75
1716776086781,paho826185605560881,topic/security,METAVERSE,82
1716776086781,paho826185614342144,topic/maintenance,METAVERSE,2314
1716776086834,paho826185605560881,topic/security,METAVERSE,67
1716776086836,paho826185614342144,topic/maintenance,METAVERSE,2261
1716776086881,paho826185605560881,topic/security,METAVERSE,90
1716776086935,paho826185614342144,topic/maintenance,METAVERSE,2332
1716776086956,paho826185605560881,topic/security,METAVERSE,21
1716776086983,paho826185614342144,topic/maintenance,METAVERSE,2348
1716776087034,paho826185605560881,topic/security,METAVERSE,26
1716776087035,paho826185614342144,topic/maintenance,METAVERSE,2243
1716776087080,paho826185614342144,topic/maintenance,METAVERSE,2217
1716776087080,paho826185614342144,topic/maintenance,METAVERSE,2186
1716776087084,paho826185605560881,topic/security,METAVERSE,37
1716776087092,paho826185605560881,topic/security,METAVERSE,5
1716776087131,paho826185614342144,topic/maintenance,METAVERSE,2232
1716776087180,paho826185614342144,topic/maintenance,METAVERSE,2301
1716776087183,paho826185614342144,topic/maintenance,METAVERSE,2279
1716776087184,paho826185614342144,topic/maintenance,METAVERSE,2273
1716776087187,paho826185614342144,topic/maintenance,METAVERSE,2236
1716776087232,paho826185614342144,topic/maintenance,METAVERSE,2277
1716776087232,paho826185614342144,topic/maintenance,METAVERSE,2223
1716776087233,paho826185614342144,topic/maintenance,METAVERSE,2214
1716776087233,paho826185614342144,topic/maintenance,METAVERSE,2033
1716776087234,paho826185614342144,topic/maintenance,METAVERSE,2076
1716776087247,paho826185606323831,topic/s/lighting,METAVERSE,39
1716776087247,paho826185599631012,topic/s/lighting,METAVERSE,39
1716776087380,paho826185614342144,topic/maintenance,METAVERSE,2185
1716776087382,paho826185614342144,topic/maintenance,METAVERSE,1695
1716776087434,paho826185605560881,topic/security,METAVERSE,27
1716776087434,paho826185614342144,topic/maintenance,METAVERSE,1647
1716776087439,paho826185614342144,topic/maintenance,METAVERSE,1560
1716776087464,paho826185605560881,topic/security,METAVERSE,7
1716776087479,paho826185614342144,topic/maintenance,METAVERSE,1380
1716776087483,paho826185614342144,topic/maintenance,METAVERSE,1220
1716776087487,paho826185614342144,topic/maintenance,METAVERSE,1195
1716776087495,paho826185614342144,topic/maintenance,METAVERSE,812
1716776087503,paho826185614342144,topic/maintenance,METAVERSE,632
1716776087516,paho826185605560881,topic/security,METAVERSE,21
1716776087531,paho826185605560881,topic/security,METAVERSE,55
1716776087534,paho826185614342144,topic/maintenance,METAVERSE,539
1716776087581,paho826185614342144,topic/maintenance,METAVERSE,30
1716776087581,paho826185605560881,topic/security,METAVERSE,14
1716776087622,paho826185605560881,topic/security,METAVERSE,51
1716776087636,paho826185605560881,topic/security,METAVERSE,15
1716776087683,paho826185605560881,topic/security,METAVERSE,48
1716776087695,paho826185606323831,topic/g/lighting,METAVERSE,4
1716776087695,paho826185599631012,topic/g/lighting,METAVERSE,4
1716776087711,paho826185606323831,topic/e/lighting,METAVERSE,4
1716776087712,paho826185599631012,topic/e/lighting,METAVERSE,5
1716776087727,paho826185605560881,topic/security,METAVERSE,76
1716776087731,paho826185614342144,topic/maintenance,METAVERSE,84
1716776087776,paho826185605560881,topic/security,METAVERSE,34
1716776087808,paho826185605560881,topic/security,METAVERSE,6
1716776088039,paho826185606323831,topic/c/lighting,METAVERSE,5
1716776088039,paho826185599631012,topic/c/lighting,METAVERSE,5
1716776088042,paho826185606323831,topic/d/lighting,METAVERSE,7
1716776088042,paho826185599631012,topic/d/lighting,METAVERSE,7
1716776088053,paho826185605560881,topic/security,METAVERSE,5
1716776088131,paho826185605560881,topic/security,METAVERSE,83
1716776088239,paho826185614342144,topic/maintenance,METAVERSE,72
1716776088279,paho826185605560881,topic/security,METAVERSE,55
1716776088357,paho826185606323831,topic/v/lighting,METAVERSE,4
1716776088358,paho826185599631012,topic/v/lighting,METAVERSE,5
1716776088382,paho826185614342144,topic/maintenance,METAVERSE,111
1716776088400,paho826185605560881,topic/security,METAVERSE,9
1716776088482,paho826185599631012,topic/v/noise,METAVERSE,27
1716776088509,paho826185606323831,topic/c/lighting,METAVERSE,4
1716776088509,paho826185599631012,topic/c/lighting,METAVERSE,4
1716776088531,paho826185614342144,topic/maintenance,METAVERSE,76
1716776088548,paho826185605560881,topic/security,METAVERSE,4
1716776088598,paho826185606323831,topic/b/lighting,METAVERSE,6
1716776088599,paho826185599631012,topic/b/lighting,METAVERSE,7
1716776088633,paho826185614342144,topic/maintenance,METAVERSE,78
1716776088637,paho826185605560881,topic/security,METAVERSE,6
1716776088679,paho826185605560881,topic/security,METAVERSE,43
1716776088680,paho826185614342144,topic/maintenance,METAVERSE,75
1716776088682,paho826185599631012,topic/c/noise,METAVERSE,19
1716776088731,paho826185614342144,topic/maintenance,METAVERSE,68
1716776088743,paho826185605560881,topic/security,METAVERSE,24
1716776088771,paho826185614342144,topic/maintenance,METAVERSE,101
1716776088781,paho826185606323831,topic/b/lighting,METAVERSE,18
1716776088782,paho826185599631012,topic/b/lighting,METAVERSE,19
1716776088824,paho826185605560881,topic/security,METAVERSE,5
1716776088850,paho826185606323831,topic/b/lighting,METAVERSE,7
1716776088851,paho826185599631012,topic/b/lighting,METAVERSE,8
1716776088853,paho826185605560881,topic/security,METAVERSE,6
1716776088930,paho826185614342144,topic/maintenance,METAVERSE,59
1716776089087,paho826185605560881,topic/security,METAVERSE,8
1716776089151,paho826185605560881,topic/security,METAVERSE,8
1716776089183,paho826185599631012,topic/g/noise,METAVERSE,36
1716776089234,paho826185599631012,topic/d/rfid,METAVERSE,19
1716776089235,paho826185606072698,topic/queueing,METAVERSE,20
1716776089235,paho826185614342144,topic/maintenance,METAVERSE,88
1716776089254,paho826185599631012,topic/s/noise,METAVERSE,4
1716776089286,paho826185599631012,topic/g/noise,METAVERSE,3
1716776089414,paho826185599631012,topic/d/noise,METAVERSE,19
1716776089423,paho826185599631012,topic/e/noise,METAVERSE,4
1716776089424,paho826185605560881,topic/security,METAVERSE,4
1716776089490,paho826185605560881,topic/security,METAVERSE,5
1716776089535,paho826185614342144,topic/maintenance,METAVERSE,364
1716776089581,paho826185605560881,topic/security,METAVERSE,62
1716776089601,paho826185599631012,topic/v/rfid,METAVERSE,61
1716776089633,paho826185606072698,topic/queueing,METAVERSE,93
1716776089646,paho826185599631012,topic/d/noise,METAVERSE,23
1716776089683,paho826185605560881,topic/security,METAVERSE,156
1716776089683,paho826185605560881,topic/security,METAVERSE,40
1716776089735,paho826185605560881,topic/security,METAVERSE,80
1716776089738,paho826185599631012,topic/s/lighting,METAVERSE,14
1716776089739,paho826185606323831,topic/s/lighting,METAVERSE,15
1716776089775,paho826185605560881,topic/security,METAVERSE,93
1716776089782,paho826185605560881,topic/security,METAVERSE,96
1716776089834,paho826185614342144,topic/maintenance,METAVERSE,613
1716776089834,paho826185614342144,topic/maintenance,METAVERSE,621
1716776089835,paho826185605560881,topic/security,METAVERSE,64
1716776089843,paho826185599631012,topic/g/lighting,METAVERSE,11
1716776089844,paho826185606323831,topic/g/lighting,METAVERSE,12
1716776089844,paho826185605560881,topic/security,METAVERSE,20
1716776089882,paho826185605560881,topic/security,METAVERSE,31
1716776089902,paho826185606323831,topic/b/lighting,METAVERSE,20
1716776089903,paho826185599631012,topic/b/lighting,METAVERSE,21
1716776089906,paho826185599631012,topic/s/noise,METAVERSE,4
1716776089950,paho826185599631012,topic/b/noise,METAVERSE,23
1716776089979,paho826185614342144,topic/maintenance,METAVERSE,729
1716776090033,paho826185614342144,topic/maintenance,METAVERSE,750
1716776090033,paho826185614342144,topic/maintenance,METAVERSE,638
1716776090033,paho826185614342144,topic/maintenance,METAVERSE,614
1716776090033,paho826185614342144,topic/maintenance,METAVERSE,610
1716776090042,paho826185606323831,topic/d/lighting,METAVERSE,23
1716776090043,paho826185599631012,topic/d/lighting,METAVERSE,24
1716776090080,paho826185614342144,topic/maintenance,METAVERSE,457
1716776090100,paho826185605560881,topic/security,METAVERSE,5
1716776090280,paho826185614342144,topic/maintenance,METAVERSE,429
1716776090283,paho826185614342144,topic/maintenance,METAVERSE,381
1716776090286,paho826185599631012,topic/b/noise,METAVERSE,8
1716776090289,paho826185599631012,topic/b/noise,METAVERSE,11
1716776090289,paho826185614342144,topic/maintenance,METAVERSE,362
1716776090325,paho826185605560881,topic/security,METAVERSE,5
1716776090432,paho826185614342144,topic/maintenance,METAVERSE,154
1716776090436,paho826185599631012,topic/e/lighting,METAVERSE,5
1716776090437,paho826185606323831,topic/e/lighting,METAVERSE,6
1716776090482,paho826185614342144,topic/maintenance,METAVERSE,204
1716776090534,paho826185614342144,topic/maintenance,METAVERSE,256
1716776090573,paho826185605560881,topic/security,METAVERSE,29
1716776090681,paho826185614342144,topic/maintenance,METAVERSE,370
1716776090709,paho826185605560881,topic/security,METAVERSE,65
1716776090748,paho826185605560881,topic/security,METAVERSE,5
1716776090845,paho826185599631012,topic/b/noise,METAVERSE,16
1716776090860,paho826185605560881,topic/security,METAVERSE,9
1716776091132,paho826185599631012,topic/e/noise,METAVERSE,5
1716776091183,paho826185614342144,topic/maintenance,METAVERSE,354
1716776091184,paho826185614342144,topic/maintenance,METAVERSE,309
1716776091232,paho826185614342144,topic/maintenance,METAVERSE,105
1716776091432,paho826185605560881,topic/security,METAVERSE,17
1716776091480,paho826185605560881,topic/security,METAVERSE,44
1716776091495,paho826185605560881,topic/security,METAVERSE,51
1716776091515,paho826185599631012,topic/b/lighting,METAVERSE,4
1716776091515,paho826185606323831,topic/b/lighting,METAVERSE,4
1716776091539,paho826185605560881,topic/security,METAVERSE,45
1716776091582,paho826185605560881,topic/security,METAVERSE,31
1716776091636,paho826185605560881,topic/security,METAVERSE,84
1716776091680,paho826185614342144,topic/maintenance,METAVERSE,93
1716776091733,paho826185605560881,topic/security,METAVERSE,54
1716776091738,paho826185605560881,topic/security,METAVERSE,32
1716776091781,paho826185605560881,topic/security,METAVERSE,66
1716776091791,paho826185605560881,topic/security,METAVERSE,4
1716776091885,paho826185605560881,topic/security,METAVERSE,6
1716776092065,paho826185605560881,topic/security,METAVERSE,6
1716776092155,paho826185605560881,topic/security,METAVERSE,5
1716776092163,paho826185599631012,topic/s/rfid,METAVERSE,18
1716776092180,paho826185606072698,topic/queueing,METAVERSE,35
1716776092286,paho826185599631012,topic/s/lighting,METAVERSE,11
1716776092287,paho826185606323831,topic/s/lighting,METAVERSE,12
1716776092329,paho826185605560881,topic/security,METAVERSE,6
1716776092335,paho826185605560881,topic/security,METAVERSE,8
1716776092425,paho826185605560881,topic/security,METAVERSE,6
1716776092583,paho826185614342144,topic/maintenance,METAVERSE,270
1716776092584,paho826185614342144,topic/maintenance,METAVERSE,217
1716776092597,paho826185605560881,topic/security,METAVERSE,12
1716776092689,paho826185605560881,topic/security,METAVERSE,6
1716776092712,paho826185606323831,topic/g/lighting,METAVERSE,5
1716776092712,paho826185599631012,topic/g/lighting,METAVERSE,5
1716776092716,paho826185606323831,topic/e/lighting,METAVERSE,9
1716776092716,paho826185599631012,topic/e/lighting,METAVERSE,9
1716776092720,paho826185605560881,topic/security,METAVERSE,17
1716776092744,paho826185605560881,topic/security,METAVERSE,25
1716776092783,paho826185605560881,topic/security,METAVERSE,36
1716776092827,paho826185605560881,topic/security,METAVERSE,56
1716776092882,paho826185614342144,topic/maintenance,METAVERSE,111
1716776092884,paho826185605560881,topic/security,METAVERSE,40
1716776092933,paho826185605560881,topic/security,METAVERSE,90
1716776092975,paho826185605560881,topic/security,METAVERSE,92
1716776093030,paho826185614342144,topic/maintenance,METAVERSE,148
1716776093100,paho826185606323831,topic/c/lighting,METAVERSE,29
1716776093100,paho826185599631012,topic/c/lighting,METAVERSE,29
1716776093107,paho826185606323831,topic/d/lighting,METAVERSE,4
1716776093108,paho826185599631012,topic/d/lighting,METAVERSE,5
1716776093131,paho826185605560881,topic/security,METAVERSE,6
1716776093346,paho826185605560881,topic/security,METAVERSE,6
1716776093375,paho826185606323831,topic/v/lighting,METAVERSE,4
1716776093375,paho826185599631012,topic/v/lighting,METAVERSE,4
1716776093416,paho826185605560881,topic/security,METAVERSE,5
1716776093454,paho826185605560881,topic/security,METAVERSE,9
1716776093500,paho826185605560881,topic/security,METAVERSE,5
1716776093502,paho826185599631012,topic/v/noise,METAVERSE,5
1716776093555,paho826185606323831,topic/c/lighting,METAVERSE,4
1716776093555,paho826185599631012,topic/c/lighting,METAVERSE,4
1716776093562,paho826185605560881,topic/security,METAVERSE,5
1716776093580,paho826185614342144,topic/maintenance,METAVERSE,83
1716776093588,paho826185605560881,topic/security,METAVERSE,6
1716776093676,paho826185606072698,topic/occupancy,METAVERSE,20257
1716776093676,paho826185606072698,topic/occupancy,METAVERSE,19657
1716776093676,paho826185606072698,topic/occupancy,METAVERSE,19313
1716776093676,paho826185606072698,topic/occupancy,METAVERSE,19212
1716776093676,paho826185606072698,topic/occupancy,METAVERSE,18623
1716776093676,paho826185606072698,topic/occupancy,METAVERSE,18525
1716776093676,paho826185606072698,topic/occupancy,METAVERSE,18493
1716776093676,paho826185606072698,topic/occupancy,METAVERSE,18479
1716776093676,paho826185606072698,topic/occupancy,METAVERSE,18413
1716776093676,paho826185606072698,topic/occupancy,METAVERSE,18337
1716776093677,paho826185606072698,topic/occupancy,METAVERSE,18234
1716776093677,paho826185606072698,topic/occupancy,METAVERSE,18192
1716776093677,paho826185606072698,topic/occupancy,METAVERSE,17622
1716776093677,paho826185606072698,topic/occupancy,METAVERSE,17272
1716776093677,paho826185606072698,topic/occupancy,METAVERSE,17202
1716776093677,paho826185606072698,topic/occupancy,METAVERSE,16470
1716776093677,paho826185606072698,topic/occupancy,METAVERSE,16470
1716776093677,paho826185606072698,topic/occupancy,METAVERSE,16454
1716776093677,paho826185606072698,topic/occupancy,METAVERSE,16358
1716776093677,paho826185606072698,topic/occupancy,METAVERSE,16222
1716776093677,paho826185606072698,topic/occupancy,METAVERSE,16162
1716776093677,paho826185606072698,topic/occupancy,METAVERSE,16142
1716776093677,paho826185606072698,topic/occupancy,METAVERSE,15558
1716776093683,paho826185606072698,topic/occupancy,METAVERSE,15544
1716776093690,paho826185606323831,topic/b/lighting,METAVERSE,47
1716776093690,paho826185599631012,topic/b/lighting,METAVERSE,47
1716776093707,paho826185599631012,topic/c/noise,METAVERSE,8
1716776093707,paho826185605560881,topic/security,METAVERSE,8
1716776093711,paho826185605560881,topic/security,METAVERSE,5
1716776093736,paho826185605560881,topic/security,METAVERSE,9
1716776093780,paho826185614342144,topic/maintenance,METAVERSE,81
1716776093781,paho826185614342144,topic/maintenance,METAVERSE,82
1716776093783,paho826185605560881,topic/security,METAVERSE,32
1716776093787,paho826185606323831,topic/b/lighting,METAVERSE,9
1716776093787,paho826185599631012,topic/b/lighting,METAVERSE,9
1716776093815,paho826185605560881,topic/security,METAVERSE,12
1716776093908,paho826185599631012,topic/b/lighting,METAVERSE,29
1716776093911,paho826185605560881,topic/security,METAVERSE,17
1716776093911,paho826185606323831,topic/b/lighting,METAVERSE,32
1716776093932,paho826185605560881,topic/security,METAVERSE,29
1716776094137,paho826185599631012,topic/c/rfid,METAVERSE,6
1716776094138,paho826185606072698,topic/queueing,METAVERSE,7
1716776094181,paho826185614342144,topic/maintenance,METAVERSE,82
1716776094214,paho826185599631012,topic/g/noise,METAVERSE,5
1716776094231,paho826185614342144,topic/maintenance,METAVERSE,22
1716776094291,paho826185599631012,topic/g/noise,METAVERSE,4
1716776094339,paho826185599631012,topic/s/noise,METAVERSE,36
1716776094362,paho826185605560881,topic/security,METAVERSE,11
1716776094424,paho826185599631012,topic/e/noise,METAVERSE,4
1716776094434,paho826185614342144,topic/maintenance,METAVERSE,147
1716776094451,paho826185599631012,topic/d/noise,METAVERSE,8
1716776094534,paho826185614342144,topic/maintenance,METAVERSE,231
1716776094579,paho826185614342144,topic/maintenance,METAVERSE,236
1716776094599,paho826185605560881,topic/security,METAVERSE,7
1716776094642,paho826185599631012,topic/v/rfid,METAVERSE,20
1716776094643,paho826185606072698,topic/queueing,METAVERSE,21
1716776094687,paho826185599631012,topic/d/noise,METAVERSE,5
1716776094732,paho826185614342144,topic/maintenance,METAVERSE,312
1716776094734,paho826185614342144,topic/maintenance,METAVERSE,291
1716776094765,paho826185599631012,topic/s/lighting,METAVERSE,14
1716776094765,paho826185605560881,topic/security,METAVERSE,10
1716776094766,paho826185606323831,topic/s/lighting,METAVERSE,15
1716776094783,paho826185614342144,topic/maintenance,METAVERSE,101
1716776094784,paho826185605560881,topic/security,METAVERSE,9
1716776094858,paho826185606323831,topic/g/lighting,METAVERSE,5
1716776094858,paho826185599631012,topic/g/lighting,METAVERSE,5
1716776094907,paho826185599631012,topic/s/noise,METAVERSE,4
1716776094913,paho826185605560881,topic/security,METAVERSE,9
1716776094943,paho826185606323831,topic/b/lighting,METAVERSE,4
1716776094943,paho826185599631012,topic/b/lighting,METAVERSE,4
1716776095007,paho826185605560881,topic/security,METAVERSE,16
1716776095022,paho826185599631012,topic/b/noise,METAVERSE,16
1716776095031,paho826185614342144,topic/maintenance,METAVERSE,140
1716776095063,paho826185606323831,topic/d/lighting,METAVERSE,5
1716776095063,paho826185599631012,topic/d/lighting,METAVERSE,5
1716776095078,paho826185605560881,topic/security,METAVERSE,6
1716776095087,paho826185614342144,topic/maintenance,METAVERSE,190
1716776095196,paho826185605560881,topic/security,METAVERSE,25
1716776095300,paho826185599631012,topic/b/noise,METAVERSE,5
1716776095304,paho826185599631012,topic/b/noise,METAVERSE,9
1716776095442,paho826185606323831,topic/e/lighting,METAVERSE,5
1716776095442,paho826185599631012,topic/e/lighting,METAVERSE,5
1716776095456,paho826185605560881,topic/security,METAVERSE,5
1716776095483,paho826185614342144,topic/maintenance,METAVERSE,580
1716776095526,paho826185605560881,topic/security,METAVERSE,15
1716776095571,paho826185605560881,topic/security,METAVERSE,7
1716776095591,paho826185605560881,topic/security,METAVERSE,8
1716776095705,paho826185605560881,topic/security,METAVERSE,6
1716776095732,paho826185605560881,topic/security,METAVERSE,29
1716776095782,paho826185605560881,topic/security,METAVERSE,11
1716776095782,paho826185614342144,topic/maintenance,METAVERSE,805
1716776095787,paho826185605560881,topic/security,METAVERSE,4
1716776095832,paho826185605560881,topic/security,METAVERSE,18
1716776095881,paho826185614342144,topic/maintenance,METAVERSE,875
1716776095882,paho826185614342144,topic/maintenance,METAVERSE,661
1716776095882,paho826185614342144,topic/maintenance,METAVERSE,615
1716776095882,paho826185614342144,topic/maintenance,METAVERSE,587
1716776095882,paho826185614342144,topic/maintenance,METAVERSE,587
1716776095882,paho826185614342144,topic/maintenance,METAVERSE,575
1716776095882,paho826185614342144,topic/maintenance,METAVERSE,579
1716776095882,paho826185614342144,topic/maintenance,METAVERSE,263
1716776095883,paho826185605560881,topic/security,METAVERSE,20
1716776095904,paho826185599631012,topic/b/noise,METAVERSE,5
1716776095935,paho826185605560881,topic/security,METAVERSE,12
1716776096031,paho826185614342144,topic/maintenance,METAVERSE,136
1716776096080,paho826185614342144,topic/maintenance,METAVERSE,181
1716776096132,paho826185614342144,topic/maintenance,METAVERSE,28
1716776096139,paho826185605560881,topic/security,METAVERSE,13
1716776096177,paho826185599631012,topic/e/noise,METAVERSE,26
1716776096231,paho826185614342144,topic/maintenance,METAVERSE,80
1716776096391,paho826185605560881,topic/security,METAVERSE,33
1716776096436,paho826185605560881,topic/security,METAVERSE,5
1716776096533,paho826185614342144,topic/maintenance,METAVERSE,189
1716776096543,paho826185599631012,topic/b/lighting,METAVERSE,12
1716776096543,paho826185606323831,topic/b/lighting,METAVERSE,12
1716776096595,paho826185605560881,topic/security,METAVERSE,8
1716776096639,paho826185605560881,topic/security,METAVERSE,11
1716776096683,paho826185614342144,topic/maintenance,METAVERSE,128
1716776096785,paho826185605560881,topic/security,METAVERSE,10
1716776096815,paho826185605560881,topic/security,METAVERSE,16
1716776096832,paho826185614342144,topic/maintenance,METAVERSE,81
1716776097011,paho826185605560881,topic/security,METAVERSE,4
1716776097083,paho826185614342144,topic/maintenance,METAVERSE,184
1716776097172,paho826185605560881,topic/security,METAVERSE,11
1716776097355,paho826185606323831,topic/s/lighting,METAVERSE,44
1716776097355,paho826185599631012,topic/s/lighting,METAVERSE,44
1716776097468,paho826185605560881,topic/security,METAVERSE,5
1716776097528,paho826185605560881,topic/security,METAVERSE,5
1716776097574,paho826185605560881,topic/security,METAVERSE,7
1716776097600,paho826185605560881,topic/security,METAVERSE,5
1716776097607,paho826185605560881,topic/security,METAVERSE,7
1716776097733,paho826185606323831,topic/e/lighting,METAVERSE,10
1716776097737,paho826185599631012,topic/e/lighting,METAVERSE,14
1716776097744,paho826185606323831,topic/g/lighting,METAVERSE,5
1716776097744,paho826185599631012,topic/g/lighting,METAVERSE,5
1716776097754,paho826185605560881,topic/security,METAVERSE,15
1716776097783,paho826185605560881,topic/security,METAVERSE,44
1716776097835,paho826185605560881,topic/security,METAVERSE,50
1716776097883,paho826185605560881,topic/security,METAVERSE,101
1716776097883,paho826185605560881,topic/security,METAVERSE,68
1716776097980,paho826185614342144,topic/maintenance,METAVERSE,86
1716776098033,paho826185605560881,topic/security,METAVERSE,18
1716776098087,paho826185605560881,topic/security,METAVERSE,6
1716776098108,paho826185606323831,topic/d/lighting,METAVERSE,4
1716776098109,paho826185599631012,topic/d/lighting,METAVERSE,5
1716776098135,paho826185606323831,topic/c/lighting,METAVERSE,12
1716776098136,paho826185599631012,topic/c/lighting,METAVERSE,13
1716776098185,paho826185614342144,topic/maintenance,METAVERSE,162
1716776098248,paho826185605560881,topic/security,METAVERSE,20
1716776098387,paho826185606323831,topic/v/lighting,METAVERSE,4
1716776098387,paho826185599631012,topic/v/lighting,METAVERSE,4
1716776098393,paho826185605560881,topic/security,METAVERSE,5
1716776098432,paho826185605560881,topic/security,METAVERSE,9
1716776098482,paho826185614342144,topic/maintenance,METAVERSE,154
1716776098520,paho826185605560881,topic/security,METAVERSE,29
1716776098530,paho826185614342144,topic/maintenance,METAVERSE,186
1716776098543,paho826185599631012,topic/v/noise,METAVERSE,23
1716776098575,paho826185606323831,topic/c/lighting,METAVERSE,5
1716776098575,paho826185599631012,topic/c/lighting,METAVERSE,5
1716776098632,paho826185614342144,topic/maintenance,METAVERSE,112
1716776098708,paho826185605560881,topic/security,METAVERSE,5
1716776098712,paho826185599631012,topic/v/rfid,METAVERSE,36
1716776098735,paho826185606072698,topic/queueing,METAVERSE,59
1716776098738,paho826185606323831,topic/b/lighting,METAVERSE,30
1716776098738,paho826185599631012,topic/b/lighting,METAVERSE,30
1716776098752,paho826185605560881,topic/security,METAVERSE,14
1716776098763,paho826185599631012,topic/c/noise,METAVERSE,4
1716776098815,paho826185605560881,topic/security,METAVERSE,14
1716776098816,paho826185606323831,topic/b/lighting,METAVERSE,15
1716776098816,paho826185599631012,topic/b/lighting,METAVERSE,15
1716776098883,paho826185614342144,topic/maintenance,METAVERSE,124
1716776098884,paho826185605560881,topic/security,METAVERSE,63
1716776098931,paho826185605560881,topic/security,METAVERSE,88
1716776098933,paho826185605560881,topic/security,METAVERSE,69
1716776098935,paho826185614342144,topic/maintenance,METAVERSE,20
1716776098952,paho826185599631012,topic/b/lighting,METAVERSE,13
1716776098953,paho826185606323831,topic/b/lighting,METAVERSE,14
1716776099030,paho826185614342144,topic/maintenance,METAVERSE,103
1716776099033,paho826185605560881,topic/security,METAVERSE,6
1716776099080,paho826185614342144,topic/maintenance,METAVERSE,133
1716776099152,paho826185605560881,topic/security,METAVERSE,5
1716776099252,paho826185599631012,topic/g/noise,METAVERSE,5
1716776099306,paho826185599631012,topic/g/noise,METAVERSE,5
1716776099331,paho826185614342144,topic/maintenance,METAVERSE,84
1716776099348,paho826185606072698,topic/queueing,METAVERSE,25
1716776099354,paho826185599631012,topic/d/rfid,METAVERSE,31
1716776099369,paho826185599631012,topic/s/noise,METAVERSE,11
1716776099380,paho826185605560881,topic/security,METAVERSE,29
1716776099384,paho826185614342144,topic/maintenance,METAVERSE,83
1716776099435,paho826185614342144,topic/maintenance,METAVERSE,77
1716776099447,paho826185599631012,topic/e/noise,METAVERSE,4
1716776099471,paho826185605560881,topic/security,METAVERSE,5
1716776099485,paho826185599631012,topic/d/noise,METAVERSE,6
1716776099542,paho826185605560881,topic/security,METAVERSE,5
1716776099580,paho826185614342144,topic/maintenance,METAVERSE,137
1716776099580,paho826185605560881,topic/security,METAVERSE,5
1716776099623,paho826185614342144,topic/maintenance,METAVERSE,144
1716776099634,paho826185605560881,topic/security,METAVERSE,5
1716776099700,paho826185599631012,topic/d/noise,METAVERSE,5
1716776099733,paho826185614342144,topic/maintenance,METAVERSE,38
1716776099781,paho826185605560881,topic/security,METAVERSE,20
1716776099791,paho826185599631012,topic/s/lighting,METAVERSE,4
1716776099792,paho826185606323831,topic/s/lighting,METAVERSE,5
1716776099808,paho826185605560881,topic/security,METAVERSE,5
1716776099824,paho826185605560881,topic/security,METAVERSE,5
1716776099847,paho826185605560881,topic/security,METAVERSE,10
1716776099895,paho826185599631012,topic/g/lighting,METAVERSE,24
1716776099895,paho826185606323831,topic/g/lighting,METAVERSE,24
1716776099931,paho826185599631012,topic/s/noise,METAVERSE,4
1716776099975,paho826185599631012,topic/b/lighting,METAVERSE,12
1716776099976,paho826185606323831,topic/b/lighting,METAVERSE,13
1716776099983,paho826185614342144,topic/maintenance,METAVERSE,271
1716776100023,paho826185614342144,topic/maintenance,METAVERSE,96
1716776100042,paho826185605560881,topic/security,METAVERSE,15
1716776100046,paho826185614342144,topic/maintenance,METAVERSE,37
1716776100055,paho826185599631012,topic/b/noise,METAVERSE,4
1716776100095,paho826185599631012,topic/d/lighting,METAVERSE,21
1716776100095,paho826185606323831,topic/d/lighting,METAVERSE,21
1716776100180,paho826185614342144,topic/maintenance,METAVERSE,129
1716776100259,paho826185599631012,topic/s/rfid,METAVERSE,24
1716776100260,paho826185606072698,topic/queueing,METAVERSE,25
1716776100303,paho826185599631012,topic/b/noise,METAVERSE,5
1716776100306,paho826185599631012,topic/b/noise,METAVERSE,8
1716776100334,paho826185614342144,topic/maintenance,METAVERSE,36
1716776100360,paho826185605560881,topic/security,METAVERSE,5
1716776100403,paho826185605560881,topic/security,METAVERSE,5
1716776100463,paho826185599631012,topic/e/lighting,METAVERSE,4
1716776100464,paho826185606323831,topic/e/lighting,METAVERSE,5
1716776100482,paho826185614342144,topic/maintenance,METAVERSE,184
1716776100680,paho826185614342144,topic/maintenance,METAVERSE,297
1716776100788,paho826185605560881,topic/security,METAVERSE,14
1716776100833,paho826185605560881,topic/security,METAVERSE,10
1716776100887,paho826185605560881,topic/security,METAVERSE,32
1716776100905,paho826185599631012,topic/b/noise,METAVERSE,4
1716776100934,paho826185605560881,topic/security,METAVERSE,89
1716776100981,paho826185614342144,topic/maintenance,METAVERSE,80
1716776101083,paho826185614342144,topic/maintenance,METAVERSE,160
1716776101084,paho826185605560881,topic/security,METAVERSE,9
1716776101206,paho826185599631012,topic/e/noise,METAVERSE,5
1716776101233,paho826185614342144,topic/maintenance,METAVERSE,32
1716776101279,paho826185605560881,topic/security,METAVERSE,7
1716776101330,paho826185614342144,topic/maintenance,METAVERSE,83
1716776101381,paho826185614342144,topic/maintenance,METAVERSE,54
1716776101507,paho826185605560881,topic/security,METAVERSE,18
1716776101531,paho826185614342144,topic/maintenance,METAVERSE,184
1716776101551,paho826185605560881,topic/security,METAVERSE,12
1716776101586,paho826185605560881,topic/security,METAVERSE,5
1716776101592,paho826185599631012,topic/b/lighting,METAVERSE,4
1716776101593,paho826185606323831,topic/b/lighting,METAVERSE,5
1716776101687,paho826185605560881,topic/security,METAVERSE,5
1716776101742,paho826185605560881,topic/security,METAVERSE,6
1716776101751,paho826185599631012,topic/v/rfid,METAVERSE,25
1716776101783,paho826185606072698,topic/queueing,METAVERSE,57
1716776101784,paho826185605560881,topic/security,METAVERSE,9
1716776101835,paho826185605560881,topic/security,METAVERSE,29
1716776101882,paho826185605560881,topic/security,METAVERSE,56
1716776101923,paho826185605560881,topic/security,METAVERSE,60
1716776101980,paho826185605560881,topic/security,METAVERSE,113
1716776102081,paho826185605560881,topic/security,METAVERSE,6
1716776102179,paho826185605560881,topic/security,METAVERSE,6
1716776102180,paho826185614342144,topic/maintenance,METAVERSE,229
1716776102231,paho826185605560881,topic/security,METAVERSE,36
1716776102280,paho826185614342144,topic/maintenance,METAVERSE,312
1716776102330,paho826185614342144,topic/maintenance,METAVERSE,119
1716776102395,paho826185599631012,topic/s/lighting,METAVERSE,24
1716776102395,paho826185606323831,topic/s/lighting,METAVERSE,24
1716776102408,paho826185605560881,topic/security,METAVERSE,5
1716776102430,paho826185614342144,topic/maintenance,METAVERSE,55
1716776102457,paho826185605560881,topic/security,METAVERSE,6
1716776102481,paho826185614342144,topic/maintenance,METAVERSE,70
1716776102760,paho826185599631012,topic/e/lighting,METAVERSE,5
1716776102761,paho826185605560881,topic/security,METAVERSE,10
1716776102761,paho826185606323831,topic/e/lighting,METAVERSE,6
1716776102768,paho826185599631012,topic/g/lighting,METAVERSE,8
1716776102768,paho826185606323831,topic/g/lighting,METAVERSE,8
1716776102835,paho826185605560881,topic/security,METAVERSE,49
1716776102835,paho826185605560881,topic/security,METAVERSE,44
1716776102858,paho826185605560881,topic/security,METAVERSE,29
1716776102931,paho826185605560881,topic/security,METAVERSE,75
1716776102975,paho826185605560881,topic/security,METAVERSE,116
1716776102981,paho826185614342144,topic/maintenance,METAVERSE,124
1716776103032,paho826185614342144,topic/maintenance,METAVERSE,137
1716776103082,paho826185605560881,topic/security,METAVERSE,6
1716776103167,paho826185606323831,topic/d/lighting,METAVERSE,37
1716776103167,paho826185599631012,topic/d/lighting,METAVERSE,37
1716776103180,paho826185614342144,topic/maintenance,METAVERSE,265
1716776103193,paho826185606323831,topic/c/lighting,METAVERSE,30
1716776103194,paho826185599631012,topic/c/lighting,METAVERSE,31
1716776103384,paho826185614342144,topic/maintenance,METAVERSE,429
1716776103423,paho826185606323831,topic/v/lighting,METAVERSE,4
1716776103424,paho826185599631012,topic/v/lighting,METAVERSE,5
1716776103469,paho826185605560881,topic/security,METAVERSE,27
1716776103479,paho826185614342144,topic/maintenance,METAVERSE,524
1716776103480,paho826185614342144,topic/maintenance,METAVERSE,386
1716776103517,paho826185605560881,topic/security,METAVERSE,5
1716776103557,paho826185605560881,topic/security,METAVERSE,5
1716776103575,paho826185599631012,topic/v/noise,METAVERSE,8
1716776103603,paho826185606323831,topic/c/lighting,METAVERSE,8
1716776103603,paho826185599631012,topic/c/lighting,METAVERSE,8
1716776103684,paho826185605560881,topic/security,METAVERSE,81
1716776103735,paho826185614342144,topic/maintenance,METAVERSE,620
1716776103742,paho826185606323831,topic/b/lighting,METAVERSE,4
1716776103742,paho826185599631012,topic/b/lighting,METAVERSE,4
1716776103775,paho826185599631012,topic/v/rfid,METAVERSE,8
1716776103783,paho826185605560881,topic/security,METAVERSE,84
1716776103783,paho826185606072698,topic/queueing,METAVERSE,16
1716776103783,paho826185614342144,topic/maintenance,METAVERSE,651
1716776103784,paho826185614342144,topic/maintenance,METAVERSE,477
1716776103795,paho826185599631012,topic/c/noise,METAVERSE,4
1716776103826,paho826185606323831,topic/b/lighting,METAVERSE,11
1716776103827,paho826185599631012,topic/b/lighting,METAVERSE,12
1716776103882,paho826185605560881,topic/security,METAVERSE,99
1716776103893,paho826185605560881,topic/security,METAVERSE,42
1716776103939,paho826185605560881,topic/security,METAVERSE,84
1716776103988,paho826185606323831,topic/b/lighting,METAVERSE,41
1716776103989,paho826185599631012,topic/b/lighting,METAVERSE,42
1716776104030,paho826185614342144,topic/maintenance,METAVERSE,463
1716776104032,paho826185605560881,topic/security,METAVERSE,141
1716776104078,paho826185605560881,topic/security,METAVERSE,131
1716776104082,paho826185614342144,topic/maintenance,METAVERSE,459
1716776104119,paho826185605560881,topic/security,METAVERSE,42
1716776104259,paho826185599631012,topic/g/noise,METAVERSE,4
1716776104280,paho826185605560881,topic/security,METAVERSE,6
1716776104281,paho826185614342144,topic/maintenance,METAVERSE,677
1716776104311,paho826185599631012,topic/s/rfid,METAVERSE,12
1716776104311,paho826185614342144,topic/maintenance,METAVERSE,668
1716776104311,paho826185614342144,topic/maintenance,METAVERSE,656
1716776104312,paho826185606072698,topic/queueing,METAVERSE,13
1716776104315,paho826185599631012,topic/g/noise,METAVERSE,8
1716776104324,paho826185606072698,topic/occupancy,METAVERSE,25863
1716776104324,paho826185606072698,topic/occupancy,METAVERSE,25825
1716776104324,paho826185606072698,topic/occupancy,METAVERSE,25237
1716776104324,paho826185606072698,topic/occupancy,METAVERSE,25057
1716776104324,paho826185606072698,topic/occupancy,METAVERSE,25061
1716776104324,paho826185606072698,topic/occupancy,METAVERSE,25061
1716776104324,paho826185606072698,topic/occupancy,METAVERSE,24947
1716776104325,paho826185606072698,topic/occupancy,METAVERSE,24822
1716776104325,paho826185606072698,topic/occupancy,METAVERSE,24762
1716776104325,paho826185606072698,topic/occupancy,METAVERSE,24738
1716776104325,paho826185606072698,topic/occupancy,METAVERSE,24146
1716776104325,paho826185606072698,topic/occupancy,METAVERSE,23942
1716776104325,paho826185606072698,topic/occupancy,METAVERSE,23831
1716776104325,paho826185606072698,topic/occupancy,METAVERSE,23810
1716776104325,paho826185606072698,topic/occupancy,METAVERSE,22962
1716776104325,paho826185606072698,topic/occupancy,METAVERSE,22963
1716776104325,paho826185606072698,topic/occupancy,METAVERSE,23040
1716776104325,paho826185606072698,topic/occupancy,METAVERSE,22898
1716776104325,paho826185606072698,topic/occupancy,METAVERSE,22908
1716776104325,paho826185606072698,topic/occupancy,METAVERSE,22781
1716776104325,paho826185606072698,topic/occupancy,METAVERSE,22749
1716776104326,paho826185606072698,topic/occupancy,METAVERSE,22673
1716776104326,paho826185606072698,topic/occupancy,METAVERSE,22135
1716776104326,paho826185606072698,topic/occupancy,METAVERSE,21810
1716776104326,paho826185606072698,topic/occupancy,METAVERSE,21809
1716776104326,paho826185606072698,topic/occupancy,METAVERSE,20957
1716776104326,paho826185606072698,topic/occupancy,METAVERSE,20957
1716776104326,paho826185606072698,topic/occupancy,METAVERSE,20895
1716776104326,paho826185606072698,topic/occupancy,METAVERSE,20879
1716776104326,paho826185606072698,topic/occupancy,METAVERSE,20723
1716776104326,paho826185606072698,topic/occupancy,METAVERSE,20770
1716776104326,paho826185606072698,topic/occupancy,METAVERSE,20666
1716776104326,paho826185606072698,topic/occupancy,METAVERSE,20231
1716776104327,paho826185606072698,topic/occupancy,METAVERSE,20108
1716776104427,paho826185599631012,topic/s/noise,METAVERSE,30
1716776104432,paho826185605560881,topic/security,METAVERSE,5
1716776104480,paho826185614342144,topic/maintenance,METAVERSE,689
1716776104480,paho826185614342144,topic/maintenance,METAVERSE,408
1716776104480,paho826185614342144,topic/maintenance,METAVERSE,274
1716776104495,paho826185599631012,topic/e/noise,METAVERSE,4
1716776104523,paho826185599631012,topic/d/noise,METAVERSE,4
1716776104534,paho826185614342144,topic/maintenance,METAVERSE,279
1716776104707,paho826185599631012,topic/d/noise,METAVERSE,8
1716776104772,paho826185605560881,topic/security,METAVERSE,16
1716776104780,paho826185614342144,topic/maintenance,METAVERSE,473
1716776104780,paho826185614342144,topic/maintenance,METAVERSE,383
1716776104780,paho826185614342144,topic/maintenance,METAVERSE,347
1716776104780,paho826185614342144,topic/maintenance,METAVERSE,352
1716776104800,paho826185605560881,topic/security,METAVERSE,5
1716776104807,paho826185599631012,topic/s/lighting,METAVERSE,11
1716776104807,paho826185606323831,topic/s/lighting,METAVERSE,11
1716776104884,paho826185605560881,topic/security,METAVERSE,8
1716776104905,paho826185606323831,topic/g/lighting,METAVERSE,14
1716776104905,paho826185599631012,topic/g/lighting,METAVERSE,14
1716776104930,paho826185605560881,topic/security,METAVERSE,39
1716776104945,paho826185599631012,topic/s/noise,METAVERSE,5
1716776104975,paho826185605560881,topic/security,METAVERSE,60
1716776104989,paho826185606323831,topic/b/lighting,METAVERSE,6
1716776104989,paho826185599631012,topic/b/lighting,METAVERSE,6
1716776105084,paho826185599631012,topic/b/noise,METAVERSE,5
1716776105113,paho826185605560881,topic/security,METAVERSE,6
1716776105116,paho826185606323831,topic/d/lighting,METAVERSE,5
1716776105116,paho826185599631012,topic/d/lighting,METAVERSE,5
1716776105200,paho826185605560881,topic/security,METAVERSE,5
1716776105244,paho826185605560881,topic/security,METAVERSE,9
1716776105319,paho826185599631012,topic/b/noise,METAVERSE,8
1716776105321,paho826185599631012,topic/b/noise,METAVERSE,10
1716776105335,paho826185614342144,topic/maintenance,METAVERSE,844
1716776105382,paho826185614342144,topic/maintenance,METAVERSE,863
1716776105400,paho826185605560881,topic/security,METAVERSE,19
1716776105471,paho826185606323831,topic/e/lighting,METAVERSE,8
1716776105471,paho826185599631012,topic/e/lighting,METAVERSE,8
1716776105479,paho826185614342144,topic/maintenance,METAVERSE,960
1716776105480,paho826185614342144,topic/maintenance,METAVERSE,873
1716776105481,paho826185614342144,topic/maintenance,METAVERSE,842
1716776105524,paho826185605560881,topic/security,METAVERSE,5
1716776105559,paho826185605560881,topic/security,METAVERSE,6
1716776105580,paho826185614342144,topic/maintenance,METAVERSE,881
1716776105580,paho826185614342144,topic/maintenance,METAVERSE,917
1716776105581,paho826185614342144,topic/maintenance,METAVERSE,774
1716776105581,paho826185614342144,topic/maintenance,METAVERSE,681
1716776105581,paho826185614342144,topic/maintenance,METAVERSE,666
1716776105581,paho826185614342144,topic/maintenance,METAVERSE,650
1716776105581,paho826185614342144,topic/maintenance,METAVERSE,641
1716776105581,paho826185614342144,topic/maintenance,METAVERSE,614
1716776105581,paho826185614342144,topic/maintenance,METAVERSE,570
1716776105596,paho826185605560881,topic/security,METAVERSE,29
1716776105610,paho826185605560881,topic/security,METAVERSE,4
1716776105635,paho826185614342144,topic/maintenance,METAVERSE,556
1716776105683,paho826185614342144,topic/maintenance,METAVERSE,440
1716776105714,paho826185605560881,topic/security,METAVERSE,6
1716776105732,paho826185614342144,topic/maintenance,METAVERSE,421
1716776105796,paho826185605560881,topic/security,METAVERSE,5
1716776105880,paho826185605560881,topic/security,METAVERSE,19
1716776105881,paho826185605560881,topic/security,METAVERSE,25
1716776105881,paho826185614342144,topic/maintenance,METAVERSE,570
1716776105896,paho826185605560881,topic/security,METAVERSE,5
1716776105908,paho826185599631012,topic/b/noise,METAVERSE,5
1716776105935,paho826185605560881,topic/security,METAVERSE,32
1716776105983,paho826185614342144,topic/maintenance,METAVERSE,260
1716776106033,paho826185614342144,topic/maintenance,METAVERSE,241
1716776106120,paho826185605560881,topic/security,METAVERSE,5
1716776106231,paho826185599631012,topic/e/noise,METAVERSE,12
1716776106329,paho826185605560881,topic/security,METAVERSE,45
1716776106368,paho826185605560881,topic/security,METAVERSE,6
1716776106430,paho826185614342144,topic/maintenance,METAVERSE,527
1716776106430,paho826185614342144,topic/maintenance,METAVERSE,487
1716776106431,paho826185614342144,topic/maintenance,METAVERSE,460
1716776106431,paho826185614342144,topic/maintenance,METAVERSE,212
1716776106449,paho826185605560881,topic/security,METAVERSE,6
1716776106488,paho826185605560881,topic/security,METAVERSE,5
1716776106490,paho826185614342144,topic/maintenance,METAVERSE,10
1716776106572,paho826185605560881,topic/security,METAVERSE,16
1716776106596,paho826185606323831,topic/b/lighting,METAVERSE,5
1716776106596,paho826185599631012,topic/b/lighting,METAVERSE,5
1716776106775,paho826185605560881,topic/security,METAVERSE,14
1716776106805,paho826185605560881,topic/security,METAVERSE,6
1716776106904,paho826185605560881,topic/security,METAVERSE,5
1716776106932,paho826185605560881,topic/security,METAVERSE,29
1716776107033,paho826185614342144,topic/maintenance,METAVERSE,6
1716776107141,paho826185605560881,topic/security,METAVERSE,6
1716776107303,paho826185614342144,topic/maintenance,METAVERSE,8
1716776107303,paho826185605560881,topic/security,METAVERSE,8
1716776107410,paho826185606323831,topic/s/lighting,METAVERSE,5
1716776107410,paho826185599631012,topic/s/lighting,METAVERSE,5
1716776107530,paho826185605560881,topic/security,METAVERSE,7
1716776107580,paho826185605560881,topic/security,METAVERSE,5
1716776107623,paho826185605560881,topic/security,METAVERSE,4
1716776107679,paho826185614342144,topic/maintenance,METAVERSE,348
1716776107723,paho826185614342144,topic/maintenance,METAVERSE,348
1716776107755,paho826185605560881,topic/security,METAVERSE,12
1716776107775,paho826185606323831,topic/g/lighting,METAVERSE,7
1716776107775,paho826185599631012,topic/g/lighting,METAVERSE,7
1716776107779,paho826185606323831,topic/e/lighting,METAVERSE,7
1716776107779,paho826185599631012,topic/e/lighting,METAVERSE,7
1716776107784,paho826185605560881,topic/security,METAVERSE,5
1716776107831,paho826185605560881,topic/security,METAVERSE,36
1716776107890,paho826185605560881,topic/security,METAVERSE,6
1716776107930,paho826185605560881,topic/security,METAVERSE,19
1716776107983,paho826185605560881,topic/security,METAVERSE,60
1716776108023,paho826185605560881,topic/security,METAVERSE,88
1716776108108,paho826185605560881,topic/security,METAVERSE,39
1716776108142,paho826185605560881,topic/security,METAVERSE,6
1716776108176,paho826185599631012,topic/c/rfid,METAVERSE,13
1716776108182,paho826185606072698,topic/queueing,METAVERSE,19
1716776108194,paho826185606323831,topic/c/lighting,METAVERSE,4
1716776108195,paho826185599631012,topic/c/lighting,METAVERSE,5
1716776108211,paho826185606323831,topic/d/lighting,METAVERSE,4
1716776108212,paho826185599631012,topic/d/lighting,METAVERSE,5
1716776108231,paho826185605560881,topic/security,METAVERSE,19
1716776108232,paho826185614342144,topic/maintenance,METAVERSE,269
1716776108459,paho826185606323831,topic/v/lighting,METAVERSE,4
1716776108460,paho826185599631012,topic/v/lighting,METAVERSE,5
1716776108468,paho826185605560881,topic/security,METAVERSE,5
1716776108485,paho826185605560881,topic/security,METAVERSE,6
1716776108512,paho826185605560881,topic/security,METAVERSE,5
1716776108600,paho826185599631012,topic/v/noise,METAVERSE,21
1716776108630,paho826185606323831,topic/c/lighting,METAVERSE,4
1716776108630,paho826185599631012,topic/c/lighting,METAVERSE,4
1716776108768,paho826185606323831,topic/b/lighting,METAVERSE,9
1716776108768,paho826185599631012,topic/b/lighting,METAVERSE,9
1716776108779,paho826185614342144,topic/maintenance,METAVERSE,280
1716776108808,paho826185599631012,topic/c/noise,METAVERSE,9
1716776108827,paho826185605560881,topic/security,METAVERSE,8
1716776108830,paho826185614342144,topic/maintenance,METAVERSE,251
1716776108871,paho826185606323831,topic/b/lighting,METAVERSE,4
1716776108871,paho826185599631012,topic/b/lighting,METAVERSE,4
1716776108871,paho826185614342144,topic/maintenance,METAVERSE,270
1716776108871,paho826185614342144,topic/maintenance,METAVERSE,265
1716776108871,paho826185614342144,topic/maintenance,METAVERSE,229
1716776108871,paho826185614342144,topic/maintenance,METAVERSE,72
1716776108981,paho826185605560881,topic/security,METAVERSE,66
1716776108983,paho826185605560881,topic/security,METAVERSE,58
1716776109007,paho826185606323831,topic/b/lighting,METAVERSE,4
1716776109007,paho826185599631012,topic/b/lighting,METAVERSE,4
1716776109131,paho826185614342144,topic/maintenance,METAVERSE,95
1716776109160,paho826185605560881,topic/security,METAVERSE,8
1716776109182,paho826185614342144,topic/maintenance,METAVERSE,56
1716776109275,paho826185599631012,topic/g/noise,METAVERSE,5
1716776109333,paho826185614342144,topic/maintenance,METAVERSE,66
1716776109334,paho826185614342144,topic/maintenance,METAVERSE,64
1716776109339,paho826185599631012,topic/s/rfid,METAVERSE,5
1716776109340,paho826185606072698,topic/queueing,METAVERSE,6
1716776109343,paho826185599631012,topic/g/noise,METAVERSE,11
1716776109382,paho826185605560881,topic/security,METAVERSE,7
1716776109431,paho826185614342144,topic/maintenance,METAVERSE,99
1716776109475,paho826185599631012,topic/s/noise,METAVERSE,5
1716776109513,paho826185599631012,topic/e/noise,METAVERSE,6
1716776109524,paho826185599631012,topic/d/noise,METAVERSE,4
1716776109551,paho826185605560881,topic/security,METAVERSE,20
1716776109582,paho826185605560881,topic/security,METAVERSE,6
1716776109635,paho826185614342144,topic/maintenance,METAVERSE,165
1716776109641,paho826185605560881,topic/security,METAVERSE,6
1716776109652,paho826185614342144,topic/maintenance,METAVERSE,145
1716776109652,paho826185614342144,topic/maintenance,METAVERSE,132
1716776109652,paho826185614342144,topic/maintenance,METAVERSE,151
1716776109695,paho826185614342144,topic/maintenance,METAVERSE,52
1716776109727,paho826185599631012,topic/d/noise,METAVERSE,8
1716776109764,paho826185605560881,topic/security,METAVERSE,5
1716776109784,paho826185605560881,topic/security,METAVERSE,5
1716776109806,paho826185599631012,topic/v/rfid,METAVERSE,5
1716776109807,paho826185606072698,topic/queueing,METAVERSE,6
1716776109832,paho826185605560881,topic/security,METAVERSE,30
1716776109832,paho826185614342144,topic/maintenance,METAVERSE,113
1716776109832,paho826185599631012,topic/s/lighting,METAVERSE,9
1716776109833,paho826185606323831,topic/s/lighting,METAVERSE,10
1716776109868,paho826185605560881,topic/security,METAVERSE,5
1716776109912,paho826185605560881,topic/security,METAVERSE,5
1716776109916,paho826185606323831,topic/g/lighting,METAVERSE,15
1716776109929,paho826185599631012,topic/g/lighting,METAVERSE,28
1716776109949,paho826185599631012,topic/s/noise,METAVERSE,6
1716776109959,paho826185605560881,topic/security,METAVERSE,4
1716776109979,paho826185605560881,topic/security,METAVERSE,4
1716776109985,paho826185614342144,topic/maintenance,METAVERSE,90
1716776109985,paho826185614342144,topic/maintenance,METAVERSE,42
1716776109989,paho826185605560881,topic/security,METAVERSE,18
1716776110003,paho826185606323831,topic/b/lighting,METAVERSE,4
1716776110003,paho826185599631012,topic/b/lighting,METAVERSE,4
1716776110081,paho826185614342144,topic/maintenance,METAVERSE,26
1716776110085,paho826185599631012,topic/b/noise,METAVERSE,5
1716776110131,paho826185614342144,topic/maintenance,METAVERSE,51
1716776110156,paho826185606323831,topic/d/lighting,METAVERSE,4
1716776110157,paho826185599631012,topic/d/lighting,METAVERSE,5
1716776110183,paho826185605560881,topic/security,METAVERSE,5
1716776110319,paho826185605560881,topic/security,METAVERSE,8
1716776110336,paho826185599631012,topic/b/noise,METAVERSE,17
1716776110338,paho826185599631012,topic/b/noise,METAVERSE,19
1716776110380,paho826185614342144,topic/maintenance,METAVERSE,96
1716776110479,paho826185606323831,topic/e/lighting,METAVERSE,4
1716776110480,paho826185599631012,topic/e/lighting,METAVERSE,5
1716776110504,paho826185605560881,topic/security,METAVERSE,40
1716776110533,paho826185614342144,topic/maintenance,METAVERSE,214
1716776110684,paho826185614342144,topic/maintenance,METAVERSE,365
1716776110735,paho826185614342144,topic/maintenance,METAVERSE,232
1716776110825,paho826185605560881,topic/security,METAVERSE,5
1716776110836,paho826185605560881,topic/security,METAVERSE,9
1716776110915,paho826185599631012,topic/b/noise,METAVERSE,5
1716776110936,paho826185605560881,topic/security,METAVERSE,5
1716776110955,paho826185605560881,topic/security,METAVERSE,4
1716776110979,paho826185614342144,topic/maintenance,METAVERSE,69
1716776110996,paho826185605560881,topic/security,METAVERSE,5
1716776111080,paho826185614342144,topic/maintenance,METAVERSE,44
1716776111192,paho826185605560881,topic/security,METAVERSE,5
1716776111217,paho826185605560881,topic/security,METAVERSE,5
1716776111242,paho826185599631012,topic/e/noise,METAVERSE,10
1716776111250,paho826185605560881,topic/security,METAVERSE,5
1716776111282,paho826185614342144,topic/maintenance,METAVERSE,50
1716776111375,paho826185599631012,topic/s/rfid,METAVERSE,12
1716776111376,paho826185606072698,topic/queueing,METAVERSE,13
1716776111575,paho826185605560881,topic/security,METAVERSE,10
1716776111580,paho826185605560881,topic/security,METAVERSE,4
1716776111607,paho826185599631012,topic/b/lighting,METAVERSE,15
1716776111607,paho826185606323831,topic/b/lighting,METAVERSE,15
1716776111667,paho826185605560881,topic/security,METAVERSE,8
1716776111682,paho826185614342144,topic/maintenance,METAVERSE,24
1716776111772,paho826185605560881,topic/security,METAVERSE,5
1716776111839,paho826185605560881,topic/security,METAVERSE,8
1716776111882,paho826185614342144,topic/maintenance,METAVERSE,19
1716776111937,paho826185605560881,topic/security,METAVERSE,5
1716776111973,paho826185605560881,topic/security,METAVERSE,4
1716776112032,paho826185605560881,topic/security,METAVERSE,41
1716776112085,paho826185614342144,topic/maintenance,METAVERSE,15
1716776112183,paho826185605560881,topic/security,METAVERSE,74
1716776112232,paho826185605560881,topic/security,METAVERSE,29
1716776112404,paho826185605560881,topic/security,METAVERSE,21
1716776112431,paho826185599631012,topic/s/lighting,METAVERSE,8
1716776112432,paho826185606323831,topic/s/lighting,METAVERSE,9
1716776112560,paho826185605560881,topic/security,METAVERSE,5
1716776112581,paho826185614342144,topic/maintenance,METAVERSE,184
1716776112731,paho826185614342144,topic/maintenance,METAVERSE,203
1716776112731,paho826185614342144,topic/maintenance,METAVERSE,73
1716776112779,paho826185606323831,topic/e/lighting,METAVERSE,4
1716776112783,paho826185599631012,topic/e/lighting,METAVERSE,8
1716776112791,paho826185606323831,topic/g/lighting,METAVERSE,4
1716776112792,paho826185599631012,topic/g/lighting,METAVERSE,5
1716776112816,paho826185605560881,topic/security,METAVERSE,13
1716776112848,paho826185605560881,topic/security,METAVERSE,8
1716776112882,paho826185605560881,topic/security,METAVERSE,31
1716776112951,paho826185605560881,topic/security,METAVERSE,32
1716776113004,paho826185605560881,topic/security,METAVERSE,5
1716776113007,paho826185605560881,topic/security,METAVERSE,24
1716776113082,paho826185614342144,topic/maintenance,METAVERSE,45
1716776113195,paho826185606323831,topic/c/lighting,METAVERSE,4
1716776113195,paho826185599631012,topic/c/lighting,METAVERSE,4
1716776113225,paho826185605560881,topic/security,METAVERSE,14
1716776113279,paho826185606323831,topic/d/lighting,METAVERSE,12
1716776113279,paho826185599631012,topic/d/lighting,METAVERSE,12
1716776113336,paho826185605560881,topic/security,METAVERSE,21
1716776113342,paho826185614342144,topic/maintenance,METAVERSE,27
1716776113460,paho826185606323831,topic/v/lighting,METAVERSE,4
1716776113460,paho826185599631012,topic/v/lighting,METAVERSE,4
1716776113492,paho826185605560881,topic/security,METAVERSE,5
1716776113581,paho826185605560881,topic/security,METAVERSE,4
1716776113583,paho826185614342144,topic/maintenance,METAVERSE,202
1716776113593,paho826185605560881,topic/security,METAVERSE,6
1716776113614,paho826185599631012,topic/v/noise,METAVERSE,15
1716776113635,paho826185614342144,topic/maintenance,METAVERSE,282
1716776113640,paho826185605560881,topic/security,METAVERSE,7
1716776113640,paho826185606323831,topic/c/lighting,METAVERSE,5
1716776113640,paho826185599631012,topic/c/lighting,METAVERSE,5
1716776113671,paho826185614342144,topic/maintenance,METAVERSE,196
1716776113682,paho826185614342144,topic/maintenance,METAVERSE,83
1716776113731,paho826185605560881,topic/security,METAVERSE,71
1716776113769,paho826185606323831,topic/b/lighting,METAVERSE,4
1716776113769,paho826185599631012,topic/b/lighting,METAVERSE,4
1716776113774,paho826185605560881,topic/security,METAVERSE,5
1716776113818,paho826185599631012,topic/v/rfid,METAVERSE,11
1716776113820,paho826185606072698,topic/queueing,METAVERSE,13
1716776113822,paho826185614342144,topic/maintenance,METAVERSE,7
1716776113822,paho826185599631012,topic/c/noise,METAVERSE,7
1716776113843,paho826185605560881,topic/security,METAVERSE,12
1716776113879,paho826185605560881,topic/security,METAVERSE,11
1716776113886,paho826185606323831,topic/b/lighting,METAVERSE,7
1716776113887,paho826185599631012,topic/b/lighting,METAVERSE,8
1716776113945,paho826185605560881,topic/security,METAVERSE,12
1716776113981,paho826185605560881,topic/security,METAVERSE,45
1716776114027,paho826185605560881,topic/security,METAVERSE,57
1716776114033,paho826185606323831,topic/b/lighting,METAVERSE,4
1716776114033,paho826185599631012,topic/b/lighting,METAVERSE,4
1716776114035,paho826185605560881,topic/security,METAVERSE,62
1716776114081,paho826185605560881,topic/security,METAVERSE,54
1716776114233,paho826185614342144,topic/maintenance,METAVERSE,142
1716776114240,paho826185605560881,topic/security,METAVERSE,18
1716776114248,paho826185599631012,topic/c/rfid,METAVERSE,4
1716776114277,paho826185599631012,topic/g/noise,METAVERSE,4
1716776114284,paho826185606072698,topic/queueing,METAVERSE,40
1716776114284,paho826185605560881,topic/security,METAVERSE,25
1716776114335,paho826185614342144,topic/maintenance,METAVERSE,62
1716776114348,paho826185599631012,topic/g/noise,METAVERSE,4
1716776114411,paho826185599631012,topic/d/rfid,METAVERSE,5
1716776114412,paho826185606072698,topic/queueing,METAVERSE,6
1716776114523,paho826185599631012,topic/s/noise,METAVERSE,4
1716776114535,paho826185614342144,topic/maintenance,METAVERSE,191
1716776114551,paho826185599631012,topic/e/noise,METAVERSE,4
1716776114559,paho826185599631012,topic/d/noise,METAVERSE,4
1716776114563,paho826185605560881,topic/security,METAVERSE,4
1716776114680,paho826185614342144,topic/maintenance,METAVERSE,161
1716776114731,paho826185614342144,topic/maintenance,METAVERSE,184
1716776114732,paho826185614342144,topic/maintenance,METAVERSE,185
1716776114757,paho826185599631012,topic/d/noise,METAVERSE,4
1716776114780,paho826185614342144,topic/maintenance,METAVERSE,225
1716776114831,paho826185614342144,topic/maintenance,METAVERSE,78
1716776114846,paho826185605560881,topic/security,METAVERSE,4
1716776114867,paho826185599631012,topic/s/lighting,METAVERSE,4
1716776114868,paho826185606323831,topic/s/lighting,METAVERSE,5
1716776114927,paho826185606323831,topic/g/lighting,METAVERSE,14
1716776114927,paho826185599631012,topic/g/lighting,METAVERSE,14
1716776114959,paho826185599631012,topic/s/noise,METAVERSE,4
1716776115012,paho826185599631012,topic/b/lighting,METAVERSE,5
1716776115013,paho826185605560881,topic/security,METAVERSE,9
1716776115013,paho826185606323831,topic/b/lighting,METAVERSE,6
1716776115036,paho826185614342144,topic/maintenance,METAVERSE,114
1716776115043,paho826185605560881,topic/security,METAVERSE,12
1716776115086,paho826185599631012,topic/b/noise,METAVERSE,5
1716776115181,paho826185599631012,topic/d/lighting,METAVERSE,7
1716776115181,paho826185606323831,topic/d/lighting,METAVERSE,7
1716776115182,paho826185614342144,topic/maintenance,METAVERSE,227
1716776115231,paho826185614342144,topic/maintenance,METAVERSE,228
1716776115276,paho826185605560881,topic/security,METAVERSE,5
1716776115282,paho826185614342144,topic/maintenance,METAVERSE,245
1716776115283,paho826185614342144,topic/maintenance,METAVERSE,202
1716776115360,paho826185599631012,topic/b/noise,METAVERSE,9
1716776115362,paho826185599631012,topic/b/noise,METAVERSE,11
1716776115380,paho826185614342144,topic/maintenance,METAVERSE,29
1716776115479,paho826185614342144,topic/maintenance,METAVERSE,128
1716776115488,paho826185599631012,topic/e/lighting,METAVERSE,4
1716776115488,paho826185606323831,topic/e/lighting,METAVERSE,4
1716776115582,paho826185605560881,topic/security,METAVERSE,5
1716776115703,paho826185605560881,topic/security,METAVERSE,38
1716776115706,paho826185605560881,topic/security,METAVERSE,4
1716776115734,paho826185614342144,topic/maintenance,METAVERSE,43
1716776115799,paho826185605560881,topic/security,METAVERSE,29
1716776115864,paho826185605560881,topic/security,METAVERSE,5
1716776115881,paho826185605560881,topic/security,METAVERSE,17
1716776115931,paho826185599631012,topic/b/noise,METAVERSE,4
1716776115976,paho826185605560881,topic/security,METAVERSE,5
1716776115991,paho826185605560881,topic/security,METAVERSE,4
1716776116031,paho826185614342144,topic/maintenance,METAVERSE,104
1716776116034,paho826185614342144,topic/maintenance,METAVERSE,11
1716776116043,paho826185605560881,topic/security,METAVERSE,4
1716776116232,paho826185614342144,topic/maintenance,METAVERSE,64
1716776116255,paho826185599631012,topic/e/noise,METAVERSE,5
1716776116308,paho826185605560881,topic/security,METAVERSE,5
1716776116325,paho826185605560881,topic/security,METAVERSE,6
1716776116332,paho826185614342144,topic/maintenance,METAVERSE,82
1716776116564,paho826185605560881,topic/security,METAVERSE,4
1716776116580,paho826185614342144,topic/maintenance,METAVERSE,27
1716776116630,paho826185599631012,topic/b/lighting,METAVERSE,4
1716776116631,paho826185606323831,topic/b/lighting,METAVERSE,5
1716776116850,paho826185605560881,topic/security,METAVERSE,7
1716776116934,paho826185605560881,topic/security,METAVERSE,10
1716776116976,paho826185605560881,topic/security,METAVERSE,5
1716776117040,paho826185605560881,topic/security,METAVERSE,5
1716776117103,paho826185605560881,topic/security,METAVERSE,8
1716776117180,paho826185614342144,topic/maintenance,METAVERSE,142
1716776117281,paho826185605560881,topic/security,METAVERSE,6
1716776117328,paho826185605560881,topic/security,METAVERSE,5
1716776117436,paho826185599631012,topic/s/lighting,METAVERSE,5
1716776117436,paho826185606323831,topic/s/lighting,METAVERSE,5
1716776117536,paho826185605560881,topic/security,METAVERSE,5
1716776117599,paho826185605560881,topic/security,METAVERSE,21
1716776117708,paho826185605560881,topic/security,METAVERSE,5
1716776117714,paho826185605560881,topic/security,METAVERSE,4
1716776117787,paho826185599631012,topic/e/lighting,METAVERSE,4
1716776117788,paho826185606323831,topic/e/lighting,METAVERSE,5
1716776117792,paho826185599631012,topic/g/lighting,METAVERSE,4
1716776117793,paho826185606323831,topic/g/lighting,METAVERSE,5
1716776117800,paho826185605560881,topic/security,METAVERSE,5
1716776117864,paho826185605560881,topic/security,METAVERSE,4
1716776118202,paho826185606323831,topic/c/lighting,METAVERSE,6
1716776118203,paho826185599631012,topic/c/lighting,METAVERSE,7
