1716787278923,paho837403388709963,topic/c/rfid,METAVERSE,199
1716787279154,paho837403389897900,topic/e/lighting,METAVERSE,74
1716787279154,paho837403388709963,topic/e/lighting,METAVERSE,74
1716787279392,paho837403388709963,topic/e/noise,METAVERSE,8
1716787279599,paho837403388709963,topic/v/rfid,METAVERSE,23
1716787279655,paho837403388709963,topic/v/rfid,METAVERSE,15
1716787280291,paho837403388709963,topic/e/noise,METAVERSE,11
1716787280376,paho837403389897900,topic/c/lighting,METAVERSE,48
1716787280376,paho837403388709963,topic/c/lighting,METAVERSE,48
1716787280657,paho837403388709963,topic/v/noise,METAVERSE,5
1716787280704,paho837403388709963,topic/g/noise,METAVERSE,5
1716787280712,paho837403388709963,topic/v/rfid,METAVERSE,60
1716787280727,paho837403388709963,topic/c/noise,METAVERSE,6
1716787280777,paho837403388709963,topic/v/lighting,METAVERSE,17
1716787280778,paho837403389897900,topic/v/lighting,METAVERSE,18
1716787280981,paho837403388709963,topic/d/lighting,METAVERSE,80
1716787280987,paho837403389897900,topic/d/lighting,METAVERSE,86
1716787281012,paho837403388709963,topic/g/lighting,METAVERSE,5
1716787281013,paho837403389897900,topic/g/lighting,METAVERSE,6
1716787281123,paho837403388709963,topic/d/noise,METAVERSE,12
1716787281204,paho837403388709963,topic/c/lighting,METAVERSE,9
1716787281205,paho837403389897900,topic/c/lighting,METAVERSE,10
1716787281535,paho837403389897900,topic/s/lighting,METAVERSE,23
1716787281537,paho837403388709963,topic/s/lighting,METAVERSE,25
1716787281569,paho837403388709963,topic/d/lighting,METAVERSE,26
1716787281570,paho837403389897900,topic/d/lighting,METAVERSE,27
1716787281690,paho837403388709963,topic/s/rfid,METAVERSE,22
1716787281761,paho837403388709963,topic/v/rfid,METAVERSE,5
1716787281775,paho837403388709963,topic/v/rfid,METAVERSE,18
1716787281778,paho837403388709963,topic/v/rfid,METAVERSE,7
1716787281815,paho837403388709963,topic/g/lighting,METAVERSE,8
1716787281816,paho837403389897900,topic/g/lighting,METAVERSE,9
1716787281859,paho837403388709963,topic/c/rfid,METAVERSE,10
1716787281913,paho837403388709963,topic/g/noise,METAVERSE,5
1716787282160,paho837403388709963,topic/b/noise,METAVERSE,47
1716787282203,paho837403388709963,topic/s/noise,METAVERSE,31
1716787282326,paho837403388709963,topic/b/noise,METAVERSE,19
1716787282343,paho837403388709963,topic/e/lighting,METAVERSE,14
1716787282345,paho837403389897900,topic/e/lighting,METAVERSE,16
1716787282503,paho837403388709963,topic/g/rfid,METAVERSE,21
1716787282797,paho837403388709963,topic/s/noise,METAVERSE,5
1716787282889,paho837403388709963,topic/e/rfid,METAVERSE,5
1716787282939,paho837403388709963,topic/e/rfid,METAVERSE,32
1716787282994,paho837403388709963,topic/s/lighting,METAVERSE,91
1716787282995,paho837403389897900,topic/s/lighting,METAVERSE,92
1716787283007,paho837403388709963,topic/d/rfid,METAVERSE,27
1716787283011,paho837403388709963,topic/d/rfid,METAVERSE,7
1716787283146,paho837403388709963,topic/d/noise,METAVERSE,51
1716787284171,paho837403388709963,topic/e/lighting,METAVERSE,12
1716787284172,paho837403389897900,topic/e/lighting,METAVERSE,13
1716787284455,paho837403388709963,topic/e/noise,METAVERSE,70
1716787284551,paho837403388709963,topic/g/rfid,METAVERSE,23
1716787284765,paho837403388709963,topic/s/rfid,METAVERSE,46
1716787285331,paho837403388709963,topic/e/noise,METAVERSE,36
1716787285411,paho837403388709963,topic/c/lighting,METAVERSE,4
1716787285412,paho837403389897900,topic/c/lighting,METAVERSE,5
1716787285430,paho837403388709963,topic/b/lighting,METAVERSE,11
1716787285435,paho837403389897900,topic/b/lighting,METAVERSE,16
1716787285436,paho837403389897900,topic/b/lighting,METAVERSE,13
1716787285439,paho837403388709963,topic/b/lighting,METAVERSE,16
1716787285446,paho837403389897900,topic/b/lighting,METAVERSE,1624
1716787285446,paho837403388709963,topic/b/lighting,METAVERSE,1624
1716787285449,paho837403388709963,topic/b/noise,METAVERSE,13
1716787285615,paho837403388709963,topic/b/lighting,METAVERSE,28
1716787285617,paho837403389897900,topic/b/lighting,METAVERSE,30
1716787285675,paho837403388709963,topic/v/noise,METAVERSE,4
1716787285716,paho837403388709963,topic/g/noise,METAVERSE,5
1716787285742,paho837403388709963,topic/c/noise,METAVERSE,7
1716787285778,paho837403388709963,topic/v/lighting,METAVERSE,4
1716787285779,paho837403389897900,topic/v/lighting,METAVERSE,5
1716787286012,paho837403388709963,topic/d/lighting,METAVERSE,22
1716787286012,paho837403389897900,topic/d/lighting,METAVERSE,22
1716787286015,paho837403389897900,topic/g/lighting,METAVERSE,7
1716787286016,paho837403388709963,topic/g/lighting,METAVERSE,8
1716787286159,paho837403388709963,topic/d/noise,METAVERSE,27
1716787286190,paho837403388709963,topic/b/noise,METAVERSE,6
1716787286250,paho837403388709963,topic/c/lighting,METAVERSE,12
1716787286253,paho837403389897900,topic/c/lighting,METAVERSE,15
1716787286544,paho837403388709963,topic/s/lighting,METAVERSE,16
1716787286544,paho837403389897900,topic/s/lighting,METAVERSE,16
1716787286594,paho837403388709963,topic/d/lighting,METAVERSE,4
1716787286595,paho837403389897900,topic/d/lighting,METAVERSE,5
1716787286773,paho837403388709963,topic/b/lighting,METAVERSE,26
1716787286774,paho837403389897900,topic/b/lighting,METAVERSE,27
1716787286831,paho837403388709963,topic/g/lighting,METAVERSE,4
1716787286833,paho837403389897900,topic/g/lighting,METAVERSE,6
1716787286964,paho837403388709963,topic/g/noise,METAVERSE,5
1716787287203,paho837403388709963,topic/b/noise,METAVERSE,12
1716787287220,paho837403388709963,topic/s/noise,METAVERSE,13
1716787287404,paho837403388709963,topic/e/lighting,METAVERSE,5
1716787287405,paho837403389897900,topic/e/lighting,METAVERSE,6
1716787287590,paho837403388709963,topic/b/noise,METAVERSE,9
1716787287593,paho837403388709963,topic/b/rfid,METAVERSE,11
1716787287815,paho837403388709963,topic/s/noise,METAVERSE,19
1716787288038,paho837403389713619,topic/queueing,METAVERSE,456
1716787288042,paho837403389897900,topic/s/lighting,METAVERSE,47
1716787288042,paho837403388709963,topic/s/lighting,METAVERSE,47
1716787288045,paho837403388709963,topic/d/rfid,METAVERSE,30
1716787288194,paho837403388709963,topic/d/noise,METAVERSE,9
1716787288237,paho837403390092441,topic/maintenance,METAVERSE,1458
1716787288386,paho837403389713619,topic/queueing,METAVERSE,371
1716787288580,paho837403390092441,topic/maintenance,METAVERSE,1621
1716787288639,paho837403390092441,topic/maintenance,METAVERSE,1448
1716787288695,paho837403390092441,topic/maintenance,METAVERSE,1488
1716787288937,paho837403390092441,topic/maintenance,METAVERSE,1671
1716787289084,paho837403390092441,topic/maintenance,METAVERSE,1777
1716787289235,paho837403390092441,topic/maintenance,METAVERSE,1800
1716787289279,paho837403389897900,topic/e/lighting,METAVERSE,51
1716787289280,paho837403388709963,topic/e/lighting,METAVERSE,52
1716787289281,paho837403390092441,topic/maintenance,METAVERSE,1700
1716787289332,paho837403390092441,topic/maintenance,METAVERSE,1750
1716787289435,paho837403390092441,topic/maintenance,METAVERSE,1848
1716787289491,paho837403388709963,topic/e/noise,METAVERSE,4
1716787289535,paho837403390092441,topic/maintenance,METAVERSE,1868
1716787289736,paho837403390092441,topic/maintenance,METAVERSE,2021
1716787289832,paho837403390092441,topic/maintenance,METAVERSE,2036
1716787289988,paho837403390092441,topic/maintenance,METAVERSE,2149
1716787290132,paho837403390092441,topic/maintenance,METAVERSE,1956
1716787290182,paho837403390092441,topic/maintenance,METAVERSE,1997
1716787290235,paho837403390092441,topic/maintenance,METAVERSE,1572
1716787290373,paho837403388709963,topic/e/noise,METAVERSE,22
1716787290432,paho837403389713619,topic/occupancy,METAVERSE,2850
1716787290434,paho837403390092441,topic/maintenance,METAVERSE,1619
1716787290445,paho837403388709963,topic/b/lighting,METAVERSE,7
1716787290444,paho837403389897900,topic/b/lighting,METAVERSE,6
1716787290447,paho837403389897900,topic/b/lighting,METAVERSE,10
1716787290449,paho837403388709963,topic/b/lighting,METAVERSE,12
1716787290455,paho837403388709963,topic/b/lighting,METAVERSE,11
1716787290456,paho837403389897900,topic/b/lighting,METAVERSE,12
1716787290459,paho837403388709963,topic/c/lighting,METAVERSE,7
1716787290467,paho837403389897900,topic/c/lighting,METAVERSE,15
1716787290492,paho837403388709963,topic/b/noise,METAVERSE,5
1716787290633,paho837403390092441,topic/maintenance,METAVERSE,1762
1716787290634,paho837403390092441,topic/maintenance,METAVERSE,1251
1716787290658,paho837403388709963,topic/b/lighting,METAVERSE,16
1716787290659,paho837403389897900,topic/b/lighting,METAVERSE,17
1716787290677,paho837403388709963,topic/v/noise,METAVERSE,4
1716787290683,paho837403390092441,topic/maintenance,METAVERSE,1196
1716787290743,paho837403388709963,topic/g/noise,METAVERSE,4
1716787290771,paho837403388709963,topic/c/noise,METAVERSE,4
1716787290779,paho837403389460363,topic/security,METAVERSE,3933
1716787290779,paho837403389460363,topic/security,METAVERSE,3943
1716787290779,paho837403389460363,topic/security,METAVERSE,3880
1716787290779,paho837403389460363,topic/security,METAVERSE,3861
1716787290779,paho837403389460363,topic/security,METAVERSE,3841
1716787290779,paho837403389460363,topic/security,METAVERSE,3836
1716787290786,paho837403390092441,topic/maintenance,METAVERSE,1159
1716787290870,paho837403388709963,topic/v/lighting,METAVERSE,71
1716787290871,paho837403389897900,topic/v/lighting,METAVERSE,72
1716787291027,paho837403388709963,topic/g/lighting,METAVERSE,4
1716787291028,paho837403389897900,topic/g/lighting,METAVERSE,5
1716787291047,paho837403388709963,topic/d/lighting,METAVERSE,36
1716787291047,paho837403389897900,topic/d/lighting,METAVERSE,36
1716787291135,paho837403390092441,topic/maintenance,METAVERSE,1448
1716787291224,paho837403388709963,topic/b/noise,METAVERSE,9
1716787291239,paho837403388709963,topic/d/noise,METAVERSE,13
1716787291285,paho837403390092441,topic/maintenance,METAVERSE,1552
1716787291290,paho837403388709963,topic/c/lighting,METAVERSE,22
1716787291291,paho837403389897900,topic/c/lighting,METAVERSE,23
1716787291332,paho837403390092441,topic/maintenance,METAVERSE,1513
1716787291563,paho837403388709963,topic/s/lighting,METAVERSE,23
1716787291564,paho837403389897900,topic/s/lighting,METAVERSE,24
1716787291587,paho837403390092441,topic/maintenance,METAVERSE,1696
1716787291587,paho837403390092441,topic/maintenance,METAVERSE,1320
1716787291587,paho837403390092441,topic/maintenance,METAVERSE,1280
1716787291635,paho837403389713619,topic/occupancy,METAVERSE,3620
1716787291643,paho837403388709963,topic/d/lighting,METAVERSE,36
1716787291644,paho837403389897900,topic/d/lighting,METAVERSE,37
1716787291682,paho837403390092441,topic/maintenance,METAVERSE,1331
1716787291783,paho837403390092441,topic/maintenance,METAVERSE,1296
1716787291845,paho837403388709963,topic/b/lighting,METAVERSE,18
1716787291845,paho837403389897900,topic/b/lighting,METAVERSE,18
1716787291874,paho837403388709963,topic/g/lighting,METAVERSE,15
1716787291875,paho837403389897900,topic/g/lighting,METAVERSE,16
1716787291885,paho837403390092441,topic/maintenance,METAVERSE,1258
1716787291980,paho837403390092441,topic/maintenance,METAVERSE,1307
1716787291997,paho837403388709963,topic/g/noise,METAVERSE,6
1716787292132,paho837403390092441,topic/maintenance,METAVERSE,1393
1716787292180,paho837403390092441,topic/maintenance,METAVERSE,1447
1716787292231,paho837403390092441,topic/maintenance,METAVERSE,1464
1716787292237,paho837403388709963,topic/b/noise,METAVERSE,18
1716787292267,paho837403388709963,topic/s/noise,METAVERSE,23
1716787292387,paho837403390092441,topic/maintenance,METAVERSE,1610
1716787292431,paho837403388709963,topic/e/lighting,METAVERSE,4
1716787292434,paho837403389897900,topic/e/lighting,METAVERSE,7
1716787292435,paho837403389713619,topic/occupancy,METAVERSE,4110
1716787292530,paho837403390092441,topic/maintenance,METAVERSE,1671
1716787292616,paho837403388709963,topic/b/rfid,METAVERSE,17
1716787292619,paho837403388709963,topic/b/noise,METAVERSE,8
1716787292676,paho837403388709963,topic/b/rfid,METAVERSE,27
1716787292717,paho837403388709963,topic/b/rfid,METAVERSE,6
1716787292787,paho837403389713619,topic/queueing,METAVERSE,188
1716787292856,paho837403388709963,topic/s/noise,METAVERSE,9
1716787293035,paho837403389713619,topic/occupancy,METAVERSE,4697
1716787293035,paho837403390092441,topic/maintenance,METAVERSE,2132
1716787293099,paho837403388709963,topic/s/lighting,METAVERSE,4
1716787293100,paho837403389897900,topic/s/lighting,METAVERSE,5
1716787293132,paho837403390092441,topic/maintenance,METAVERSE,2057
1716787293132,paho837403389713619,topic/queueing,METAVERSE,483
1716787293229,paho837403388709963,topic/d/noise,METAVERSE,8
1716787293280,paho837403389713619,topic/queueing,METAVERSE,569
1716787293387,paho837403390092441,topic/maintenance,METAVERSE,2172
1716787293487,paho837403390092441,topic/maintenance,METAVERSE,2261
1716787293737,paho837403388709963,topic/b/rfid,METAVERSE,6
1716787293835,paho837403390092441,topic/maintenance,METAVERSE,2567
1716787293931,paho837403388709963,topic/c/rfid,METAVERSE,48
1716787293938,paho837403390092441,topic/maintenance,METAVERSE,2621
1716787294082,paho837403389713619,topic/queueing,METAVERSE,351
1716787294082,paho837403390092441,topic/maintenance,METAVERSE,2575
1716787294134,paho837403390092441,topic/maintenance,METAVERSE,2615
1716787294134,paho837403389713619,topic/queueing,METAVERSE,251
1716787294233,paho837403390092441,topic/maintenance,METAVERSE,2622
1716787294279,paho837403389713619,topic/occupancy,METAVERSE,5724
1716787294291,paho837403388709963,topic/e/lighting,METAVERSE,12
1716787294291,paho837403389897900,topic/e/lighting,METAVERSE,12
1716787294380,paho837403390092441,topic/maintenance,METAVERSE,2657
1716787294482,paho837403390092441,topic/maintenance,METAVERSE,2719
1716787294523,paho837403388709963,topic/e/noise,METAVERSE,33
1716787294587,paho837403390092441,topic/maintenance,METAVERSE,2680
1716787294635,paho837403390092441,topic/maintenance,METAVERSE,2644
1716787294635,paho837403390092441,topic/maintenance,METAVERSE,2416
1716787294683,paho837403390092441,topic/maintenance,METAVERSE,2439
1716787294830,paho837403390092441,topic/maintenance,METAVERSE,2339
1716787294938,paho837403390092441,topic/maintenance,METAVERSE,2327
1716787295037,paho837403390092441,topic/maintenance,METAVERSE,2190
1716787295139,paho837403390092441,topic/maintenance,METAVERSE,2230
1716787295187,paho837403390092441,topic/maintenance,METAVERSE,2275
1716787295283,paho837403390092441,topic/maintenance,METAVERSE,2088
1716787295339,paho837403390092441,topic/maintenance,METAVERSE,2118
1716787295386,paho837403390092441,topic/maintenance,METAVERSE,1677
1716787295419,paho837403388709963,topic/e/noise,METAVERSE,4
1716787295451,paho837403389897900,topic/b/lighting,METAVERSE,5
1716787295451,paho837403388709963,topic/b/lighting,METAVERSE,5
1716787295453,paho837403389897900,topic/b/lighting,METAVERSE,7
1716787295454,paho837403388709963,topic/b/lighting,METAVERSE,8
1716787295456,paho837403389897900,topic/b/lighting,METAVERSE,8
1716787295457,paho837403388709963,topic/b/lighting,METAVERSE,9
1716787295484,paho837403389897900,topic/c/lighting,METAVERSE,5
1716787295490,paho837403388709963,topic/c/lighting,METAVERSE,11
1716787295539,paho837403388709963,topic/b/noise,METAVERSE,8
1716787295583,paho837403390092441,topic/maintenance,METAVERSE,1670
1716787295623,paho837403390092441,topic/maintenance,METAVERSE,1676
1716787295647,paho837403388709963,topic/b/lighting,METAVERSE,5
1716787295647,paho837403389897900,topic/b/lighting,METAVERSE,5
1716787295695,paho837403388709963,topic/v/noise,METAVERSE,8
1716787295732,paho837403389713619,topic/occupancy,METAVERSE,7146
1716787295771,paho837403388709963,topic/g/noise,METAVERSE,4
1716787295817,paho837403388709963,topic/c/noise,METAVERSE,4
1716787295834,paho837403390092441,topic/maintenance,METAVERSE,1629
1716787295868,paho837403388709963,topic/v/lighting,METAVERSE,4
1716787295869,paho837403389897900,topic/v/lighting,METAVERSE,5
1716787295882,paho837403390092441,topic/maintenance,METAVERSE,1607
1716787295938,paho837403390092441,topic/maintenance,METAVERSE,1603
1716787295980,paho837403390092441,topic/maintenance,METAVERSE,1643
1716787296027,paho837403388709963,topic/g/lighting,METAVERSE,4
1716787296028,paho837403389897900,topic/g/lighting,METAVERSE,5
1716787296055,paho837403388709963,topic/d/lighting,METAVERSE,4
1716787296055,paho837403389897900,topic/d/lighting,METAVERSE,4
1716787296186,paho837403390092441,topic/maintenance,METAVERSE,1799
1716787296228,paho837403388709963,topic/b/noise,METAVERSE,6
1716787296230,paho837403389713619,topic/occupancy,METAVERSE,7591
1716787296259,paho837403388709963,topic/d/noise,METAVERSE,8
1716787296319,paho837403388709963,topic/c/lighting,METAVERSE,28
1716787296320,paho837403389897900,topic/c/lighting,METAVERSE,29
1716787296334,paho837403390092441,topic/maintenance,METAVERSE,1844
1716787296386,paho837403390092441,topic/maintenance,METAVERSE,1878
1716787296535,paho837403390092441,topic/maintenance,METAVERSE,1872
1716787296583,paho837403390092441,topic/maintenance,METAVERSE,1732
1716787296587,paho837403388709963,topic/s/lighting,METAVERSE,9
1716787296587,paho837403389897900,topic/s/lighting,METAVERSE,9
1716787296670,paho837403388709963,topic/d/lighting,METAVERSE,7
1716787296671,paho837403389897900,topic/d/lighting,METAVERSE,8
1716787296682,paho837403389713619,topic/occupancy,METAVERSE,7815
1716787296684,paho837403390092441,topic/maintenance,METAVERSE,1761
1716787296732,paho837403390092441,topic/maintenance,METAVERSE,1802
1716787296775,paho837403388709963,topic/b/rfid,METAVERSE,24
1716787296837,paho837403390092441,topic/maintenance,METAVERSE,1867
1716787296837,paho837403390092441,topic/maintenance,METAVERSE,1422
1716787296839,paho837403390092441,topic/maintenance,METAVERSE,1308
1716787296883,paho837403389713619,topic/queueing,METAVERSE,132
1716787296927,paho837403388709963,topic/g/lighting,METAVERSE,36
1716787296930,paho837403389897900,topic/g/lighting,METAVERSE,39
1716787296932,paho837403389897900,topic/b/lighting,METAVERSE,21
1716787296937,paho837403390092441,topic/maintenance,METAVERSE,1250
1716787296937,paho837403390092441,topic/maintenance,METAVERSE,1208
1716787296937,paho837403390092441,topic/maintenance,METAVERSE,1170
1716787296938,paho837403388709963,topic/b/lighting,METAVERSE,27
1716787297083,paho837403390092441,topic/maintenance,METAVERSE,1270
1716787297183,paho837403390092441,topic/maintenance,METAVERSE,1328
1716787297194,paho837403388709963,topic/g/noise,METAVERSE,35
1716787297239,paho837403390092441,topic/maintenance,METAVERSE,1308
1716787297246,paho837403390092441,topic/maintenance,METAVERSE,1272
1716787297253,paho837403388709963,topic/b/noise,METAVERSE,6
1716787297270,paho837403388709963,topic/s/noise,METAVERSE,4
1716787297283,paho837403389713619,topic/occupancy,METAVERSE,8308
1716787297285,paho837403390092441,topic/maintenance,METAVERSE,1174
1716787297286,paho837403390092441,topic/maintenance,METAVERSE,1063
1716787297323,paho837403390092441,topic/maintenance,METAVERSE,1072
1716787297337,paho837403390092441,topic/maintenance,METAVERSE,378
1716787297385,paho837403390092441,topic/maintenance,METAVERSE,410
1716787297483,paho837403390092441,topic/maintenance,METAVERSE,324
1716787297484,paho837403389897900,topic/e/lighting,METAVERSE,9
1716787297486,paho837403388709963,topic/e/lighting,METAVERSE,11
1716787297579,paho837403390092441,topic/maintenance,METAVERSE,340
1716787297624,paho837403388709963,topic/b/noise,METAVERSE,12
1716787297684,paho837403390092441,topic/maintenance,METAVERSE,437
1716787297731,paho837403390092441,topic/maintenance,METAVERSE,465
1716787297735,paho837403390092441,topic/maintenance,METAVERSE,324
1716787297736,paho837403390092441,topic/maintenance,METAVERSE,124
1716787297780,paho837403389713619,topic/occupancy,METAVERSE,8533
1716787297887,paho837403388709963,topic/s/noise,METAVERSE,34
1716787297983,paho837403390092441,topic/maintenance,METAVERSE,236
1716787297983,paho837403390092441,topic/maintenance,METAVERSE,130
1716787298071,paho837403388709963,topic/d/rfid,METAVERSE,6
1716787298082,paho837403389713619,topic/queueing,METAVERSE,17
1716787298126,paho837403388709963,topic/s/lighting,METAVERSE,19
1716787298127,paho837403389897900,topic/s/lighting,METAVERSE,20
1716787298301,paho837403388709963,topic/d/noise,METAVERSE,13
1716787298386,paho837403390092441,topic/maintenance,METAVERSE,495
1716787298532,paho837403390092441,topic/maintenance,METAVERSE,565
1716787298582,paho837403389713619,topic/occupancy,METAVERSE,9329
1716787298585,paho837403390092441,topic/maintenance,METAVERSE,606
1716787298683,paho837403390092441,topic/maintenance,METAVERSE,449
1716787298779,paho837403388709963,topic/b/rfid,METAVERSE,27
1716787298782,paho837403390092441,topic/maintenance,METAVERSE,515
1716787298785,paho837403388709963,topic/b/rfid,METAVERSE,28
1716787298786,paho837403389713619,topic/queueing,METAVERSE,34
1716787298835,paho837403389713619,topic/queueing,METAVERSE,78
1716787298883,paho837403390092441,topic/maintenance,METAVERSE,595
1716787298883,paho837403390092441,topic/maintenance,METAVERSE,592
1716787298883,paho837403390092441,topic/maintenance,METAVERSE,560
1716787298883,paho837403390092441,topic/maintenance,METAVERSE,199
1716787298933,paho837403390092441,topic/maintenance,METAVERSE,242
1716787298982,paho837403389713619,topic/occupancy,METAVERSE,9571
1716787299119,paho837403388709963,topic/d/rfid,METAVERSE,42
1716787299191,paho837403389713619,topic/queueing,METAVERSE,114
1716787299234,paho837403390092441,topic/maintenance,METAVERSE,267
1716787299331,paho837403388709963,topic/e/lighting,METAVERSE,18
1716787299331,paho837403389897900,topic/e/lighting,METAVERSE,18
1716787299335,paho837403390092441,topic/maintenance,METAVERSE,352
1716787299379,paho837403389713619,topic/occupancy,METAVERSE,9044
1716787299434,paho837403390092441,topic/maintenance,METAVERSE,447
1716787299531,paho837403390092441,topic/maintenance,METAVERSE,192
1716787299542,paho837403388709963,topic/e/noise,METAVERSE,15
1716787299682,paho837403390092441,topic/maintenance,METAVERSE,155
1716787299782,paho837403390092441,topic/maintenance,METAVERSE,118
1716787299884,paho837403390092441,topic/maintenance,METAVERSE,144
1716787299935,paho837403390092441,topic/maintenance,METAVERSE,84
1716787299981,paho837403389713619,topic/occupancy,METAVERSE,9633
1716787299999,paho837403388709963,topic/c/rfid,METAVERSE,5
1716787300136,paho837403390092441,topic/maintenance,METAVERSE,169
1716787300137,paho837403389713619,topic/queueing,METAVERSE,143
1716787300332,paho837403390092441,topic/maintenance,METAVERSE,321
1716787300428,paho837403388709963,topic/e/noise,METAVERSE,4
1716787300456,paho837403389897900,topic/b/lighting,METAVERSE,5
1716787300456,paho837403388709963,topic/b/lighting,METAVERSE,5
1716787300459,paho837403389897900,topic/b/lighting,METAVERSE,8
1716787300459,paho837403388709963,topic/b/lighting,METAVERSE,8
1716787300483,paho837403390092441,topic/maintenance,METAVERSE,456
1716787300518,paho837403388709963,topic/b/lighting,METAVERSE,13
1716787300519,paho837403389897900,topic/b/lighting,METAVERSE,14
1716787300526,paho837403388709963,topic/c/lighting,METAVERSE,10
1716787300527,paho837403389897900,topic/c/lighting,METAVERSE,11
1716787300530,paho837403390092441,topic/maintenance,METAVERSE,451
1716787300574,paho837403388709963,topic/b/noise,METAVERSE,19
1716787300581,paho837403390092441,topic/maintenance,METAVERSE,478
1716787300635,paho837403390092441,topic/maintenance,METAVERSE,211
1716787300690,paho837403388709963,topic/b/lighting,METAVERSE,23
1716787300691,paho837403389897900,topic/b/lighting,METAVERSE,24
1716787300710,paho837403388709963,topic/v/noise,METAVERSE,15
1716787300780,paho837403390092441,topic/maintenance,METAVERSE,225
1716787300799,paho837403388709963,topic/g/noise,METAVERSE,4
1716787300859,paho837403388709963,topic/c/noise,METAVERSE,4
1716787300875,paho837403388709963,topic/v/lighting,METAVERSE,8
1716787300878,paho837403389897900,topic/v/lighting,METAVERSE,11
1716787300879,paho837403390092441,topic/maintenance,METAVERSE,280
1716787300930,paho837403390092441,topic/maintenance,METAVERSE,235
1716787300934,paho837403389713619,topic/occupancy,METAVERSE,10375
1716787300942,paho837403389460363,topic/security,METAVERSE,13955
1716787300942,paho837403389460363,topic/security,METAVERSE,13908
1716787300942,paho837403389460363,topic/security,METAVERSE,13903
1716787300942,paho837403389460363,topic/security,METAVERSE,13892
1716787300943,paho837403389460363,topic/security,METAVERSE,13876
1716787301032,paho837403388709963,topic/g/lighting,METAVERSE,5
1716787301033,paho837403389897900,topic/g/lighting,METAVERSE,6
1716787301034,paho837403390092441,topic/maintenance,METAVERSE,260
1716787301067,paho837403388709963,topic/d/lighting,METAVERSE,4
1716787301068,paho837403389897900,topic/d/lighting,METAVERSE,5
1716787301080,paho837403390092441,topic/maintenance,METAVERSE,285
1716787301247,paho837403388709963,topic/b/noise,METAVERSE,20
1716787301280,paho837403390092441,topic/maintenance,METAVERSE,425
1716787301283,paho837403388709963,topic/d/noise,METAVERSE,12
1716787301350,paho837403388709963,topic/c/lighting,METAVERSE,15
1716787301374,paho837403389897900,topic/c/lighting,METAVERSE,39
1716787301430,paho837403390092441,topic/maintenance,METAVERSE,563
1716787301532,paho837403390092441,topic/maintenance,METAVERSE,498
1716787301619,paho837403388709963,topic/s/lighting,METAVERSE,7
1716787301619,paho837403389897900,topic/s/lighting,METAVERSE,7
1716787301635,paho837403389713619,topic/occupancy,METAVERSE,11040
1716787301679,paho837403390092441,topic/maintenance,METAVERSE,640
1716787301724,paho837403388709963,topic/d/lighting,METAVERSE,33
1716787301724,paho837403389897900,topic/d/lighting,METAVERSE,33
1716787301779,paho837403390092441,topic/maintenance,METAVERSE,645
1716787301930,paho837403390092441,topic/maintenance,METAVERSE,703
1716787301950,paho837403388709963,topic/g/lighting,METAVERSE,11
1716787301950,paho837403389897900,topic/g/lighting,METAVERSE,11
1716787301971,paho837403388709963,topic/b/lighting,METAVERSE,8
1716787301972,paho837403389897900,topic/b/lighting,METAVERSE,9
1716787302185,paho837403390092441,topic/maintenance,METAVERSE,935
1716787302227,paho837403388709963,topic/g/noise,METAVERSE,4
1716787302283,paho837403390092441,topic/maintenance,METAVERSE,1012
1716787302296,paho837403388709963,topic/s/noise,METAVERSE,5
1716787302300,paho837403388709963,topic/b/noise,METAVERSE,17
1716787302381,paho837403390092441,topic/maintenance,METAVERSE,1054
1716787302517,paho837403388709963,topic/e/lighting,METAVERSE,6
1716787302517,paho837403389897900,topic/e/lighting,METAVERSE,6
1716787302580,paho837403390092441,topic/maintenance,METAVERSE,1233
1716787302651,paho837403388709963,topic/b/noise,METAVERSE,24
1716787302684,paho837403390092441,topic/maintenance,METAVERSE,1173
1716787302800,paho837403388709963,topic/b/rfid,METAVERSE,5
1716787302809,paho837403388709963,topic/b/rfid,METAVERSE,14
1716787302814,paho837403388709963,topic/b/rfid,METAVERSE,19
1716787302832,paho837403389713619,topic/queueing,METAVERSE,37
1716787302931,paho837403388709963,topic/s/noise,METAVERSE,20
1716787302934,paho837403389713619,topic/queueing,METAVERSE,139
1716787302980,paho837403390092441,topic/maintenance,METAVERSE,1453
1716787303134,paho837403389713619,topic/queueing,METAVERSE,339
1716787303175,paho837403388709963,topic/s/lighting,METAVERSE,13
1716787303175,paho837403389897900,topic/s/lighting,METAVERSE,13
1716787303232,paho837403390092441,topic/maintenance,METAVERSE,1483
1716787303315,paho837403388709963,topic/d/noise,METAVERSE,4
1716787303380,paho837403390092441,topic/maintenance,METAVERSE,1549
1716787303383,paho837403390092441,topic/maintenance,METAVERSE,1446
1716787303479,paho837403390092441,topic/maintenance,METAVERSE,1534
1716787303483,paho837403390092441,topic/maintenance,METAVERSE,1449
1716787303580,paho837403390092441,topic/maintenance,METAVERSE,1533
1716787303780,paho837403390092441,topic/maintenance,METAVERSE,1557
1716787303983,paho837403390092441,topic/maintenance,METAVERSE,1716
1716787304032,paho837403390092441,topic/maintenance,METAVERSE,1741
1716787304082,paho837403390092441,topic/maintenance,METAVERSE,1799
1716787304180,paho837403390092441,topic/maintenance,METAVERSE,1873
1716787304335,paho837403390092441,topic/maintenance,METAVERSE,2016
1716787304356,paho837403388709963,topic/e/lighting,METAVERSE,13
1716787304356,paho837403389897900,topic/e/lighting,METAVERSE,13
1716787304481,paho837403390092441,topic/maintenance,METAVERSE,2166
1716787304483,paho837403390092441,topic/maintenance,METAVERSE,2141
1716787304567,paho837403388709963,topic/e/noise,METAVERSE,7
1716787304684,paho837403390092441,topic/maintenance,METAVERSE,2249
1716787304735,paho837403390092441,topic/maintenance,METAVERSE,2288
1716787304783,paho837403390092441,topic/maintenance,METAVERSE,2346
1716787304817,paho837403388709963,topic/b/rfid,METAVERSE,22
1716787304883,paho837403390092441,topic/maintenance,METAVERSE,2364
1716787304884,paho837403390092441,topic/maintenance,METAVERSE,2350
1716787304932,paho837403390092441,topic/maintenance,METAVERSE,2380
1716787304932,paho837403390092441,topic/maintenance,METAVERSE,2305
1716787304932,paho837403390092441,topic/maintenance,METAVERSE,2294
1716787304933,paho837403390092441,topic/maintenance,METAVERSE,2241
1716787304933,paho837403390092441,topic/maintenance,METAVERSE,2216
1716787304933,paho837403390092441,topic/maintenance,METAVERSE,2108
1716787304933,paho837403390092441,topic/maintenance,METAVERSE,2079
1716787304982,paho837403390092441,topic/maintenance,METAVERSE,2071
1716787304983,paho837403389713619,topic/queueing,METAVERSE,188
1716787305031,paho837403390092441,topic/maintenance,METAVERSE,2121
1716787305146,paho837403388709963,topic/d/rfid,METAVERSE,31
1716787305183,paho837403389713619,topic/queueing,METAVERSE,68
1716787305184,paho837403390092441,topic/maintenance,METAVERSE,2139
1716787305233,paho837403390092441,topic/maintenance,METAVERSE,2232
1716787305335,paho837403390092441,topic/maintenance,METAVERSE,2284
1716787305435,paho837403390092441,topic/maintenance,METAVERSE,2124
1716787305436,paho837403390092441,topic/maintenance,METAVERSE,2048
1716787305486,paho837403388709963,topic/b/lighting,METAVERSE,25
1716787305488,paho837403389897900,topic/b/lighting,METAVERSE,27
1716787305489,paho837403388709963,topic/b/lighting,METAVERSE,27
1716787305490,paho837403389897900,topic/b/lighting,METAVERSE,28
1716787305492,paho837403388709963,topic/e/noise,METAVERSE,13
1716787305526,paho837403388709963,topic/b/lighting,METAVERSE,20
1716787305526,paho837403389897900,topic/b/lighting,METAVERSE,20
1716787305532,paho837403390092441,topic/maintenance,METAVERSE,1693
1716787305540,paho837403388709963,topic/c/lighting,METAVERSE,4
1716787305541,paho837403389897900,topic/c/lighting,METAVERSE,5
1716787305580,paho837403390092441,topic/maintenance,METAVERSE,1509
1716787305635,paho837403390092441,topic/maintenance,METAVERSE,1560
1716787305655,paho837403388709963,topic/b/noise,METAVERSE,32
1716787305683,paho837403390092441,topic/maintenance,METAVERSE,1123
1716787305709,paho837403388709963,topic/b/lighting,METAVERSE,14
1716787305710,paho837403389897900,topic/b/lighting,METAVERSE,15
1716787305731,paho837403390092441,topic/maintenance,METAVERSE,657
1716787305732,paho837403388709963,topic/v/noise,METAVERSE,4
1716787305782,paho837403390092441,topic/maintenance,METAVERSE,690
1716787305801,paho837403388709963,topic/g/noise,METAVERSE,6
1716787305804,paho837403388709963,topic/b/rfid,METAVERSE,8
1716787305835,paho837403390092441,topic/maintenance,METAVERSE,374
1716787305871,paho837403388709963,topic/c/noise,METAVERSE,4
1716787305879,paho837403388709963,topic/v/lighting,METAVERSE,4
1716787305883,paho837403390092441,topic/maintenance,METAVERSE,404
1716787305884,paho837403389897900,topic/v/lighting,METAVERSE,9
1716787305931,paho837403389713619,topic/queueing,METAVERSE,135
1716787306036,paho837403390092441,topic/maintenance,METAVERSE,532
1716787306041,paho837403388709963,topic/g/lighting,METAVERSE,13
1716787306041,paho837403389897900,topic/g/lighting,METAVERSE,13
1716787306114,paho837403388709963,topic/d/lighting,METAVERSE,39
1716787306115,paho837403389897900,topic/d/lighting,METAVERSE,40
1716787306183,paho837403390092441,topic/maintenance,METAVERSE,664
1716787306231,paho837403390092441,topic/maintenance,METAVERSE,708
1716787306232,paho837403390092441,topic/maintenance,METAVERSE,609
1716787306273,paho837403388709963,topic/b/noise,METAVERSE,14
1716787306335,paho837403390092441,topic/maintenance,METAVERSE,607
1716787306340,paho837403388709963,topic/d/noise,METAVERSE,13
1716787306371,paho837403388709963,topic/c/lighting,METAVERSE,4
1716787306372,paho837403389897900,topic/c/lighting,METAVERSE,5
1716787306381,paho837403390092441,topic/maintenance,METAVERSE,586
1716787306437,paho837403390092441,topic/maintenance,METAVERSE,641
1716787306536,paho837403390092441,topic/maintenance,METAVERSE,669
1716787306537,paho837403390092441,topic/maintenance,METAVERSE,627
1716787306625,paho837403388709963,topic/s/lighting,METAVERSE,6
1716787306625,paho837403389897900,topic/s/lighting,METAVERSE,6
1716787306684,paho837403390092441,topic/maintenance,METAVERSE,596
1716787306788,paho837403390092441,topic/maintenance,METAVERSE,695
1716787306803,paho837403388709963,topic/d/lighting,METAVERSE,22
1716787306804,paho837403389897900,topic/d/lighting,METAVERSE,23
1716787306932,paho837403390092441,topic/maintenance,METAVERSE,795
1716787306984,paho837403390092441,topic/maintenance,METAVERSE,725
1716787306987,paho837403390092441,topic/maintenance,METAVERSE,660
1716787306992,paho837403390092441,topic/maintenance,METAVERSE,633
1716787306992,paho837403390092441,topic/maintenance,METAVERSE,269
1716787307038,paho837403388709963,topic/g/lighting,METAVERSE,67
1716787307039,paho837403389897900,topic/g/lighting,METAVERSE,68
1716787307067,paho837403388709963,topic/b/lighting,METAVERSE,28
1716787307068,paho837403389897900,topic/b/lighting,METAVERSE,29
1716787307252,paho837403388709963,topic/g/noise,METAVERSE,5
1716787307345,paho837403388709963,topic/s/noise,METAVERSE,6
1716787307431,paho837403388709963,topic/b/noise,METAVERSE,51
1716787307575,paho837403388709963,topic/e/lighting,METAVERSE,4
1716787307576,paho837403389897900,topic/e/lighting,METAVERSE,5
1716787307585,paho837403390092441,topic/maintenance,METAVERSE,508
1716787307675,paho837403388709963,topic/b/noise,METAVERSE,36
1716787307683,paho837403390092441,topic/maintenance,METAVERSE,584
1716787307930,paho837403390092441,topic/maintenance,METAVERSE,831
1716787307977,paho837403388709963,topic/s/noise,METAVERSE,6
1716787307987,paho837403390092441,topic/maintenance,METAVERSE,740
1716787308030,paho837403390092441,topic/maintenance,METAVERSE,715
1716787308179,paho837403390092441,topic/maintenance,METAVERSE,840
1716787308183,paho837403390092441,topic/maintenance,METAVERSE,762
1716787308207,paho837403388709963,topic/s/lighting,METAVERSE,12
1716787308208,paho837403389897900,topic/s/lighting,METAVERSE,13
1716787308283,paho837403390092441,topic/maintenance,METAVERSE,903
1716787308328,paho837403388709963,topic/d/noise,METAVERSE,4
1716787308331,paho837403390092441,topic/maintenance,METAVERSE,692
1716787308375,paho837403390092441,topic/maintenance,METAVERSE,659
1716787308375,paho837403390092441,topic/maintenance,METAVERSE,532
1716787308383,paho837403390092441,topic/maintenance,METAVERSE,412
1716787308431,paho837403390092441,topic/maintenance,METAVERSE,328
1716787308432,paho837403390092441,topic/maintenance,METAVERSE,317
1716787308530,paho837403390092441,topic/maintenance,METAVERSE,206
1716787308790,paho837403389460363,topic/security,METAVERSE,21667
1716787308790,paho837403389460363,topic/security,METAVERSE,21666
1716787308790,paho837403389460363,topic/security,METAVERSE,21665
1716787308790,paho837403389460363,topic/security,METAVERSE,21666
1716787308790,paho837403389460363,topic/security,METAVERSE,21665
1716787308790,paho837403389460363,topic/security,METAVERSE,21664
1716787308790,paho837403389460363,topic/security,METAVERSE,21664
1716787309231,paho837403390092441,topic/maintenance,METAVERSE,55
1716787309279,paho837403390092441,topic/maintenance,METAVERSE,103
1716787309415,paho837403388709963,topic/e/lighting,METAVERSE,32
1716787309415,paho837403389897900,topic/e/lighting,METAVERSE,32
1716787309479,paho837403390092441,topic/maintenance,METAVERSE,234
1716787309662,paho837403388709963,topic/e/noise,METAVERSE,71
1716787309780,paho837403390092441,topic/maintenance,METAVERSE,189
1716787309882,paho837403390092441,topic/maintenance,METAVERSE,191
1716787310014,paho837403388709963,topic/c/rfid,METAVERSE,19
1716787310033,paho837403389713619,topic/queueing,METAVERSE,38
1716787310033,paho837403390092441,topic/maintenance,METAVERSE,197
1716787310381,paho837403390092441,topic/maintenance,METAVERSE,205
1716787310381,paho837403390092441,topic/maintenance,METAVERSE,205
1716787310382,paho837403390092441,topic/maintenance,METAVERSE,125
1716787310499,paho837403388709963,topic/b/lighting,METAVERSE,20
1716787310500,paho837403389897900,topic/b/lighting,METAVERSE,21
1716787310502,paho837403388709963,topic/b/lighting,METAVERSE,23
1716787310502,paho837403389897900,topic/b/lighting,METAVERSE,23
1716787310509,paho837403388709963,topic/b/lighting,METAVERSE,3
1716787310510,paho837403389897900,topic/b/lighting,METAVERSE,4
1716787310525,paho837403388709963,topic/e/noise,METAVERSE,3
1716787310531,paho837403390092441,topic/maintenance,METAVERSE,140
1716787310567,paho837403389897900,topic/c/lighting,METAVERSE,4
1716787310567,paho837403388709963,topic/c/lighting,METAVERSE,4
1716787310580,paho837403390092441,topic/maintenance,METAVERSE,58
1716787310734,paho837403388709963,topic/v/noise,METAVERSE,4
1716787310736,paho837403388709963,topic/b/noise,METAVERSE,37
1716787310763,paho837403388709963,topic/b/lighting,METAVERSE,8
1716787310763,paho837403389897900,topic/b/lighting,METAVERSE,8
1716787310804,paho837403388709963,topic/g/noise,METAVERSE,6
1716787310879,paho837403388709963,topic/v/lighting,METAVERSE,4
1716787310880,paho837403389897900,topic/v/lighting,METAVERSE,5
1716787310894,paho837403388709963,topic/c/noise,METAVERSE,7
1716787310935,paho837403390092441,topic/maintenance,METAVERSE,205
1716787311055,paho837403388709963,topic/g/lighting,METAVERSE,4
1716787311056,paho837403389897900,topic/g/lighting,METAVERSE,5
1716787311079,paho837403390092441,topic/maintenance,METAVERSE,380
1716787311084,paho837403390092441,topic/maintenance,METAVERSE,353
1716787311130,paho837403388709963,topic/d/lighting,METAVERSE,15
1716787311130,paho837403389897900,topic/d/lighting,METAVERSE,15
1716787311136,paho837403390092441,topic/maintenance,METAVERSE,418
1716787311147,paho837403388709963,topic/d/rfid,METAVERSE,4
1716787311235,paho837403390092441,topic/maintenance,METAVERSE,437
1716787311282,paho837403389713619,topic/queueing,METAVERSE,139
1716787311311,paho837403388709963,topic/b/noise,METAVERSE,16
1716787311380,paho837403388709963,topic/c/lighting,METAVERSE,5
1716787311383,paho837403389897900,topic/c/lighting,METAVERSE,8
1716787311388,paho837403388709963,topic/d/noise,METAVERSE,17
1716787311431,paho837403390092441,topic/maintenance,METAVERSE,544
1716787311579,paho837403390092441,topic/maintenance,METAVERSE,610
1716787311630,paho837403390092441,topic/maintenance,METAVERSE,486
1716787311677,paho837403388709963,topic/s/lighting,METAVERSE,18
1716787311677,paho837403389897900,topic/s/lighting,METAVERSE,18
1716787311875,paho837403388709963,topic/d/lighting,METAVERSE,52
1716787311876,paho837403389897900,topic/d/lighting,METAVERSE,53
1716787311931,paho837403390092441,topic/maintenance,METAVERSE,784
1716787311985,paho837403390092441,topic/maintenance,METAVERSE,768
1716787312035,paho837403390092441,topic/maintenance,METAVERSE,817
1716787312072,paho837403388709963,topic/g/lighting,METAVERSE,17
1716787312073,paho837403389897900,topic/g/lighting,METAVERSE,18
1716787312087,paho837403390092441,topic/maintenance,METAVERSE,792
1716787312118,paho837403388709963,topic/b/lighting,METAVERSE,19
1716787312119,paho837403389897900,topic/b/lighting,METAVERSE,20
1716787312182,paho837403390092441,topic/maintenance,METAVERSE,811
1716787312280,paho837403390092441,topic/maintenance,METAVERSE,897
1716787312343,paho837403388709963,topic/g/noise,METAVERSE,48
1716787312363,paho837403388709963,topic/s/noise,METAVERSE,4
1716787312465,paho837403388709963,topic/b/noise,METAVERSE,6
1716787312600,paho837403388709963,topic/e/lighting,METAVERSE,5
1716787312601,paho837403389897900,topic/e/lighting,METAVERSE,6
1716787312649,paho837403388709963,topic/b/noise,METAVERSE,6
1716787312680,paho837403390092441,topic/maintenance,METAVERSE,1273
1716787312684,paho837403390092441,topic/maintenance,METAVERSE,1225
1716787312879,paho837403390092441,topic/maintenance,METAVERSE,1398
1716787312979,paho837403390092441,topic/maintenance,METAVERSE,1438
1716787312988,paho837403388709963,topic/s/noise,METAVERSE,9
1716787313031,paho837403390092441,topic/maintenance,METAVERSE,1236
1716787313131,paho837403390092441,topic/maintenance,METAVERSE,1280
1716787313135,paho837403390092441,topic/maintenance,METAVERSE,1156
1716787313181,paho837403390092441,topic/maintenance,METAVERSE,963
1716787313234,paho837403390092441,topic/maintenance,METAVERSE,1016
1716787313234,paho837403390092441,topic/maintenance,METAVERSE,939
1716787313239,paho837403388709963,topic/s/lighting,METAVERSE,24
1716787313240,paho837403389897900,topic/s/lighting,METAVERSE,25
1716787313359,paho837403388709963,topic/d/noise,METAVERSE,4
1716787313381,paho837403390092441,topic/maintenance,METAVERSE,1022
1716787313480,paho837403390092441,topic/maintenance,METAVERSE,1021
1716787313531,paho837403390092441,topic/maintenance,METAVERSE,1022
1716787313587,paho837403390092441,topic/maintenance,METAVERSE,1058
1716787313636,paho837403390092441,topic/maintenance,METAVERSE,1057
1716787313636,paho837403390092441,topic/maintenance,METAVERSE,993
1716787313636,paho837403390092441,topic/maintenance,METAVERSE,657
1716787313637,paho837403390092441,topic/maintenance,METAVERSE,418
1716787313637,paho837403390092441,topic/maintenance,METAVERSE,418
1716787313637,paho837403390092441,topic/maintenance,METAVERSE,282
1716787313733,paho837403389713619,topic/occupancy,METAVERSE,23026
1716787313734,paho837403389713619,topic/occupancy,METAVERSE,22811
1716787313734,paho837403389713619,topic/occupancy,METAVERSE,22718
1716787313734,paho837403389713619,topic/occupancy,METAVERSE,22471
1716787313734,paho837403389713619,topic/occupancy,METAVERSE,22449
1716787313734,paho837403389713619,topic/occupancy,METAVERSE,22275
1716787313734,paho837403389713619,topic/occupancy,METAVERSE,21394
1716787313734,paho837403389713619,topic/occupancy,METAVERSE,21323
1716787313734,paho837403389713619,topic/occupancy,METAVERSE,21140
1716787313734,paho837403389713619,topic/occupancy,METAVERSE,21135
1716787313734,paho837403389713619,topic/occupancy,METAVERSE,21099
1716787313734,paho837403389713619,topic/occupancy,METAVERSE,21085
1716787313734,paho837403389713619,topic/occupancy,METAVERSE,21023
1716787313734,paho837403389713619,topic/occupancy,METAVERSE,20983
1716787313734,paho837403389713619,topic/occupancy,METAVERSE,20757
1716787313734,paho837403389713619,topic/occupancy,METAVERSE,20691
1716787313734,paho837403389713619,topic/occupancy,METAVERSE,20445
1716787313734,paho837403389713619,topic/occupancy,METAVERSE,20407
1716787313734,paho837403389713619,topic/occupancy,METAVERSE,20226
1716787313734,paho837403389713619,topic/occupancy,METAVERSE,20003
1716787313734,paho837403389713619,topic/occupancy,METAVERSE,19851
1716787313734,paho837403389713619,topic/occupancy,METAVERSE,19367
1716787313734,paho837403389713619,topic/occupancy,METAVERSE,19295
1716787313734,paho837403389713619,topic/occupancy,METAVERSE,19119
1716787313734,paho837403389713619,topic/occupancy,METAVERSE,19075
1716787313984,paho837403389713619,topic/occupancy,METAVERSE,19221
1716787314035,paho837403390092441,topic/maintenance,METAVERSE,144
1716787314175,paho837403388709963,topic/d/rfid,METAVERSE,8
1716787314279,paho837403389713619,topic/queueing,METAVERSE,112
1716787314385,paho837403390092441,topic/maintenance,METAVERSE,142
1716787314434,paho837403390092441,topic/maintenance,METAVERSE,191
1716787314447,paho837403388709963,topic/e/lighting,METAVERSE,4
1716787314447,paho837403389897900,topic/e/lighting,METAVERSE,4
1716787314534,paho837403390092441,topic/maintenance,METAVERSE,131
1716787314535,paho837403390092441,topic/maintenance,METAVERSE,8
1716787314677,paho837403388709963,topic/e/noise,METAVERSE,17
1716787314735,paho837403390092441,topic/maintenance,METAVERSE,75
1716787314933,paho837403390092441,topic/maintenance,METAVERSE,170
1716787315482,paho837403390092441,topic/maintenance,METAVERSE,226
1716787315482,paho837403390092441,topic/maintenance,METAVERSE,226
1716787315495,paho837403388709963,topic/b/lighting,METAVERSE,4
1716787315495,paho837403389897900,topic/b/lighting,METAVERSE,4
1716787315498,paho837403389897900,topic/b/lighting,METAVERSE,7
1716787315498,paho837403388709963,topic/b/lighting,METAVERSE,7
1716787315532,paho837403390092441,topic/maintenance,METAVERSE,281
1716787315543,paho837403388709963,topic/e/noise,METAVERSE,20
1716787315574,paho837403388709963,topic/c/lighting,METAVERSE,4
1716787315574,paho837403389897900,topic/c/lighting,METAVERSE,4
1716787315607,paho837403388709963,topic/b/lighting,METAVERSE,4
1716787315607,paho837403389897900,topic/b/lighting,METAVERSE,4
1716787315632,paho837403390092441,topic/maintenance,METAVERSE,111
1716787315675,paho837403390092441,topic/maintenance,METAVERSE,152
1716787315741,paho837403388709963,topic/v/noise,METAVERSE,5
1716787315786,paho837403388709963,topic/b/noise,METAVERSE,7
1716787315790,paho837403389897900,topic/b/lighting,METAVERSE,27
1716787315791,paho837403388709963,topic/b/lighting,METAVERSE,28
1716787315811,paho837403388709963,topic/g/noise,METAVERSE,4
1716787315895,paho837403388709963,topic/v/lighting,METAVERSE,4
1716787315896,paho837403389897900,topic/v/lighting,METAVERSE,5
1716787315919,paho837403389460363,topic/security,METAVERSE,28792
1716787315919,paho837403389460363,topic/security,METAVERSE,28792
1716787315919,paho837403389460363,topic/security,METAVERSE,28792
1716787315919,paho837403389460363,topic/security,METAVERSE,28780
1716787315919,paho837403389460363,topic/security,METAVERSE,28783
1716787315919,paho837403389460363,topic/security,METAVERSE,28748
1716787315919,paho837403389460363,topic/security,METAVERSE,28734
1716787315919,paho837403389460363,topic/security,METAVERSE,28719
1716787315919,paho837403389460363,topic/security,METAVERSE,28704
1716787315919,paho837403389460363,topic/security,METAVERSE,28692
1716787315919,paho837403389460363,topic/security,METAVERSE,28688
1716787315919,paho837403389460363,topic/security,METAVERSE,28668
1716787315919,paho837403389460363,topic/security,METAVERSE,28668
1716787315919,paho837403389460363,topic/security,METAVERSE,28667
1716787315921,paho837403388709963,topic/c/noise,METAVERSE,30
1716787315931,paho837403390092441,topic/maintenance,METAVERSE,195
1716787316028,paho837403388709963,topic/c/rfid,METAVERSE,12
1716787316063,paho837403388709963,topic/g/lighting,METAVERSE,8
1716787316063,paho837403389897900,topic/g/lighting,METAVERSE,8
1716787316080,paho837403389713619,topic/queueing,METAVERSE,64
1716787316080,paho837403390092441,topic/maintenance,METAVERSE,301
1716787316134,paho837403390092441,topic/maintenance,METAVERSE,327
1716787316151,paho837403388709963,topic/d/lighting,METAVERSE,12
1716787316151,paho837403389897900,topic/d/lighting,METAVERSE,12
1716787316187,paho837403390092441,topic/maintenance,METAVERSE,330
1716787316188,paho837403390092441,topic/maintenance,METAVERSE,317
1716787316230,paho837403390092441,topic/maintenance,METAVERSE,339
1716787316362,paho837403388709963,topic/b/noise,METAVERSE,7
1716787316424,paho837403388709963,topic/c/lighting,METAVERSE,4
1716787316425,paho837403389897900,topic/c/lighting,METAVERSE,5
1716787316455,paho837403388709963,topic/d/noise,METAVERSE,49
1716787316483,paho837403390092441,topic/maintenance,METAVERSE,472
1716787316582,paho837403390092441,topic/maintenance,METAVERSE,379
1716787316776,paho837403388709963,topic/s/lighting,METAVERSE,33
1716787316776,paho837403389897900,topic/s/lighting,METAVERSE,33
1716787316779,paho837403390092441,topic/maintenance,METAVERSE,513
1716787316831,paho837403390092441,topic/maintenance,METAVERSE,565
1716787316832,paho837403390092441,topic/maintenance,METAVERSE,477
1716787316832,paho837403390092441,topic/maintenance,METAVERSE,426
1716787316833,paho837403390092441,topic/maintenance,METAVERSE,273
1716787316879,paho837403388709963,topic/d/lighting,METAVERSE,4
1716787316882,paho837403389897900,topic/d/lighting,METAVERSE,7
1716787317059,paho837403388709963,topic/c/rfid,METAVERSE,9
1716787317081,paho837403389713619,topic/queueing,METAVERSE,31
1716787317144,paho837403388709963,topic/g/lighting,METAVERSE,8
1716787317145,paho837403389897900,topic/g/lighting,METAVERSE,9
1716787317199,paho837403388709963,topic/b/lighting,METAVERSE,8
1716787317199,paho837403389897900,topic/b/lighting,METAVERSE,8
1716787317376,paho837403388709963,topic/g/noise,METAVERSE,5
1716787317399,paho837403388709963,topic/s/noise,METAVERSE,4
1716787317482,paho837403390092441,topic/maintenance,METAVERSE,211
1716787317539,paho837403388709963,topic/b/noise,METAVERSE,24
1716787317579,paho837403390092441,topic/maintenance,METAVERSE,322
1716787317632,paho837403390092441,topic/maintenance,METAVERSE,361
1716787317649,paho837403388709963,topic/e/lighting,METAVERSE,5
1716787317649,paho837403389897900,topic/e/lighting,METAVERSE,5
1716787317684,paho837403388709963,topic/b/noise,METAVERSE,7
1716787317734,paho837403390092441,topic/maintenance,METAVERSE,363
1716787317734,paho837403390092441,topic/maintenance,METAVERSE,339
1716787317837,paho837403390092441,topic/maintenance,METAVERSE,322
1716787317839,paho837403390092441,topic/maintenance,METAVERSE,287
1716787317843,paho837403390092441,topic/maintenance,METAVERSE,166
1716787317931,paho837403390092441,topic/maintenance,METAVERSE,24
1716787318054,paho837403388709963,topic/s/noise,METAVERSE,26
1716787318130,paho837403390092441,topic/maintenance,METAVERSE,102
1716787318269,paho837403388709963,topic/s/lighting,METAVERSE,4
1716787318269,paho837403389897900,topic/s/lighting,METAVERSE,4
1716787318330,paho837403390092441,topic/maintenance,METAVERSE,59
1716787318391,paho837403388709963,topic/d/noise,METAVERSE,23
1716787318481,paho837403390092441,topic/maintenance,METAVERSE,210
1716787318532,paho837403390092441,topic/maintenance,METAVERSE,165
1716787318535,paho837403390092441,topic/maintenance,METAVERSE,121
1716787318680,paho837403390092441,topic/maintenance,METAVERSE,95
1716787318882,paho837403390092441,topic/maintenance,METAVERSE,103
1716787319495,paho837403388709963,topic/e/lighting,METAVERSE,30
1716787319495,paho837403389897900,topic/e/lighting,METAVERSE,30
1716787319530,paho837403390092441,topic/maintenance,METAVERSE,258
1716787319582,paho837403390092441,topic/maintenance,METAVERSE,310
1716787319691,paho837403388709963,topic/e/noise,METAVERSE,4
1716787319730,paho837403390092441,topic/maintenance,METAVERSE,419
1716787319784,paho837403390092441,topic/maintenance,METAVERSE,437
1716787319784,paho837403390092441,topic/maintenance,METAVERSE,251
1716787319930,paho837403390092441,topic/maintenance,METAVERSE,243
1716787320034,paho837403390092441,topic/maintenance,METAVERSE,340
1716787320184,paho837403390092441,topic/maintenance,METAVERSE,308
1716787320336,paho837403390092441,topic/maintenance,METAVERSE,417
1716787320434,paho837403390092441,topic/maintenance,METAVERSE,359
1716787320483,paho837403390092441,topic/maintenance,METAVERSE,384
1716787320525,paho837403388709963,topic/b/lighting,METAVERSE,19
1716787320525,paho837403389897900,topic/b/lighting,METAVERSE,19
1716787320528,paho837403389897900,topic/b/lighting,METAVERSE,22
1716787320528,paho837403388709963,topic/b/lighting,METAVERSE,22
1716787320575,paho837403388709963,topic/e/noise,METAVERSE,8
1716787320595,paho837403388709963,topic/c/lighting,METAVERSE,25
1716787320595,paho837403389897900,topic/c/lighting,METAVERSE,25
1716787320626,paho837403388709963,topic/b/lighting,METAVERSE,23
1716787320627,paho837403389897900,topic/b/lighting,METAVERSE,24
1716787320780,paho837403388709963,topic/v/noise,METAVERSE,5
1716787320795,paho837403388709963,topic/b/noise,METAVERSE,4
1716787320809,paho837403388709963,topic/b/lighting,METAVERSE,14
1716787320810,paho837403389897900,topic/b/lighting,METAVERSE,15
1716787320835,paho837403390092441,topic/maintenance,METAVERSE,693
1716787320867,paho837403388709963,topic/g/noise,METAVERSE,4
1716787320923,paho837403388709963,topic/v/lighting,METAVERSE,4
1716787320923,paho837403389897900,topic/v/lighting,METAVERSE,4
1716787320935,paho837403390092441,topic/maintenance,METAVERSE,663
1716787320946,paho837403388709963,topic/c/noise,METAVERSE,6
1716787321035,paho837403390092441,topic/maintenance,METAVERSE,763
1716787321082,paho837403390092441,topic/maintenance,METAVERSE,515
1716787321099,paho837403388709963,topic/g/lighting,METAVERSE,4
1716787321100,paho837403389897900,topic/g/lighting,METAVERSE,5
1716787321133,paho837403390092441,topic/maintenance,METAVERSE,542
1716787321183,paho837403390092441,topic/maintenance,METAVERSE,484
1716787321199,paho837403388709963,topic/d/rfid,METAVERSE,4
1716787321202,paho837403389897900,topic/d/lighting,METAVERSE,7
1716787321202,paho837403388709963,topic/d/lighting,METAVERSE,7
1716787321231,paho837403390092441,topic/maintenance,METAVERSE,456
1716787321231,paho837403390092441,topic/maintenance,METAVERSE,451
1716787321281,paho837403389713619,topic/queueing,METAVERSE,86
1716787321282,paho837403390092441,topic/maintenance,METAVERSE,491
1716787321282,paho837403390092441,topic/maintenance,METAVERSE,419
1716787321335,paho837403390092441,topic/maintenance,METAVERSE,395
1716787321390,paho837403388709963,topic/b/noise,METAVERSE,19
1716787321434,paho837403390092441,topic/maintenance,METAVERSE,425
1716787321445,paho837403388709963,topic/c/lighting,METAVERSE,4
1716787321446,paho837403389897900,topic/c/lighting,METAVERSE,5
1716787321485,paho837403390092441,topic/maintenance,METAVERSE,471
1716787321507,paho837403388709963,topic/d/noise,METAVERSE,5
1716787321535,paho837403390092441,topic/maintenance,METAVERSE,240
1716787321582,paho837403390092441,topic/maintenance,METAVERSE,305
1716787321608,paho837403390092441,topic/maintenance,METAVERSE,331
1716787321633,paho837403390092441,topic/maintenance,METAVERSE,306
1716787321733,paho837403390092441,topic/maintenance,METAVERSE,362
1716787321831,paho837403388709963,topic/s/lighting,METAVERSE,12
1716787321832,paho837403390092441,topic/maintenance,METAVERSE,429
1716787321835,paho837403389897900,topic/s/lighting,METAVERSE,16
1716787321929,paho837403388709963,topic/d/lighting,METAVERSE,18
1716787321929,paho837403389897900,topic/d/lighting,METAVERSE,18
1716787321935,paho837403390092441,topic/maintenance,METAVERSE,433
1716787322079,paho837403390092441,topic/maintenance,METAVERSE,551
1716787322184,paho837403390092441,topic/maintenance,METAVERSE,581
1716787322196,paho837403388709963,topic/g/lighting,METAVERSE,29
1716787322197,paho837403389897900,topic/g/lighting,METAVERSE,30
1716787322254,paho837403388709963,topic/b/lighting,METAVERSE,27
1716787322255,paho837403389897900,topic/b/lighting,METAVERSE,28
1716787322338,paho837403390092441,topic/maintenance,METAVERSE,707
1716787322407,paho837403388709963,topic/s/noise,METAVERSE,4
1716787322425,paho837403388709963,topic/g/noise,METAVERSE,4
1716787322485,paho837403390092441,topic/maintenance,METAVERSE,618
1716787322536,paho837403390092441,topic/maintenance,METAVERSE,601
1716787322621,paho837403388709963,topic/b/noise,METAVERSE,6
1716787322694,paho837403388709963,topic/b/noise,METAVERSE,4
1716787322710,paho837403388709963,topic/e/lighting,METAVERSE,7
1716787322711,paho837403389897900,topic/e/lighting,METAVERSE,8
1716787322839,paho837403390092441,topic/maintenance,METAVERSE,872
1716787322935,paho837403390092441,topic/maintenance,METAVERSE,646
1716787322985,paho837403390092441,topic/maintenance,METAVERSE,696
1716787323055,paho837403390092441,topic/maintenance,METAVERSE,765
1716787323064,paho837403388709963,topic/s/noise,METAVERSE,9
1716787323184,paho837403390092441,topic/maintenance,METAVERSE,833
1716787323233,paho837403390092441,topic/maintenance,METAVERSE,830
1716787323282,paho837403390092441,topic/maintenance,METAVERSE,861
1716787323284,paho837403390092441,topic/maintenance,METAVERSE,845
1716787323287,paho837403388709963,topic/s/lighting,METAVERSE,5
1716787323287,paho837403389897900,topic/s/lighting,METAVERSE,5
1716787323334,paho837403390092441,topic/maintenance,METAVERSE,811
1716787323397,paho837403388709963,topic/d/noise,METAVERSE,4
1716787323447,paho837403390092441,topic/maintenance,METAVERSE,920
1716787323631,paho837403390092441,topic/maintenance,METAVERSE,1052
1716787323679,paho837403390092441,topic/maintenance,METAVERSE,1064
1716787323736,paho837403390092441,topic/maintenance,METAVERSE,1046
1716787323935,paho837403390092441,topic/maintenance,METAVERSE,1296
1716787323937,paho837403390092441,topic/maintenance,METAVERSE,1272
1716787324119,paho837403388709963,topic/c/rfid,METAVERSE,29
1716787324185,paho837403390092441,topic/maintenance,METAVERSE,1393
1716787324232,paho837403389713619,topic/queueing,METAVERSE,142
1716787324233,paho837403390092441,topic/maintenance,METAVERSE,1392
1716787324283,paho837403390092441,topic/maintenance,METAVERSE,1228
1716787324330,paho837403390092441,topic/maintenance,METAVERSE,1271
1716787324435,paho837403390092441,topic/maintenance,METAVERSE,1137
1716787324485,paho837403390092441,topic/maintenance,METAVERSE,1186
1716787324529,paho837403388709963,topic/e/lighting,METAVERSE,5
1716787324529,paho837403389897900,topic/e/lighting,METAVERSE,5
1716787324686,paho837403390092441,topic/maintenance,METAVERSE,1360
1716787324699,paho837403388709963,topic/e/noise,METAVERSE,4
1716787324737,paho837403390092441,topic/maintenance,METAVERSE,1344
1716787324781,paho837403390092441,topic/maintenance,METAVERSE,886
1716787324831,paho837403390092441,topic/maintenance,METAVERSE,530
1716787324879,paho837403390092441,topic/maintenance,METAVERSE,578
1716787324929,paho837403390092441,topic/maintenance,METAVERSE,494
1716787324935,paho837403390092441,topic/maintenance,METAVERSE,240
1716787325082,paho837403390092441,topic/maintenance,METAVERSE,52
1716787325287,paho837403390092441,topic/maintenance,METAVERSE,36
1716787325433,paho837403390092441,topic/maintenance,METAVERSE,132
1716787325485,paho837403390092441,topic/maintenance,METAVERSE,184
1716787325513,paho837403388709963,topic/b/lighting,METAVERSE,6
1716787325514,paho837403389897900,topic/b/lighting,METAVERSE,7
1716787325516,paho837403388709963,topic/b/lighting,METAVERSE,9
1716787325516,paho837403389897900,topic/b/lighting,METAVERSE,9
1716787325531,paho837403390092441,topic/maintenance,METAVERSE,36
1716787325587,paho837403388709963,topic/e/noise,METAVERSE,4
1716787325607,paho837403388709963,topic/b/lighting,METAVERSE,4
1716787325608,paho837403389897900,topic/b/lighting,METAVERSE,5
1716787325615,paho837403388709963,topic/c/lighting,METAVERSE,4
1716787325616,paho837403389897900,topic/c/lighting,METAVERSE,5
1716787325639,paho837403390092441,topic/maintenance,METAVERSE,56
1716787325795,paho837403388709963,topic/v/noise,METAVERSE,4
1716787325802,paho837403388709963,topic/b/noise,METAVERSE,4
1716787325855,paho837403388709963,topic/b/lighting,METAVERSE,4
1716787325856,paho837403389897900,topic/b/lighting,METAVERSE,5
1716787325867,paho837403388709963,topic/g/noise,METAVERSE,4
1716787325930,paho837403388709963,topic/v/lighting,METAVERSE,7
1716787325931,paho837403389897900,topic/v/lighting,METAVERSE,8
1716787326013,paho837403388709963,topic/c/noise,METAVERSE,26
1716787326081,paho837403390092441,topic/maintenance,METAVERSE,290
1716787326100,paho837403388709963,topic/g/lighting,METAVERSE,4
1716787326101,paho837403389897900,topic/g/lighting,METAVERSE,5
1716787326137,paho837403390092441,topic/maintenance,METAVERSE,339
1716787326223,paho837403388709963,topic/d/lighting,METAVERSE,7
1716787326223,paho837403389897900,topic/d/lighting,METAVERSE,7
1716787326280,paho837403390092441,topic/maintenance,METAVERSE,417
1716787326379,paho837403390092441,topic/maintenance,METAVERSE,404
1716787326389,paho837403388709963,topic/b/noise,METAVERSE,10
1716787326435,paho837403390092441,topic/maintenance,METAVERSE,448
1716787326467,paho837403388709963,topic/c/lighting,METAVERSE,17
1716787326468,paho837403389897900,topic/c/lighting,METAVERSE,18
1716787326508,paho837403388709963,topic/d/noise,METAVERSE,4
1716787326580,paho837403390092441,topic/maintenance,METAVERSE,489
1716787326779,paho837403390092441,topic/maintenance,METAVERSE,507
1716787326832,paho837403390092441,topic/maintenance,METAVERSE,530
1716787326879,paho837403390092441,topic/maintenance,METAVERSE,577
1716787326889,paho837403388709963,topic/s/lighting,METAVERSE,5
1716787326890,paho837403389897900,topic/s/lighting,METAVERSE,6
1716787326931,paho837403390092441,topic/maintenance,METAVERSE,606
1716787326955,paho837403388709963,topic/d/lighting,METAVERSE,21
1716787326955,paho837403389897900,topic/d/lighting,METAVERSE,21
1716787327031,paho837403390092441,topic/maintenance,METAVERSE,652
1716787327179,paho837403390092441,topic/maintenance,METAVERSE,728
1716787327215,paho837403388709963,topic/g/lighting,METAVERSE,4
1716787327216,paho837403389897900,topic/g/lighting,METAVERSE,5
1716787327233,paho837403390092441,topic/maintenance,METAVERSE,729
1716787327235,paho837403390092441,topic/maintenance,METAVERSE,630
1716787327235,paho837403390092441,topic/maintenance,METAVERSE,608
1716787327235,paho837403390092441,topic/maintenance,METAVERSE,432
1716787327235,paho837403390092441,topic/maintenance,METAVERSE,395
1716787327235,paho837403390092441,topic/maintenance,METAVERSE,364
1716787327299,paho837403388709963,topic/b/lighting,METAVERSE,24
1716787327300,paho837403389897900,topic/b/lighting,METAVERSE,25
1716787327417,paho837403388709963,topic/s/noise,METAVERSE,5
1716787327474,paho837403388709963,topic/g/noise,METAVERSE,11
1716787327632,paho837403390092441,topic/maintenance,METAVERSE,309
1716787327649,paho837403388709963,topic/b/noise,METAVERSE,26
1716787327729,paho837403388709963,topic/b/noise,METAVERSE,23
1716787327746,paho837403388709963,topic/e/lighting,METAVERSE,4
1716787327747,paho837403389897900,topic/e/lighting,METAVERSE,5
1716787327833,paho837403390092441,topic/maintenance,METAVERSE,510
1716787327875,paho837403390092441,topic/maintenance,METAVERSE,524
1716787327883,paho837403390092441,topic/maintenance,METAVERSE,521
1716787327931,paho837403390092441,topic/maintenance,METAVERSE,519
1716787327983,paho837403390092441,topic/maintenance,METAVERSE,520
1716787328035,paho837403390092441,topic/maintenance,METAVERSE,412
1716787328062,paho837403388709963,topic/s/noise,METAVERSE,5
1716787328183,paho837403390092441,topic/maintenance,METAVERSE,548
1716787328283,paho837403390092441,topic/maintenance,METAVERSE,577
1716787328283,paho837403390092441,topic/maintenance,METAVERSE,561
1716787328311,paho837403388709963,topic/s/lighting,METAVERSE,4
1716787328311,paho837403389897900,topic/s/lighting,METAVERSE,4
1716787328383,paho837403390092441,topic/maintenance,METAVERSE,476
1716787328410,paho837403388709963,topic/d/noise,METAVERSE,7
1716787328529,paho837403390092441,topic/maintenance,METAVERSE,472
1716787328572,paho837403390092441,topic/maintenance,METAVERSE,497
1716787328635,paho837403390092441,topic/maintenance,METAVERSE,296
1716787328684,paho837403390092441,topic/maintenance,METAVERSE,345
1716787328771,paho837403389713619,topic/occupancy,METAVERSE,33727
1716787328771,paho837403389713619,topic/occupancy,METAVERSE,33664
1716787328771,paho837403389713619,topic/occupancy,METAVERSE,33423
1716787328771,paho837403389713619,topic/occupancy,METAVERSE,33405
1716787328771,paho837403389713619,topic/occupancy,METAVERSE,33208
1716787328771,paho837403389713619,topic/occupancy,METAVERSE,32392
1716787328771,paho837403389713619,topic/occupancy,METAVERSE,32296
1716787328771,paho837403389713619,topic/occupancy,METAVERSE,32150
1716787328771,paho837403389713619,topic/occupancy,METAVERSE,32090
1716787328771,paho837403389713619,topic/occupancy,METAVERSE,32020
1716787328771,paho837403389713619,topic/occupancy,METAVERSE,31919
1716787328771,paho837403389713619,topic/occupancy,METAVERSE,31716
1716787328771,paho837403389713619,topic/occupancy,METAVERSE,31656
1716787328771,paho837403389713619,topic/occupancy,METAVERSE,31379
1716787328772,paho837403389713619,topic/occupancy,METAVERSE,31329
1716787328772,paho837403389713619,topic/occupancy,METAVERSE,31161
1716787328772,paho837403389713619,topic/occupancy,METAVERSE,30707
1716787328772,paho837403389713619,topic/occupancy,METAVERSE,30393
1716787328772,paho837403389713619,topic/occupancy,METAVERSE,30289
1716787328772,paho837403389713619,topic/occupancy,METAVERSE,30138
1716787328772,paho837403389713619,topic/occupancy,METAVERSE,30020
1716787328772,paho837403389713619,topic/occupancy,METAVERSE,30015
1716787328772,paho837403389713619,topic/occupancy,METAVERSE,30033
1716787328772,paho837403389713619,topic/occupancy,METAVERSE,29907
1716787328772,paho837403389713619,topic/occupancy,METAVERSE,29695
1716787328772,paho837403389713619,topic/occupancy,METAVERSE,29638
1716787328772,paho837403389713619,topic/occupancy,METAVERSE,29541
1716787328772,paho837403389713619,topic/occupancy,METAVERSE,29379
1716787328772,paho837403389713619,topic/occupancy,METAVERSE,29247
1716787328787,paho837403390092441,topic/maintenance,METAVERSE,384
1716787328835,paho837403390092441,topic/maintenance,METAVERSE,382
1716787329171,paho837403388709963,topic/c/rfid,METAVERSE,8
1716787329283,paho837403389713619,topic/queueing,METAVERSE,120
1716787329374,paho837403390092441,topic/maintenance,METAVERSE,27
1716787329375,paho837403390092441,topic/maintenance,METAVERSE,28
1716787329547,paho837403388709963,topic/e/lighting,METAVERSE,4
1716787329548,paho837403389897900,topic/e/lighting,METAVERSE,5
1716787329620,paho837403390092441,topic/maintenance,METAVERSE,13
1716787329647,paho837403390092441,topic/maintenance,METAVERSE,8
1716787329711,paho837403388709963,topic/e/noise,METAVERSE,4
1716787329712,paho837403390092441,topic/maintenance,METAVERSE,5
1716787329782,paho837403390092441,topic/maintenance,METAVERSE,31
1716787330031,paho837403390092441,topic/maintenance,METAVERSE,8
1716787330423,paho837403390092441,topic/maintenance,METAVERSE,43
1716787330425,paho837403390092441,topic/maintenance,METAVERSE,45
1716787330536,paho837403388709963,topic/b/lighting,METAVERSE,25
1716787330537,paho837403389897900,topic/b/lighting,METAVERSE,26
1716787330539,paho837403388709963,topic/b/lighting,METAVERSE,28
1716787330539,paho837403389897900,topic/b/lighting,METAVERSE,28
1716787330579,paho837403390092441,topic/maintenance,METAVERSE,126
1716787330591,paho837403388709963,topic/e/noise,METAVERSE,4
1716787330592,paho837403390092441,topic/maintenance,METAVERSE,5
1716787330632,paho837403389897900,topic/c/lighting,METAVERSE,5
1716787330634,paho837403388709963,topic/c/lighting,METAVERSE,7
1716787330636,paho837403389897900,topic/b/lighting,METAVERSE,25
1716787330638,paho837403388709963,topic/b/lighting,METAVERSE,27
1716787330707,paho837403390092441,topic/maintenance,METAVERSE,26
1716787330811,paho837403388709963,topic/v/noise,METAVERSE,4
1716787330812,paho837403390092441,topic/maintenance,METAVERSE,5
1716787330819,paho837403388709963,topic/b/noise,METAVERSE,21
1716787330830,paho837403390092441,topic/maintenance,METAVERSE,24
1716787330868,paho837403390092441,topic/maintenance,METAVERSE,70
1716787330871,paho837403388709963,topic/g/noise,METAVERSE,4
1716787330893,paho837403388709963,topic/b/lighting,METAVERSE,38
1716787330894,paho837403389897900,topic/b/lighting,METAVERSE,39
1716787330911,paho837403390092441,topic/maintenance,METAVERSE,44
1716787330941,paho837403389897900,topic/v/lighting,METAVERSE,14
1716787330941,paho837403388709963,topic/v/lighting,METAVERSE,14
1716787331024,paho837403388709963,topic/c/noise,METAVERSE,14
1716787331025,paho837403390092441,topic/maintenance,METAVERSE,15
1716787331127,paho837403388709963,topic/g/lighting,METAVERSE,4
1716787331128,paho837403389897900,topic/g/lighting,METAVERSE,5
1716787331231,paho837403390092441,topic/maintenance,METAVERSE,50
1716787331290,paho837403388709963,topic/d/lighting,METAVERSE,37
1716787331291,paho837403389897900,topic/d/lighting,METAVERSE,38
1716787331380,paho837403390092441,topic/maintenance,METAVERSE,33
1716787331394,paho837403388709963,topic/b/noise,METAVERSE,3
1716787331474,paho837403388709963,topic/c/lighting,METAVERSE,8
1716787331475,paho837403389897900,topic/c/lighting,METAVERSE,9
1716787331518,paho837403388709963,topic/d/noise,METAVERSE,4
1716787331581,paho837403390092441,topic/maintenance,METAVERSE,202
1716787331631,paho837403390092441,topic/maintenance,METAVERSE,247
1716787331680,paho837403390092441,topic/maintenance,METAVERSE,296
1716787331681,paho837403390092441,topic/maintenance,METAVERSE,290
1716787331681,paho837403390092441,topic/maintenance,METAVERSE,275
1716787331681,paho837403390092441,topic/maintenance,METAVERSE,167
1716787331911,paho837403388709963,topic/s/lighting,METAVERSE,4
1716787331912,paho837403389897900,topic/s/lighting,METAVERSE,5
1716787331931,paho837403390092441,topic/maintenance,METAVERSE,20
1716787331977,paho837403388709963,topic/d/lighting,METAVERSE,10
1716787331978,paho837403389897900,topic/d/lighting,METAVERSE,11
1716787332255,paho837403388709963,topic/g/lighting,METAVERSE,4
1716787332255,paho837403389897900,topic/g/lighting,METAVERSE,4
1716787332302,paho837403390092441,topic/maintenance,METAVERSE,4
1716787332315,paho837403388709963,topic/b/lighting,METAVERSE,4
1716787332315,paho837403389897900,topic/b/lighting,METAVERSE,4
1716787332431,paho837403388709963,topic/s/noise,METAVERSE,4
1716787332433,paho837403390092441,topic/maintenance,METAVERSE,30
1716787332479,paho837403390092441,topic/maintenance,METAVERSE,76
1716787332482,paho837403390092441,topic/maintenance,METAVERSE,55
1716787332548,paho837403388709963,topic/g/noise,METAVERSE,7
1716787332563,paho837403390092441,topic/maintenance,METAVERSE,22
1716787332584,paho837403390092441,topic/maintenance,METAVERSE,17
1716787332653,paho837403388709963,topic/b/noise,METAVERSE,30
1716787332654,paho837403390092441,topic/maintenance,METAVERSE,31
1716787332739,paho837403388709963,topic/b/noise,METAVERSE,16
1716787332759,paho837403388709963,topic/e/lighting,METAVERSE,8
1716787332760,paho837403389897900,topic/e/lighting,METAVERSE,9
1716787332780,paho837403390092441,topic/maintenance,METAVERSE,61
1716787332780,paho837403390092441,topic/maintenance,METAVERSE,57
1716787332911,paho837403390092441,topic/maintenance,METAVERSE,6
1716787332947,paho837403390092441,topic/maintenance,METAVERSE,26
1716787333067,paho837403388709963,topic/s/noise,METAVERSE,4
1716787333068,paho837403390092441,topic/maintenance,METAVERSE,5
1716787333191,paho837403388709963,topic/c/rfid,METAVERSE,10
1716787333195,paho837403389713619,topic/queueing,METAVERSE,14
1716787333316,paho837403388709963,topic/s/lighting,METAVERSE,6
1716787333317,paho837403389897900,topic/s/lighting,METAVERSE,7
1716787333415,paho837403388709963,topic/d/noise,METAVERSE,4
1716787333416,paho837403390092441,topic/maintenance,METAVERSE,5
1716787333530,paho837403390092441,topic/maintenance,METAVERSE,119
1716787333571,paho837403390092441,topic/maintenance,METAVERSE,160
1716787334080,paho837403390092441,topic/maintenance,METAVERSE,37
1716787334224,paho837403388709963,topic/c/rfid,METAVERSE,9
1716787334230,paho837403389713619,topic/queueing,METAVERSE,15
1716787334316,paho837403388709963,topic/d/rfid,METAVERSE,120
1716787334379,paho837403389713619,topic/queueing,METAVERSE,183
1716787334484,paho837403390092441,topic/maintenance,METAVERSE,9
1716787334484,paho837403390092441,topic/maintenance,METAVERSE,17
1716787334548,paho837403388709963,topic/e/lighting,METAVERSE,5
1716787334548,paho837403389897900,topic/e/lighting,METAVERSE,5
1716787334581,paho837403390092441,topic/maintenance,METAVERSE,98
1716787334632,paho837403390092441,topic/maintenance,METAVERSE,141
1716787334739,paho837403388709963,topic/e/noise,METAVERSE,4
1716787334740,paho837403390092441,topic/maintenance,METAVERSE,5
1716787334880,paho837403390092441,topic/maintenance,METAVERSE,48
1716787335112,paho837403390092441,topic/maintenance,METAVERSE,5
1716787335518,paho837403389897900,topic/b/lighting,METAVERSE,7
1716787335518,paho837403388709963,topic/b/lighting,METAVERSE,7
1716787335521,paho837403389897900,topic/b/lighting,METAVERSE,10
1716787335522,paho837403388709963,topic/b/lighting,METAVERSE,11
1716787335603,paho837403388709963,topic/e/noise,METAVERSE,4
1716787335615,paho837403388709963,topic/b/lighting,METAVERSE,4
1716787335616,paho837403389897900,topic/b/lighting,METAVERSE,5
1716787335647,paho837403388709963,topic/c/lighting,METAVERSE,4
1716787335648,paho837403389897900,topic/c/lighting,METAVERSE,5
