1716740028197,paho787068536798430,topic/b/noise,METAVERSE,146
1716740028491,paho787068537911492,topic/c/lighting,METAVERSE,75
1716740028494,paho787068536798430,topic/c/lighting,METAVERSE,78
1716740028513,paho787068536798430,topic/v/rfid,METAVERSE,26
1716740028526,paho787068537911492,topic/v/lighting,METAVERSE,26
1716740028550,paho787068536798430,topic/v/lighting,METAVERSE,50
1716740028734,paho787068536798430,topic/c/noise,METAVERSE,38
1716740028735,paho787068536798430,topic/d/rfid,METAVERSE,27
1716740028933,paho787068536798430,topic/c/lighting,METAVERSE,45
1716740028945,paho787068537911492,topic/c/lighting,METAVERSE,57
1716740028973,paho787068536798430,topic/c/rfid,METAVERSE,17
1716740029024,paho787068536798430,topic/v/noise,METAVERSE,40
1716740029557,paho787068536798430,topic/d/noise,METAVERSE,22
1716740029735,paho787068536798430,topic/d/noise,METAVERSE,19
1716740029738,paho787068536798430,topic/d/rfid,METAVERSE,20
1716740029762,paho787068536798430,topic/g/noise,METAVERSE,56
1716740029889,paho787068536798430,topic/d/lighting,METAVERSE,21
1716740029890,paho787068537911492,topic/d/lighting,METAVERSE,22
1716740030075,paho787068536798430,topic/s/lighting,METAVERSE,15
1716740030077,paho787068537911492,topic/s/lighting,METAVERSE,17
1716740030348,paho787068536798430,topic/s/noise,METAVERSE,12
1716740030442,paho787068536798430,topic/s/noise,METAVERSE,42
1716740030486,paho787068536798430,topic/s/lighting,METAVERSE,16
1716740030488,paho787068537911492,topic/s/lighting,METAVERSE,18
1716740030695,paho787068536798430,topic/b/lighting,METAVERSE,90
1716740030696,paho787068537911492,topic/b/lighting,METAVERSE,91
1716740030779,paho787068536798430,topic/d/lighting,METAVERSE,15
1716740030780,paho787068537911492,topic/d/lighting,METAVERSE,16
1716740031072,paho787068536798430,topic/s/rfid,METAVERSE,57
1716740031127,paho787068536798430,topic/e/noise,METAVERSE,15
1716740031139,paho787068536798430,topic/s/rfid,METAVERSE,60
1716740031158,paho787068536798430,topic/s/rfid,METAVERSE,10
1716740031342,paho787068536798430,topic/e/lighting,METAVERSE,30
1716740031343,paho787068537911492,topic/e/lighting,METAVERSE,31
1716740031595,paho787068536798430,topic/e/lighting,METAVERSE,49
1716740031596,paho787068537911492,topic/e/lighting,METAVERSE,50
1716740031650,paho787068536798430,topic/b/lighting,METAVERSE,92
1716740031651,paho787068537911492,topic/b/lighting,METAVERSE,93
1716740031676,paho787068536798430,topic/b/rfid,METAVERSE,67
1716740031691,paho787068536798430,topic/g/lighting,METAVERSE,52
1716740031691,paho787068537911492,topic/g/lighting,METAVERSE,52
1716740031822,paho787068536798430,topic/b/lighting,METAVERSE,59
1716740031823,paho787068537911492,topic/b/lighting,METAVERSE,60
1716740031848,paho787068536798430,topic/g/rfid,METAVERSE,12
1716740031980,paho787068536798430,topic/b/noise,METAVERSE,87
1716740031994,paho787068536798430,topic/c/rfid,METAVERSE,22
1716740032008,paho787068536798430,topic/c/rfid,METAVERSE,13
1716740032134,paho787068536798430,topic/g/noise,METAVERSE,21
1716740032331,paho787068536798430,topic/g/lighting,METAVERSE,14
1716740032332,paho787068537911492,topic/g/lighting,METAVERSE,15
1716740032445,paho787068536798430,topic/e/rfid,METAVERSE,31
1716740032646,paho787068536798430,topic/b/lighting,METAVERSE,66
1716740032647,paho787068537911492,topic/b/lighting,METAVERSE,67
1716740032805,paho787068536798430,topic/e/noise,METAVERSE,13
1716740033073,paho787068536798430,topic/b/noise,METAVERSE,44
1716740033181,paho787068536798430,topic/b/noise,METAVERSE,77
1716740033492,paho787068536798430,topic/c/lighting,METAVERSE,13
1716740033494,paho787068537911492,topic/c/lighting,METAVERSE,15
1716740033625,paho787068537911492,topic/v/lighting,METAVERSE,13
1716740033628,paho787068536798430,topic/v/lighting,METAVERSE,16
1716740033763,paho787068536798430,topic/c/noise,METAVERSE,16
1716740033897,paho787068536798430,topic/b/lighting,METAVERSE,109
1716740033898,paho787068537911492,topic/b/lighting,METAVERSE,110
1716740033918,paho787068536798430,topic/c/lighting,METAVERSE,16
1716740033920,paho787068537911492,topic/c/lighting,METAVERSE,18
1716740034024,paho787068536798430,topic/b/noise,METAVERSE,49
1716740034050,paho787068536798430,topic/v/noise,METAVERSE,22
1716740034568,paho787068536798430,topic/d/noise,METAVERSE,12
1716740034770,paho787068536798430,topic/d/noise,METAVERSE,13
1716740034847,paho787068536798430,topic/g/noise,METAVERSE,60
1716740034928,paho787068536798430,topic/d/lighting,METAVERSE,15
1716740034929,paho787068537911492,topic/d/lighting,METAVERSE,16
1716740035106,paho787068536798430,topic/s/lighting,METAVERSE,13
1716740035107,paho787068537911492,topic/s/lighting,METAVERSE,14
1716740035353,paho787068536798430,topic/s/noise,METAVERSE,14
1716740035501,paho787068536798430,topic/s/noise,METAVERSE,14
1716740035523,paho787068536798430,topic/s/lighting,METAVERSE,13
1716740035523,paho787068537911492,topic/s/lighting,METAVERSE,13
1716740035757,paho787068536798430,topic/b/lighting,METAVERSE,116
1716740035758,paho787068537911492,topic/b/lighting,METAVERSE,117
1716740035804,paho787068536798430,topic/d/lighting,METAVERSE,34
1716740035804,paho787068537911492,topic/d/lighting,METAVERSE,34
1716740036167,paho787068536798430,topic/e/noise,METAVERSE,48
1716740036393,paho787068536798430,topic/e/lighting,METAVERSE,21
1716740036393,paho787068537911492,topic/e/lighting,METAVERSE,21
1716740036629,paho787068536798430,topic/e/lighting,METAVERSE,14
1716740036629,paho787068537911492,topic/e/lighting,METAVERSE,14
1716740036744,paho787068536798430,topic/g/lighting,METAVERSE,14
1716740036745,paho787068537911492,topic/g/lighting,METAVERSE,15
1716740036815,paho787068536798430,topic/b/lighting,METAVERSE,148
1716740036816,paho787068537911492,topic/b/lighting,METAVERSE,149
1716740036943,paho787068536798430,topic/b/lighting,METAVERSE,88
1716740036944,paho787068537911492,topic/b/lighting,METAVERSE,89
1716740037026,paho787068536798430,topic/b/noise,METAVERSE,88
1716740037043,paho787068536798430,topic/c/rfid,METAVERSE,21
1716740037170,paho787068536798430,topic/s/rfid,METAVERSE,21
1716740037182,paho787068536798430,topic/g/noise,METAVERSE,47
1716740037363,paho787068536798430,topic/g/lighting,METAVERSE,14
1716740037364,paho787068537911492,topic/g/lighting,METAVERSE,15
1716740037692,paho787068536798430,topic/b/lighting,METAVERSE,82
1716740037693,paho787068537911492,topic/b/lighting,METAVERSE,83
1716740037733,paho787068537509957,topic/security,METAVERSE,2019
1716740037814,paho787068536798430,topic/e/noise,METAVERSE,15
1716740038030,paho787068537509957,topic/security,METAVERSE,2340
1716740038132,paho787068536798430,topic/b/noise,METAVERSE,89
1716740038176,paho787068537509957,topic/security,METAVERSE,2462
1716740038228,paho787068537728990,topic/queueing,METAVERSE,1206
1716740038258,paho787068536798430,topic/b/noise,METAVERSE,130
1716740038268,paho787068537728990,topic/queueing,METAVERSE,1119
1716740038545,paho787068536798430,topic/c/lighting,METAVERSE,12
1716740038545,paho787068537911492,topic/c/lighting,METAVERSE,12
1716740038650,paho787068536798430,topic/v/lighting,METAVERSE,37
1716740038651,paho787068537911492,topic/v/lighting,METAVERSE,38
1716740038855,paho787068536798430,topic/c/noise,METAVERSE,78
1716740038962,paho787068536798430,topic/b/lighting,METAVERSE,151
1716740038963,paho787068537911492,topic/b/lighting,METAVERSE,152
1716740039023,paho787068536798430,topic/c/lighting,METAVERSE,84
1716740039024,paho787068537911492,topic/c/lighting,METAVERSE,85
1716740039080,paho787068537728990,topic/occupancy,METAVERSE,2377
1716740039127,paho787068536798430,topic/v/noise,METAVERSE,36
1716740039142,paho787068536798430,topic/b/noise,METAVERSE,95
1716740039618,paho787068536798430,topic/d/noise,METAVERSE,11
1716740039828,paho787068537728990,topic/occupancy,METAVERSE,3160
1716740039856,paho787068536798430,topic/d/noise,METAVERSE,53
1716740039880,paho787068536798430,topic/g/noise,METAVERSE,13
1716740039981,paho787068537911492,topic/d/lighting,METAVERSE,13
1716740039986,paho787068536798430,topic/d/lighting,METAVERSE,18
1716740040111,paho787068537911492,topic/s/lighting,METAVERSE,14
1716740040113,paho787068536798430,topic/s/lighting,METAVERSE,16
1716740040360,paho787068536798430,topic/s/noise,METAVERSE,13
1716740040379,paho787068537509957,topic/security,METAVERSE,4689
1716740040380,paho787068537509957,topic/security,METAVERSE,4666
1716740040380,paho787068537509957,topic/security,METAVERSE,4533
1716740040380,paho787068537509957,topic/security,METAVERSE,4532
1716740040380,paho787068537509957,topic/security,METAVERSE,4532
1716740040380,paho787068537509957,topic/security,METAVERSE,4532
1716740040380,paho787068537509957,topic/security,METAVERSE,4215
1716740040380,paho787068537509957,topic/security,METAVERSE,4532
1716740040380,paho787068537509957,topic/security,METAVERSE,4352
1716740040380,paho787068537509957,topic/security,METAVERSE,4352
1716740040380,paho787068537509957,topic/security,METAVERSE,4136
1716740040380,paho787068537509957,topic/security,METAVERSE,4351
1716740040380,paho787068537509957,topic/security,METAVERSE,4352
1716740040381,paho787068537509957,topic/security,METAVERSE,4065
1716740040381,paho787068537509957,topic/security,METAVERSE,4352
1716740040381,paho787068537509957,topic/security,METAVERSE,4352
1716740040381,paho787068537509957,topic/security,METAVERSE,3987
1716740040381,paho787068537509957,topic/security,METAVERSE,4233
1716740040381,paho787068537509957,topic/security,METAVERSE,3980
1716740040381,paho787068537509957,topic/security,METAVERSE,4352
1716740040381,paho787068537509957,topic/security,METAVERSE,3939
1716740040381,paho787068537509957,topic/security,METAVERSE,4233
1716740040381,paho787068537509957,topic/security,METAVERSE,3945
1716740040381,paho787068537509957,topic/security,METAVERSE,4201
1716740040382,paho787068537509957,topic/security,METAVERSE,3894
1716740040382,paho787068537509957,topic/security,METAVERSE,4234
1716740040382,paho787068537509957,topic/security,METAVERSE,4202
1716740040382,paho787068537509957,topic/security,METAVERSE,4078
1716740040382,paho787068537509957,topic/security,METAVERSE,4035
1716740040382,paho787068537509957,topic/security,METAVERSE,4078
1716740040382,paho787068537509957,topic/security,METAVERSE,4034
1716740040382,paho787068537509957,topic/security,METAVERSE,3923
1716740040382,paho787068537509957,topic/security,METAVERSE,4034
1716740040382,paho787068537509957,topic/security,METAVERSE,3679
1716740040382,paho787068537509957,topic/security,METAVERSE,3886
1716740040382,paho787068537509957,topic/security,METAVERSE,3920
1716740040382,paho787068537509957,topic/security,METAVERSE,3625
1716740040383,paho787068537509957,topic/security,METAVERSE,3632
1716740040383,paho787068537509957,topic/security,METAVERSE,3715
1716740040383,paho787068537509957,topic/security,METAVERSE,3616
1716740040383,paho787068537509957,topic/security,METAVERSE,3862
1716740040383,paho787068537509957,topic/security,METAVERSE,3921
1716740040384,paho787068537509957,topic/security,METAVERSE,3544
1716740040523,paho787068537911492,topic/s/lighting,METAVERSE,13
1716740040532,paho787068536798430,topic/s/lighting,METAVERSE,22
1716740040535,paho787068536798430,topic/s/noise,METAVERSE,19
1716740040818,paho787068537911492,topic/d/lighting,METAVERSE,16
1716740040820,paho787068536798430,topic/d/lighting,METAVERSE,18
1716740040843,paho787068537911492,topic/b/lighting,METAVERSE,148
1716740040845,paho787068536798430,topic/b/lighting,METAVERSE,150
1716740040931,paho787068537728990,topic/occupancy,METAVERSE,4091
1716740040967,paho787068544235573,topic/maintenance,METAVERSE,4848
1716740040967,paho787068544235573,topic/maintenance,METAVERSE,5064
1716740040967,paho787068544235573,topic/maintenance,METAVERSE,4664
1716740040967,paho787068544235573,topic/maintenance,METAVERSE,4663
1716740040967,paho787068544235573,topic/maintenance,METAVERSE,4663
1716740040967,paho787068544235573,topic/maintenance,METAVERSE,4663
1716740040967,paho787068544235573,topic/maintenance,METAVERSE,4939
1716740040967,paho787068544235573,topic/maintenance,METAVERSE,4662
1716740040967,paho787068544235573,topic/maintenance,METAVERSE,4400
1716740040967,paho787068544235573,topic/maintenance,METAVERSE,4662
1716740040968,paho787068544235573,topic/maintenance,METAVERSE,4893
1716740040968,paho787068544235573,topic/maintenance,METAVERSE,4663
1716740040968,paho787068544235573,topic/maintenance,METAVERSE,4663
1716740040968,paho787068544235573,topic/maintenance,METAVERSE,4663
1716740040968,paho787068544235573,topic/maintenance,METAVERSE,4309
1716740040968,paho787068544235573,topic/maintenance,METAVERSE,4663
1716740040968,paho787068544235573,topic/maintenance,METAVERSE,4862
1716740040968,paho787068544235573,topic/maintenance,METAVERSE,4663
1716740040968,paho787068544235573,topic/maintenance,METAVERSE,4251
1716740040968,paho787068544235573,topic/maintenance,METAVERSE,4662
1716740040968,paho787068544235573,topic/maintenance,METAVERSE,4662
1716740040968,paho787068544235573,topic/maintenance,METAVERSE,4509
1716740040969,paho787068544235573,topic/maintenance,METAVERSE,4579
1716740040969,paho787068544235573,topic/maintenance,METAVERSE,4510
1716740041172,paho787068536798430,topic/e/noise,METAVERSE,19
1716740041458,paho787068537911492,topic/e/lighting,METAVERSE,14
1716740041460,paho787068536798430,topic/e/lighting,METAVERSE,16
1716740041632,paho787068537911492,topic/e/lighting,METAVERSE,13
1716740041635,paho787068536798430,topic/e/lighting,METAVERSE,16
1716740041746,paho787068536798430,topic/g/lighting,METAVERSE,13
1716740041748,paho787068537911492,topic/g/lighting,METAVERSE,15
1716740041852,paho787068536798430,topic/b/lighting,METAVERSE,157
1716740041853,paho787068537911492,topic/b/lighting,METAVERSE,158
1716740042021,paho787068537911492,topic/b/lighting,METAVERSE,140
1716740042022,paho787068536798430,topic/b/lighting,METAVERSE,141
1716740042063,paho787068536798430,topic/c/rfid,METAVERSE,13
1716740042085,paho787068536798430,topic/b/noise,METAVERSE,140
1716740042179,paho787068537728990,topic/queueing,METAVERSE,129
1716740042202,paho787068536798430,topic/g/noise,METAVERSE,15
1716740042284,paho787068537728990,topic/occupancy,METAVERSE,5262
1716740042385,paho787068537911492,topic/g/lighting,METAVERSE,26
1716740042390,paho787068536798430,topic/g/lighting,METAVERSE,31
1716740042740,paho787068536798430,topic/b/lighting,METAVERSE,129
1716740042742,paho787068537911492,topic/b/lighting,METAVERSE,131
1716740042844,paho787068536798430,topic/e/noise,METAVERSE,30
1716740043183,paho787068536798430,topic/b/noise,METAVERSE,138
1716740043292,paho787068536798430,topic/b/noise,METAVERSE,138
1716740043560,paho787068536798430,topic/c/lighting,METAVERSE,14
1716740043561,paho787068537911492,topic/c/lighting,METAVERSE,15
1716740043673,paho787068536798430,topic/v/lighting,METAVERSE,11
1716740043674,paho787068537911492,topic/v/lighting,METAVERSE,12
1716740043680,paho787068537728990,topic/occupancy,METAVERSE,6531
1716740043872,paho787068536798430,topic/c/noise,METAVERSE,14
1716740043986,paho787068536798430,topic/b/lighting,METAVERSE,139
1716740043987,paho787068537911492,topic/b/lighting,METAVERSE,140
1716740044060,paho787068536798430,topic/c/lighting,METAVERSE,47
1716740044061,paho787068537911492,topic/c/lighting,METAVERSE,48
1716740044150,paho787068536798430,topic/v/noise,METAVERSE,11
1716740044275,paho787068536798430,topic/b/noise,METAVERSE,142
1716740044477,paho787068537728990,topic/occupancy,METAVERSE,7133
1716740044625,paho787068536798430,topic/d/noise,METAVERSE,14
1716740044875,paho787068537728990,topic/occupancy,METAVERSE,7425
1716740044885,paho787068536798430,topic/g/noise,METAVERSE,14
1716740044912,paho787068536798430,topic/d/noise,METAVERSE,12
1716740044996,paho787068536798430,topic/d/lighting,METAVERSE,13
1716740044997,paho787068537911492,topic/d/lighting,METAVERSE,14
1716740045170,paho787068536798430,topic/s/lighting,METAVERSE,11
1716740045171,paho787068537911492,topic/s/lighting,METAVERSE,12
1716740045362,paho787068536798430,topic/s/noise,METAVERSE,11
1716740045538,paho787068536798430,topic/s/lighting,METAVERSE,11
1716740045539,paho787068537911492,topic/s/lighting,METAVERSE,12
1716740045614,paho787068536798430,topic/s/noise,METAVERSE,11
1716740045725,paho787068537728990,topic/occupancy,METAVERSE,7498
1716740045849,paho787068536798430,topic/d/lighting,METAVERSE,24
1716740045850,paho787068537911492,topic/d/lighting,METAVERSE,25
1716740045882,paho787068537509957,topic/security,METAVERSE,9318
1716740045882,paho787068537509957,topic/security,METAVERSE,9281
1716740045882,paho787068537509957,topic/security,METAVERSE,9015
1716740045882,paho787068537509957,topic/security,METAVERSE,9282
1716740045883,paho787068537509957,topic/security,METAVERSE,9215
1716740045883,paho787068537509957,topic/security,METAVERSE,9215
1716740045883,paho787068537509957,topic/security,METAVERSE,9214
1716740045883,paho787068537509957,topic/security,METAVERSE,8884
1716740045883,paho787068537509957,topic/security,METAVERSE,9214
1716740045883,paho787068537509957,topic/security,METAVERSE,9214
1716740045883,paho787068537509957,topic/security,METAVERSE,8839
1716740045883,paho787068537509957,topic/security,METAVERSE,9027
1716740045883,paho787068537509957,topic/security,METAVERSE,9031
1716740045883,paho787068537509957,topic/security,METAVERSE,9027
1716740045883,paho787068537509957,topic/security,METAVERSE,9031
1716740045883,paho787068537509957,topic/security,METAVERSE,9027
1716740045883,paho787068537509957,topic/security,METAVERSE,9030
1716740045883,paho787068537509957,topic/security,METAVERSE,9026
1716740045883,paho787068537509957,topic/security,METAVERSE,8628
1716740045883,paho787068537509957,topic/security,METAVERSE,8860
1716740045884,paho787068537509957,topic/security,METAVERSE,8841
1716740045884,paho787068537509957,topic/security,METAVERSE,8577
1716740045884,paho787068537509957,topic/security,METAVERSE,8841
1716740045884,paho787068537509957,topic/security,METAVERSE,8540
1716740045884,paho787068537509957,topic/security,METAVERSE,8841
1716740045884,paho787068537509957,topic/security,METAVERSE,8841
1716740045884,paho787068537509957,topic/security,METAVERSE,8483
1716740045884,paho787068537509957,topic/security,METAVERSE,8677
1716740045884,paho787068537509957,topic/security,METAVERSE,8475
1716740045884,paho787068537509957,topic/security,METAVERSE,8814
1716740045884,paho787068537509957,topic/security,METAVERSE,8671
1716740045884,paho787068537509957,topic/security,METAVERSE,8677
1716740045884,paho787068537509957,topic/security,METAVERSE,8414
1716740045884,paho787068537509957,topic/security,METAVERSE,8641
1716740045884,paho787068537509957,topic/security,METAVERSE,8671
1716740045884,paho787068537509957,topic/security,METAVERSE,8434
1716740045885,paho787068537509957,topic/security,METAVERSE,8630
1716740045885,paho787068537509957,topic/security,METAVERSE,8537
1716740045885,paho787068537509957,topic/security,METAVERSE,8470
1716740045885,paho787068537509957,topic/security,METAVERSE,8537
1716740045885,paho787068537509957,topic/security,METAVERSE,8437
1716740045885,paho787068537509957,topic/security,METAVERSE,8537
1716740045885,paho787068537509957,topic/security,METAVERSE,8397
1716740045885,paho787068537509957,topic/security,METAVERSE,8374
1716740045885,paho787068537509957,topic/security,METAVERSE,8084
1716740045885,paho787068537509957,topic/security,METAVERSE,8354
1716740045885,paho787068537509957,topic/security,METAVERSE,8374
1716740045885,paho787068537509957,topic/security,METAVERSE,8059
1716740045885,paho787068537509957,topic/security,METAVERSE,8076
1716740045885,paho787068537509957,topic/security,METAVERSE,8353
1716740045885,paho787068537509957,topic/security,METAVERSE,8341
1716740045907,paho787068537911492,topic/b/lighting,METAVERSE,160
1716740045908,paho787068536798430,topic/b/lighting,METAVERSE,161
1716740046183,paho787068536798430,topic/e/noise,METAVERSE,18
1716740046279,paho787068537728990,topic/occupancy,METAVERSE,8023
1716740046483,paho787068536798430,topic/e/lighting,METAVERSE,18
1716740046484,paho787068537911492,topic/e/lighting,METAVERSE,19
1716740046717,paho787068536798430,topic/e/lighting,METAVERSE,70
1716740046718,paho787068537911492,topic/e/lighting,METAVERSE,71
1716740046749,paho787068536798430,topic/g/lighting,METAVERSE,15
1716740046750,paho787068537911492,topic/g/lighting,METAVERSE,16
1716740046824,paho787068537728990,topic/occupancy,METAVERSE,8491
1716740046889,paho787068537911492,topic/b/lighting,METAVERSE,151
1716740046890,paho787068536798430,topic/b/lighting,METAVERSE,152
1716740047043,paho787068536798430,topic/b/lighting,METAVERSE,151
1716740047044,paho787068537911492,topic/b/lighting,METAVERSE,152
1716740047126,paho787068536798430,topic/b/noise,METAVERSE,155
1716740047220,paho787068536798430,topic/g/noise,METAVERSE,10
1716740047417,paho787068536798430,topic/g/lighting,METAVERSE,14
1716740047418,paho787068537911492,topic/g/lighting,METAVERSE,15
1716740047812,paho787068537911492,topic/b/lighting,METAVERSE,168
1716740047813,paho787068536798430,topic/b/lighting,METAVERSE,169
1716740047871,paho787068536798430,topic/e/noise,METAVERSE,12
1716740048064,paho787068536798430,topic/c/rfid,METAVERSE,13
1716740048282,paho787068537728990,topic/queueing,METAVERSE,231
1716740048283,paho787068536798430,topic/b/noise,METAVERSE,179
1716740048326,paho787068537728990,topic/occupancy,METAVERSE,9858
1716740048331,paho787068536798430,topic/b/noise,METAVERSE,177
1716740048612,paho787068536798430,topic/c/lighting,METAVERSE,14
1716740048613,paho787068537911492,topic/c/lighting,METAVERSE,15
1716740048674,paho787068536798430,topic/v/lighting,METAVERSE,11
1716740048679,paho787068537911492,topic/v/lighting,METAVERSE,16
1716740048911,paho787068536798430,topic/c/noise,METAVERSE,11
1716740049031,paho787068536798430,topic/b/lighting,METAVERSE,178
1716740049033,paho787068537911492,topic/b/lighting,METAVERSE,180
1716740049064,paho787068536798430,topic/c/lighting,METAVERSE,13
1716740049066,paho787068537911492,topic/c/lighting,METAVERSE,15
1716740049193,paho787068536798430,topic/v/noise,METAVERSE,19
1716740049224,paho787068537728990,topic/occupancy,METAVERSE,10722
1716740049365,paho787068536798430,topic/b/noise,METAVERSE,170
1716740049626,paho787068536798430,topic/d/noise,METAVERSE,14
1716740049918,paho787068536798430,topic/d/noise,METAVERSE,12
1716740049924,paho787068537728990,topic/occupancy,METAVERSE,11184
1716740049927,paho787068536798430,topic/g/noise,METAVERSE,26
1716740050023,paho787068536798430,topic/d/lighting,METAVERSE,20
1716740050025,paho787068537911492,topic/d/lighting,METAVERSE,22
1716740050222,paho787068536798430,topic/s/lighting,METAVERSE,11
1716740050223,paho787068537911492,topic/s/lighting,METAVERSE,12
1716740050372,paho787068536798430,topic/s/noise,METAVERSE,11
1716740050566,paho787068536798430,topic/s/lighting,METAVERSE,10
1716740050568,paho787068537911492,topic/s/lighting,METAVERSE,12
1716740050722,paho787068536798430,topic/s/noise,METAVERSE,12
1716740050877,paho787068536798430,topic/d/lighting,METAVERSE,17
1716740050878,paho787068537911492,topic/d/lighting,METAVERSE,18
1716740050989,paho787068536798430,topic/b/lighting,METAVERSE,182
1716740050990,paho787068537911492,topic/b/lighting,METAVERSE,183
1716740051241,paho787068536798430,topic/e/noise,METAVERSE,13
1716740051528,paho787068536798430,topic/e/lighting,METAVERSE,50
1716740051529,paho787068537911492,topic/e/lighting,METAVERSE,51
1716740051755,paho787068536798430,topic/g/lighting,METAVERSE,12
1716740051756,paho787068537911492,topic/g/lighting,METAVERSE,13
1716740051792,paho787068536798430,topic/e/lighting,METAVERSE,37
1716740051793,paho787068537911492,topic/e/lighting,METAVERSE,38
1716740051941,paho787068536798430,topic/b/lighting,METAVERSE,190
1716740051943,paho787068537911492,topic/b/lighting,METAVERSE,192
1716740052085,paho787068536798430,topic/b/lighting,METAVERSE,178
1716740052086,paho787068537911492,topic/b/lighting,METAVERSE,179
1716740052126,paho787068536798430,topic/c/rfid,METAVERSE,15
1716740052128,paho787068537728990,topic/queueing,METAVERSE,17
1716740052185,paho787068536798430,topic/b/noise,METAVERSE,186
1716740052280,paho787068536798430,topic/g/noise,METAVERSE,27
1716740052471,paho787068536798430,topic/g/lighting,METAVERSE,40
1716740052472,paho787068537911492,topic/g/lighting,METAVERSE,41
1716740052892,paho787068536798430,topic/e/noise,METAVERSE,33
1716740052894,paho787068537911492,topic/b/lighting,METAVERSE,203
1716740052895,paho787068536798430,topic/b/lighting,METAVERSE,204
1716740053317,paho787068536798430,topic/b/noise,METAVERSE,190
1716740053350,paho787068536798430,topic/b/noise,METAVERSE,185
1716740053663,paho787068536798430,topic/c/lighting,METAVERSE,18
1716740053664,paho787068537911492,topic/c/lighting,METAVERSE,19
1716740053682,paho787068536798430,topic/v/lighting,METAVERSE,14
1716740053683,paho787068537911492,topic/v/lighting,METAVERSE,15
1716740053931,paho787068537509957,topic/security,METAVERSE,16049
1716740053931,paho787068537509957,topic/security,METAVERSE,16245
1716740053931,paho787068537509957,topic/security,METAVERSE,16380
1716740053931,paho787068537509957,topic/security,METAVERSE,16037
1716740053931,paho787068537509957,topic/security,METAVERSE,16244
1716740053931,paho787068537509957,topic/security,METAVERSE,16199
1716740053931,paho787068537509957,topic/security,METAVERSE,15913
1716740053931,paho787068537509957,topic/security,METAVERSE,16244
1716740053931,paho787068537509957,topic/security,METAVERSE,16184
1716740053931,paho787068537509957,topic/security,METAVERSE,16089
1716740053931,paho787068537509957,topic/security,METAVERSE,16184
1716740053932,paho787068537509957,topic/security,METAVERSE,16040
1716740053932,paho787068537509957,topic/security,METAVERSE,16090
1716740053932,paho787068537509957,topic/security,METAVERSE,15740
1716740053932,paho787068537509957,topic/security,METAVERSE,16040
1716740053932,paho787068537509957,topic/security,METAVERSE,15949
1716740053932,paho787068537509957,topic/security,METAVERSE,15734
1716740053932,paho787068537509957,topic/security,METAVERSE,15705
1716740053932,paho787068537509957,topic/security,METAVERSE,15908
1716740053932,paho787068537509957,topic/security,METAVERSE,15676
1716740053932,paho787068537509957,topic/security,METAVERSE,15948
1716740053932,paho787068537509957,topic/security,METAVERSE,15688
1716740053932,paho787068537509957,topic/security,METAVERSE,15908
1716740053932,paho787068537509957,topic/security,METAVERSE,15948
1716740053932,paho787068537509957,topic/security,METAVERSE,15908
1716740053932,paho787068537509957,topic/security,METAVERSE,15599
1716740053932,paho787068537509957,topic/security,METAVERSE,15800
1716740053932,paho787068537509957,topic/security,METAVERSE,15797
1716740053932,paho787068537509957,topic/security,METAVERSE,15785
1716740053932,paho787068537509957,topic/security,METAVERSE,15785
1716740053932,paho787068537509957,topic/security,METAVERSE,15796
1716740053932,paho787068537509957,topic/security,METAVERSE,15464
1716740053932,paho787068537509957,topic/security,METAVERSE,15784
1716740053932,paho787068537509957,topic/security,METAVERSE,15796
1716740053932,paho787068537509957,topic/security,METAVERSE,15645
1716740053932,paho787068537509957,topic/security,METAVERSE,15430
1716740053932,paho787068537509957,topic/security,METAVERSE,15393
1716740053932,paho787068537509957,topic/security,METAVERSE,15644
1716740053932,paho787068537509957,topic/security,METAVERSE,15647
1716740053932,paho787068537509957,topic/security,METAVERSE,15506
1716740053933,paho787068537509957,topic/security,METAVERSE,15648
1716740053933,paho787068537509957,topic/security,METAVERSE,15506
1716740053933,paho787068537509957,topic/security,METAVERSE,15498
1716740053933,paho787068537509957,topic/security,METAVERSE,15274
1716740053933,paho787068537509957,topic/security,METAVERSE,15478
1716740053933,paho787068537509957,topic/security,METAVERSE,15497
1716740053933,paho787068537509957,topic/security,METAVERSE,15477
1716740053933,paho787068537509957,topic/security,METAVERSE,15193
1716740053933,paho787068537509957,topic/security,METAVERSE,15497
1716740053933,paho787068537509957,topic/security,METAVERSE,15264
1716740053933,paho787068537509957,topic/security,METAVERSE,15357
1716740053933,paho787068537509957,topic/security,METAVERSE,15477
1716740053933,paho787068537509957,topic/security,METAVERSE,15357
1716740053933,paho787068537509957,topic/security,METAVERSE,15104
1716740053933,paho787068537509957,topic/security,METAVERSE,15089
1716740053937,paho787068537509957,topic/security,METAVERSE,15342
1716740053938,paho787068537509957,topic/security,METAVERSE,15362
1716740053938,paho787068537509957,topic/security,METAVERSE,15086
1716740053938,paho787068537509957,topic/security,METAVERSE,15362
1716740053938,paho787068537509957,topic/security,METAVERSE,15058
1716740053938,paho787068537509957,topic/security,METAVERSE,15343
1716740053938,paho787068537509957,topic/security,METAVERSE,15210
1716740053938,paho787068537509957,topic/security,METAVERSE,15210
1716740053938,paho787068537509957,topic/security,METAVERSE,15343
1716740053938,paho787068537509957,topic/security,METAVERSE,14986
1716740053938,paho787068537509957,topic/security,METAVERSE,15210
1716740053938,paho787068537509957,topic/security,METAVERSE,15207
1716740053938,paho787068537509957,topic/security,METAVERSE,15210
1716740053938,paho787068537509957,topic/security,METAVERSE,15072
1716740053938,paho787068537509957,topic/security,METAVERSE,15206
1716740053938,paho787068537509957,topic/security,METAVERSE,15072
1716740053938,paho787068537509957,topic/security,METAVERSE,15072
1716740053938,paho787068537509957,topic/security,METAVERSE,15045
1716740053938,paho787068537509957,topic/security,METAVERSE,15072
1716740053938,paho787068537509957,topic/security,METAVERSE,14751
1716740053938,paho787068537509957,topic/security,METAVERSE,15045
1716740053938,paho787068537509957,topic/security,METAVERSE,14938
1716740053938,paho787068537509957,topic/security,METAVERSE,14938
1716740053938,paho787068537509957,topic/security,METAVERSE,15045
1716740053938,paho787068537509957,topic/security,METAVERSE,14938
1716740053938,paho787068537509957,topic/security,METAVERSE,14827
1716740053938,paho787068537509957,topic/security,METAVERSE,14938
1716740053938,paho787068537509957,topic/security,METAVERSE,14580
1716740053938,paho787068537509957,topic/security,METAVERSE,14771
1716740053938,paho787068537509957,topic/security,METAVERSE,14826
1716740053955,paho787068536798430,topic/c/noise,METAVERSE,53
1716740054067,paho787068536798430,topic/b/lighting,METAVERSE,208
1716740054069,paho787068537911492,topic/b/lighting,METAVERSE,210
1716740054070,paho787068536798430,topic/c/lighting,METAVERSE,17
1716740054072,paho787068537911492,topic/c/lighting,METAVERSE,19
1716740054232,paho787068536798430,topic/v/noise,METAVERSE,15
1716740054422,paho787068536798430,topic/b/noise,METAVERSE,201
1716740054643,paho787068536798430,topic/d/noise,METAVERSE,13
1716740054930,paho787068536798430,topic/d/noise,METAVERSE,15
1716740054983,paho787068536798430,topic/g/noise,METAVERSE,29
1716740055064,paho787068536798430,topic/d/lighting,METAVERSE,13
1716740055065,paho787068537911492,topic/d/lighting,METAVERSE,14
1716740055238,paho787068536798430,topic/s/lighting,METAVERSE,15
1716740055239,paho787068537911492,topic/s/lighting,METAVERSE,16
1716740055400,paho787068536798430,topic/s/noise,METAVERSE,13
1716740055576,paho787068536798430,topic/s/lighting,METAVERSE,17
1716740055579,paho787068537911492,topic/s/lighting,METAVERSE,20
1716740055773,paho787068536798430,topic/s/noise,METAVERSE,10
1716740055931,paho787068536798430,topic/d/lighting,METAVERSE,22
1716740055933,paho787068537911492,topic/d/lighting,METAVERSE,24
1716740055967,paho787068544235573,topic/maintenance,METAVERSE,19508
1716740055967,paho787068544235573,topic/maintenance,METAVERSE,19507
1716740055967,paho787068544235573,topic/maintenance,METAVERSE,19508
1716740055967,paho787068544235573,topic/maintenance,METAVERSE,19507
1716740055967,paho787068544235573,topic/maintenance,METAVERSE,19507
1716740055967,paho787068544235573,topic/maintenance,METAVERSE,19507
1716740055967,paho787068544235573,topic/maintenance,METAVERSE,19472
1716740055967,paho787068544235573,topic/maintenance,METAVERSE,19507
1716740055967,paho787068544235573,topic/maintenance,METAVERSE,19299
1716740055967,paho787068544235573,topic/maintenance,METAVERSE,19029
1716740055967,paho787068544235573,topic/maintenance,METAVERSE,19299
1716740055967,paho787068544235573,topic/maintenance,METAVERSE,19446
1716740055967,paho787068544235573,topic/maintenance,METAVERSE,19299
1716740055968,paho787068544235573,topic/maintenance,METAVERSE,19299
1716740055968,paho787068544235573,topic/maintenance,METAVERSE,18890
1716740055968,paho787068544235573,topic/maintenance,METAVERSE,19299
1716740055968,paho787068544235573,topic/maintenance,METAVERSE,19299
1716740055968,paho787068544235573,topic/maintenance,METAVERSE,19404
1716740055968,paho787068544235573,topic/maintenance,METAVERSE,19299
1716740055970,paho787068544235573,topic/maintenance,METAVERSE,19301
1716740055970,paho787068544235573,topic/maintenance,METAVERSE,18835
1716740055970,paho787068544235573,topic/maintenance,METAVERSE,19301
1716740055970,paho787068544235573,topic/maintenance,METAVERSE,19370
1716740055970,paho787068544235573,topic/maintenance,METAVERSE,19118
1716740055970,paho787068544235573,topic/maintenance,METAVERSE,19118
1716740055970,paho787068544235573,topic/maintenance,METAVERSE,19117
1716740055970,paho787068544235573,topic/maintenance,METAVERSE,19117
1716740055970,paho787068544235573,topic/maintenance,METAVERSE,18714
1716740055970,paho787068544235573,topic/maintenance,METAVERSE,18728
1716740055970,paho787068544235573,topic/maintenance,METAVERSE,19302
1716740055970,paho787068544235573,topic/maintenance,METAVERSE,19117
1716740055970,paho787068544235573,topic/maintenance,METAVERSE,19117
1716740055970,paho787068544235573,topic/maintenance,METAVERSE,19117
1716740055970,paho787068544235573,topic/maintenance,METAVERSE,19302
1716740055970,paho787068544235573,topic/maintenance,METAVERSE,19116
1716740055970,paho787068544235573,topic/maintenance,METAVERSE,18900
1716740055970,paho787068544235573,topic/maintenance,METAVERSE,18900
1716740055970,paho787068544235573,topic/maintenance,METAVERSE,18990
1716740055970,paho787068544235573,topic/maintenance,METAVERSE,18899
1716740055971,paho787068544235573,topic/maintenance,METAVERSE,18899
1716740055971,paho787068544235573,topic/maintenance,METAVERSE,18898
1716740055971,paho787068544235573,topic/maintenance,METAVERSE,18948
1716740055971,paho787068544235573,topic/maintenance,METAVERSE,18898
1716740055971,paho787068544235573,topic/maintenance,METAVERSE,18898
1716740055971,paho787068544235573,topic/maintenance,METAVERSE,18898
1716740055971,paho787068544235573,topic/maintenance,METAVERSE,18928
1716740055971,paho787068544235573,topic/maintenance,METAVERSE,18728
1716740055971,paho787068544235573,topic/maintenance,METAVERSE,18727
1716740055971,paho787068544235573,topic/maintenance,METAVERSE,18856
1716740055971,paho787068544235573,topic/maintenance,METAVERSE,18727
1716740055971,paho787068544235573,topic/maintenance,METAVERSE,18727
1716740055971,paho787068544235573,topic/maintenance,METAVERSE,18727
1716740055971,paho787068544235573,topic/maintenance,METAVERSE,18727
1716740055971,paho787068544235573,topic/maintenance,METAVERSE,18783
1716740055971,paho787068544235573,topic/maintenance,METAVERSE,18727
1716740055971,paho787068544235573,topic/maintenance,METAVERSE,18361
1716740055971,paho787068544235573,topic/maintenance,METAVERSE,18556
1716740055971,paho787068544235573,topic/maintenance,METAVERSE,18556
1716740055971,paho787068544235573,topic/maintenance,METAVERSE,18775
1716740055971,paho787068544235573,topic/maintenance,METAVERSE,18556
1716740055971,paho787068544235573,topic/maintenance,METAVERSE,18177
1716740055971,paho787068544235573,topic/maintenance,METAVERSE,18556
1716740055972,paho787068544235573,topic/maintenance,METAVERSE,18173
1716740055972,paho787068544235573,topic/maintenance,METAVERSE,18525
1716740055972,paho787068544235573,topic/maintenance,METAVERSE,18138
1716740055972,paho787068544235573,topic/maintenance,METAVERSE,18524
1716740055972,paho787068544235573,topic/maintenance,METAVERSE,18776
1716740055972,paho787068544235573,topic/maintenance,METAVERSE,18524
1716740055972,paho787068544235573,topic/maintenance,METAVERSE,18524
1716740055972,paho787068544235573,topic/maintenance,METAVERSE,18524
1716740055972,paho787068544235573,topic/maintenance,METAVERSE,18529
1716740055972,paho787068544235573,topic/maintenance,METAVERSE,18340
1716740055972,paho787068544235573,topic/maintenance,METAVERSE,18340
1716740055972,paho787068544235573,topic/maintenance,METAVERSE,18340
1716740055972,paho787068544235573,topic/maintenance,METAVERSE,18504
1716740056085,paho787068536798430,topic/b/lighting,METAVERSE,216
1716740056087,paho787068537911492,topic/b/lighting,METAVERSE,218
1716740056299,paho787068536798430,topic/e/noise,METAVERSE,26
1716740056592,paho787068536798430,topic/e/lighting,METAVERSE,14
1716740056592,paho787068537911492,topic/e/lighting,METAVERSE,14
1716740056779,paho787068537911492,topic/g/lighting,METAVERSE,12
1716740056780,paho787068536798430,topic/g/lighting,METAVERSE,13
1716740056832,paho787068536798430,topic/e/lighting,METAVERSE,24
1716740056833,paho787068537911492,topic/e/lighting,METAVERSE,25
1716740057006,paho787068537911492,topic/b/lighting,METAVERSE,206
1716740057007,paho787068536798430,topic/b/lighting,METAVERSE,207
1716740057131,paho787068536798430,topic/b/lighting,METAVERSE,192
1716740057132,paho787068537911492,topic/b/lighting,METAVERSE,193
1716740057263,paho787068536798430,topic/b/noise,METAVERSE,218
1716740057352,paho787068536798430,topic/g/noise,METAVERSE,35
1716740057472,paho787068536798430,topic/g/lighting,METAVERSE,29
1716740057473,paho787068537911492,topic/g/lighting,METAVERSE,30
1716740057892,paho787068536798430,topic/b/lighting,METAVERSE,200
1716740057893,paho787068537911492,topic/b/lighting,METAVERSE,201
1716740057974,paho787068536798430,topic/e/noise,METAVERSE,26
1716740058376,paho787068536798430,topic/b/noise,METAVERSE,213
1716740058433,paho787068536798430,topic/b/noise,METAVERSE,198
1716740058706,paho787068536798430,topic/v/lighting,METAVERSE,11
1716740058708,paho787068537911492,topic/v/lighting,METAVERSE,13
1716740058752,paho787068536798430,topic/c/lighting,METAVERSE,13
1716740058753,paho787068537911492,topic/c/lighting,METAVERSE,14
1716740058972,paho787068536798430,topic/c/noise,METAVERSE,13
1716740059072,paho787068536798430,topic/c/lighting,METAVERSE,14
1716740059074,paho787068537911492,topic/c/lighting,METAVERSE,16
1716740059076,paho787068536798430,topic/b/lighting,METAVERSE,197
1716740059080,paho787068537911492,topic/b/lighting,METAVERSE,201
1716740059296,paho787068536798430,topic/v/noise,METAVERSE,23
1716740059541,paho787068536798430,topic/b/noise,METAVERSE,202
1716740059651,paho787068536798430,topic/d/noise,METAVERSE,13
1716740059974,paho787068536798430,topic/d/noise,METAVERSE,13
1716740060007,paho787068536798430,topic/g/noise,METAVERSE,17
1716740060130,paho787068536798430,topic/d/lighting,METAVERSE,11
1716740060131,paho787068537911492,topic/d/lighting,METAVERSE,12
1716740060252,paho787068536798430,topic/s/lighting,METAVERSE,13
1716740060253,paho787068537911492,topic/s/lighting,METAVERSE,14
1716740060411,paho787068536798430,topic/s/noise,METAVERSE,13
1716740060580,paho787068536798430,topic/s/lighting,METAVERSE,16
1716740060581,paho787068537911492,topic/s/lighting,METAVERSE,17
1716740060818,paho787068536798430,topic/s/noise,METAVERSE,13
1716740060947,paho787068536798430,topic/d/lighting,METAVERSE,12
1716740060948,paho787068537911492,topic/d/lighting,METAVERSE,13
1716740061161,paho787068536798430,topic/b/lighting,METAVERSE,206
1716740061162,paho787068537911492,topic/b/lighting,METAVERSE,207
1716740061315,paho787068537509957,topic/security,METAVERSE,22147
1716740061315,paho787068537509957,topic/security,METAVERSE,22203
1716740061315,paho787068537509957,topic/security,METAVERSE,22147
1716740061315,paho787068537509957,topic/security,METAVERSE,22147
1716740061315,paho787068537509957,topic/security,METAVERSE,22203
1716740061315,paho787068537509957,topic/security,METAVERSE,21988
1716740061315,paho787068537509957,topic/security,METAVERSE,21752
1716740061315,paho787068537509957,topic/security,METAVERSE,21744
1716740061315,paho787068537509957,topic/security,METAVERSE,22008
1716740061315,paho787068537509957,topic/security,METAVERSE,21984
1716740061315,paho787068537509957,topic/security,METAVERSE,21828
1716740061315,paho787068537509957,topic/security,METAVERSE,21983
1716740061315,paho787068537509957,topic/security,METAVERSE,22007
1716740061315,paho787068537509957,topic/security,METAVERSE,21983
1716740061315,paho787068537509957,topic/security,METAVERSE,21858
1716740061315,paho787068537509957,topic/security,METAVERSE,21870
1716740061315,paho787068537509957,topic/security,METAVERSE,21858
1716740061316,paho787068537509957,topic/security,METAVERSE,21871
1716740061316,paho787068537509957,topic/security,METAVERSE,21859
1716740061316,paho787068537509957,topic/security,METAVERSE,21859
1716740061316,paho787068537509957,topic/security,METAVERSE,21871
1716740061316,paho787068537509957,topic/security,METAVERSE,21701
1716740061316,paho787068537509957,topic/security,METAVERSE,21449
1716740061316,paho787068537509957,topic/security,METAVERSE,21701
1716740061316,paho787068537509957,topic/security,METAVERSE,21700
1716740061316,paho787068537509957,topic/security,METAVERSE,21700
1716740061316,paho787068537509957,topic/security,METAVERSE,21385
1716740061316,paho787068537509957,topic/security,METAVERSE,21700
1716740061316,paho787068537509957,topic/security,METAVERSE,21385
1716740061316,paho787068537509957,topic/security,METAVERSE,21700
1716740061316,paho787068537509957,topic/security,METAVERSE,21349
1716740061316,paho787068537509957,topic/security,METAVERSE,21565
1716740061316,paho787068537509957,topic/security,METAVERSE,21313
1716740061316,paho787068537509957,topic/security,METAVERSE,21519
1716740061316,paho787068537509957,topic/security,METAVERSE,21564
1716740061316,paho787068537509957,topic/security,METAVERSE,21277
1716740061316,paho787068537509957,topic/security,METAVERSE,21519
1716740061316,paho787068537509957,topic/security,METAVERSE,21564
1716740061316,paho787068537509957,topic/security,METAVERSE,21247
1716740061316,paho787068537509957,topic/security,METAVERSE,21564
1716740061316,paho787068537509957,topic/security,METAVERSE,21519
1716740061316,paho787068537509957,topic/security,METAVERSE,21406
1716740061317,paho787068537509957,topic/security,METAVERSE,21407
1716740061317,paho787068537509957,topic/security,METAVERSE,21366
1716740061317,paho787068537509957,topic/security,METAVERSE,21407
1716740061317,paho787068537509957,topic/security,METAVERSE,21365
1716740061317,paho787068537509957,topic/security,METAVERSE,21407
1716740061317,paho787068537509957,topic/security,METAVERSE,21058
1716740061317,paho787068537509957,topic/security,METAVERSE,21270
1716740061317,paho787068537509957,topic/security,METAVERSE,21365
1716740061317,paho787068537509957,topic/security,METAVERSE,21013
1716740061317,paho787068537509957,topic/security,METAVERSE,21269
1716740061317,paho787068537509957,topic/security,METAVERSE,21240
1716740061317,paho787068537509957,topic/security,METAVERSE,21269
1716740061317,paho787068537509957,topic/security,METAVERSE,21240
1716740061317,paho787068537509957,topic/security,METAVERSE,21114
1716740061317,paho787068537509957,topic/security,METAVERSE,20913
1716740061317,paho787068537509957,topic/security,METAVERSE,21113
1716740061317,paho787068537509957,topic/security,METAVERSE,21082
1716740061317,paho787068537509957,topic/security,METAVERSE,21113
1716740061317,paho787068537509957,topic/security,METAVERSE,20822
1716740061317,paho787068537509957,topic/security,METAVERSE,21103
1716740061317,paho787068537509957,topic/security,METAVERSE,21081
1716740061317,paho787068537509957,topic/security,METAVERSE,20973
1716740061317,paho787068537509957,topic/security,METAVERSE,20769
1716740061317,paho787068537509957,topic/security,METAVERSE,21081
1716740061317,paho787068537509957,topic/security,METAVERSE,20973
1716740061317,paho787068537509957,topic/security,METAVERSE,20737
1716740061317,paho787068537509957,topic/security,METAVERSE,20973
1716740061317,paho787068537509957,topic/security,METAVERSE,20902
1716740061317,paho787068537509957,topic/security,METAVERSE,20972
1716740061317,paho787068537509957,topic/security,METAVERSE,20838
1716740061317,paho787068537509957,topic/security,METAVERSE,20901
1716740061317,paho787068537509957,topic/security,METAVERSE,20837
1716740061370,paho787068536798430,topic/e/noise,METAVERSE,57
1716740061725,paho787068536798430,topic/e/lighting,METAVERSE,44
1716740061725,paho787068537911492,topic/e/lighting,METAVERSE,44
1716740061804,paho787068537911492,topic/g/lighting,METAVERSE,13
1716740061805,paho787068536798430,topic/g/lighting,METAVERSE,14
1716740061883,paho787068536798430,topic/e/lighting,METAVERSE,36
1716740061884,paho787068537911492,topic/e/lighting,METAVERSE,37
1716740062034,paho787068537911492,topic/b/lighting,METAVERSE,206
1716740062036,paho787068536798430,topic/b/lighting,METAVERSE,208
1716740062141,paho787068537911492,topic/b/lighting,METAVERSE,194
1716740062142,paho787068536798430,topic/b/lighting,METAVERSE,195
1716740062290,paho787068536798430,topic/b/noise,METAVERSE,203
1716740062422,paho787068536798430,topic/g/noise,METAVERSE,27
1716740062509,paho787068536798430,topic/g/lighting,METAVERSE,14
1716740062510,paho787068537911492,topic/g/lighting,METAVERSE,15
1716740062894,paho787068536798430,topic/b/lighting,METAVERSE,195
1716740062894,paho787068537911492,topic/b/lighting,METAVERSE,195
1716740062995,paho787068536798430,topic/e/noise,METAVERSE,16
1716740063388,paho787068536798430,topic/b/noise,METAVERSE,205
1716740063482,paho787068536798430,topic/b/noise,METAVERSE,198
1716740063720,paho787068536798430,topic/v/lighting,METAVERSE,13
1716740063721,paho787068537911492,topic/v/lighting,METAVERSE,14
1716740063790,paho787068536798430,topic/c/lighting,METAVERSE,17
1716740063792,paho787068537911492,topic/c/lighting,METAVERSE,19
1716740063987,paho787068536798430,topic/c/noise,METAVERSE,27
1716740064078,paho787068536798430,topic/b/lighting,METAVERSE,191
1716740064080,paho787068537911492,topic/b/lighting,METAVERSE,193
1716740064104,paho787068536798430,topic/c/lighting,METAVERSE,13
1716740064105,paho787068537911492,topic/c/lighting,METAVERSE,14
1716740064331,paho787068536798430,topic/v/noise,METAVERSE,24
1716740064544,paho787068536798430,topic/b/noise,METAVERSE,201
1716740064654,paho787068536798430,topic/d/noise,METAVERSE,15
1716740065002,paho787068536798430,topic/d/noise,METAVERSE,19
1716740065046,paho787068536798430,topic/g/noise,METAVERSE,27
1716740065159,paho787068536798430,topic/d/lighting,METAVERSE,14
1716740065160,paho787068537911492,topic/d/lighting,METAVERSE,15
1716740065316,paho787068536798430,topic/s/lighting,METAVERSE,13
1716740065317,paho787068537911492,topic/s/lighting,METAVERSE,14
1716740065416,paho787068536798430,topic/s/noise,METAVERSE,13
1716740065607,paho787068536798430,topic/s/lighting,METAVERSE,29
1716740065608,paho787068537911492,topic/s/lighting,METAVERSE,30
1716740065838,paho787068536798430,topic/s/noise,METAVERSE,15
1716740065933,paho787068537728990,topic/occupancy,METAVERSE,27264
1716740065934,paho787068537728990,topic/occupancy,METAVERSE,27090
1716740065934,paho787068537728990,topic/occupancy,METAVERSE,26576
1716740065934,paho787068537728990,topic/occupancy,METAVERSE,26447
1716740065934,paho787068537728990,topic/occupancy,METAVERSE,25675
1716740065934,paho787068537728990,topic/occupancy,METAVERSE,25630
1716740065934,paho787068537728990,topic/occupancy,METAVERSE,25530
1716740065934,paho787068537728990,topic/occupancy,METAVERSE,25439
1716740065934,paho787068537728990,topic/occupancy,METAVERSE,25386
1716740065934,paho787068537728990,topic/occupancy,METAVERSE,25178
1716740065934,paho787068537728990,topic/occupancy,METAVERSE,25258
1716740065934,paho787068537728990,topic/occupancy,METAVERSE,25075
1716740065934,paho787068537728990,topic/occupancy,METAVERSE,24576
1716740065934,paho787068537728990,topic/occupancy,METAVERSE,24439
1716740065934,paho787068537728990,topic/occupancy,METAVERSE,23884
1716740065934,paho787068537728990,topic/occupancy,METAVERSE,23602
1716740065934,paho787068537728990,topic/occupancy,METAVERSE,23608
1716740065984,paho787068536798430,topic/d/lighting,METAVERSE,17
1716740065985,paho787068537911492,topic/d/lighting,METAVERSE,18
1716740066170,paho787068536798430,topic/b/lighting,METAVERSE,203
1716740066171,paho787068537911492,topic/b/lighting,METAVERSE,204
1716740066419,paho787068536798430,topic/e/noise,METAVERSE,28
1716740066759,paho787068536798430,topic/e/lighting,METAVERSE,12
1716740066760,paho787068537911492,topic/e/lighting,METAVERSE,13
1716740066878,paho787068537911492,topic/g/lighting,METAVERSE,66
1716740066878,paho787068536798430,topic/g/lighting,METAVERSE,66
1716740066882,paho787068536798430,topic/e/lighting,METAVERSE,11
1716740066884,paho787068537911492,topic/e/lighting,METAVERSE,13
1716740067042,paho787068536798430,topic/b/lighting,METAVERSE,203
1716740067043,paho787068537911492,topic/b/lighting,METAVERSE,204
1716740067180,paho787068536798430,topic/b/lighting,METAVERSE,197
1716740067181,paho787068537911492,topic/b/lighting,METAVERSE,198
1716740067300,paho787068536798430,topic/b/noise,METAVERSE,193
1716740067472,paho787068536798430,topic/g/noise,METAVERSE,38
1716740067533,paho787068536798430,topic/g/lighting,METAVERSE,30
1716740067534,paho787068537911492,topic/g/lighting,METAVERSE,31
1716740067917,paho787068536798430,topic/b/lighting,METAVERSE,198
1716740067919,paho787068537911492,topic/b/lighting,METAVERSE,200
1716740068058,paho787068536798430,topic/e/noise,METAVERSE,13
1716740068393,paho787068536798430,topic/b/noise,METAVERSE,201
1716740068485,paho787068536798430,topic/b/noise,METAVERSE,194
1716740068752,paho787068536798430,topic/v/lighting,METAVERSE,13
1716740068753,paho787068537911492,topic/v/lighting,METAVERSE,14
1716740068798,paho787068536798430,topic/c/lighting,METAVERSE,11
1716740068799,paho787068537911492,topic/c/lighting,METAVERSE,12
1716740069031,paho787068536798430,topic/c/noise,METAVERSE,16
1716740069107,paho787068536798430,topic/b/lighting,METAVERSE,200
1716740069108,paho787068537911492,topic/b/lighting,METAVERSE,201
1716740069131,paho787068536798430,topic/c/lighting,METAVERSE,16
1716740069132,paho787068537911492,topic/c/lighting,METAVERSE,17
1716740069406,paho787068536798430,topic/v/noise,METAVERSE,31
1716740069540,paho787068536798430,topic/b/noise,METAVERSE,196
1716740069666,paho787068536798430,topic/d/noise,METAVERSE,24
1716740070020,paho787068536798430,topic/d/noise,METAVERSE,25
1716740070150,paho787068536798430,topic/g/noise,METAVERSE,22
1716740070241,paho787068536798430,topic/d/lighting,METAVERSE,26
1716740070242,paho787068537911492,topic/d/lighting,METAVERSE,27
1716740070342,paho787068536798430,topic/s/lighting,METAVERSE,31
1716740070343,paho787068537911492,topic/s/lighting,METAVERSE,32
1716740070436,paho787068536798430,topic/s/noise,METAVERSE,13
1716740070599,paho787068536798430,topic/s/lighting,METAVERSE,13
1716740070601,paho787068537911492,topic/s/lighting,METAVERSE,15
1716740070891,paho787068536798430,topic/s/noise,METAVERSE,12
1716740071025,paho787068536798430,topic/d/lighting,METAVERSE,13
1716740071027,paho787068537911492,topic/d/lighting,METAVERSE,15
1716740071168,paho787068536798430,topic/b/lighting,METAVERSE,200
1716740071169,paho787068537911492,topic/b/lighting,METAVERSE,201
1716740071445,paho787068536798430,topic/e/noise,METAVERSE,14
1716740071821,paho787068536798430,topic/e/lighting,METAVERSE,14
1716740071821,paho787068537911492,topic/e/lighting,METAVERSE,14
1716740071904,paho787068536798430,topic/e/lighting,METAVERSE,13
1716740071905,paho787068537911492,topic/e/lighting,METAVERSE,14
1716740071940,paho787068536798430,topic/g/lighting,METAVERSE,13
1716740071941,paho787068537911492,topic/g/lighting,METAVERSE,14
1716740072043,paho787068536798430,topic/b/lighting,METAVERSE,189
1716740072044,paho787068537911492,topic/b/lighting,METAVERSE,190
1716740072198,paho787068536798430,topic/b/lighting,METAVERSE,195
1716740072199,paho787068537911492,topic/b/lighting,METAVERSE,196
1716740072342,paho787068536798430,topic/b/noise,METAVERSE,200
1716740072532,paho787068536798430,topic/g/noise,METAVERSE,33
1716740072632,paho787068536798430,topic/g/lighting,METAVERSE,13
1716740072633,paho787068537911492,topic/g/lighting,METAVERSE,14
1716740072953,paho787068536798430,topic/b/lighting,METAVERSE,226
1716740072953,paho787068537911492,topic/b/lighting,METAVERSE,226
1716740073084,paho787068536798430,topic/e/noise,METAVERSE,13
1716740073390,paho787068536798430,topic/b/noise,METAVERSE,195
1716740073497,paho787068536798430,topic/b/noise,METAVERSE,184
1716740073769,paho787068536798430,topic/v/lighting,METAVERSE,29
1716740073770,paho787068537911492,topic/v/lighting,METAVERSE,30
1716740073820,paho787068536798430,topic/c/lighting,METAVERSE,25
1716740073821,paho787068537911492,topic/c/lighting,METAVERSE,26
1716740074044,paho787068536798430,topic/c/noise,METAVERSE,13
1716740074106,paho787068536798430,topic/b/lighting,METAVERSE,191
1716740074107,paho787068537911492,topic/b/lighting,METAVERSE,192
1716740074141,paho787068536798430,topic/c/lighting,METAVERSE,12
1716740074142,paho787068537911492,topic/c/lighting,METAVERSE,13
1716740074438,paho787068536798430,topic/v/noise,METAVERSE,13
1716740074554,paho787068536798430,topic/b/noise,METAVERSE,200
1716740074667,paho787068536798430,topic/d/noise,METAVERSE,10
1716740075035,paho787068536798430,topic/d/noise,METAVERSE,21
1716740075244,paho787068536798430,topic/d/lighting,METAVERSE,12
1716740075245,paho787068537911492,topic/d/lighting,METAVERSE,13
1716740075251,paho787068536798430,topic/g/noise,METAVERSE,24
1716740075376,paho787068536798430,topic/s/lighting,METAVERSE,13
1716740075382,paho787068537911492,topic/s/lighting,METAVERSE,19
1716740075437,paho787068536798430,topic/s/noise,METAVERSE,13
1716740075611,paho787068536798430,topic/s/lighting,METAVERSE,13
1716740075611,paho787068537911492,topic/s/lighting,METAVERSE,13
1716740075902,paho787068536798430,topic/s/noise,METAVERSE,11
1716740076039,paho787068536798430,topic/d/lighting,METAVERSE,24
1716740076039,paho787068537911492,topic/d/lighting,METAVERSE,24
1716740076168,paho787068536798430,topic/b/lighting,METAVERSE,199
1716740076169,paho787068537911492,topic/b/lighting,METAVERSE,200
1716740076503,paho787068536798430,topic/e/noise,METAVERSE,14
1716740076849,paho787068536798430,topic/e/lighting,METAVERSE,14
1716740076852,paho787068537911492,topic/e/lighting,METAVERSE,17
1716740076903,paho787068536798430,topic/e/lighting,METAVERSE,11
1716740076904,paho787068537911492,topic/e/lighting,METAVERSE,12
1716740076941,paho787068536798430,topic/g/lighting,METAVERSE,13
1716740076941,paho787068537911492,topic/g/lighting,METAVERSE,13
1716740077061,paho787068536798430,topic/b/lighting,METAVERSE,206
1716740077062,paho787068537911492,topic/b/lighting,METAVERSE,207
1716740077207,paho787068536798430,topic/b/lighting,METAVERSE,203
1716740077207,paho787068537911492,topic/b/lighting,METAVERSE,203
1716740077339,paho787068536798430,topic/b/noise,METAVERSE,196
1716740077583,paho787068536798430,topic/g/noise,METAVERSE,16
1716740077688,paho787068536798430,topic/g/lighting,METAVERSE,17
1716740077689,paho787068537911492,topic/g/lighting,METAVERSE,18
1716740077984,paho787068536798430,topic/b/lighting,METAVERSE,199
1716740077984,paho787068537911492,topic/b/lighting,METAVERSE,199
1716740078085,paho787068536798430,topic/e/noise,METAVERSE,13
1716740078408,paho787068536798430,topic/b/noise,METAVERSE,207
1716740078509,paho787068536798430,topic/b/noise,METAVERSE,196
1716740078781,paho787068537911492,topic/v/lighting,METAVERSE,14
1716740078781,paho787068536798430,topic/v/lighting,METAVERSE,14
1716740078853,paho787068536798430,topic/c/lighting,METAVERSE,18
1716740078853,paho787068537911492,topic/c/lighting,METAVERSE,18
1716740079068,paho787068536798430,topic/c/noise,METAVERSE,25
1716740079135,paho787068536798430,topic/b/lighting,METAVERSE,208
1716740079135,paho787068537911492,topic/b/lighting,METAVERSE,208
1716740079151,paho787068536798430,topic/c/lighting,METAVERSE,20
1716740079152,paho787068537911492,topic/c/lighting,METAVERSE,21
1716740079496,paho787068536798430,topic/v/noise,METAVERSE,13
1716740079555,paho787068536798430,topic/b/noise,METAVERSE,200
1716740079672,paho787068536798430,topic/d/noise,METAVERSE,14
1716740080055,paho787068536798430,topic/d/noise,METAVERSE,41
1716740080248,paho787068536798430,topic/d/lighting,METAVERSE,15
1716740080248,paho787068537911492,topic/d/lighting,METAVERSE,15
1716740080253,paho787068536798430,topic/g/noise,METAVERSE,13
1716740080418,paho787068536798430,topic/s/lighting,METAVERSE,12
1716740080418,paho787068537911492,topic/s/lighting,METAVERSE,12
1716740080464,paho787068536798430,topic/s/noise,METAVERSE,13
1716740080616,paho787068536798430,topic/s/lighting,METAVERSE,13
1716740080616,paho787068537911492,topic/s/lighting,METAVERSE,13
1716740080920,paho787068536798430,topic/s/noise,METAVERSE,13
1716740081055,paho787068536798430,topic/d/lighting,METAVERSE,10
1716740081056,paho787068537911492,topic/d/lighting,METAVERSE,11
1716740081195,paho787068536798430,topic/b/lighting,METAVERSE,200
1716740081196,paho787068537911492,topic/b/lighting,METAVERSE,201
1716740081538,paho787068536798430,topic/e/noise,METAVERSE,12
1716740081847,paho787068536798430,topic/e/lighting,METAVERSE,11
1716740081848,paho787068537911492,topic/e/lighting,METAVERSE,12
1716740081916,paho787068536798430,topic/e/lighting,METAVERSE,11
1716740081917,paho787068537911492,topic/e/lighting,METAVERSE,12
1716740081968,paho787068536798430,topic/g/lighting,METAVERSE,12
1716740081969,paho787068537911492,topic/g/lighting,METAVERSE,13
1716740082059,paho787068536798430,topic/b/lighting,METAVERSE,203
1716740082059,paho787068537911492,topic/b/lighting,METAVERSE,203
1716740082212,paho787068536798430,topic/b/lighting,METAVERSE,196
1716740082213,paho787068537911492,topic/b/lighting,METAVERSE,197
1716740082344,paho787068536798430,topic/b/noise,METAVERSE,201
1716740082596,paho787068536798430,topic/g/noise,METAVERSE,13
1716740082735,paho787068536798430,topic/g/lighting,METAVERSE,30
1716740082735,paho787068537911492,topic/g/lighting,METAVERSE,30
1716740082979,paho787068537911492,topic/b/lighting,METAVERSE,192
1716740082982,paho787068536798430,topic/b/lighting,METAVERSE,195
1716740083092,paho787068536798430,topic/e/noise,METAVERSE,13
1716740083394,paho787068536798430,topic/b/noise,METAVERSE,193
1716740083514,paho787068536798430,topic/b/noise,METAVERSE,199
1716740083785,paho787068536798430,topic/v/lighting,METAVERSE,12
1716740083786,paho787068537911492,topic/v/lighting,METAVERSE,13
1716740083871,paho787068536798430,topic/c/lighting,METAVERSE,16
1716740083871,paho787068537911492,topic/c/lighting,METAVERSE,16
1716740084076,paho787068536798430,topic/c/noise,METAVERSE,10
1716740084133,paho787068536798430,topic/b/lighting,METAVERSE,202
1716740084134,paho787068537911492,topic/b/lighting,METAVERSE,203
1716740084154,paho787068536798430,topic/c/lighting,METAVERSE,14
1716740084154,paho787068537911492,topic/c/lighting,METAVERSE,14
1716740084506,paho787068536798430,topic/v/noise,METAVERSE,13
