1716758885112,paho809008605458409,topic/v/noise,METAVERSE,116
1716758885338,paho809008605458409,topic/v/rfid,METAVERSE,26
1716758885466,paho809008633191892,topic/s/lighting,METAVERSE,49
1716758885472,paho809008605458409,topic/s/lighting,METAVERSE,55
1716758885878,paho809008633191892,topic/v/lighting,METAVERSE,27
1716758885881,paho809008633191892,topic/b/lighting,METAVERSE,21
1716758885879,paho809008605458409,topic/v/lighting,METAVERSE,28
1716758885899,paho809008605458409,topic/b/lighting,METAVERSE,39
1716758885964,paho809008605458409,topic/b/noise,METAVERSE,50
1716758886289,paho809008605458409,topic/g/lighting,METAVERSE,74
1716758886289,paho809008633191892,topic/g/lighting,METAVERSE,74
1716758886329,paho809008605458409,topic/c/lighting,METAVERSE,41
1716758886335,paho809008633191892,topic/c/lighting,METAVERSE,47
1716758886351,paho809008633191892,topic/c/lighting,METAVERSE,36
1716758886351,paho809008605458409,topic/c/lighting,METAVERSE,36
1716758886382,paho809008605458409,topic/c/rfid,METAVERSE,20
1716758886418,paho809008605458409,topic/c/noise,METAVERSE,30
1716758886421,paho809008605458409,topic/d/noise,METAVERSE,33
1716758886457,paho809008605458409,topic/b/noise,METAVERSE,84
1716758886549,paho809008605458409,topic/b/rfid,METAVERSE,22
1716758886557,paho809008633191892,topic/s/lighting,METAVERSE,22
1716758886557,paho809008605458409,topic/s/lighting,METAVERSE,22
1716758886681,paho809008633191892,topic/b/lighting,METAVERSE,29
1716758886683,paho809008605458409,topic/b/lighting,METAVERSE,31
1716758886772,paho809008633191892,topic/b/lighting,METAVERSE,53
1716758886772,paho809008605458409,topic/b/lighting,METAVERSE,53
1716758886817,paho809008605458409,topic/b/noise,METAVERSE,35
1716758886832,paho809008605458409,topic/e/lighting,METAVERSE,67
1716758886835,paho809008633191892,topic/e/lighting,METAVERSE,70
1716758886873,paho809008605458409,topic/e/noise,METAVERSE,24
1716758887121,paho809008605458409,topic/s/rfid,METAVERSE,21
1716758887145,paho809008605458409,topic/g/noise,METAVERSE,21
1716758887219,paho809008605458409,topic/s/noise,METAVERSE,20
1716758887323,paho809008633191892,topic/g/lighting,METAVERSE,23
1716758887323,paho809008605458409,topic/g/lighting,METAVERSE,23
1716758887329,paho809008633191892,topic/d/lighting,METAVERSE,24
1716758887334,paho809008605458409,topic/d/lighting,METAVERSE,29
1716758887421,paho809008633191892,topic/d/lighting,METAVERSE,22
1716758887423,paho809008605458409,topic/d/lighting,METAVERSE,24
1716758887810,paho809008605458409,topic/s/noise,METAVERSE,23
1716758888175,paho809008633191892,topic/b/lighting,METAVERSE,24
1716758888175,paho809008605458409,topic/b/lighting,METAVERSE,24
1716758888304,paho809008605458409,topic/g/rfid,METAVERSE,37
1716758888363,paho809008605458409,topic/d/noise,METAVERSE,117
1716758888365,paho809008605458409,topic/d/rfid,METAVERSE,119
1716758888470,paho809008605458409,topic/g/noise,METAVERSE,23
1716758888625,paho809008605458409,topic/e/lighting,METAVERSE,31
1716758888626,paho809008633191892,topic/e/lighting,METAVERSE,32
1716758889205,paho809008605458409,topic/b/lighting,METAVERSE,30
1716758889206,paho809008633191892,topic/b/lighting,METAVERSE,31
1716758889265,paho809008605458409,topic/e/rfid,METAVERSE,26
1716758889334,paho809008605458409,topic/v/rfid,METAVERSE,20
1716758889424,paho809008605458409,topic/e/noise,METAVERSE,29
1716758890026,paho809008605458409,topic/v/noise,METAVERSE,23
1716758890239,paho809008605458409,topic/b/noise,METAVERSE,19
1716758890492,paho809008605458409,topic/s/lighting,METAVERSE,21
1716758890492,paho809008633191892,topic/s/lighting,METAVERSE,21
1716758890885,paho809008633191892,topic/b/lighting,METAVERSE,22
1716758890886,paho809008605458409,topic/b/lighting,METAVERSE,23
1716758890920,paho809008605458409,topic/v/lighting,METAVERSE,34
1716758890921,paho809008633191892,topic/v/lighting,METAVERSE,35
1716758890994,paho809008605458409,topic/b/noise,METAVERSE,22
1716758891353,paho809008633191892,topic/g/lighting,METAVERSE,22
1716758891353,paho809008605458409,topic/g/lighting,METAVERSE,22
1716758891360,paho809008633191892,topic/c/lighting,METAVERSE,45
1716758891360,paho809008605458409,topic/c/lighting,METAVERSE,45
1716758891393,paho809008605458409,topic/c/lighting,METAVERSE,22
1716758891394,paho809008633191892,topic/c/lighting,METAVERSE,23
1716758891442,paho809008605458409,topic/c/noise,METAVERSE,35
1716758891465,paho809008605458409,topic/d/noise,METAVERSE,59
1716758891568,paho809008605458409,topic/b/noise,METAVERSE,61
1716758891573,paho809008633191892,topic/s/lighting,METAVERSE,27
1716758891574,paho809008605458409,topic/s/lighting,METAVERSE,28
1716758891639,paho809008605458409,topic/b/rfid,METAVERSE,20
1716758891656,paho809008605458409,topic/b/rfid,METAVERSE,21
1716758891680,paho809008605458409,topic/b/rfid,METAVERSE,44
1716758891719,paho809008633191892,topic/b/lighting,METAVERSE,24
1716758891721,paho809008605458409,topic/b/lighting,METAVERSE,26
1716758891878,paho809008633191892,topic/b/lighting,METAVERSE,79
1716758891878,paho809008605458409,topic/b/lighting,METAVERSE,79
1716758891889,paho809008633191892,topic/e/lighting,METAVERSE,30
1716758891889,paho809008605458409,topic/e/lighting,METAVERSE,30
1716758891910,paho809008605458409,topic/b/noise,METAVERSE,55
1716758891994,paho809008605458409,topic/e/noise,METAVERSE,110
1716758892142,paho809008605458409,topic/s/rfid,METAVERSE,27
1716758892168,paho809008605458409,topic/g/noise,METAVERSE,21
1716758892287,paho809008605458409,topic/s/noise,METAVERSE,24
1716758892339,paho809008605458409,topic/v/rfid,METAVERSE,19
1716758892353,paho809008605458409,topic/g/rfid,METAVERSE,32
1716758892359,paho809008605458409,topic/v/rfid,METAVERSE,39
1716758892387,paho809008633191892,topic/g/lighting,METAVERSE,27
1716758892390,paho809008605458409,topic/g/lighting,METAVERSE,30
1716758892394,paho809008633191892,topic/d/lighting,METAVERSE,21
1716758892399,paho809008605458409,topic/d/lighting,METAVERSE,26
1716758892494,paho809008605458409,topic/d/lighting,METAVERSE,46
1716758892494,paho809008633191892,topic/d/lighting,METAVERSE,46
1716758892898,paho809008605458409,topic/s/noise,METAVERSE,23
1716758893209,paho809008605458409,topic/b/lighting,METAVERSE,22
1716758893210,paho809008633191892,topic/b/lighting,METAVERSE,23
1716758893330,paho809008605458409,topic/d/noise,METAVERSE,59
1716758893539,paho809008605458409,topic/g/noise,METAVERSE,28
1716758893623,paho809008633191892,topic/e/lighting,METAVERSE,19
1716758893624,paho809008605458409,topic/e/lighting,METAVERSE,20
1716758893835,paho809008633366583,topic/maintenance,METAVERSE,1951
1716758893936,paho809008632990536,topic/queueing,METAVERSE,1821
1716758894031,paho809008632990536,topic/queueing,METAVERSE,1711
1716758894081,paho809008632990536,topic/queueing,METAVERSE,1760
1716758894131,paho809008632990536,topic/queueing,METAVERSE,1811
1716758894182,paho809008633366583,topic/maintenance,METAVERSE,2035
1716758894233,paho809008632584725,topic/security,METAVERSE,1966
1716758894246,paho809008633191892,topic/b/lighting,METAVERSE,31
1716758894247,paho809008605458409,topic/b/lighting,METAVERSE,32
1716758894283,paho809008633366583,topic/maintenance,METAVERSE,2020
1716758894284,paho809008632584725,topic/security,METAVERSE,1890
1716758894333,paho809008632584725,topic/security,METAVERSE,1858
1716758894484,paho809008632584725,topic/security,METAVERSE,1983
1716758894483,paho809008605458409,topic/e/noise,METAVERSE,24
1716758894582,paho809008632584725,topic/security,METAVERSE,1979
1716758894680,paho809008632584725,topic/security,METAVERSE,2013
1716758894686,paho809008633366583,topic/maintenance,METAVERSE,1811
1716758894686,paho809008633366583,topic/maintenance,METAVERSE,1766
1716758894688,paho809008633366583,topic/maintenance,METAVERSE,1745
1716758894689,paho809008633366583,topic/maintenance,METAVERSE,1502
1716758894691,paho809008633366583,topic/maintenance,METAVERSE,1420
1716758894692,paho809008633366583,topic/maintenance,METAVERSE,1181
1716758894733,paho809008632990536,topic/occupancy,METAVERSE,3114
1716758894733,paho809008632584725,topic/security,METAVERSE,1906
1716758894831,paho809008632584725,topic/security,METAVERSE,1720
1716758894884,paho809008632584725,topic/security,METAVERSE,1657
1716758895032,paho809008632584725,topic/security,METAVERSE,1617
1716758895053,paho809008605458409,topic/v/noise,METAVERSE,21
1716758895136,paho809008632584725,topic/security,METAVERSE,1468
1716758895184,paho809008632584725,topic/security,METAVERSE,1425
1716758895231,paho809008632584725,topic/security,METAVERSE,1465
1716758895234,paho809008633366583,topic/maintenance,METAVERSE,1698
1716758895286,paho809008633366583,topic/maintenance,METAVERSE,1683
1716758895317,paho809008605458409,topic/b/noise,METAVERSE,64
1716758895381,paho809008633366583,topic/maintenance,METAVERSE,1526
1716758895430,paho809008633366583,topic/maintenance,METAVERSE,971
1716758895487,paho809008632584725,topic/security,METAVERSE,1637
1716758895504,paho809008605458409,topic/s/lighting,METAVERSE,21
1716758895505,paho809008633191892,topic/s/lighting,METAVERSE,22
1716758895583,paho809008632584725,topic/security,METAVERSE,1664
1716758895632,paho809008632990536,topic/occupancy,METAVERSE,3997
1716758895636,paho809008633366583,topic/maintenance,METAVERSE,1042
1716758895681,paho809008632584725,topic/security,METAVERSE,1674
1716758895734,paho809008632584725,topic/security,METAVERSE,1663
1716758895782,paho809008632584725,topic/security,METAVERSE,1607
1716758895787,paho809008632584725,topic/security,METAVERSE,1610
1716758895832,paho809008632584725,topic/security,METAVERSE,1522
1716758895832,paho809008632584725,topic/security,METAVERSE,1429
1716758895832,paho809008632584725,topic/security,METAVERSE,1277
1716758895832,paho809008632584725,topic/security,METAVERSE,1277
1716758895832,paho809008632584725,topic/security,METAVERSE,1277
1716758895832,paho809008632584725,topic/security,METAVERSE,1174
1716758895832,paho809008632584725,topic/security,METAVERSE,1105
1716758895832,paho809008632584725,topic/security,METAVERSE,970
1716758895832,paho809008632584725,topic/security,METAVERSE,958
1716758895832,paho809008632584725,topic/security,METAVERSE,933
1716758895839,paho809008632584725,topic/security,METAVERSE,675
1716758895934,paho809008605458409,topic/v/lighting,METAVERSE,27
1716758895935,paho809008633191892,topic/v/lighting,METAVERSE,28
1716758895940,paho809008605458409,topic/b/lighting,METAVERSE,41
1716758895941,paho809008633191892,topic/b/lighting,METAVERSE,42
1716758895983,paho809008632584725,topic/security,METAVERSE,730
1716758896016,paho809008605458409,topic/b/noise,METAVERSE,33
1716758896032,paho809008633366583,topic/maintenance,METAVERSE,1434
1716758896134,paho809008632584725,topic/security,METAVERSE,837
1716758896180,paho809008633366583,topic/maintenance,METAVERSE,1305
1716758896181,paho809008633366583,topic/maintenance,METAVERSE,1149
1716758896181,paho809008633366583,topic/maintenance,METAVERSE,974
1716758896182,paho809008633366583,topic/maintenance,METAVERSE,929
1716758896183,paho809008633366583,topic/maintenance,METAVERSE,930
1716758896184,paho809008633366583,topic/maintenance,METAVERSE,616
1716758896184,paho809008633366583,topic/maintenance,METAVERSE,325
1716758896230,paho809008632990536,topic/occupancy,METAVERSE,4594
1716758896236,paho809008633366583,topic/maintenance,METAVERSE,253
1716758896285,paho809008632584725,topic/security,METAVERSE,958
1716758896336,paho809008632584725,topic/security,METAVERSE,763
1716758896341,paho809008632584725,topic/security,METAVERSE,786
1716758896343,paho809008632584725,topic/security,METAVERSE,767
1716758896346,paho809008632584725,topic/security,METAVERSE,577
1716758896351,paho809008632584725,topic/security,METAVERSE,532
1716758896359,paho809008632584725,topic/security,METAVERSE,482
1716758896384,paho809008632584725,topic/security,METAVERSE,373
1716758896402,paho809008605458409,topic/g/lighting,METAVERSE,23
1716758896403,paho809008633191892,topic/g/lighting,METAVERSE,24
1716758896408,paho809008605458409,topic/c/lighting,METAVERSE,21
1716758896408,paho809008633191892,topic/c/lighting,METAVERSE,21
1716758896433,paho809008632990536,topic/occupancy,METAVERSE,4684
1716758896451,paho809008633191892,topic/c/lighting,METAVERSE,43
1716758896452,paho809008605458409,topic/c/lighting,METAVERSE,44
1716758896474,paho809008605458409,topic/c/noise,METAVERSE,32
1716758896478,paho809008605458409,topic/d/noise,METAVERSE,22
1716758896535,paho809008632584725,topic/security,METAVERSE,428
1716758896536,paho809008633366583,topic/maintenance,METAVERSE,94
1716758896576,paho809008632584725,topic/security,METAVERSE,348
1716758896576,paho809008632584725,topic/security,METAVERSE,337
1716758896583,paho809008632584725,topic/security,METAVERSE,344
1716758896630,paho809008633191892,topic/s/lighting,METAVERSE,28
1716758896635,paho809008605458409,topic/s/lighting,METAVERSE,33
1716758896638,paho809008605458409,topic/b/noise,METAVERSE,25
1716758896682,paho809008632990536,topic/occupancy,METAVERSE,4927
1716758896687,paho809008632584725,topic/security,METAVERSE,368
1716758896726,paho809008633191892,topic/b/lighting,METAVERSE,19
1716758896727,paho809008605458409,topic/b/lighting,METAVERSE,20
1716758896728,paho809008632584725,topic/security,METAVERSE,342
1716758896732,paho809008633366583,topic/maintenance,METAVERSE,276
1716758896835,paho809008632990536,topic/occupancy,METAVERSE,4848
1716758896836,paho809008632584725,topic/security,METAVERSE,413
1716758896880,paho809008633366583,topic/maintenance,METAVERSE,267
1716758896880,paho809008632584725,topic/security,METAVERSE,457
1716758896981,paho809008633366583,topic/maintenance,METAVERSE,94
1716758896981,paho809008632584725,topic/security,METAVERSE,418
1716758896987,paho809008633191892,topic/b/lighting,METAVERSE,84
1716758896988,paho809008605458409,topic/b/lighting,METAVERSE,85
1716758896993,paho809008605458409,topic/b/noise,METAVERSE,67
1716758897025,paho809008605458409,topic/e/lighting,METAVERSE,46
1716758897025,paho809008633191892,topic/e/lighting,METAVERSE,46
1716758897046,paho809008605458409,topic/e/noise,METAVERSE,43
1716758897084,paho809008632584725,topic/security,METAVERSE,493
1716758897084,paho809008633366583,topic/maintenance,METAVERSE,181
1716758897123,paho809008632584725,topic/security,METAVERSE,413
1716758897135,paho809008632584725,topic/security,METAVERSE,424
1716758897192,paho809008633366583,topic/maintenance,METAVERSE,305
1716758897195,paho809008605458409,topic/g/noise,METAVERSE,28
1716758897284,paho809008633366583,topic/maintenance,METAVERSE,358
1716758897286,paho809008632584725,topic/security,METAVERSE,523
1716758897288,paho809008632584725,topic/security,METAVERSE,389
1716758897337,paho809008633366583,topic/maintenance,METAVERSE,334
1716758897336,paho809008605458409,topic/s/noise,METAVERSE,25
1716758897380,paho809008632584725,topic/security,METAVERSE,401
1716758897384,paho809008632584725,topic/security,METAVERSE,117
1716758897397,paho809008633191892,topic/d/lighting,METAVERSE,22
1716758897398,paho809008605458409,topic/d/lighting,METAVERSE,23
1716758897436,paho809008632584725,topic/security,METAVERSE,55
1716758897452,paho809008633191892,topic/g/lighting,METAVERSE,25
1716758897454,paho809008605458409,topic/g/lighting,METAVERSE,27
1716758897485,paho809008633366583,topic/maintenance,METAVERSE,318
1716758897536,paho809008633366583,topic/maintenance,METAVERSE,429
1716758897539,paho809008633366583,topic/maintenance,METAVERSE,228
1716758897583,paho809008632584725,topic/security,METAVERSE,196
1716758897584,paho809008633366583,topic/maintenance,METAVERSE,298
1716758897588,paho809008633191892,topic/d/lighting,METAVERSE,49
1716758897588,paho809008605458409,topic/d/lighting,METAVERSE,49
1716758897635,paho809008632584725,topic/security,METAVERSE,74
1716758897682,paho809008632990536,topic/occupancy,METAVERSE,5654
1716758897684,paho809008632584725,topic/security,METAVERSE,122
1716758897734,paho809008632584725,topic/security,METAVERSE,79
1716758897775,paho809008632584725,topic/security,METAVERSE,111
1716758897787,paho809008633366583,topic/maintenance,METAVERSE,199
1716758897886,paho809008632990536,topic/occupancy,METAVERSE,5771
1716758897886,paho809008632584725,topic/security,METAVERSE,114
1716758897927,paho809008632584725,topic/security,METAVERSE,104
1716758897949,paho809008605458409,topic/s/noise,METAVERSE,26
1716758897984,paho809008632584725,topic/security,METAVERSE,65
1716758898032,paho809008633366583,topic/maintenance,METAVERSE,109
1716758898035,paho809008633366583,topic/maintenance,METAVERSE,108
1716758898048,paho809008632584725,topic/security,METAVERSE,21
1716758898130,paho809008633366583,topic/maintenance,METAVERSE,87
1716758898179,paho809008632990536,topic/occupancy,METAVERSE,6064
1716758898186,paho809008632584725,topic/security,METAVERSE,21
1716758898189,paho809008632584725,topic/security,METAVERSE,70
1716758898194,paho809008605458409,topic/s/rfid,METAVERSE,43
1716758898243,paho809008633191892,topic/b/lighting,METAVERSE,20
1716758898243,paho809008605458409,topic/b/lighting,METAVERSE,20
1716758898283,paho809008632990536,topic/queueing,METAVERSE,132
1716758898311,paho809008605458409,topic/d/rfid,METAVERSE,60
1716758898331,paho809008632584725,topic/security,METAVERSE,76
1716758898341,paho809008605458409,topic/d/noise,METAVERSE,18
1716758898383,paho809008632990536,topic/queueing,METAVERSE,132
1716758898383,paho809008632990536,topic/occupancy,METAVERSE,6116
1716758898384,paho809008632584725,topic/security,METAVERSE,97
1716758898409,paho809008605458409,topic/c/rfid,METAVERSE,23
1716758898433,paho809008633366583,topic/maintenance,METAVERSE,110
1716758898435,paho809008632990536,topic/queueing,METAVERSE,49
1716758898482,paho809008632584725,topic/security,METAVERSE,75
1716758898482,paho809008632584725,topic/security,METAVERSE,65
1716758898518,paho809008632584725,topic/security,METAVERSE,19
1716758898533,paho809008633366583,topic/maintenance,METAVERSE,194
1716758898599,paho809008632584725,topic/security,METAVERSE,31
1716758898621,paho809008605458409,topic/g/noise,METAVERSE,70
1716758898635,paho809008632584725,topic/security,METAVERSE,28
1716758898650,paho809008633191892,topic/e/lighting,METAVERSE,43
1716758898649,paho809008605458409,topic/e/lighting,METAVERSE,42
1716758898679,paho809008633366583,topic/maintenance,METAVERSE,324
1716758898731,paho809008632990536,topic/occupancy,METAVERSE,6411
1716758898770,paho809008632584725,topic/security,METAVERSE,34
1716758898798,paho809008632584725,topic/security,METAVERSE,19
1716758898829,paho809008633366583,topic/maintenance,METAVERSE,278
1716758898931,paho809008632990536,topic/occupancy,METAVERSE,6610
1716758898962,paho809008632584725,topic/security,METAVERSE,23
1716758899011,paho809008632584725,topic/security,METAVERSE,32
1716758899082,paho809008632584725,topic/security,METAVERSE,35
1716758899182,paho809008632990536,topic/occupancy,METAVERSE,6862
1716758899271,paho809008633191892,topic/b/lighting,METAVERSE,24
1716758899272,paho809008605458409,topic/b/lighting,METAVERSE,25
1716758899432,paho809008632990536,topic/occupancy,METAVERSE,7038
1716758899451,paho809008632584725,topic/security,METAVERSE,24
1716758899499,paho809008605458409,topic/e/noise,METAVERSE,30
1716758899547,paho809008632584725,topic/security,METAVERSE,44
1716758899583,paho809008633366583,topic/maintenance,METAVERSE,236
1716758899584,paho809008632584725,topic/security,METAVERSE,73
1716758899807,paho809008632584725,topic/security,METAVERSE,20
1716758899812,paho809008632584725,topic/security,METAVERSE,29
1716758899855,paho809008632584725,topic/security,METAVERSE,22
1716758899880,paho809008633366583,topic/maintenance,METAVERSE,411
1716758899882,paho809008632990536,topic/occupancy,METAVERSE,7407
1716758899889,paho809008633366583,topic/maintenance,METAVERSE,322
1716758900028,paho809008632584725,topic/security,METAVERSE,45
1716758900056,paho809008632584725,topic/security,METAVERSE,28
1716758900068,paho809008605458409,topic/v/noise,METAVERSE,31
1716758900085,paho809008633366583,topic/maintenance,METAVERSE,496
1716758900197,paho809008632584725,topic/security,METAVERSE,18
1716758900329,paho809008632584725,topic/security,METAVERSE,46
1716758900350,paho809008605458409,topic/b/noise,METAVERSE,65
1716758900380,paho809008633366583,topic/maintenance,METAVERSE,709
1716758900439,paho809008633366583,topic/maintenance,METAVERSE,572
1716758900465,paho809008632584725,topic/security,METAVERSE,26
1716758900480,paho809008633366583,topic/maintenance,METAVERSE,537
1716758900483,paho809008633366583,topic/maintenance,METAVERSE,528
1716758900487,paho809008633366583,topic/maintenance,METAVERSE,450
1716758900511,paho809008633191892,topic/s/lighting,METAVERSE,24
1716758900511,paho809008605458409,topic/s/lighting,METAVERSE,24
1716758900532,paho809008633366583,topic/maintenance,METAVERSE,248
1716758900533,paho809008632584725,topic/security,METAVERSE,22
1716758900551,paho809008632584725,topic/security,METAVERSE,20
1716758900625,paho809008632584725,topic/security,METAVERSE,22
1716758900815,paho809008632584725,topic/security,METAVERSE,16
1716758900819,paho809008632584725,topic/security,METAVERSE,44
1716758900930,paho809008633366583,topic/maintenance,METAVERSE,295
1716758900931,paho809008632990536,topic/occupancy,METAVERSE,8328
1716758900957,paho809008633191892,topic/b/lighting,METAVERSE,25
1716758900957,paho809008605458409,topic/b/lighting,METAVERSE,25
1716758901063,paho809008605458409,topic/b/noise,METAVERSE,40
1716758901083,paho809008605458409,topic/v/lighting,METAVERSE,104
1716758901085,paho809008632584725,topic/security,METAVERSE,44
1716758901086,paho809008633191892,topic/v/lighting,METAVERSE,107
1716758901130,paho809008633366583,topic/maintenance,METAVERSE,107
1716758901180,paho809008632990536,topic/occupancy,METAVERSE,8513
1716758901204,paho809008632584725,topic/security,METAVERSE,38
1716758901214,paho809008605458409,topic/s/rfid,METAVERSE,35
1716758901236,paho809008632990536,topic/queueing,METAVERSE,57
1716758901283,paho809008632584725,topic/security,METAVERSE,40
1716758901383,paho809008632990536,topic/occupancy,METAVERSE,7624
1716758901435,paho809008633191892,topic/g/lighting,METAVERSE,44
1716758901435,paho809008605458409,topic/g/lighting,METAVERSE,44
1716758901472,paho809008632584725,topic/security,METAVERSE,46
1716758901481,paho809008633191892,topic/c/lighting,METAVERSE,35
1716758901482,paho809008632584725,topic/security,METAVERSE,33
1716758901482,paho809008605458409,topic/c/lighting,METAVERSE,36
1716758901498,paho809008605458409,topic/d/noise,METAVERSE,31
1716758901507,paho809008633191892,topic/c/lighting,METAVERSE,28
1716758901508,paho809008605458409,topic/c/noise,METAVERSE,61
1716758901510,paho809008605458409,topic/c/lighting,METAVERSE,31
1716758901531,paho809008633366583,topic/maintenance,METAVERSE,180
1716758901583,paho809008633366583,topic/maintenance,METAVERSE,116
1716758901590,paho809008632584725,topic/security,METAVERSE,24
1716758901649,paho809008605458409,topic/b/noise,METAVERSE,20
1716758901690,paho809008632584725,topic/security,METAVERSE,60
1716758901709,paho809008633191892,topic/s/lighting,METAVERSE,51
1716758901710,paho809008605458409,topic/s/lighting,METAVERSE,52
1716758901735,paho809008633366583,topic/maintenance,METAVERSE,288
1716758901738,paho809008633191892,topic/b/lighting,METAVERSE,28
1716758901739,paho809008605458409,topic/b/lighting,METAVERSE,29
1716758901832,paho809008633366583,topic/maintenance,METAVERSE,337
1716758901833,paho809008632584725,topic/security,METAVERSE,21
1716758901887,paho809008632584725,topic/security,METAVERSE,44
1716758901888,paho809008633366583,topic/maintenance,METAVERSE,345
1716758901933,paho809008632584725,topic/security,METAVERSE,36
1716758901980,paho809008633366583,topic/maintenance,METAVERSE,351
1716758901980,paho809008633366583,topic/maintenance,METAVERSE,317
1716758901983,paho809008632990536,topic/occupancy,METAVERSE,8217
1716758902003,paho809008633191892,topic/b/lighting,METAVERSE,36
1716758902003,paho809008605458409,topic/b/lighting,METAVERSE,36
1716758902023,paho809008605458409,topic/b/noise,METAVERSE,42
1716758902060,paho809008633191892,topic/e/lighting,METAVERSE,33
1716758902062,paho809008605458409,topic/e/lighting,METAVERSE,35
1716758902064,paho809008632584725,topic/security,METAVERSE,22
1716758902083,paho809008605458409,topic/e/noise,METAVERSE,26
1716758902113,paho809008632584725,topic/security,METAVERSE,46
1716758902184,paho809008632990536,topic/occupancy,METAVERSE,8177
1716758902207,paho809008605458409,topic/g/noise,METAVERSE,24
1716758902207,paho809008632584725,topic/security,METAVERSE,18
1716758902280,paho809008633366583,topic/maintenance,METAVERSE,299
1716758902348,paho809008632584725,topic/security,METAVERSE,26
1716758902371,paho809008605458409,topic/s/noise,METAVERSE,27
1716758902384,paho809008632990536,topic/queueing,METAVERSE,47
1716758902385,paho809008605458409,topic/g/rfid,METAVERSE,48
1716758902466,paho809008633191892,topic/d/lighting,METAVERSE,43
1716758902466,paho809008605458409,topic/d/lighting,METAVERSE,43
1716758902475,paho809008632584725,topic/security,METAVERSE,24
1716758902482,paho809008632990536,topic/occupancy,METAVERSE,8411
1716758902494,paho809008633191892,topic/g/lighting,METAVERSE,27
1716758902494,paho809008605458409,topic/g/lighting,METAVERSE,27
1716758902533,paho809008633366583,topic/maintenance,METAVERSE,476
1716758902554,paho809008632584725,topic/security,METAVERSE,31
1716758902615,paho809008633191892,topic/d/lighting,METAVERSE,20
1716758902616,paho809008605458409,topic/d/lighting,METAVERSE,21
1716758902633,paho809008633366583,topic/maintenance,METAVERSE,586
1716758902633,paho809008633366583,topic/maintenance,METAVERSE,450
1716758902633,paho809008633366583,topic/maintenance,METAVERSE,289
1716758902681,paho809008632584725,topic/security,METAVERSE,130
1716758902733,paho809008632584725,topic/security,METAVERSE,186
1716758902737,paho809008632584725,topic/security,METAVERSE,164
1716758902782,paho809008632584725,topic/security,METAVERSE,175
1716758902832,paho809008632584725,topic/security,METAVERSE,121
1716758902832,paho809008632990536,topic/occupancy,METAVERSE,8655
1716758902852,paho809008632584725,topic/security,METAVERSE,36
1716758902936,paho809008632584725,topic/security,METAVERSE,113
1716758902970,paho809008605458409,topic/s/noise,METAVERSE,31
1716758902981,paho809008632584725,topic/security,METAVERSE,158
1716758903032,paho809008633366583,topic/maintenance,METAVERSE,108
1716758903107,paho809008632584725,topic/security,METAVERSE,24
1716758903184,paho809008632990536,topic/occupancy,METAVERSE,8874
1716758903230,paho809008633366583,topic/maintenance,METAVERSE,291
1716758903249,paho809008633191892,topic/b/lighting,METAVERSE,22
1716758903249,paho809008605458409,topic/b/lighting,METAVERSE,22
1716758903280,paho809008633366583,topic/maintenance,METAVERSE,304
1716758903280,paho809008633366583,topic/maintenance,METAVERSE,257
1716758903348,paho809008632584725,topic/security,METAVERSE,21
1716758903374,paho809008605458409,topic/d/noise,METAVERSE,19
1716758903481,paho809008633366583,topic/maintenance,METAVERSE,126
1716758903483,paho809008632990536,topic/occupancy,METAVERSE,9080
1716758903497,paho809008632584725,topic/security,METAVERSE,23
1716758903634,paho809008633366583,topic/maintenance,METAVERSE,102
1716758903637,paho809008605458409,topic/e/lighting,METAVERSE,22
1716758903638,paho809008633191892,topic/e/lighting,METAVERSE,23
1716758903704,paho809008605458409,topic/g/noise,METAVERSE,57
1716758903832,paho809008633366583,topic/maintenance,METAVERSE,185
1716758903832,paho809008633366583,topic/maintenance,METAVERSE,109
1716758903833,paho809008632584725,topic/security,METAVERSE,54
1716758903844,paho809008632584725,topic/security,METAVERSE,21
1716758903935,paho809008632584725,topic/security,METAVERSE,72
1716758903935,paho809008632990536,topic/occupancy,METAVERSE,9380
1716758903980,paho809008632584725,topic/security,METAVERSE,132
1716758903993,paho809008632584725,topic/security,METAVERSE,174
1716758904078,paho809008632584725,topic/security,METAVERSE,19
1716758904109,paho809008632584725,topic/security,METAVERSE,22
1716758904183,paho809008632990536,topic/occupancy,METAVERSE,9525
1716758904219,paho809008632584725,topic/security,METAVERSE,24
1716758904235,paho809008632584725,topic/security,METAVERSE,55
1716758904284,paho809008632584725,topic/security,METAVERSE,92
1716758904290,paho809008633191892,topic/b/lighting,METAVERSE,27
1716758904291,paho809008605458409,topic/b/lighting,METAVERSE,28
1716758904334,paho809008632990536,topic/occupancy,METAVERSE,9607
1716758904389,paho809008632584725,topic/security,METAVERSE,26
1716758904483,paho809008632990536,topic/occupancy,METAVERSE,8714
1716758904503,paho809008632584725,topic/security,METAVERSE,23
1716758904559,paho809008632584725,topic/security,METAVERSE,26
1716758904569,paho809008605458409,topic/e/noise,METAVERSE,44
1716758904584,paho809008633366583,topic/maintenance,METAVERSE,59
1716758904589,paho809008632584725,topic/security,METAVERSE,20
1716758904640,paho809008632584725,topic/security,METAVERSE,19
1716758904751,paho809008632584725,topic/security,METAVERSE,40
1716758904781,paho809008633366583,topic/maintenance,METAVERSE,167
1716758904782,paho809008632990536,topic/occupancy,METAVERSE,8963
1716758904875,paho809008632584725,topic/security,METAVERSE,20
1716758904891,paho809008632584725,topic/security,METAVERSE,20
1716758905081,paho809008632990536,topic/occupancy,METAVERSE,9070
1716758905081,paho809008633366583,topic/maintenance,METAVERSE,134
1716758905093,paho809008605458409,topic/v/noise,METAVERSE,22
1716758905128,paho809008632584725,topic/security,METAVERSE,23
1716758905233,paho809008633366583,topic/maintenance,METAVERSE,162
1716758905238,paho809008633366583,topic/maintenance,METAVERSE,82
1716758905337,paho809008632584725,topic/security,METAVERSE,82
1716758905378,paho809008605458409,topic/b/noise,METAVERSE,23
1716758905381,paho809008633366583,topic/maintenance,METAVERSE,170
1716758905382,paho809008632584725,topic/security,METAVERSE,24
1716758905433,paho809008632990536,topic/occupancy,METAVERSE,9326
1716758905513,paho809008632584725,topic/security,METAVERSE,22
1716758905520,paho809008633191892,topic/s/lighting,METAVERSE,22
1716758905521,paho809008605458409,topic/s/lighting,METAVERSE,23
1716758905631,paho809008632584725,topic/security,METAVERSE,26
1716758905631,paho809008633366583,topic/maintenance,METAVERSE,280
1716758905632,paho809008633366583,topic/maintenance,METAVERSE,277
1716758905633,paho809008632584725,topic/security,METAVERSE,23
1716758905685,paho809008633366583,topic/maintenance,METAVERSE,172
1716758905685,paho809008633366583,topic/maintenance,METAVERSE,151
1716758905829,paho809008633366583,topic/maintenance,METAVERSE,200
1716758905851,paho809008632584725,topic/security,METAVERSE,19
1716758905887,paho809008632584725,topic/security,METAVERSE,24
1716758905907,paho809008632584725,topic/security,METAVERSE,32
1716758905984,paho809008633366583,topic/maintenance,METAVERSE,285
1716758906000,paho809008633191892,topic/b/lighting,METAVERSE,22
1716758906000,paho809008605458409,topic/b/lighting,METAVERSE,22
1716758906031,paho809008633366583,topic/maintenance,METAVERSE,248
1716758906092,paho809008632584725,topic/security,METAVERSE,21
1716758906103,paho809008605458409,topic/b/noise,METAVERSE,25
1716758906111,paho809008633191892,topic/v/lighting,METAVERSE,40
1716758906110,paho809008605458409,topic/v/lighting,METAVERSE,39
1716758906133,paho809008632584725,topic/security,METAVERSE,30
1716758906181,paho809008632584725,topic/security,METAVERSE,58
1716758906232,paho809008632990536,topic/occupancy,METAVERSE,9993
1716758906235,paho809008632990536,topic/queueing,METAVERSE,28
1716758906235,paho809008605458409,topic/s/rfid,METAVERSE,28
1716758906246,paho809008632584725,topic/security,METAVERSE,35
1716758906283,paho809008633366583,topic/maintenance,METAVERSE,476
1716758906327,paho809008633366583,topic/maintenance,METAVERSE,495
1716758906332,paho809008633366583,topic/maintenance,METAVERSE,457
1716758906332,paho809008633366583,topic/maintenance,METAVERSE,281
1716758906332,paho809008633366583,topic/maintenance,METAVERSE,254
1716758906334,paho809008633366583,topic/maintenance,METAVERSE,191
1716758906396,paho809008632584725,topic/security,METAVERSE,21
1716758906407,paho809008605458409,topic/g/rfid,METAVERSE,24
1716758906407,paho809008632990536,topic/queueing,METAVERSE,24
1716758906473,paho809008633191892,topic/g/lighting,METAVERSE,26
1716758906473,paho809008605458409,topic/g/lighting,METAVERSE,26
1716758906534,paho809008632584725,topic/security,METAVERSE,26
1716758906541,paho809008633191892,topic/c/lighting,METAVERSE,46
1716758906541,paho809008605458409,topic/c/lighting,METAVERSE,46
1716758906543,paho809008605458409,topic/d/noise,METAVERSE,48
1716758906557,paho809008633191892,topic/c/lighting,METAVERSE,70
1716758906558,paho809008605458409,topic/c/lighting,METAVERSE,71
1716758906560,paho809008605458409,topic/c/noise,METAVERSE,73
1716758906565,paho809008632584725,topic/security,METAVERSE,20
1716758906579,paho809008633366583,topic/maintenance,METAVERSE,248
1716758906631,paho809008632584725,topic/security,METAVERSE,45
1716758906651,paho809008632584725,topic/security,METAVERSE,41
1716758906680,paho809008633366583,topic/maintenance,METAVERSE,257
1716758906691,paho809008632584725,topic/security,METAVERSE,60
1716758906702,paho809008605458409,topic/b/noise,METAVERSE,23
1716758906719,paho809008633191892,topic/s/lighting,METAVERSE,24
1716758906720,paho809008605458409,topic/s/lighting,METAVERSE,25
1716758906743,paho809008633191892,topic/b/lighting,METAVERSE,20
1716758906743,paho809008605458409,topic/b/lighting,METAVERSE,20
1716758906877,paho809008632584725,topic/security,METAVERSE,18
1716758906908,paho809008632584725,topic/security,METAVERSE,36
1716758906983,paho809008633366583,topic/maintenance,METAVERSE,488
1716758907005,paho809008632584725,topic/security,METAVERSE,30
1716758907028,paho809008633191892,topic/b/lighting,METAVERSE,23
1716758907028,paho809008605458409,topic/b/lighting,METAVERSE,23
1716758907097,paho809008605458409,topic/b/noise,METAVERSE,39
1716758907138,paho809008632990536,topic/occupancy,METAVERSE,10752
1716758907154,paho809008632584725,topic/security,METAVERSE,23
1716758907183,paho809008633366583,topic/maintenance,METAVERSE,696
1716758907190,paho809008605458409,topic/e/noise,METAVERSE,79
1716758907191,paho809008633191892,topic/e/lighting,METAVERSE,108
1716758907193,paho809008605458409,topic/e/lighting,METAVERSE,110
1716758907218,paho809008605458409,topic/g/noise,METAVERSE,22
1716758907282,paho809008632584725,topic/security,METAVERSE,27
1716758907333,paho809008633366583,topic/maintenance,METAVERSE,678
1716758907455,paho809008605458409,topic/s/noise,METAVERSE,20
1716758907482,paho809008633366583,topic/maintenance,METAVERSE,803
1716758907513,paho809008633191892,topic/d/lighting,METAVERSE,30
1716758907514,paho809008605458409,topic/d/lighting,METAVERSE,31
1716758907542,paho809008632584725,topic/security,METAVERSE,32
1716758907576,paho809008633191892,topic/g/lighting,METAVERSE,23
1716758907577,paho809008605458409,topic/g/lighting,METAVERSE,24
1716758907583,paho809008633366583,topic/maintenance,METAVERSE,748
1716758907680,paho809008632990536,topic/occupancy,METAVERSE,11257
1716758907686,paho809008633191892,topic/d/lighting,METAVERSE,43
1716758907687,paho809008605458409,topic/d/lighting,METAVERSE,44
1716758907783,paho809008633366583,topic/maintenance,METAVERSE,910
1716758907883,paho809008633366583,topic/maintenance,METAVERSE,876
1716758907884,paho809008632584725,topic/security,METAVERSE,69
1716758907884,paho809008632584725,topic/security,METAVERSE,33
1716758907931,paho809008632584725,topic/security,METAVERSE,32
1716758907980,paho809008633366583,topic/maintenance,METAVERSE,922
1716758908002,paho809008605458409,topic/s/noise,METAVERSE,39
1716758908054,paho809008632584725,topic/security,METAVERSE,31
1716758908082,paho809008633366583,topic/maintenance,METAVERSE,971
1716758908102,paho809008632584725,topic/security,METAVERSE,19
1716758908127,paho809008633366583,topic/maintenance,METAVERSE,973
1716758908166,paho809008632584725,topic/security,METAVERSE,23
1716758908182,paho809008633366583,topic/maintenance,METAVERSE,986
1716758908234,paho809008605458409,topic/s/rfid,METAVERSE,23
1716758908235,paho809008632990536,topic/queueing,METAVERSE,24
1716758908278,paho809008605458409,topic/s/rfid,METAVERSE,59
1716758908283,paho809008632990536,topic/queueing,METAVERSE,64
1716758908283,paho809008633366583,topic/maintenance,METAVERSE,918
1716758908289,paho809008633191892,topic/b/lighting,METAVERSE,43
1716758908289,paho809008605458409,topic/b/lighting,METAVERSE,43
1716758908337,paho809008633366583,topic/maintenance,METAVERSE,946
1716758908375,paho809008633366583,topic/maintenance,METAVERSE,940
1716758908376,paho809008633366583,topic/maintenance,METAVERSE,925
1716758908383,paho809008633366583,topic/maintenance,METAVERSE,895
1716758908383,paho809008632584725,topic/security,METAVERSE,137
1716758908406,paho809008605458409,topic/d/noise,METAVERSE,30
1716758908484,paho809008633366583,topic/maintenance,METAVERSE,943
1716758908485,paho809008632584725,topic/security,METAVERSE,178
1716758908488,paho809008605458409,topic/c/rfid,METAVERSE,25
1716758908534,paho809008632584725,topic/security,METAVERSE,197
1716758908534,paho809008633366583,topic/maintenance,METAVERSE,717
1716758908534,paho809008632584725,topic/security,METAVERSE,149
1716758908581,paho809008632990536,topic/queueing,METAVERSE,118
1716758908635,paho809008632584725,topic/security,METAVERSE,124
1716758908653,paho809008632584725,topic/security,METAVERSE,111
1716758908661,paho809008633191892,topic/e/lighting,METAVERSE,44
1716758908662,paho809008605458409,topic/e/lighting,METAVERSE,45
1716758908681,paho809008633366583,topic/maintenance,METAVERSE,774
1716758908734,paho809008632584725,topic/security,METAVERSE,187
1716758908738,paho809008605458409,topic/g/noise,METAVERSE,31
1716758908782,paho809008632584725,topic/security,METAVERSE,232
1716758908783,paho809008632584725,topic/security,METAVERSE,167
1716758908832,paho809008633366583,topic/maintenance,METAVERSE,869
1716758908834,paho809008632584725,topic/security,METAVERSE,183
1716758908881,paho809008632584725,topic/security,METAVERSE,262
1716758908897,paho809008632584725,topic/security,METAVERSE,37
1716758908935,paho809008632584725,topic/security,METAVERSE,36
1716758908979,paho809008633366583,topic/maintenance,METAVERSE,993
1716758908986,paho809008632584725,topic/security,METAVERSE,69
1716758909032,paho809008633366583,topic/maintenance,METAVERSE,1047
1716758909032,paho809008632584725,topic/security,METAVERSE,117
1716758909083,paho809008632990536,topic/occupancy,METAVERSE,12520
1716758909083,paho809008633366583,topic/maintenance,METAVERSE,972
1716758909135,paho809008633366583,topic/maintenance,METAVERSE,1019
1716758909170,paho809008632584725,topic/security,METAVERSE,23
1716758909232,paho809008633366583,topic/maintenance,METAVERSE,1092
1716758909327,paho809008633191892,topic/b/lighting,METAVERSE,40
1716758909328,paho809008605458409,topic/b/lighting,METAVERSE,41
1716758909346,paho809008632584725,topic/security,METAVERSE,23
1716758909581,paho809008633366583,topic/maintenance,METAVERSE,1335
1716758909583,paho809008632584725,topic/security,METAVERSE,23
1716758909592,paho809008605458409,topic/e/noise,METAVERSE,24
1716758909639,paho809008633366583,topic/maintenance,METAVERSE,1263
1716758909682,paho809008633366583,topic/maintenance,METAVERSE,1284
1716758909782,paho809008633366583,topic/maintenance,METAVERSE,1380
1716758909897,paho809008632584725,topic/security,METAVERSE,21
1716758909932,paho809008633366583,topic/maintenance,METAVERSE,1447
1716758909932,paho809008633366583,topic/maintenance,METAVERSE,1332
1716758909933,paho809008632584725,topic/security,METAVERSE,22
1716758909933,paho809008633366583,topic/maintenance,METAVERSE,1226
1716758909982,paho809008633366583,topic/maintenance,METAVERSE,1011
1716758910113,paho809008605458409,topic/v/noise,METAVERSE,37
1716758910139,paho809008632584725,topic/security,METAVERSE,20
1716758910181,paho809008633366583,topic/maintenance,METAVERSE,1031
1716758910182,paho809008632584725,topic/security,METAVERSE,75
1716758910223,paho809008632584725,topic/security,METAVERSE,64
1716758910274,paho809008632584725,topic/security,METAVERSE,27
1716758910281,paho809008633366583,topic/maintenance,METAVERSE,866
1716758910281,paho809008633366583,topic/maintenance,METAVERSE,713
1716758910282,paho809008632584725,topic/security,METAVERSE,26
1716758910347,paho809008605458409,topic/d/rfid,METAVERSE,54
1716758910350,paho809008632990536,topic/queueing,METAVERSE,57
1716758910406,paho809008605458409,topic/b/noise,METAVERSE,43
1716758910421,paho809008632584725,topic/security,METAVERSE,22
1716758910432,paho809008632990536,topic/occupancy,METAVERSE,13722
1716758910479,paho809008633366583,topic/maintenance,METAVERSE,912
1716758910480,paho809008633366583,topic/maintenance,METAVERSE,781
1716758910480,paho809008633366583,topic/maintenance,METAVERSE,609
1716758910480,paho809008633366583,topic/maintenance,METAVERSE,517
1716758910531,paho809008633366583,topic/maintenance,METAVERSE,455
1716758910532,paho809008633366583,topic/maintenance,METAVERSE,169
1716758910537,paho809008633191892,topic/s/lighting,METAVERSE,38
1716758910537,paho809008605458409,topic/s/lighting,METAVERSE,39
1716758910573,paho809008632584725,topic/security,METAVERSE,22
1716758910612,paho809008632584725,topic/security,METAVERSE,28
1716758910636,paho809008632584725,topic/security,METAVERSE,41
1716758910682,paho809008632990536,topic/occupancy,METAVERSE,13919
1716758910689,paho809008632584725,topic/security,METAVERSE,18
1716758910702,paho809008632584725,topic/security,METAVERSE,19
1716758910905,paho809008632584725,topic/security,METAVERSE,30
1716758910930,paho809008632990536,topic/occupancy,METAVERSE,13158
1716758910987,paho809008633366583,topic/maintenance,METAVERSE,180
1716758910999,paho809008633191892,topic/b/lighting,METAVERSE,21
1716758911000,paho809008605458409,topic/b/lighting,METAVERSE,22
1716758911081,paho809008632584725,topic/security,METAVERSE,154
1716758911083,paho809008632584725,topic/security,METAVERSE,156
1716758911116,paho809008633191892,topic/v/lighting,METAVERSE,21
1716758911117,paho809008605458409,topic/v/lighting,METAVERSE,22
1716758911159,paho809008605458409,topic/b/noise,METAVERSE,23
1716758911181,paho809008633366583,topic/maintenance,METAVERSE,45
1716758911249,paho809008632584725,topic/security,METAVERSE,35
1716758911279,paho809008632990536,topic/occupancy,METAVERSE,13456
1716758911383,paho809008632990536,topic/occupancy,METAVERSE,13356
1716758911529,paho809008633191892,topic/c/lighting,METAVERSE,22
1716758911529,paho809008605458409,topic/c/lighting,METAVERSE,22
1716758911540,paho809008633191892,topic/g/lighting,METAVERSE,31
1716758911541,paho809008605458409,topic/g/lighting,METAVERSE,32
1716758911587,paho809008632990536,topic/occupancy,METAVERSE,13468
1716758911591,paho809008605458409,topic/c/noise,METAVERSE,32
1716758911601,paho809008633191892,topic/c/lighting,METAVERSE,43
1716758911602,paho809008605458409,topic/c/lighting,METAVERSE,44
1716758911604,paho809008605458409,topic/d/noise,METAVERSE,38
1716758911636,paho809008632584725,topic/security,METAVERSE,41
1716758911679,paho809008632584725,topic/security,METAVERSE,28
1716758911731,paho809008605458409,topic/b/noise,METAVERSE,20
1716758911734,paho809008633366583,topic/maintenance,METAVERSE,175
1716758911752,paho809008633191892,topic/b/lighting,METAVERSE,25
1716758911753,paho809008605458409,topic/b/lighting,METAVERSE,26
1716758911779,paho809008633191892,topic/s/lighting,METAVERSE,72
1716758911779,paho809008605458409,topic/s/lighting,METAVERSE,72
1716758911834,paho809008633366583,topic/maintenance,METAVERSE,268
1716758911934,paho809008633366583,topic/maintenance,METAVERSE,345
1716758911946,paho809008632584725,topic/security,METAVERSE,23
1716758911982,paho809008632584725,topic/security,METAVERSE,61
1716758912023,paho809008632584725,topic/security,METAVERSE,99
1716758912044,paho809008633191892,topic/b/lighting,METAVERSE,25
1716758912045,paho809008605458409,topic/b/lighting,METAVERSE,26
1716758912083,paho809008633366583,topic/maintenance,METAVERSE,372
1716758912162,paho809008605458409,topic/e/noise,METAVERSE,24
1716758912172,paho809008605458409,topic/b/noise,METAVERSE,27
1716758912176,paho809008632584725,topic/security,METAVERSE,21
1716758912182,paho809008633191892,topic/e/lighting,METAVERSE,31
1716758912182,paho809008605458409,topic/e/lighting,METAVERSE,31
1716758912231,paho809008632990536,topic/occupancy,METAVERSE,14080
1716758912241,paho809008605458409,topic/g/noise,METAVERSE,22
1716758912254,paho809008632584725,topic/security,METAVERSE,23
1716758912265,paho809008632584725,topic/security,METAVERSE,22
1716758912288,paho809008632584725,topic/security,METAVERSE,18
1716758912332,paho809008633366583,topic/maintenance,METAVERSE,598
1716758912383,paho809008632584725,topic/security,METAVERSE,68
1716758912431,paho809008633366583,topic/maintenance,METAVERSE,554
1716758912435,paho809008632584725,topic/security,METAVERSE,24
1716758912470,paho809008605458409,topic/s/noise,METAVERSE,19
1716758912482,paho809008633366583,topic/maintenance,METAVERSE,575
1716758912567,paho809008633191892,topic/d/lighting,METAVERSE,24
1716758912568,paho809008605458409,topic/d/lighting,METAVERSE,25
1716758912580,paho809008632990536,topic/occupancy,METAVERSE,14325
1716758912610,paho809008632584725,topic/security,METAVERSE,23
1716758912637,paho809008632584725,topic/security,METAVERSE,38
1716758912661,paho809008633191892,topic/g/lighting,METAVERSE,74
1716758912662,paho809008605458409,topic/g/lighting,METAVERSE,75
1716758912682,paho809008633366583,topic/maintenance,METAVERSE,544
1716758912684,paho809008632584725,topic/security,METAVERSE,85
1716758912684,paho809008633366583,topic/maintenance,METAVERSE,539
1716758912734,paho809008632584725,topic/security,METAVERSE,47
1716758912736,paho809008633191892,topic/d/lighting,METAVERSE,49
1716758912736,paho809008605458409,topic/d/lighting,METAVERSE,49
1716758912751,paho809008632584725,topic/security,METAVERSE,36
1716758912780,paho809008633366583,topic/maintenance,METAVERSE,561
1716758912881,paho809008633366583,topic/maintenance,METAVERSE,430
1716758912935,paho809008633366583,topic/maintenance,METAVERSE,228
1716758912956,paho809008632584725,topic/security,METAVERSE,21
1716758912992,paho809008632584725,topic/security,METAVERSE,19
1716758913035,paho809008632990536,topic/occupancy,METAVERSE,14784
1716758913037,paho809008605458409,topic/s/noise,METAVERSE,22
1716758913070,paho809008632584725,topic/security,METAVERSE,27
1716758913183,paho809008633366583,topic/maintenance,METAVERSE,168
1716758913184,paho809008633366583,topic/maintenance,METAVERSE,92
1716758913230,paho809008633366583,topic/maintenance,METAVERSE,108
1716758913258,paho809008632584725,topic/security,METAVERSE,23
1716758913293,paho809008633191892,topic/b/lighting,METAVERSE,22
1716758913294,paho809008605458409,topic/b/lighting,METAVERSE,23
1716758913304,paho809008632584725,topic/security,METAVERSE,48
1716758913363,paho809008632584725,topic/security,METAVERSE,20
1716758913380,paho809008632990536,topic/occupancy,METAVERSE,14994
1716758913449,paho809008605458409,topic/g/rfid,METAVERSE,38
1716758913452,paho809008632990536,topic/queueing,METAVERSE,41
1716758913498,paho809008632990536,topic/queueing,METAVERSE,27
1716758913499,paho809008605458409,topic/g/rfid,METAVERSE,28
1716758913502,paho809008605458409,topic/d/noise,METAVERSE,27
1716758913535,paho809008633366583,topic/maintenance,METAVERSE,122
1716758913535,paho809008633366583,topic/maintenance,METAVERSE,60
1716758913640,paho809008633191892,topic/e/lighting,METAVERSE,23
1716758913641,paho809008605458409,topic/e/lighting,METAVERSE,24
1716758913648,paho809008632584725,topic/security,METAVERSE,42
1716758913682,paho809008633366583,topic/maintenance,METAVERSE,79
1716758913737,paho809008632990536,topic/occupancy,METAVERSE,15320
1716758913808,paho809008605458409,topic/g/noise,METAVERSE,41
1716758913835,paho809008633366583,topic/maintenance,METAVERSE,68
1716758913927,paho809008632584725,topic/security,METAVERSE,55
1716758913932,paho809008632990536,topic/occupancy,METAVERSE,15433
1716758913939,paho809008632584725,topic/security,METAVERSE,24
1716758914033,paho809008632584725,topic/security,METAVERSE,107
1716758914071,paho809008632584725,topic/security,METAVERSE,124
1716758914080,paho809008633366583,topic/maintenance,METAVERSE,173
1716758914202,paho809008632584725,topic/security,METAVERSE,19
1716758914272,paho809008632584725,topic/security,METAVERSE,25
1716758914281,paho809008632990536,topic/occupancy,METAVERSE,15713
1716758914301,paho809008632584725,topic/security,METAVERSE,34
1716758914332,paho809008632584725,topic/security,METAVERSE,61
1716758914336,paho809008633366583,topic/maintenance,METAVERSE,66
1716758914338,paho809008605458409,topic/s/rfid,METAVERSE,27
1716758914372,paho809008633191892,topic/b/lighting,METAVERSE,25
1716758914371,paho809008605458409,topic/b/lighting,METAVERSE,24
1716758914384,paho809008632990536,topic/queueing,METAVERSE,73
1716758914430,paho809008633366583,topic/maintenance,METAVERSE,51
1716758914483,paho809008632584725,topic/security,METAVERSE,71
1716758914531,paho809008632990536,topic/occupancy,METAVERSE,15795
1716758914550,paho809008632584725,topic/security,METAVERSE,38
1716758914620,paho809008605458409,topic/e/noise,METAVERSE,34
1716758914634,paho809008632584725,topic/security,METAVERSE,31
1716758914645,paho809008632584725,topic/security,METAVERSE,22
1716758914712,paho809008632584725,topic/security,METAVERSE,25
1716758914731,paho809008633366583,topic/maintenance,METAVERSE,145
1716758914731,paho809008632584725,topic/security,METAVERSE,28
1716758914738,paho809008632584725,topic/security,METAVERSE,19
1716758914784,paho809008632990536,topic/occupancy,METAVERSE,16005
1716758914936,paho809008632990536,topic/occupancy,METAVERSE,15149
1716758914952,paho809008632584725,topic/security,METAVERSE,21
1716758914979,paho809008632584725,topic/security,METAVERSE,20
1716758915031,paho809008632584725,topic/security,METAVERSE,38
1716758915122,paho809008605458409,topic/v/noise,METAVERSE,23
1716758915131,paho809008633366583,topic/maintenance,METAVERSE,111
1716758915235,paho809008632990536,topic/occupancy,METAVERSE,15402
1716758915309,paho809008632584725,topic/security,METAVERSE,26
1716758915335,paho809008633366583,topic/maintenance,METAVERSE,236
1716758915402,paho809008605458409,topic/d/rfid,METAVERSE,21
1716758915406,paho809008632990536,topic/queueing,METAVERSE,25
1716758915415,paho809008632584725,topic/security,METAVERSE,42
1716758915467,paho809008605458409,topic/b/noise,METAVERSE,44
1716758915483,paho809008633366583,topic/maintenance,METAVERSE,60
1716758915532,paho809008632990536,topic/occupancy,METAVERSE,15504
1716758915549,paho809008633191892,topic/s/lighting,METAVERSE,22
1716758915549,paho809008605458409,topic/s/lighting,METAVERSE,22
1716758915644,paho809008632584725,topic/security,METAVERSE,25
1716758915651,paho809008632584725,topic/security,METAVERSE,28
1716758915680,paho809008633366583,topic/maintenance,METAVERSE,73
1716758915782,paho809008632990536,topic/occupancy,METAVERSE,15603
1716758915936,paho809008632990536,topic/occupancy,METAVERSE,15653
1716758915968,paho809008632584725,topic/security,METAVERSE,20
1716758915988,paho809008632584725,topic/security,METAVERSE,33
1716758916009,paho809008633191892,topic/b/lighting,METAVERSE,21
1716758916009,paho809008605458409,topic/b/lighting,METAVERSE,21
1716758916045,paho809008632584725,topic/security,METAVERSE,22
1716758916085,paho809008633366583,topic/maintenance,METAVERSE,149
1716758916138,paho809008633191892,topic/v/lighting,METAVERSE,39
1716758916138,paho809008605458409,topic/v/lighting,METAVERSE,39
1716758916177,paho809008605458409,topic/b/noise,METAVERSE,38
1716758916223,paho809008632584725,topic/security,METAVERSE,20
1716758916233,paho809008633366583,topic/maintenance,METAVERSE,94
1716758916282,paho809008633366583,topic/maintenance,METAVERSE,137
1716758916282,paho809008632990536,topic/occupancy,METAVERSE,15771
1716758916299,paho809008632584725,topic/security,METAVERSE,20
1716758916306,paho809008632584725,topic/security,METAVERSE,22
1716758916380,paho809008632584725,topic/security,METAVERSE,53
1716758916433,paho809008632584725,topic/security,METAVERSE,102
1716758916436,paho809008632584725,topic/security,METAVERSE,23
1716758916480,paho809008632990536,topic/occupancy,METAVERSE,15949
1716758916538,paho809008633191892,topic/c/lighting,METAVERSE,23
1716758916538,paho809008605458409,topic/c/lighting,METAVERSE,23
1716758916570,paho809008633191892,topic/g/lighting,METAVERSE,26
1716758916571,paho809008605458409,topic/g/lighting,METAVERSE,27
1716758916615,paho809008605458409,topic/c/noise,METAVERSE,48
1716758916625,paho809008632584725,topic/security,METAVERSE,25
1716758916627,paho809008605458409,topic/d/noise,METAVERSE,23
1716758916628,paho809008633191892,topic/c/lighting,METAVERSE,37
1716758916629,paho809008605458409,topic/c/lighting,METAVERSE,38
1716758916637,paho809008632584725,topic/security,METAVERSE,33
1716758916679,paho809008633366583,topic/maintenance,METAVERSE,116
1716758916731,paho809008632584725,topic/security,METAVERSE,106
1716758916731,paho809008633366583,topic/maintenance,METAVERSE,164
1716758916731,paho809008633366583,topic/maintenance,METAVERSE,127
1716758916737,paho809008632990536,topic/occupancy,METAVERSE,16134
1716758916756,paho809008632584725,topic/security,METAVERSE,116
1716758916757,paho809008632584725,topic/security,METAVERSE,51
1716758916760,paho809008633191892,topic/b/lighting,METAVERSE,21
1716758916760,paho809008605458409,topic/b/lighting,METAVERSE,21
1716758916799,paho809008632584725,topic/security,METAVERSE,70
1716758916804,paho809008633191892,topic/s/lighting,METAVERSE,33
1716758916804,paho809008605458409,topic/s/lighting,METAVERSE,33
1716758916813,paho809008605458409,topic/b/noise,METAVERSE,23
1716758916833,paho809008633366583,topic/maintenance,METAVERSE,126
1716758916879,paho809008633366583,topic/maintenance,METAVERSE,89
1716758916945,paho809008632584725,topic/security,METAVERSE,22
1716758916983,paho809008632584725,topic/security,METAVERSE,60
1716758916999,paho809008632584725,topic/security,METAVERSE,21
1716758917034,paho809008632990536,topic/occupancy,METAVERSE,16235
1716758917037,paho809008632584725,topic/security,METAVERSE,34
1716758917100,paho809008633191892,topic/b/lighting,METAVERSE,29
1716758917100,paho809008605458409,topic/b/lighting,METAVERSE,29
1716758917184,paho809008632990536,topic/occupancy,METAVERSE,16409
1716758917235,paho809008633191892,topic/e/lighting,METAVERSE,29
1716758917236,paho809008605458409,topic/b/noise,METAVERSE,37
1716758917239,paho809008605458409,topic/e/lighting,METAVERSE,33
1716758917245,paho809008605458409,topic/g/noise,METAVERSE,22
1716758917250,paho809008605458409,topic/e/noise,METAVERSE,44
1716758917281,paho809008633366583,topic/maintenance,METAVERSE,82
1716758917350,paho809008632584725,topic/security,METAVERSE,23
1716758917433,paho809008632990536,topic/occupancy,METAVERSE,16254
1716758917532,paho809008633366583,topic/maintenance,METAVERSE,309
1716758917538,paho809008605458409,topic/s/noise,METAVERSE,19
1716758917584,paho809008633191892,topic/d/lighting,METAVERSE,24
1716758917585,paho809008633366583,topic/maintenance,METAVERSE,379
1716758917589,paho809008605458409,topic/d/lighting,METAVERSE,29
1716758917630,paho809008633366583,topic/maintenance,METAVERSE,111
1716758917663,paho809008632584725,topic/security,METAVERSE,37
1716758917686,paho809008633191892,topic/g/lighting,METAVERSE,19
1716758917687,paho809008605458409,topic/g/lighting,METAVERSE,20
1716758917731,paho809008633366583,topic/maintenance,METAVERSE,122
1716758917805,paho809008632584725,topic/security,METAVERSE,40
1716758917816,paho809008633191892,topic/d/lighting,METAVERSE,61
1716758917816,paho809008605458409,topic/d/lighting,METAVERSE,61
1716758917829,paho809008633366583,topic/maintenance,METAVERSE,192
1716758917959,paho809008632584725,topic/security,METAVERSE,22
1716758917989,paho809008632584725,topic/security,METAVERSE,18
1716758918031,paho809008633366583,topic/maintenance,METAVERSE,228
1716758918032,paho809008632584725,topic/security,METAVERSE,61
1716758918075,paho809008632584725,topic/security,METAVERSE,34
1716758918082,paho809008632990536,topic/occupancy,METAVERSE,16270
1716758918084,paho809008633366583,topic/maintenance,METAVERSE,204
1716758918089,paho809008605458409,topic/s/noise,METAVERSE,66
1716758918130,paho809008633366583,topic/maintenance,METAVERSE,175
1716758918232,paho809008633366583,topic/maintenance,METAVERSE,209
1716758918237,paho809008632584725,topic/security,METAVERSE,22
1716758918279,paho809008633366583,topic/maintenance,METAVERSE,193
1716758918321,paho809008633191892,topic/b/lighting,METAVERSE,42
1716758918321,paho809008632584725,topic/security,METAVERSE,41
1716758918321,paho809008605458409,topic/b/lighting,METAVERSE,42
1716758918331,paho809008633366583,topic/maintenance,METAVERSE,156
1716758918354,paho809008632584725,topic/security,METAVERSE,22
1716758918379,paho809008633366583,topic/maintenance,METAVERSE,180
1716758918395,paho809008632584725,topic/security,METAVERSE,24
1716758918436,paho809008632584725,topic/security,METAVERSE,22
1716758918479,paho809008633366583,topic/maintenance,METAVERSE,43
1716758918526,paho809008605458409,topic/g/rfid,METAVERSE,19
1716758918530,paho809008632990536,topic/queueing,METAVERSE,23
1716758918534,paho809008605458409,topic/d/noise,METAVERSE,43
1716758918611,paho809008632584725,topic/security,METAVERSE,20
1716758918634,paho809008633366583,topic/maintenance,METAVERSE,143
1716758918638,paho809008632584725,topic/security,METAVERSE,23
1716758918657,paho809008633191892,topic/e/lighting,METAVERSE,36
1716758918657,paho809008605458409,topic/e/lighting,METAVERSE,36
1716758918675,paho809008632584725,topic/security,METAVERSE,59
1716758918682,paho809008632990536,topic/occupancy,METAVERSE,16839
1716758918715,paho809008632584725,topic/security,METAVERSE,59
1716758918766,paho809008632584725,topic/security,METAVERSE,24
1716758918774,paho809008632584725,topic/security,METAVERSE,23
1716758918858,paho809008605458409,topic/g/noise,METAVERSE,23
1716758918881,paho809008632990536,topic/occupancy,METAVERSE,16839
1716758918980,paho809008633366583,topic/maintenance,METAVERSE,215
1716758919011,paho809008632584725,topic/security,METAVERSE,22
1716758919045,paho809008632584725,topic/security,METAVERSE,22
1716758919080,paho809008633366583,topic/maintenance,METAVERSE,245
1716758919180,paho809008633366583,topic/maintenance,METAVERSE,217
1716758919183,paho809008632990536,topic/occupancy,METAVERSE,16994
1716758919286,paho809008632584725,topic/security,METAVERSE,23
1716758919334,paho809008632584725,topic/security,METAVERSE,49
1716758919373,paho809008632584725,topic/security,METAVERSE,22
1716758919383,paho809008632990536,topic/occupancy,METAVERSE,17061
1716758919400,paho809008633191892,topic/b/lighting,METAVERSE,25
1716758919401,paho809008605458409,topic/b/lighting,METAVERSE,26
1716758919481,paho809008633366583,topic/maintenance,METAVERSE,230
1716758919580,paho809008633366583,topic/maintenance,METAVERSE,121
1716758919678,paho809008605458409,topic/e/noise,METAVERSE,55
1716758919686,paho809008632584725,topic/security,METAVERSE,29
1716758919883,paho809008633366583,topic/maintenance,METAVERSE,246
1716758919931,paho809008633366583,topic/maintenance,METAVERSE,308
1716758919935,paho809008632990536,topic/occupancy,METAVERSE,17598
1716758919977,paho809008632584725,topic/security,METAVERSE,26
1716758920008,paho809008632584725,topic/security,METAVERSE,33
1716758920051,paho809008632584725,topic/security,METAVERSE,60
1716758920079,paho809008633366583,topic/maintenance,METAVERSE,120
1716758920124,paho809008605458409,topic/v/noise,METAVERSE,23
1716758920135,paho809008632584725,topic/security,METAVERSE,40
1716758920231,paho809008633366583,topic/maintenance,METAVERSE,130
1716758920231,paho809008633366583,topic/maintenance,METAVERSE,80
1716758920237,paho809008632990536,topic/occupancy,METAVERSE,17714
1716758920283,paho809008632584725,topic/security,METAVERSE,56
1716758920331,paho809008632584725,topic/security,METAVERSE,51
1716758920413,paho809008632584725,topic/security,METAVERSE,22
1716758920441,paho809008632584725,topic/security,METAVERSE,22
1716758920473,paho809008605458409,topic/b/noise,METAVERSE,22
1716758920482,paho809008633366583,topic/maintenance,METAVERSE,31
1716758920535,paho809008632990536,topic/occupancy,METAVERSE,17984
1716758920554,paho809008633191892,topic/s/lighting,METAVERSE,23
1716758920554,paho809008605458409,topic/s/lighting,METAVERSE,23
1716758920571,paho809008605458409,topic/g/rfid,METAVERSE,22
1716758920574,paho809008632990536,topic/queueing,METAVERSE,25
1716758920579,paho809008632584725,topic/security,METAVERSE,33
1716758920632,paho809008632990536,topic/occupancy,METAVERSE,18025
1716758920662,paho809008632584725,topic/security,METAVERSE,21
1716758920717,paho809008632584725,topic/security,METAVERSE,30
1716758920783,paho809008632990536,topic/occupancy,METAVERSE,17967
1716758920783,paho809008632584725,topic/security,METAVERSE,40
1716758920784,paho809008632584725,topic/security,METAVERSE,32
1716758920812,paho809008632584725,topic/security,METAVERSE,21
1716758920974,paho809008632584725,topic/security,METAVERSE,35
1716758920980,paho809008632990536,topic/occupancy,METAVERSE,18157
1716758921012,paho809008633191892,topic/b/lighting,METAVERSE,21
1716758921012,paho809008605458409,topic/b/lighting,METAVERSE,21
1716758921036,paho809008632584725,topic/security,METAVERSE,2
1716758921083,paho809008632584725,topic/security,METAVERSE,20
1716758921176,paho809008633191892,topic/v/lighting,METAVERSE,51
1716758921177,paho809008605458409,topic/v/lighting,METAVERSE,52
1716758921200,paho809008605458409,topic/b/noise,METAVERSE,39
1716758921281,paho809008633366583,topic/maintenance,METAVERSE,235
1716758921283,paho809008632990536,topic/occupancy,METAVERSE,17460
1716758921332,paho809008633366583,topic/maintenance,METAVERSE,171
1716758921439,paho809008632584725,topic/security,METAVERSE,28
1716758921482,paho809008633366583,topic/maintenance,METAVERSE,67
1716758921495,paho809008632990536,topic/occupancy,METAVERSE,17647
1716758921510,paho809008632584725,topic/security,METAVERSE,55
1716758921552,paho809008633191892,topic/c/lighting,METAVERSE,21
1716758921552,paho809008605458409,topic/c/lighting,METAVERSE,21
1716758921598,paho809008633191892,topic/g/lighting,METAVERSE,19
1716758921598,paho809008605458409,topic/g/lighting,METAVERSE,19
1716758921635,paho809008632990536,topic/occupancy,METAVERSE,17576
1716758921641,paho809008605458409,topic/c/noise,METAVERSE,46
1716758921662,paho809008605458409,topic/d/noise,METAVERSE,39
1716758921668,paho809008632584725,topic/security,METAVERSE,57
1716758921670,paho809008633191892,topic/c/lighting,METAVERSE,47
1716758921670,paho809008605458409,topic/c/lighting,METAVERSE,47
1716758921737,paho809008632584725,topic/security,METAVERSE,22
1716758921781,paho809008633191892,topic/b/lighting,METAVERSE,22
1716758921781,paho809008605458409,topic/b/lighting,METAVERSE,22
1716758921858,paho809008605458409,topic/b/noise,METAVERSE,21
1716758921862,paho809008633191892,topic/s/lighting,METAVERSE,44
1716758921863,paho809008605458409,topic/s/lighting,METAVERSE,45
1716758921930,paho809008633366583,topic/maintenance,METAVERSE,335
1716758921980,paho809008633366583,topic/maintenance,METAVERSE,357
1716758922021,paho809008632584725,topic/security,METAVERSE,31
1716758922031,paho809008633366583,topic/maintenance,METAVERSE,383
1716758922038,paho809008632584725,topic/security,METAVERSE,19
1716758922080,paho809008632990536,topic/occupancy,METAVERSE,17885
1716758922083,paho809008633366583,topic/maintenance,METAVERSE,246
1716758922083,paho809008633366583,topic/maintenance,METAVERSE,124
1716758922083,paho809008632584725,topic/security,METAVERSE,59
1716758922124,paho809008633191892,topic/b/lighting,METAVERSE,21
1716758922125,paho809008605458409,topic/b/lighting,METAVERSE,22
1716758922254,paho809008605458409,topic/e/noise,METAVERSE,31
1716758922268,paho809008605458409,topic/b/noise,METAVERSE,21
1716758922273,paho809008632584725,topic/security,METAVERSE,22
1716758922282,paho809008633366583,topic/maintenance,METAVERSE,119
1716758922283,paho809008633366583,topic/maintenance,METAVERSE,60
1716758922301,paho809008605458409,topic/g/noise,METAVERSE,74
1716758922314,paho809008633191892,topic/e/lighting,METAVERSE,25
1716758922314,paho809008605458409,topic/e/lighting,METAVERSE,25
1716758922331,paho809008632584725,topic/security,METAVERSE,44
1716758922337,paho809008632584725,topic/security,METAVERSE,49
1716758922381,paho809008632584725,topic/security,METAVERSE,64
1716758922431,paho809008633366583,topic/maintenance,METAVERSE,184
1716758922490,paho809008605458409,topic/c/rfid,METAVERSE,23
1716758922530,paho809008633366583,topic/maintenance,METAVERSE,303
1716758922551,paho809008605458409,topic/s/noise,METAVERSE,24
1716758922583,paho809008632990536,topic/occupancy,METAVERSE,18220
1716758922586,paho809008632990536,topic/queueing,METAVERSE,119
1716758922587,paho809008632584725,topic/security,METAVERSE,152
1716758922588,paho809008632584725,topic/security,METAVERSE,153
1716758922634,paho809008633366583,topic/maintenance,METAVERSE,107
1716758922682,paho809008633191892,topic/d/lighting,METAVERSE,39
1716758922682,paho809008605458409,topic/d/lighting,METAVERSE,39
1716758922705,paho809008633191892,topic/g/lighting,METAVERSE,30
1716758922705,paho809008605458409,topic/g/lighting,METAVERSE,30
1716758922711,paho809008632584725,topic/security,METAVERSE,40
1716758922712,paho809008632584725,topic/security,METAVERSE,45
1716758922775,paho809008632584725,topic/security,METAVERSE,21
1716758922781,paho809008632990536,topic/occupancy,METAVERSE,18248
1716758922793,paho809008632584725,topic/security,METAVERSE,30
1716758922803,paho809008632584725,topic/security,METAVERSE,40
1716758922902,paho809008633191892,topic/d/lighting,METAVERSE,27
1716758922902,paho809008605458409,topic/d/lighting,METAVERSE,27
1716758922980,paho809008632990536,topic/occupancy,METAVERSE,18411
1716758923033,paho809008632584725,topic/security,METAVERSE,54
1716758923084,paho809008632584725,topic/security,METAVERSE,25
1716758923087,paho809008632584725,topic/security,METAVERSE,20
1716758923105,paho809008605458409,topic/s/noise,METAVERSE,22
1716758923135,paho809008633366583,topic/maintenance,METAVERSE,52
1716758923157,paho809008632584725,topic/security,METAVERSE,46
1716758923182,paho809008632990536,topic/occupancy,METAVERSE,18561
1716758923303,paho809008633191892,topic/b/lighting,METAVERSE,24
1716758923304,paho809008605458409,topic/b/lighting,METAVERSE,25
1716758923428,paho809008632584725,topic/security,METAVERSE,21
1716758923431,paho809008632990536,topic/occupancy,METAVERSE,18576
1716758923458,paho809008632584725,topic/security,METAVERSE,23
1716758923564,paho809008605458409,topic/d/noise,METAVERSE,44
1716758923607,paho809008632584725,topic/security,METAVERSE,52
1716758923634,paho809008632990536,topic/occupancy,METAVERSE,18763
1716758923635,paho809008633366583,topic/maintenance,METAVERSE,115
1716758923647,paho809008633191892,topic/e/lighting,METAVERSE,23
1716758923646,paho809008605458409,topic/e/lighting,METAVERSE,22
1716758923813,paho809008632584725,topic/security,METAVERSE,22
1716758923835,paho809008633366583,topic/maintenance,METAVERSE,166
1716758923836,paho809008632584725,topic/security,METAVERSE,33
1716758923918,paho809008605458409,topic/g/noise,METAVERSE,24
1716758923979,paho809008633366583,topic/maintenance,METAVERSE,124
1716758923980,paho809008632990536,topic/occupancy,METAVERSE,18148
1716758923986,paho809008632584725,topic/security,METAVERSE,25
1716758924037,paho809008632584725,topic/security,METAVERSE,30
1716758924053,paho809008632584725,topic/security,METAVERSE,21
1716758924081,paho809008633366583,topic/maintenance,METAVERSE,187
1716758924179,paho809008633366583,topic/maintenance,METAVERSE,280
1716758924232,paho809008633366583,topic/maintenance,METAVERSE,269
1716758924287,paho809008632584725,topic/security,METAVERSE,20
1716758924334,paho809008632584725,topic/security,METAVERSE,59
1716758924375,paho809008632584725,topic/security,METAVERSE,60
1716758924384,paho809008632990536,topic/occupancy,METAVERSE,18509
1716758924440,paho809008633191892,topic/b/lighting,METAVERSE,21
1716758924440,paho809008605458409,topic/b/lighting,METAVERSE,21
1716758924457,paho809008632584725,topic/security,METAVERSE,21
1716758924467,paho809008605458409,topic/d/rfid,METAVERSE,34
1716758924480,paho809008632990536,topic/queueing,METAVERSE,47
1716758924480,paho809008632584725,topic/security,METAVERSE,32
1716758924579,paho809008632990536,topic/occupancy,METAVERSE,18508
1716758924780,paho809008633366583,topic/maintenance,METAVERSE,115
1716758924790,paho809008605458409,topic/e/noise,METAVERSE,31
1716758924792,paho809008632584725,topic/security,METAVERSE,20
1716758924800,paho809008632584725,topic/security,METAVERSE,113
1716758924831,paho809008632990536,topic/occupancy,METAVERSE,18624
1716758924837,paho809008632584725,topic/security,METAVERSE,56
1716758924882,paho809008633366583,topic/maintenance,METAVERSE,123
1716758924882,paho809008632584725,topic/security,METAVERSE,67
1716758924935,paho809008633366583,topic/maintenance,METAVERSE,63
1716758925065,paho809008632584725,topic/security,METAVERSE,22
1716758925082,paho809008632584725,topic/security,METAVERSE,21
1716758925128,paho809008605458409,topic/v/noise,METAVERSE,21
1716758925138,paho809008632584725,topic/security,METAVERSE,67
1716758925180,paho809008633366583,topic/maintenance,METAVERSE,213
1716758925231,paho809008633366583,topic/maintenance,METAVERSE,124
1716758925281,paho809008632990536,topic/occupancy,METAVERSE,19070
1716758925312,paho809008632584725,topic/security,METAVERSE,25
1716758925377,paho809008605458409,topic/s/rfid,METAVERSE,22
1716758925381,paho809008632990536,topic/queueing,METAVERSE,26
1716758925382,paho809008632584725,topic/security,METAVERSE,83
1716758925430,paho809008633366583,topic/maintenance,METAVERSE,171
1716758925459,paho809008632584725,topic/security,METAVERSE,29
1716758925479,paho809008605458409,topic/b/noise,METAVERSE,20
1716758925506,paho809008632584725,topic/security,METAVERSE,34
1716758925531,paho809008633366583,topic/maintenance,METAVERSE,72
1716758925557,paho809008633191892,topic/s/lighting,METAVERSE,22
1716758925557,paho809008605458409,topic/s/lighting,METAVERSE,22
1716758925601,paho809008605458409,topic/g/rfid,METAVERSE,22
1716758925603,paho809008632990536,topic/queueing,METAVERSE,24
1716758925623,paho809008605458409,topic/g/rfid,METAVERSE,34
1716758925631,paho809008633366583,topic/maintenance,METAVERSE,163
1716758925631,paho809008632990536,topic/queueing,METAVERSE,42
1716758925679,paho809008633366583,topic/maintenance,METAVERSE,165
1716758925679,paho809008633366583,topic/maintenance,METAVERSE,78
1716758925684,paho809008632584725,topic/security,METAVERSE,45
1716758925735,paho809008632584725,topic/security,METAVERSE,95
1716758925831,paho809008633366583,topic/maintenance,METAVERSE,160
1716758925837,paho809008632584725,topic/security,METAVERSE,22
1716758925931,paho809008633366583,topic/maintenance,METAVERSE,249
1716758925933,paho809008633366583,topic/maintenance,METAVERSE,58
1716758926014,paho809008632584725,topic/security,METAVERSE,23
1716758926020,paho809008633191892,topic/b/lighting,METAVERSE,21
1716758926021,paho809008605458409,topic/b/lighting,METAVERSE,22
1716758926030,paho809008632990536,topic/occupancy,METAVERSE,19655
1716758926035,paho809008632584725,topic/security,METAVERSE,72
1716758926067,paho809008632584725,topic/security,METAVERSE,53
1716758926082,paho809008632584725,topic/security,METAVERSE,35
1716758926134,paho809008633366583,topic/maintenance,METAVERSE,231
1716758926134,paho809008632584725,topic/security,METAVERSE,83
1716758926235,paho809008633366583,topic/maintenance,METAVERSE,268
1716758926253,paho809008633191892,topic/v/lighting,METAVERSE,50
1716758926253,paho809008605458409,topic/v/lighting,METAVERSE,50
1716758926308,paho809008632584725,topic/security,METAVERSE,21
1716758926328,paho809008605458409,topic/b/noise,METAVERSE,33
1716758926331,paho809008633366583,topic/maintenance,METAVERSE,260
1716758926348,paho809008632584725,topic/security,METAVERSE,21
1716758926461,paho809008632584725,topic/security,METAVERSE,18
1716758926483,paho809008633366583,topic/maintenance,METAVERSE,288
1716758926525,paho809008632584725,topic/security,METAVERSE,22
1716758926555,paho809008633191892,topic/c/lighting,METAVERSE,22
1716758926555,paho809008605458409,topic/c/lighting,METAVERSE,22
1716758926614,paho809008633191892,topic/g/lighting,METAVERSE,35
1716758926614,paho809008605458409,topic/g/lighting,METAVERSE,35
1716758926663,paho809008605458409,topic/c/noise,METAVERSE,28
1716758926682,paho809008633366583,topic/maintenance,METAVERSE,387
1716758926702,paho809008633191892,topic/c/lighting,METAVERSE,32
1716758926702,paho809008632584725,topic/security,METAVERSE,23
1716758926702,paho809008605458409,topic/c/lighting,METAVERSE,32
1716758926724,paho809008605458409,topic/d/noise,METAVERSE,65
1716758926731,paho809008632990536,topic/occupancy,METAVERSE,20348
1716758926734,paho809008633366583,topic/maintenance,METAVERSE,387
1716758926781,paho809008633366583,topic/maintenance,METAVERSE,310
1716758926783,paho809008633191892,topic/b/lighting,METAVERSE,20
1716758926783,paho809008605458409,topic/b/lighting,METAVERSE,20
1716758926786,paho809008632584725,topic/security,METAVERSE,23
1716758926797,paho809008632584725,topic/security,METAVERSE,20
1716758926833,paho809008633366583,topic/maintenance,METAVERSE,198
1716758926887,paho809008632584725,topic/security,METAVERSE,100
1716758926926,paho809008633191892,topic/s/lighting,METAVERSE,44
1716758926927,paho809008632584725,topic/security,METAVERSE,135
1716758926927,paho809008605458409,topic/s/lighting,METAVERSE,45
1716758926930,paho809008633366583,topic/maintenance,METAVERSE,271
1716758926939,paho809008605458409,topic/b/noise,METAVERSE,88
1716758926944,paho809008632584725,topic/security,METAVERSE,45
1716758927032,paho809008633366583,topic/maintenance,METAVERSE,144
1716758927032,paho809008632584725,topic/security,METAVERSE,65
1716758927083,paho809008633366583,topic/maintenance,METAVERSE,200
1716758927084,paho809008632584725,topic/security,METAVERSE,32
1716758927131,paho809008632990536,topic/occupancy,METAVERSE,20586
1716758927131,paho809008633366583,topic/maintenance,METAVERSE,280
1716758927136,paho809008632584725,topic/security,METAVERSE,74
1716758927136,paho809008633191892,topic/b/lighting,METAVERSE,21
1716758927137,paho809008605458409,topic/b/lighting,METAVERSE,22
1716758927183,paho809008632584725,topic/security,METAVERSE,111
1716758927277,paho809008605458409,topic/b/noise,METAVERSE,29
1716758927327,paho809008605458409,topic/e/noise,METAVERSE,48
1716758927331,paho809008633366583,topic/maintenance,METAVERSE,348
1716758927341,paho809008605458409,topic/g/noise,METAVERSE,22
1716758927381,paho809008633366583,topic/maintenance,METAVERSE,334
1716758927413,paho809008632584725,topic/security,METAVERSE,46
1716758927416,paho809008633191892,topic/e/lighting,METAVERSE,53
1716758927416,paho809008605458409,topic/e/lighting,METAVERSE,53
1716758927431,paho809008633366583,topic/maintenance,METAVERSE,270
1716758927481,paho809008633366583,topic/maintenance,METAVERSE,319
1716758927530,paho809008633366583,topic/maintenance,METAVERSE,335
1716758927531,paho809008632584725,topic/security,METAVERSE,24
1716758927638,paho809008605458409,topic/s/noise,METAVERSE,23
1716758927719,paho809008633191892,topic/g/lighting,METAVERSE,20
1716758927719,paho809008605458409,topic/g/lighting,METAVERSE,20
1716758927755,paho809008633191892,topic/d/lighting,METAVERSE,48
1716758927756,paho809008605458409,topic/d/lighting,METAVERSE,49
1716758927779,paho809008633366583,topic/maintenance,METAVERSE,531
1716758927779,paho809008633366583,topic/maintenance,METAVERSE,500
1716758927780,paho809008633366583,topic/maintenance,METAVERSE,461
1716758927831,paho809008632990536,topic/occupancy,METAVERSE,21245
1716758927927,paho809008632584725,topic/security,METAVERSE,24
1716758927980,paho809008633366583,topic/maintenance,METAVERSE,613
1716758927986,paho809008633191892,topic/d/lighting,METAVERSE,39
1716758927987,paho809008605458409,topic/d/lighting,METAVERSE,40
1716758928031,paho809008633366583,topic/maintenance,METAVERSE,576
1716758928041,paho809008632584725,topic/security,METAVERSE,22
1716758928081,paho809008633366583,topic/maintenance,METAVERSE,578
1716758928107,paho809008632584725,topic/security,METAVERSE,24
1716758928120,paho809008605458409,topic/s/noise,METAVERSE,23
1716758928131,paho809008633366583,topic/maintenance,METAVERSE,516
1716758928313,paho809008633191892,topic/b/lighting,METAVERSE,22
1716758928313,paho809008605458409,topic/b/lighting,METAVERSE,22
1716758928332,paho809008633366583,topic/maintenance,METAVERSE,628
1716758928339,paho809008632584725,topic/security,METAVERSE,32
1716758928383,paho809008633366583,topic/maintenance,METAVERSE,415
1716758928383,paho809008632584725,topic/security,METAVERSE,72
1716758928431,paho809008633366583,topic/maintenance,METAVERSE,435
1716758928436,paho809008632584725,topic/security,METAVERSE,105
1716758928442,paho809008632584725,topic/security,METAVERSE,23
1716758928484,paho809008632584725,topic/security,METAVERSE,25
1716758928571,paho809008632584725,topic/security,METAVERSE,44
1716758928613,paho809008605458409,topic/d/noise,METAVERSE,58
1716758928631,paho809008633366583,topic/maintenance,METAVERSE,612
1716758928672,paho809008605458409,topic/e/lighting,METAVERSE,21
1716758928672,paho809008633191892,topic/e/lighting,METAVERSE,21
1716758928781,paho809008633366583,topic/maintenance,METAVERSE,762
1716758928802,paho809008632584725,topic/security,METAVERSE,31
1716758928835,paho809008632584725,topic/security,METAVERSE,51
1716758928880,paho809008633366583,topic/maintenance,METAVERSE,783
1716758928883,paho809008632584725,topic/security,METAVERSE,95
1716758928928,paho809008632584725,topic/security,METAVERSE,21
1716758928941,paho809008605458409,topic/g/noise,METAVERSE,26
1716758928979,paho809008633366583,topic/maintenance,METAVERSE,838
1716758929030,paho809008633366583,topic/maintenance,METAVERSE,853
1716758929051,paho809008632584725,topic/security,METAVERSE,36
1716758929089,paho809008632584725,topic/security,METAVERSE,26
1716758929131,paho809008633366583,topic/maintenance,METAVERSE,809
1716758929135,paho809008632584725,topic/security,METAVERSE,36
1716758929144,paho809008632584725,topic/security,METAVERSE,21
1716758929180,paho809008632584725,topic/security,METAVERSE,36
1716758929232,paho809008632990536,topic/occupancy,METAVERSE,22601
1716758929431,paho809008633366583,topic/maintenance,METAVERSE,1060
1716758929450,paho809008633191892,topic/b/lighting,METAVERSE,23
1716758929450,paho809008605458409,topic/b/lighting,METAVERSE,23
1716758929479,paho809008633366583,topic/maintenance,METAVERSE,1056
1716758929579,paho809008632584725,topic/security,METAVERSE,24
1716758929579,paho809008633366583,topic/maintenance,METAVERSE,1080
1716758929680,paho809008632990536,topic/occupancy,METAVERSE,22821
1716758929735,paho809008633366583,topic/maintenance,METAVERSE,1224
1716758929783,paho809008633366583,topic/maintenance,METAVERSE,1218
1716758929793,paho809008605458409,topic/e/noise,METAVERSE,22
1716758929833,paho809008632584725,topic/security,METAVERSE,22
1716758929879,paho809008633366583,topic/maintenance,METAVERSE,1324
1716758929919,paho809008633366583,topic/maintenance,METAVERSE,1004
1716758929919,paho809008633366583,topic/maintenance,METAVERSE,764
1716758929919,paho809008633366583,topic/maintenance,METAVERSE,460
1716758929973,paho809008632584725,topic/security,METAVERSE,22
1716758930007,paho809008632584725,topic/security,METAVERSE,34
1716758930032,paho809008633366583,topic/maintenance,METAVERSE,319
1716758930040,paho809008632584725,topic/security,METAVERSE,17
1716758930083,paho809008632584725,topic/security,METAVERSE,24
1716758930107,paho809008632584725,topic/security,METAVERSE,20
1716758930129,paho809008605458409,topic/v/noise,METAVERSE,21
1716758930179,paho809008633366583,topic/maintenance,METAVERSE,437
1716758930231,paho809008633366583,topic/maintenance,METAVERSE,489
1716758930279,paho809008633366583,topic/maintenance,METAVERSE,508
1716758930330,paho809008633366583,topic/maintenance,METAVERSE,430
1716758930349,paho809008632584725,topic/security,METAVERSE,22
1716758930379,paho809008633366583,topic/maintenance,METAVERSE,475
1716758930380,paho809008632584725,topic/security,METAVERSE,33
1716758930480,paho809008632990536,topic/occupancy,METAVERSE,23608
1716758930480,paho809008633366583,topic/maintenance,METAVERSE,465
1716758930481,paho809008633366583,topic/maintenance,METAVERSE,373
1716758930481,paho809008632584725,topic/security,METAVERSE,21
1716758930494,paho809008605458409,topic/b/noise,METAVERSE,23
1716758930580,paho809008632584725,topic/security,METAVERSE,24
1716758930582,paho809008633366583,topic/maintenance,METAVERSE,111
1716758930605,paho809008633191892,topic/s/lighting,METAVERSE,22
1716758930605,paho809008605458409,topic/s/lighting,METAVERSE,22
1716758930646,paho809008605458409,topic/g/rfid,METAVERSE,27
1716758930646,paho809008632990536,topic/queueing,METAVERSE,27
1716758930812,paho809008632584725,topic/security,METAVERSE,26
1716758930834,paho809008632584725,topic/security,METAVERSE,43
1716758930834,paho809008632584725,topic/security,METAVERSE,38
1716758930989,paho809008632584725,topic/security,METAVERSE,22
1716758931031,paho809008633366583,topic/maintenance,METAVERSE,181
1716758931054,paho809008633191892,topic/b/lighting,METAVERSE,23
1716758931055,paho809008605458409,topic/b/lighting,METAVERSE,24
1716758931121,paho809008632584725,topic/security,METAVERSE,22
1716758931126,paho809008632584725,topic/security,METAVERSE,22
1716758931131,paho809008633366583,topic/maintenance,METAVERSE,224
1716758931269,paho809008633191892,topic/v/lighting,METAVERSE,22
1716758931269,paho809008605458409,topic/v/lighting,METAVERSE,22
1716758931279,paho809008633366583,topic/maintenance,METAVERSE,101
1716758931333,paho809008632584725,topic/security,METAVERSE,26
1716758931342,paho809008605458409,topic/b/noise,METAVERSE,23
1716758931435,paho809008633366583,topic/maintenance,METAVERSE,116
1716758931576,paho809008633191892,topic/c/lighting,METAVERSE,21
1716758931576,paho809008605458409,topic/c/lighting,METAVERSE,21
1716758931586,paho809008632584725,topic/security,METAVERSE,23
1716758931634,paho809008633366583,topic/maintenance,METAVERSE,91
1716758931649,paho809008633191892,topic/g/lighting,METAVERSE,26
1716758931650,paho809008605458409,topic/g/lighting,METAVERSE,27
1716758931692,paho809008605458409,topic/c/noise,METAVERSE,21
1716758931714,paho809008605458409,topic/d/noise,METAVERSE,22
1716758931767,paho809008633191892,topic/c/lighting,METAVERSE,31
1716758931768,paho809008605458409,topic/c/lighting,METAVERSE,32
1716758931809,paho809008633191892,topic/b/lighting,METAVERSE,22
1716758931809,paho809008605458409,topic/b/lighting,METAVERSE,22
1716758931831,paho809008633366583,topic/maintenance,METAVERSE,160
1716758931834,paho809008633366583,topic/maintenance,METAVERSE,142
1716758931885,paho809008633366583,topic/maintenance,METAVERSE,143
1716758931941,paho809008605458409,topic/b/noise,METAVERSE,22
1716758931963,paho809008633191892,topic/s/lighting,METAVERSE,23
1716758931964,paho809008605458409,topic/s/lighting,METAVERSE,24
1716758932026,paho809008632584725,topic/security,METAVERSE,23
1716758932031,paho809008633366583,topic/maintenance,METAVERSE,112
1716758932061,paho809008632584725,topic/security,METAVERSE,22
1716758932080,paho809008632584725,topic/security,METAVERSE,29
1716758932094,paho809008632584725,topic/security,METAVERSE,31
1716758932145,paho809008633191892,topic/b/lighting,METAVERSE,22
1716758932146,paho809008632584725,topic/security,METAVERSE,23
1716758932146,paho809008605458409,topic/b/lighting,METAVERSE,23
1716758932183,paho809008633366583,topic/maintenance,METAVERSE,132
1716758932221,paho809008632584725,topic/security,METAVERSE,26
1716758932275,paho809008605458409,topic/b/noise,METAVERSE,20
1716758932349,paho809008632584725,topic/security,METAVERSE,21
1716758932369,paho809008605458409,topic/g/noise,METAVERSE,22
1716758932371,paho809008605458409,topic/e/noise,METAVERSE,23
1716758932383,paho809008633366583,topic/maintenance,METAVERSE,128
1716758932390,paho809008632584725,topic/security,METAVERSE,19
1716758932434,paho809008633366583,topic/maintenance,METAVERSE,87
1716758932459,paho809008633191892,topic/e/lighting,METAVERSE,48
1716758932460,paho809008605458409,topic/e/lighting,METAVERSE,49
1716758932518,paho809008632584725,topic/security,METAVERSE,19
1716758932533,paho809008633366583,topic/maintenance,METAVERSE,185
1716758932594,paho809008632584725,topic/security,METAVERSE,24
1716758932642,paho809008605458409,topic/s/noise,METAVERSE,23
1716758932685,paho809008633366583,topic/maintenance,METAVERSE,66
1716758932708,paho809008632584725,topic/security,METAVERSE,23
1716758932766,paho809008633191892,topic/g/lighting,METAVERSE,23
1716758932767,paho809008605458409,topic/g/lighting,METAVERSE,24
1716758932810,paho809008632584725,topic/security,METAVERSE,18
1716758932814,paho809008633191892,topic/d/lighting,METAVERSE,43
1716758932814,paho809008605458409,topic/d/lighting,METAVERSE,43
1716758932831,paho809008632584725,topic/security,METAVERSE,32
1716758932873,paho809008632584725,topic/security,METAVERSE,82
1716758932915,paho809008632584725,topic/security,METAVERSE,60
1716758933025,paho809008632584725,topic/security,METAVERSE,22
1716758933026,paho809008632584725,topic/security,METAVERSE,22
1716758933046,paho809008633191892,topic/d/lighting,METAVERSE,19
1716758933046,paho809008605458409,topic/d/lighting,METAVERSE,19
1716758933119,paho809008605458409,topic/s/noise,METAVERSE,21
1716758933156,paho809008632584725,topic/security,METAVERSE,33
1716758933183,paho809008633366583,topic/maintenance,METAVERSE,133
1716758933185,paho809008632584725,topic/security,METAVERSE,19
1716758933232,paho809008633366583,topic/maintenance,METAVERSE,134
1716758933284,paho809008633366583,topic/maintenance,METAVERSE,89
1716758933314,paho809008633191892,topic/b/lighting,METAVERSE,21
1716758933315,paho809008605458409,topic/b/lighting,METAVERSE,22
1716758933363,paho809008632584725,topic/security,METAVERSE,24
1716758933468,paho809008632584725,topic/security,METAVERSE,37
1716758933497,paho809008632990536,topic/queueing,METAVERSE,26
1716758933497,paho809008605458409,topic/d/rfid,METAVERSE,26
1716758933603,paho809008632584725,topic/security,METAVERSE,33
1716758933626,paho809008605458409,topic/d/noise,METAVERSE,20
1716758933632,paho809008633366583,topic/maintenance,METAVERSE,165
1716758933641,paho809008632584725,topic/security,METAVERSE,18
1716758933681,paho809008632584725,topic/security,METAVERSE,40
1716758933687,paho809008633191892,topic/e/lighting,METAVERSE,20
1716758933688,paho809008605458409,topic/e/lighting,METAVERSE,21
1716758933732,paho809008633366583,topic/maintenance,METAVERSE,126
1716758933931,paho809008633366583,topic/maintenance,METAVERSE,160
1716758933980,paho809008633366583,topic/maintenance,METAVERSE,217
1716758933997,paho809008605458409,topic/g/noise,METAVERSE,60
1716758934066,paho809008632584725,topic/security,METAVERSE,55
1716758934095,paho809008632584725,topic/security,METAVERSE,27
1716758934102,paho809008632584725,topic/security,METAVERSE,39
1716758934169,paho809008632584725,topic/security,METAVERSE,22
1716758934179,paho809008633366583,topic/maintenance,METAVERSE,242
1716758934338,paho809008633366583,topic/maintenance,METAVERSE,275
1716758934342,paho809008632584725,topic/security,METAVERSE,31
1716758934365,paho809008632584725,topic/security,METAVERSE,18
1716758934396,paho809008632584725,topic/security,METAVERSE,21
1716758934433,paho809008633366583,topic/maintenance,METAVERSE,296
1716758934433,paho809008633366583,topic/maintenance,METAVERSE,247
1716758934467,paho809008633191892,topic/b/lighting,METAVERSE,23
1716758934467,paho809008605458409,topic/b/lighting,METAVERSE,23
1716758934525,paho809008632584725,topic/security,METAVERSE,22
1716758934559,paho809008605458409,topic/c/rfid,METAVERSE,32
1716758934561,paho809008632990536,topic/queueing,METAVERSE,34
1716758934611,paho809008632584725,topic/security,METAVERSE,24
1716758934662,paho809008632584725,topic/security,METAVERSE,20
1716758934794,paho809008605458409,topic/e/noise,METAVERSE,23
1716758934819,paho809008632584725,topic/security,METAVERSE,20
1716758934823,paho809008632584725,topic/security,METAVERSE,21
1716758934831,paho809008633366583,topic/maintenance,METAVERSE,60
1716758934836,paho809008632584725,topic/security,METAVERSE,21
1716758935070,paho809008632584725,topic/security,METAVERSE,23
1716758935126,paho809008632584725,topic/security,METAVERSE,23
1716758935131,paho809008605458409,topic/v/noise,METAVERSE,21
1716758935134,paho809008633366583,topic/maintenance,METAVERSE,24
1716758935165,paho809008632584725,topic/security,METAVERSE,22
1716758935229,paho809008632584725,topic/security,METAVERSE,22
1716758935281,paho809008633366583,topic/maintenance,METAVERSE,116
1716758935485,paho809008632584725,topic/security,METAVERSE,26
1716758935508,paho809008605458409,topic/b/noise,METAVERSE,21
1716758935580,paho809008633366583,topic/maintenance,METAVERSE,93
1716758935613,paho809008632584725,topic/security,METAVERSE,22
1716758935619,paho809008633191892,topic/s/lighting,METAVERSE,24
1716758935619,paho809008605458409,topic/s/lighting,METAVERSE,24
1716758935719,paho809008632584725,topic/security,METAVERSE,20
1716758935834,paho809008633366583,topic/maintenance,METAVERSE,56
1716758935896,paho809008632584725,topic/security,METAVERSE,21
1716758935979,paho809008633366583,topic/maintenance,METAVERSE,76
1716758936032,paho809008632584725,topic/security,METAVERSE,21
1716758936067,paho809008633191892,topic/b/lighting,METAVERSE,24
1716758936067,paho809008605458409,topic/b/lighting,METAVERSE,24
1716758936111,paho809008632584725,topic/security,METAVERSE,24
1716758936162,paho809008632584725,topic/security,METAVERSE,23
1716758936180,paho809008633366583,topic/maintenance,METAVERSE,257
1716758936180,paho809008633366583,topic/maintenance,METAVERSE,116
1716758936224,paho809008632584725,topic/security,METAVERSE,18
1716758936235,paho809008633366583,topic/maintenance,METAVERSE,40
1716758936272,paho809008633191892,topic/v/lighting,METAVERSE,21
1716758936272,paho809008605458409,topic/v/lighting,METAVERSE,21
1716758936283,paho809008633366583,topic/maintenance,METAVERSE,87
1716758936357,paho809008605458409,topic/b/noise,METAVERSE,31
1716758936393,paho809008632584725,topic/security,METAVERSE,22
1716758936413,paho809008632584725,topic/security,METAVERSE,18
1716758936436,paho809008633366583,topic/maintenance,METAVERSE,110
1716758936524,paho809008632584725,topic/security,METAVERSE,20
1716758936583,paho809008633191892,topic/c/lighting,METAVERSE,20
1716758936584,paho809008605458409,topic/c/lighting,METAVERSE,21
1716758936623,paho809008632990536,topic/occupancy,METAVERSE,28772
1716758936624,paho809008632990536,topic/occupancy,METAVERSE,28725
1716758936624,paho809008632990536,topic/occupancy,METAVERSE,28541
1716758936624,paho809008632990536,topic/occupancy,METAVERSE,28413
1716758936624,paho809008632990536,topic/occupancy,METAVERSE,28405
1716758936624,paho809008632990536,topic/occupancy,METAVERSE,28378
1716758936624,paho809008632990536,topic/occupancy,METAVERSE,28239
1716758936624,paho809008632990536,topic/occupancy,METAVERSE,28161
1716758936624,paho809008632990536,topic/occupancy,METAVERSE,28074
1716758936624,paho809008632990536,topic/occupancy,METAVERSE,27973
1716758936624,paho809008632990536,topic/occupancy,METAVERSE,28005
1716758936624,paho809008632990536,topic/occupancy,METAVERSE,27764
1716758936624,paho809008632990536,topic/occupancy,METAVERSE,27725
1716758936624,paho809008632990536,topic/occupancy,METAVERSE,26748
1716758936624,paho809008632990536,topic/occupancy,METAVERSE,26713
1716758936624,paho809008632990536,topic/occupancy,METAVERSE,26517
1716758936624,paho809008632990536,topic/occupancy,METAVERSE,26377
1716758936624,paho809008632990536,topic/occupancy,METAVERSE,26331
1716758936624,paho809008632990536,topic/occupancy,METAVERSE,26225
1716758936624,paho809008632990536,topic/occupancy,METAVERSE,26073
1716758936624,paho809008632990536,topic/occupancy,METAVERSE,25953
1716758936624,paho809008632990536,topic/occupancy,METAVERSE,25941
1716758936624,paho809008632990536,topic/occupancy,METAVERSE,25697
1716758936625,paho809008632584725,topic/security,METAVERSE,24
1716758936650,paho809008633191892,topic/g/lighting,METAVERSE,19
1716758936651,paho809008605458409,topic/g/lighting,METAVERSE,20
1716758936680,paho809008632990536,topic/occupancy,METAVERSE,25753
1716758936711,paho809008632584725,topic/security,METAVERSE,25
1716758936720,paho809008605458409,topic/c/noise,METAVERSE,21
1716758936730,paho809008632584725,topic/security,METAVERSE,27
1716758936734,paho809008633366583,topic/maintenance,METAVERSE,35
1716758936748,paho809008605458409,topic/d/noise,METAVERSE,21
1716758936775,paho809008633191892,topic/c/lighting,METAVERSE,27
1716758936776,paho809008605458409,topic/c/lighting,METAVERSE,28
1716758936829,paho809008632584725,topic/security,METAVERSE,23
1716758936833,paho809008633191892,topic/b/lighting,METAVERSE,30
1716758936834,paho809008605458409,topic/b/lighting,METAVERSE,31
1716758936844,paho809008632584725,topic/security,METAVERSE,41
1716758936879,paho809008633366583,topic/maintenance,METAVERSE,152
1716758936884,paho809008632584725,topic/security,METAVERSE,25
1716758936973,paho809008605458409,topic/b/noise,METAVERSE,22
1716758936982,paho809008633366583,topic/maintenance,METAVERSE,31
1716758936988,paho809008633191892,topic/s/lighting,METAVERSE,21
1716758936989,paho809008605458409,topic/s/lighting,METAVERSE,22
1716758937093,paho809008632584725,topic/security,METAVERSE,22
1716758937158,paho809008633191892,topic/b/lighting,METAVERSE,21
1716758937158,paho809008605458409,topic/b/lighting,METAVERSE,21
1716758937179,paho809008633366583,topic/maintenance,METAVERSE,220
1716758937186,paho809008632584725,topic/security,METAVERSE,19
1716758937231,paho809008632584725,topic/security,METAVERSE,60
1716758937235,paho809008632584725,topic/security,METAVERSE,20
1716758937279,paho809008605458409,topic/b/noise,METAVERSE,23
1716758937314,paho809008632584725,topic/security,METAVERSE,23
1716758937372,paho809008605458409,topic/e/noise,METAVERSE,21
1716758937377,paho809008605458409,topic/g/noise,METAVERSE,22
1716758937380,paho809008633366583,topic/maintenance,METAVERSE,141
1716758937380,paho809008633366583,topic/maintenance,METAVERSE,124
1716758937383,paho809008632584725,topic/security,METAVERSE,65
1716758937434,paho809008633366583,topic/maintenance,METAVERSE,83
1716758937474,paho809008633191892,topic/e/lighting,METAVERSE,21
1716758937475,paho809008605458409,topic/e/lighting,METAVERSE,22
1716758937479,paho809008633366583,topic/maintenance,METAVERSE,124
1716758937582,paho809008633366583,topic/maintenance,METAVERSE,29
1716758937633,paho809008632584725,topic/security,METAVERSE,31
1716758937643,paho809008605458409,topic/s/noise,METAVERSE,22
1716758937730,paho809008633366583,topic/maintenance,METAVERSE,109
1716758937794,paho809008605458409,topic/g/lighting,METAVERSE,30
1716758937795,paho809008633191892,topic/g/lighting,METAVERSE,31
1716758937830,paho809008605458409,topic/d/lighting,METAVERSE,38
1716758937830,paho809008633191892,topic/d/lighting,METAVERSE,38
1716758937982,paho809008633366583,topic/maintenance,METAVERSE,123
1716758938070,paho809008633191892,topic/d/lighting,METAVERSE,23
1716758938070,paho809008605458409,topic/d/lighting,METAVERSE,23
1716758938072,paho809008632584725,topic/security,METAVERSE,25
1716758938138,paho809008605458409,topic/s/noise,METAVERSE,23
1716758938147,paho809008632584725,topic/security,METAVERSE,21
1716758938230,paho809008633366583,topic/maintenance,METAVERSE,160
1716758938244,paho809008632584725,topic/security,METAVERSE,21
1716758938280,paho809008633366583,topic/maintenance,METAVERSE,165
1716758938282,paho809008632584725,topic/security,METAVERSE,59
1716758938317,paho809008605458409,topic/b/lighting,METAVERSE,22
1716758938317,paho809008633191892,topic/b/lighting,METAVERSE,22
1716758938403,paho809008632584725,topic/security,METAVERSE,31
1716758938437,paho809008633366583,topic/maintenance,METAVERSE,218
1716758938455,paho809008632584725,topic/security,METAVERSE,32
1716758938519,paho809008632584725,topic/security,METAVERSE,28
1716758938534,paho809008632584725,topic/security,METAVERSE,23
1716758938625,paho809008632584725,topic/security,METAVERSE,23
1716758938638,paho809008605458409,topic/d/noise,METAVERSE,23
1716758938654,paho809008605458409,topic/g/rfid,METAVERSE,31
1716758938654,paho809008632990536,topic/queueing,METAVERSE,31
1716758938704,paho809008633191892,topic/e/lighting,METAVERSE,21
1716758938705,paho809008605458409,topic/e/lighting,METAVERSE,22
1716758938732,paho809008633366583,topic/maintenance,METAVERSE,165
1716758938732,paho809008633366583,topic/maintenance,METAVERSE,117
1716758938828,paho809008632584725,topic/security,METAVERSE,21
1716758938848,paho809008632584725,topic/security,METAVERSE,26
1716758938884,paho809008632584725,topic/security,METAVERSE,21
1716758938905,paho809008632584725,topic/security,METAVERSE,27
1716758939035,paho809008605458409,topic/g/noise,METAVERSE,36
1716758939055,paho809008632584725,topic/security,METAVERSE,23
1716758939132,paho809008633366583,topic/maintenance,METAVERSE,133
1716758939205,paho809008632584725,topic/security,METAVERSE,21
1716758939239,paho809008632584725,topic/security,METAVERSE,23
1716758939287,paho809008633366583,topic/maintenance,METAVERSE,160
1716758939287,paho809008632584725,topic/security,METAVERSE,43
1716758939346,paho809008632584725,topic/security,METAVERSE,55
1716758939477,paho809008633191892,topic/b/lighting,METAVERSE,31
1716758939478,paho809008605458409,topic/b/lighting,METAVERSE,32
1716758939481,paho809008633366583,topic/maintenance,METAVERSE,102
1716758939626,paho809008632584725,topic/security,METAVERSE,23
1716758939796,paho809008605458409,topic/e/noise,METAVERSE,21
1716758939797,paho809008633366583,topic/maintenance,METAVERSE,22
1716758939980,paho809008633366583,topic/maintenance,METAVERSE,181
1716758940033,paho809008633366583,topic/maintenance,METAVERSE,142
1716758940098,paho809008632584725,topic/security,METAVERSE,23
1716758940134,paho809008605458409,topic/v/noise,METAVERSE,22
1716758940147,paho809008632584725,topic/security,METAVERSE,20
1716758940233,paho809008633366583,topic/maintenance,METAVERSE,158
1716758940233,paho809008633366583,topic/maintenance,METAVERSE,121
1716758940254,paho809008632584725,topic/security,METAVERSE,31
1716758940274,paho809008632584725,topic/security,METAVERSE,21
1716758940291,paho809008632584725,topic/security,METAVERSE,21
1716758940343,paho809008632584725,topic/security,METAVERSE,21
1716758940413,paho809008632584725,topic/security,METAVERSE,18
1716758940471,paho809008632584725,topic/security,METAVERSE,20
1716758940509,paho809008605458409,topic/b/noise,METAVERSE,22
1716758940533,paho809008633366583,topic/maintenance,METAVERSE,46
1716758940543,paho809008632584725,topic/security,METAVERSE,30
1716758940627,paho809008632584725,topic/security,METAVERSE,23
1716758940694,paho809008605458409,topic/s/lighting,METAVERSE,43
1716758940694,paho809008633191892,topic/s/lighting,METAVERSE,43
1716758941071,paho809008633191892,topic/b/lighting,METAVERSE,24
1716758941071,paho809008605458409,topic/b/lighting,METAVERSE,24
