1716785600260,paho832641337478159,topic/e/noise,METAVERSE,79
1716785600716,paho832641337478159,topic/v/rfid,METAVERSE,115
1716785600761,paho832641337478159,topic/e/noise,METAVERSE,8
1716785601569,paho832641337478159,topic/v/lighting,METAVERSE,9
1716785601570,paho832641338819846,topic/v/lighting,METAVERSE,10
1716785601822,paho832641337478159,topic/v/noise,METAVERSE,33
1716785601959,paho832641337478159,topic/c/lighting,METAVERSE,36
1716785601960,paho832641338819846,topic/c/lighting,METAVERSE,37
1716785602096,paho832641337478159,topic/c/lighting,METAVERSE,30
1716785602096,paho832641338819846,topic/c/lighting,METAVERSE,30
1716785602208,paho832641337478159,topic/g/rfid,METAVERSE,48
1716785602274,paho832641337478159,topic/s/lighting,METAVERSE,7
1716785602274,paho832641338819846,topic/s/lighting,METAVERSE,7
1716785602635,paho832641337478159,topic/c/rfid,METAVERSE,19
1716785602692,paho832641338819846,topic/b/lighting,METAVERSE,6
1716785602692,paho832641337478159,topic/b/lighting,METAVERSE,6
1716785602892,paho832641337478159,topic/d/lighting,METAVERSE,49
1716785602892,paho832641338819846,topic/d/lighting,METAVERSE,49
1716785603042,paho832641337478159,topic/d/noise,METAVERSE,42
1716785603145,paho832641337478159,topic/s/noise,METAVERSE,9
1716785603211,paho832641337478159,topic/c/noise,METAVERSE,15
1716785603260,paho832641337478159,topic/s/rfid,METAVERSE,24
1716785603307,paho832641338819846,topic/d/lighting,METAVERSE,9
1716785603308,paho832641337478159,topic/d/lighting,METAVERSE,10
1716785603380,paho832641338819846,topic/s/lighting,METAVERSE,108
1716785603382,paho832641337478159,topic/s/lighting,METAVERSE,110
1716785603401,paho832641337478159,topic/e/rfid,METAVERSE,17
1716785603643,paho832641338819846,topic/e/lighting,METAVERSE,11
1716785603644,paho832641337478159,topic/e/lighting,METAVERSE,12
1716785603697,paho832641337478159,topic/g/noise,METAVERSE,6
1716785603700,paho832641337478159,topic/g/noise,METAVERSE,11
1716785603718,paho832641337478159,topic/g/lighting,METAVERSE,7
1716785603718,paho832641338819846,topic/g/lighting,METAVERSE,7
1716785603993,paho832641337478159,topic/s/noise,METAVERSE,20
1716785604032,paho832641338819846,topic/g/lighting,METAVERSE,20
1716785604034,paho832641337478159,topic/g/lighting,METAVERSE,22
1716785604210,paho832641337478159,topic/g/rfid,METAVERSE,6
1716785604213,paho832641337478159,topic/g/rfid,METAVERSE,8
1716785604404,paho832641337478159,topic/d/rfid,METAVERSE,369
1716785604494,paho832641337478159,topic/d/noise,METAVERSE,9
1716785604540,paho832641337478159,topic/b/lighting,METAVERSE,6
1716785604540,paho832641338819846,topic/b/lighting,METAVERSE,6
1716785604598,paho832641337478159,topic/e/lighting,METAVERSE,25
1716785604599,paho832641338819846,topic/e/lighting,METAVERSE,26
1716785605185,paho832641337478159,topic/b/noise,METAVERSE,12
1716785605206,paho832641338819846,topic/b/lighting,METAVERSE,9
1716785605207,paho832641337478159,topic/b/rfid,METAVERSE,10
1716785605209,paho832641337478159,topic/b/lighting,METAVERSE,12
1716785605223,paho832641337478159,topic/b/noise,METAVERSE,13
1716785605233,paho832641337478159,topic/g/rfid,METAVERSE,20
1716785605240,paho832641337478159,topic/g/rfid,METAVERSE,24
1716785605296,paho832641337478159,topic/e/noise,METAVERSE,71
1716785605336,paho832641337478159,topic/b/noise,METAVERSE,36
1716785605449,paho832641337478159,topic/e/rfid,METAVERSE,4
1716785605780,paho832641337478159,topic/e/noise,METAVERSE,26
1716785606260,paho832641338819846,topic/b/lighting,METAVERSE,16
1716785606262,paho832641337478159,topic/b/lighting,METAVERSE,18
1716785606505,paho832641337478159,topic/e/rfid,METAVERSE,6
1716785606627,paho832641338819846,topic/v/lighting,METAVERSE,26
1716785606629,paho832641337478159,topic/v/lighting,METAVERSE,28
1716785606848,paho832641337478159,topic/v/noise,METAVERSE,5
1716785607043,paho832641337478159,topic/c/lighting,METAVERSE,28
1716785607043,paho832641338819846,topic/c/lighting,METAVERSE,28
1716785607100,paho832641337478159,topic/b/lighting,METAVERSE,9
1716785607101,paho832641338819846,topic/b/lighting,METAVERSE,10
1716785607107,paho832641337478159,topic/c/lighting,METAVERSE,7
1716785607108,paho832641338819846,topic/c/lighting,METAVERSE,8
1716785607313,paho832641337478159,topic/s/lighting,METAVERSE,6
1716785607313,paho832641338819846,topic/s/lighting,METAVERSE,6
1716785607359,paho832641337478159,topic/b/noise,METAVERSE,7
1716785607692,paho832641337478159,topic/b/lighting,METAVERSE,5
1716785607693,paho832641338819846,topic/b/lighting,METAVERSE,6
1716785607959,paho832641337478159,topic/d/lighting,METAVERSE,6
1716785607959,paho832641338819846,topic/d/lighting,METAVERSE,6
1716785608076,paho832641337478159,topic/d/noise,METAVERSE,4
1716785608182,paho832641337478159,topic/s/noise,METAVERSE,7
1716785608222,paho832641337478159,topic/g/rfid,METAVERSE,4
1716785608310,paho832641338819846,topic/d/lighting,METAVERSE,5
1716785608312,paho832641337478159,topic/d/lighting,METAVERSE,7
1716785608320,paho832641337478159,topic/c/noise,METAVERSE,73
1716785608423,paho832641337478159,topic/s/lighting,METAVERSE,19
1716785608424,paho832641338819846,topic/s/lighting,METAVERSE,20
1716785608664,paho832641337478159,topic/e/lighting,METAVERSE,5
1716785608665,paho832641338819846,topic/e/lighting,METAVERSE,6
1716785608724,paho832641337478159,topic/g/noise,METAVERSE,9
1716785608731,paho832641337478159,topic/g/noise,METAVERSE,16
1716785608740,paho832641338819846,topic/g/lighting,METAVERSE,25
1716785608741,paho832641337478159,topic/g/lighting,METAVERSE,26
1716785608993,paho832641337478159,topic/s/noise,METAVERSE,9
1716785609134,paho832641337478159,topic/g/lighting,METAVERSE,39
1716785609134,paho832641338819846,topic/g/lighting,METAVERSE,39
1716785609516,paho832641337478159,topic/d/noise,METAVERSE,16
1716785609553,paho832641337478159,topic/b/lighting,METAVERSE,6
1716785609554,paho832641338819846,topic/b/lighting,METAVERSE,7
1716785609607,paho832641337478159,topic/e/lighting,METAVERSE,9
1716785609608,paho832641338819846,topic/e/lighting,METAVERSE,10
1716785610220,paho832641337478159,topic/b/lighting,METAVERSE,5
1716785610220,paho832641338819846,topic/b/lighting,METAVERSE,5
1716785610226,paho832641337478159,topic/b/noise,METAVERSE,11
1716785610228,paho832641337478159,topic/b/noise,METAVERSE,13
1716785610256,paho832641337478159,topic/g/rfid,METAVERSE,21
1716785610335,paho832641337478159,topic/s/rfid,METAVERSE,20
1716785610365,paho832641337478159,topic/e/noise,METAVERSE,59
1716785610427,paho832641337478159,topic/b/noise,METAVERSE,36
1716785610429,paho832641338568171,topic/queueing,METAVERSE,194
1716785610679,paho832641338568171,topic/queueing,METAVERSE,364
1716785610688,paho832641337478159,topic/c/rfid,METAVERSE,10
1716785610777,paho832641338568171,topic/queueing,METAVERSE,99
1716785610796,paho832641337478159,topic/e/noise,METAVERSE,9
1716785611306,paho832641338819846,topic/b/lighting,METAVERSE,8
1716785611307,paho832641337478159,topic/b/lighting,METAVERSE,9
1716785611433,paho832641337478159,topic/d/rfid,METAVERSE,5
1716785611436,paho832641337478159,topic/d/rfid,METAVERSE,8
1716785611625,paho832641338568171,topic/queueing,METAVERSE,197
1716785611626,paho832641338568171,topic/queueing,METAVERSE,198
1716785611642,paho832641338819846,topic/v/lighting,METAVERSE,22
1716785611645,paho832641337478159,topic/v/lighting,METAVERSE,25
1716785611691,paho832641337478159,topic/c/rfid,METAVERSE,6
1716785611782,paho832641338568171,topic/occupancy,METAVERSE,3564
1716785611828,paho832641338568171,topic/queueing,METAVERSE,143
1716785611849,paho832641337478159,topic/v/noise,METAVERSE,5
1716785612116,paho832641337478159,topic/b/lighting,METAVERSE,5
1716785612116,paho832641338819846,topic/b/lighting,METAVERSE,5
1716785612151,paho832641337478159,topic/c/lighting,METAVERSE,7
1716785612152,paho832641338819846,topic/c/lighting,METAVERSE,8
1716785612154,paho832641338819846,topic/c/lighting,METAVERSE,75
1716785612156,paho832641337478159,topic/c/lighting,METAVERSE,77
1716785612339,paho832641338819846,topic/s/lighting,METAVERSE,22
1716785612340,paho832641337478159,topic/s/lighting,METAVERSE,23
1716785612361,paho832641337478159,topic/s/rfid,METAVERSE,14
1716785612415,paho832641337478159,topic/b/noise,METAVERSE,16
1716785612479,paho832641338568171,topic/queueing,METAVERSE,132
1716785612716,paho832641337478159,topic/b/lighting,METAVERSE,5
1716785612716,paho832641338819846,topic/b/lighting,METAVERSE,5
1716785612726,paho832641337478159,topic/c/rfid,METAVERSE,30
1716785612777,paho832641338568171,topic/queueing,METAVERSE,81
1716785612980,paho832641338819846,topic/d/lighting,METAVERSE,13
1716785612980,paho832641337478159,topic/d/lighting,METAVERSE,13
1716785613141,paho832641337478159,topic/d/noise,METAVERSE,6
1716785613240,paho832641337478159,topic/s/noise,METAVERSE,5
1716785613280,paho832641338568171,topic/occupancy,METAVERSE,5020
1716785613310,paho832641337478159,topic/d/lighting,METAVERSE,4
1716785613310,paho832641338819846,topic/d/lighting,METAVERSE,4
1716785613359,paho832641337478159,topic/c/noise,METAVERSE,20
1716785613450,paho832641338819846,topic/s/lighting,METAVERSE,14
1716785613451,paho832641337478159,topic/s/lighting,METAVERSE,15
1716785613684,paho832641337478159,topic/e/lighting,METAVERSE,5
1716785613684,paho832641338819846,topic/e/lighting,METAVERSE,5
1716785613740,paho832641337478159,topic/g/noise,METAVERSE,5
1716785613742,paho832641338819846,topic/g/lighting,METAVERSE,6
1716785613745,paho832641337478159,topic/g/lighting,METAVERSE,9
1716785613747,paho832641337478159,topic/g/noise,METAVERSE,11
1716785613883,paho832641339047749,topic/maintenance,METAVERSE,4659
1716785613884,paho832641339047749,topic/maintenance,METAVERSE,4673
1716785613884,paho832641339047749,topic/maintenance,METAVERSE,4642
1716785613884,paho832641339047749,topic/maintenance,METAVERSE,4615
1716785613884,paho832641339047749,topic/maintenance,METAVERSE,4614
1716785613884,paho832641339047749,topic/maintenance,METAVERSE,4605
1716785613884,paho832641339047749,topic/maintenance,METAVERSE,4613
1716785614064,paho832641337478159,topic/s/noise,METAVERSE,13
1716785614156,paho832641337478159,topic/g/lighting,METAVERSE,25
1716785614156,paho832641338819846,topic/g/lighting,METAVERSE,25
1716785614368,paho832641337478159,topic/s/rfid,METAVERSE,5
1716785614478,paho832641338568171,topic/queueing,METAVERSE,115
1716785614528,paho832641338568171,topic/occupancy,METAVERSE,6228
1716785614538,paho832641337478159,topic/d/noise,METAVERSE,7
1716785614553,paho832641338819846,topic/b/lighting,METAVERSE,5
1716785614553,paho832641337478159,topic/b/lighting,METAVERSE,5
1716785614643,paho832641337478159,topic/e/lighting,METAVERSE,5
1716785614644,paho832641338819846,topic/e/lighting,METAVERSE,6
1716785615236,paho832641337478159,topic/b/noise,METAVERSE,20
1716785615242,paho832641337478159,topic/b/noise,METAVERSE,26
1716785615275,paho832641337478159,topic/b/lighting,METAVERSE,6
1716785615277,paho832641338819846,topic/b/lighting,METAVERSE,8
1716785615367,paho832641337478159,topic/e/noise,METAVERSE,8
1716785615480,paho832641338568171,topic/occupancy,METAVERSE,7080
1716785615480,paho832641337478159,topic/b/noise,METAVERSE,32
1716785615744,paho832641337478159,topic/c/rfid,METAVERSE,15
1716785615751,paho832641337478159,topic/c/rfid,METAVERSE,8
1716785615831,paho832641337478159,topic/e/noise,METAVERSE,8
1716785615880,paho832641338568171,topic/queueing,METAVERSE,151
1716785616080,paho832641338568171,topic/queueing,METAVERSE,337
1716785616317,paho832641338819846,topic/b/lighting,METAVERSE,18
1716785616318,paho832641337478159,topic/b/lighting,METAVERSE,19
1716785616636,paho832641338568171,topic/occupancy,METAVERSE,8138
1716785616636,paho832641337478159,topic/v/lighting,METAVERSE,15
1716785616638,paho832641338819846,topic/v/lighting,METAVERSE,17
1716785616884,paho832641337478159,topic/v/noise,METAVERSE,15
1716785617133,paho832641337478159,topic/b/lighting,METAVERSE,6
1716785617133,paho832641338819846,topic/b/lighting,METAVERSE,6
1716785617150,paho832641337478159,topic/c/lighting,METAVERSE,5
1716785617150,paho832641338819846,topic/c/lighting,METAVERSE,5
1716785617186,paho832641338819846,topic/c/lighting,METAVERSE,41
1716785617187,paho832641337478159,topic/c/lighting,METAVERSE,42
1716785617387,paho832641338819846,topic/s/lighting,METAVERSE,6
1716785617388,paho832641337478159,topic/s/lighting,METAVERSE,7
1716785617430,paho832641338568171,topic/occupancy,METAVERSE,8339
1716785617449,paho832641337478159,topic/b/noise,METAVERSE,30
1716785617765,paho832641338819846,topic/b/lighting,METAVERSE,26
1716785617766,paho832641337478159,topic/b/lighting,METAVERSE,27
1716785617992,paho832641337478159,topic/d/lighting,METAVERSE,7
1716785617992,paho832641338819846,topic/d/lighting,METAVERSE,7
1716785618184,paho832641337478159,topic/d/noise,METAVERSE,9
1716785618255,paho832641337478159,topic/s/noise,METAVERSE,6
1716785618312,paho832641337478159,topic/d/lighting,METAVERSE,5
1716785618312,paho832641338819846,topic/d/lighting,METAVERSE,5
1716785618424,paho832641337478159,topic/c/noise,METAVERSE,17
1716785618460,paho832641337478159,topic/s/lighting,METAVERSE,10
1716785618461,paho832641338819846,topic/s/lighting,METAVERSE,11
1716785618743,paho832641337478159,topic/e/lighting,METAVERSE,26
1716785618750,paho832641338819846,topic/e/lighting,METAVERSE,33
1716785618752,paho832641338819846,topic/g/lighting,METAVERSE,9
1716785618754,paho832641337478159,topic/g/noise,METAVERSE,11
1716785618756,paho832641337478159,topic/g/noise,METAVERSE,13
1716785618760,paho832641337478159,topic/g/lighting,METAVERSE,17
1716785618880,paho832641338568171,topic/occupancy,METAVERSE,9498
1716785619073,paho832641337478159,topic/s/noise,METAVERSE,11
1716785619176,paho832641337478159,topic/g/lighting,METAVERSE,21
1716785619186,paho832641338819846,topic/g/lighting,METAVERSE,31
1716785619328,paho832641338568171,topic/occupancy,METAVERSE,9612
1716785619541,paho832641337478159,topic/d/noise,METAVERSE,6
1716785619571,paho832641337478159,topic/b/lighting,METAVERSE,16
1716785619572,paho832641338819846,topic/b/lighting,METAVERSE,17
1716785619652,paho832641337478159,topic/e/lighting,METAVERSE,13
1716785619652,paho832641338819846,topic/e/lighting,METAVERSE,13
1716785620280,paho832641337478159,topic/b/noise,METAVERSE,10
1716785620282,paho832641337478159,topic/b/noise,METAVERSE,55
1716785620321,paho832641337478159,topic/b/lighting,METAVERSE,15
1716785620321,paho832641338819846,topic/b/lighting,METAVERSE,15
1716785620448,paho832641337478159,topic/e/noise,METAVERSE,21
1716785620479,paho832641337478159,topic/b/noise,METAVERSE,8
1716785620771,paho832641337478159,topic/c/rfid,METAVERSE,4
1716785620834,paho832641337478159,topic/e/noise,METAVERSE,4
1716785620932,paho832641338568171,topic/queueing,METAVERSE,165
1716785621326,paho832641338819846,topic/b/lighting,METAVERSE,27
1716785621327,paho832641337478159,topic/b/lighting,METAVERSE,28
1716785621407,paho832641337478159,topic/s/rfid,METAVERSE,7
1716785621443,paho832641337478159,topic/s/rfid,METAVERSE,23
1716785621451,paho832641337478159,topic/s/rfid,METAVERSE,5
1716785621480,paho832641338568171,topic/queueing,METAVERSE,80
1716785621528,paho832641338568171,topic/queueing,METAVERSE,108
1716785621626,paho832641338568171,topic/queueing,METAVERSE,180
1716785621631,paho832641338819846,topic/v/lighting,METAVERSE,9
1716785621633,paho832641337478159,topic/v/lighting,METAVERSE,11
1716785621783,paho832641337478159,topic/c/rfid,METAVERSE,10
1716785621896,paho832641337478159,topic/v/noise,METAVERSE,4
1716785621930,paho832641338568171,topic/queueing,METAVERSE,157
1716785622160,paho832641337478159,topic/b/lighting,METAVERSE,25
1716785622160,paho832641338819846,topic/b/lighting,METAVERSE,25
1716785622176,paho832641338819846,topic/c/lighting,METAVERSE,21
1716785622177,paho832641337478159,topic/c/lighting,METAVERSE,22
1716785622236,paho832641337478159,topic/c/lighting,METAVERSE,21
1716785622236,paho832641338819846,topic/c/lighting,METAVERSE,21
1716785622386,paho832641337478159,topic/s/lighting,METAVERSE,4
1716785622387,paho832641338819846,topic/s/lighting,METAVERSE,5
1716785622464,paho832641337478159,topic/b/noise,METAVERSE,21
1716785622757,paho832641337478159,topic/b/lighting,METAVERSE,5
1716785622757,paho832641338819846,topic/b/lighting,METAVERSE,5
1716785622792,paho832641337478159,topic/c/rfid,METAVERSE,4
1716785622928,paho832641338568171,topic/queueing,METAVERSE,140
1716785623007,paho832641337478159,topic/d/lighting,METAVERSE,8
1716785623007,paho832641338819846,topic/d/lighting,METAVERSE,8
1716785623244,paho832641337478159,topic/d/noise,METAVERSE,5
1716785623268,paho832641337478159,topic/s/noise,METAVERSE,13
1716785623358,paho832641337478159,topic/d/lighting,METAVERSE,6
1716785623358,paho832641338819846,topic/d/lighting,METAVERSE,6
1716785623459,paho832641337478159,topic/c/noise,METAVERSE,27
1716785623484,paho832641337478159,topic/s/lighting,METAVERSE,17
1716785623485,paho832641338819846,topic/s/lighting,METAVERSE,18
1716785623760,paho832641337478159,topic/g/lighting,METAVERSE,9
1716785623760,paho832641338819846,topic/g/lighting,METAVERSE,9
1716785623763,paho832641337478159,topic/g/noise,METAVERSE,12
1716785623765,paho832641338819846,topic/e/lighting,METAVERSE,25
1716785623765,paho832641337478159,topic/e/lighting,METAVERSE,25
1716785623769,paho832641337478159,topic/g/noise,METAVERSE,4
1716785624108,paho832641337478159,topic/s/noise,METAVERSE,35
1716785624204,paho832641337478159,topic/g/lighting,METAVERSE,5
1716785624205,paho832641338819846,topic/g/lighting,METAVERSE,6
1716785624519,paho832641337478159,topic/s/rfid,METAVERSE,62
1716785624542,paho832641337478159,topic/d/noise,METAVERSE,4
1716785624562,paho832641337478159,topic/b/lighting,METAVERSE,4
1716785624563,paho832641338819846,topic/b/lighting,METAVERSE,5
1716785624578,paho832641338568171,topic/queueing,METAVERSE,121
1716785624649,paho832641338819846,topic/e/lighting,METAVERSE,4
1716785624650,paho832641337478159,topic/e/lighting,METAVERSE,5
1716785624808,paho832641337478159,topic/c/rfid,METAVERSE,5
1716785624810,paho832641337478159,topic/c/rfid,METAVERSE,6
1716785624928,paho832641338568171,topic/queueing,METAVERSE,125
1716785624932,paho832641338568171,topic/queueing,METAVERSE,128
1716785625278,paho832641337478159,topic/b/noise,METAVERSE,7
1716785625364,paho832641337478159,topic/b/noise,METAVERSE,38
1716785625376,paho832641337478159,topic/b/lighting,METAVERSE,12
1716785625376,paho832641338819846,topic/b/lighting,METAVERSE,12
1716785625489,paho832641337478159,topic/b/noise,METAVERSE,6
1716785625496,paho832641337478159,topic/e/noise,METAVERSE,15
1716785625882,paho832641337478159,topic/e/noise,METAVERSE,47
1716785626364,paho832641337478159,topic/b/lighting,METAVERSE,5
1716785626364,paho832641338819846,topic/b/lighting,METAVERSE,5
1716785626635,paho832641337478159,topic/v/lighting,METAVERSE,5
1716785626635,paho832641338819846,topic/v/lighting,METAVERSE,5
1716785626944,paho832641337478159,topic/v/noise,METAVERSE,5
1716785627168,paho832641337478159,topic/b/lighting,METAVERSE,5
1716785627169,paho832641338819846,topic/b/lighting,METAVERSE,6
1716785627230,paho832641337478159,topic/c/lighting,METAVERSE,29
1716785627230,paho832641338819846,topic/c/lighting,METAVERSE,29
1716785627288,paho832641337478159,topic/c/lighting,METAVERSE,5
1716785627288,paho832641338819846,topic/c/lighting,METAVERSE,5
1716785627399,paho832641337478159,topic/s/lighting,METAVERSE,12
1716785627400,paho832641338819846,topic/s/lighting,METAVERSE,13
1716785627520,paho832641337478159,topic/b/noise,METAVERSE,5
1716785627804,paho832641337478159,topic/b/lighting,METAVERSE,25
1716785627804,paho832641338819846,topic/b/lighting,METAVERSE,25
1716785628040,paho832641337478159,topic/d/lighting,METAVERSE,24
1716785628040,paho832641338819846,topic/d/lighting,METAVERSE,24
1716785628252,paho832641337478159,topic/d/noise,METAVERSE,5
1716785628303,paho832641337478159,topic/s/noise,METAVERSE,4
1716785628371,paho832641337478159,topic/d/lighting,METAVERSE,4
1716785628372,paho832641338819846,topic/d/lighting,METAVERSE,5
1716785628492,paho832641337478159,topic/c/noise,METAVERSE,22
1716785628506,paho832641338819846,topic/s/lighting,METAVERSE,23
1716785628507,paho832641337478159,topic/s/lighting,METAVERSE,24
1716785628762,paho832641337478159,topic/g/lighting,METAVERSE,4
1716785628762,paho832641338819846,topic/g/lighting,METAVERSE,4
1716785628774,paho832641337478159,topic/g/noise,METAVERSE,4
1716785628783,paho832641337478159,topic/e/lighting,METAVERSE,7
1716785628783,paho832641338819846,topic/e/lighting,METAVERSE,7
1716785628876,paho832641337478159,topic/g/noise,METAVERSE,33
1716785628888,paho832641339047749,topic/maintenance,METAVERSE,19612
1716785628888,paho832641339047749,topic/maintenance,METAVERSE,19577
1716785628888,paho832641339047749,topic/maintenance,METAVERSE,19577
1716785628888,paho832641339047749,topic/maintenance,METAVERSE,19549
1716785628888,paho832641339047749,topic/maintenance,METAVERSE,19519
1716785628888,paho832641339047749,topic/maintenance,METAVERSE,19519
1716785628888,paho832641339047749,topic/maintenance,METAVERSE,19519
1716785628888,paho832641339047749,topic/maintenance,METAVERSE,19519
1716785628888,paho832641339047749,topic/maintenance,METAVERSE,19541
1716785628888,paho832641339047749,topic/maintenance,METAVERSE,19519
1716785628888,paho832641339047749,topic/maintenance,METAVERSE,19518
1716785628888,paho832641339047749,topic/maintenance,METAVERSE,19518
1716785628888,paho832641339047749,topic/maintenance,METAVERSE,19518
1716785628888,paho832641339047749,topic/maintenance,METAVERSE,19516
1716785628894,paho832641339047749,topic/maintenance,METAVERSE,19491
1716785629109,paho832641337478159,topic/s/noise,METAVERSE,5
1716785629269,paho832641337478159,topic/g/lighting,METAVERSE,5
1716785629270,paho832641338819846,topic/g/lighting,METAVERSE,6
1716785629544,paho832641337478159,topic/s/rfid,METAVERSE,26
1716785629551,paho832641337478159,topic/d/noise,METAVERSE,12
1716785629577,paho832641337478159,topic/b/lighting,METAVERSE,19
1716785629582,paho832641338819846,topic/b/lighting,METAVERSE,24
1716785629628,paho832641338568171,topic/queueing,METAVERSE,110
1716785629642,paho832641337478159,topic/s/rfid,METAVERSE,32
1716785629648,paho832641337478159,topic/s/rfid,METAVERSE,5
1716785629667,paho832641337478159,topic/e/lighting,METAVERSE,7
1716785629667,paho832641338819846,topic/e/lighting,METAVERSE,7
1716785629710,paho832641337478159,topic/s/rfid,METAVERSE,29
1716785629725,paho832641338568171,topic/queueing,METAVERSE,115
1716785629768,paho832641338568171,topic/queueing,METAVERSE,125
1716785629776,paho832641338568171,topic/queueing,METAVERSE,95
1716785629818,paho832641337478159,topic/c/rfid,METAVERSE,6
1716785629927,paho832641338568171,topic/queueing,METAVERSE,115
1716785630346,paho832641337478159,topic/b/noise,METAVERSE,16
1716785630428,paho832641337478159,topic/b/noise,METAVERSE,38
1716785630434,paho832641337478159,topic/b/lighting,METAVERSE,23
1716785630434,paho832641338819846,topic/b/lighting,METAVERSE,23
1716785630491,paho832641337478159,topic/e/noise,METAVERSE,6
1716785630527,paho832641337478159,topic/b/noise,METAVERSE,18
1716785630886,paho832641337478159,topic/e/noise,METAVERSE,15
1716785631400,paho832641337478159,topic/b/lighting,METAVERSE,29
1716785631400,paho832641338819846,topic/b/lighting,METAVERSE,29
1716785631641,paho832641338819846,topic/v/lighting,METAVERSE,8
1716785631642,paho832641337478159,topic/v/lighting,METAVERSE,9
1716785631948,paho832641337478159,topic/v/noise,METAVERSE,8
1716785632189,paho832641337478159,topic/b/lighting,METAVERSE,19
1716785632189,paho832641338819846,topic/b/lighting,METAVERSE,19
1716785632304,paho832641338819846,topic/c/lighting,METAVERSE,41
1716785632304,paho832641337478159,topic/c/lighting,METAVERSE,41
1716785632323,paho832641338819846,topic/c/lighting,METAVERSE,18
1716785632323,paho832641337478159,topic/c/lighting,METAVERSE,18
1716785632439,paho832641338819846,topic/s/lighting,METAVERSE,19
1716785632439,paho832641337478159,topic/s/lighting,METAVERSE,19
1716785632581,paho832641337478159,topic/b/noise,METAVERSE,34
1716785632899,paho832641338819846,topic/b/lighting,METAVERSE,7
1716785632900,paho832641337478159,topic/b/lighting,METAVERSE,8
1716785633064,paho832641338819846,topic/d/lighting,METAVERSE,17
1716785633069,paho832641337478159,topic/d/lighting,METAVERSE,22
1716785633324,paho832641337478159,topic/s/noise,METAVERSE,5
1716785633356,paho832641337478159,topic/d/noise,METAVERSE,9
1716785633378,paho832641338568171,topic/occupancy,METAVERSE,23618
1716785633378,paho832641338568171,topic/occupancy,METAVERSE,23562
1716785633378,paho832641338568171,topic/occupancy,METAVERSE,23543
1716785633378,paho832641338568171,topic/occupancy,METAVERSE,23143
1716785633378,paho832641338568171,topic/occupancy,METAVERSE,23114
1716785633378,paho832641338568171,topic/occupancy,METAVERSE,23063
1716785633378,paho832641338568171,topic/occupancy,METAVERSE,23063
1716785633378,paho832641338568171,topic/occupancy,METAVERSE,22944
1716785633378,paho832641338568171,topic/occupancy,METAVERSE,22867
1716785633378,paho832641338568171,topic/occupancy,METAVERSE,22700
1716785633378,paho832641338568171,topic/occupancy,METAVERSE,22238
1716785633378,paho832641338568171,topic/occupancy,METAVERSE,21990
1716785633378,paho832641338568171,topic/occupancy,METAVERSE,21950
1716785633378,paho832641338568171,topic/occupancy,METAVERSE,21950
1716785633378,paho832641338568171,topic/occupancy,METAVERSE,21693
1716785633378,paho832641338568171,topic/occupancy,METAVERSE,21640
1716785633378,paho832641338568171,topic/occupancy,METAVERSE,21608
1716785633378,paho832641338568171,topic/occupancy,METAVERSE,21540
1716785633378,paho832641338568171,topic/occupancy,METAVERSE,21490
1716785633378,paho832641338568171,topic/occupancy,METAVERSE,21098
1716785633378,paho832641338568171,topic/occupancy,METAVERSE,21037
1716785633378,paho832641338568171,topic/occupancy,METAVERSE,21031
1716785633378,paho832641338568171,topic/occupancy,METAVERSE,20902
1716785633379,paho832641338568171,topic/occupancy,METAVERSE,20819
1716785633379,paho832641338568171,topic/occupancy,METAVERSE,20683
1716785633379,paho832641338568171,topic/occupancy,METAVERSE,20207
1716785633379,paho832641338568171,topic/occupancy,METAVERSE,19979
1716785633425,paho832641337478159,topic/d/lighting,METAVERSE,38
1716785633428,paho832641338819846,topic/d/lighting,METAVERSE,41
1716785633520,paho832641337478159,topic/c/noise,METAVERSE,24
1716785633551,paho832641338819846,topic/s/lighting,METAVERSE,44
1716785633551,paho832641337478159,topic/s/lighting,METAVERSE,44
1716785633583,paho832641338568171,topic/occupancy,METAVERSE,19816
1716785633777,paho832641338568171,topic/occupancy,METAVERSE,19969
1716785633807,paho832641337478159,topic/g/lighting,METAVERSE,36
1716785633807,paho832641338819846,topic/g/lighting,METAVERSE,36
1716785633815,paho832641337478159,topic/g/noise,METAVERSE,12
1716785633887,paho832641337478159,topic/e/lighting,METAVERSE,84
1716785633887,paho832641338819846,topic/e/lighting,METAVERSE,84
1716785633929,paho832641337478159,topic/g/noise,METAVERSE,30
1716785634135,paho832641337478159,topic/s/noise,METAVERSE,13
1716785634348,paho832641337478159,topic/g/lighting,METAVERSE,41
1716785634348,paho832641338819846,topic/g/lighting,METAVERSE,41
1716785634557,paho832641337478159,topic/d/noise,METAVERSE,7
1716785634590,paho832641337478159,topic/b/lighting,METAVERSE,7
1716785634590,paho832641338819846,topic/b/lighting,METAVERSE,7
1716785634677,paho832641337478159,topic/e/lighting,METAVERSE,15
1716785634680,paho832641338819846,topic/e/lighting,METAVERSE,18
1716785635343,paho832641337478159,topic/b/noise,METAVERSE,5
1716785635466,paho832641337478159,topic/b/noise,METAVERSE,7
1716785635484,paho832641338819846,topic/b/lighting,METAVERSE,13
1716785635484,paho832641337478159,topic/b/lighting,METAVERSE,13
1716785635525,paho832641337478159,topic/e/noise,METAVERSE,6
1716785635539,paho832641337478159,topic/b/noise,METAVERSE,24
1716785635945,paho832641337478159,topic/e/noise,METAVERSE,14
1716785636392,paho832641337478159,topic/b/lighting,METAVERSE,8
1716785636392,paho832641338819846,topic/b/lighting,METAVERSE,8
1716785636694,paho832641337478159,topic/v/lighting,METAVERSE,26
1716785636695,paho832641338819846,topic/v/lighting,METAVERSE,27
1716785636948,paho832641337478159,topic/v/noise,METAVERSE,4
1716785637176,paho832641337478159,topic/b/lighting,METAVERSE,5
1716785637184,paho832641338819846,topic/b/lighting,METAVERSE,13
1716785637345,paho832641337478159,topic/c/lighting,METAVERSE,29
1716785637345,paho832641338819846,topic/c/lighting,METAVERSE,29
1716785637354,paho832641337478159,topic/c/lighting,METAVERSE,7
1716785637355,paho832641338819846,topic/c/lighting,METAVERSE,8
1716785637509,paho832641337478159,topic/s/lighting,METAVERSE,66
1716785637509,paho832641338819846,topic/s/lighting,METAVERSE,66
1716785637567,paho832641337478159,topic/b/noise,METAVERSE,4
1716785637897,paho832641338819846,topic/b/lighting,METAVERSE,5
1716785637897,paho832641337478159,topic/b/lighting,METAVERSE,5
1716785638116,paho832641337478159,topic/d/lighting,METAVERSE,45
1716785638116,paho832641338819846,topic/d/lighting,METAVERSE,45
1716785638393,paho832641337478159,topic/d/lighting,METAVERSE,5
1716785638393,paho832641338819846,topic/d/lighting,METAVERSE,5
1716785638404,paho832641337478159,topic/d/noise,METAVERSE,5
1716785638412,paho832641337478159,topic/s/noise,METAVERSE,5
1716785638564,paho832641337478159,topic/c/noise,METAVERSE,5
1716785638585,paho832641337478159,topic/s/lighting,METAVERSE,30
1716785638586,paho832641338819846,topic/s/lighting,METAVERSE,31
1716785638784,paho832641338819846,topic/g/lighting,METAVERSE,12
1716785638785,paho832641337478159,topic/g/lighting,METAVERSE,13
1716785638884,paho832641337478159,topic/g/noise,METAVERSE,5
1716785638890,paho832641337478159,topic/e/lighting,METAVERSE,21
1716785638890,paho832641338819846,topic/e/lighting,METAVERSE,21
1716785638906,paho832641337478159,topic/g/noise,METAVERSE,4
1716785639133,paho832641337478159,topic/s/noise,METAVERSE,5
1716785639368,paho832641337478159,topic/g/lighting,METAVERSE,28
1716785639368,paho832641338819846,topic/g/lighting,METAVERSE,28
1716785639558,paho832641337478159,topic/d/noise,METAVERSE,5
1716785639597,paho832641337478159,topic/b/lighting,METAVERSE,5
1716785639598,paho832641338819846,topic/b/lighting,METAVERSE,6
1716785639703,paho832641338819846,topic/e/lighting,METAVERSE,21
1716785639706,paho832641337478159,topic/e/lighting,METAVERSE,24
1716785640072,paho832641338279986,topic/security,METAVERSE,32189
1716785640072,paho832641338279986,topic/security,METAVERSE,32165
1716785640072,paho832641338279986,topic/security,METAVERSE,32157
1716785640373,paho832641337478159,topic/b/noise,METAVERSE,23
1716785640513,paho832641337478159,topic/b/lighting,METAVERSE,29
1716785640514,paho832641338819846,topic/b/lighting,METAVERSE,30
1716785640516,paho832641337478159,topic/b/noise,METAVERSE,30
1716785640561,paho832641337478159,topic/b/noise,METAVERSE,27
1716785640567,paho832641337478159,topic/e/noise,METAVERSE,4
1716785640955,paho832641337478159,topic/e/noise,METAVERSE,6
1716785641419,paho832641337478159,topic/b/lighting,METAVERSE,35
1716785641420,paho832641338819846,topic/b/lighting,METAVERSE,36
1716785641696,paho832641337478159,topic/v/lighting,METAVERSE,17
1716785641696,paho832641338819846,topic/v/lighting,METAVERSE,17
1716785641981,paho832641337478159,topic/v/noise,METAVERSE,18
1716785642218,paho832641337478159,topic/b/lighting,METAVERSE,43
1716785642218,paho832641338819846,topic/b/lighting,METAVERSE,43
1716785642381,paho832641337478159,topic/c/lighting,METAVERSE,30
1716785642381,paho832641338819846,topic/c/lighting,METAVERSE,30
1716785642394,paho832641337478159,topic/c/lighting,METAVERSE,43
1716785642394,paho832641338819846,topic/c/lighting,METAVERSE,43
1716785642536,paho832641338819846,topic/s/lighting,METAVERSE,21
1716785642536,paho832641337478159,topic/s/lighting,METAVERSE,21
1716785642604,paho832641337478159,topic/b/noise,METAVERSE,40
1716785643035,paho832641337478159,topic/b/lighting,METAVERSE,105
1716785643036,paho832641338819846,topic/b/lighting,METAVERSE,106
1716785643201,paho832641338819846,topic/d/lighting,METAVERSE,22
1716785643202,paho832641337478159,topic/d/lighting,METAVERSE,23
1716785643395,paho832641337478159,topic/d/lighting,METAVERSE,6
1716785643396,paho832641338819846,topic/d/lighting,METAVERSE,7
1716785643426,paho832641337478159,topic/s/noise,METAVERSE,9
1716785643472,paho832641337478159,topic/d/noise,METAVERSE,36
1716785643596,paho832641337478159,topic/c/noise,METAVERSE,29
1716785643604,paho832641338819846,topic/s/lighting,METAVERSE,5
1716785643605,paho832641337478159,topic/s/lighting,METAVERSE,6
1716785643783,paho832641337478159,topic/g/lighting,METAVERSE,4
1716785643784,paho832641338819846,topic/g/lighting,METAVERSE,5
1716785643894,paho832641337478159,topic/e/lighting,METAVERSE,25
1716785643894,paho832641338819846,topic/e/lighting,METAVERSE,25
1716785643897,paho832641337478159,topic/g/noise,METAVERSE,13
1716785643924,paho832641337478159,topic/g/noise,METAVERSE,9
1716785644156,paho832641337478159,topic/s/noise,METAVERSE,11
1716785644375,paho832641337478159,topic/g/lighting,METAVERSE,5
1716785644379,paho832641338819846,topic/g/lighting,METAVERSE,9
1716785644569,paho832641337478159,topic/d/noise,METAVERSE,15
1716785644648,paho832641338819846,topic/b/lighting,METAVERSE,44
1716785644649,paho832641337478159,topic/b/lighting,METAVERSE,45
1716785644743,paho832641337478159,topic/e/lighting,METAVERSE,40
1716785644744,paho832641338819846,topic/e/lighting,METAVERSE,41
1716785645434,paho832641337478159,topic/b/noise,METAVERSE,59
1716785645571,paho832641337478159,topic/b/noise,METAVERSE,61
1716785645636,paho832641337478159,topic/b/lighting,METAVERSE,125
1716785645637,paho832641338819846,topic/b/lighting,METAVERSE,126
1716785645640,paho832641337478159,topic/b/noise,METAVERSE,105
1716785645642,paho832641337478159,topic/e/noise,METAVERSE,44
1716785645991,paho832641337478159,topic/e/noise,METAVERSE,28
1716785646464,paho832641337478159,topic/b/lighting,METAVERSE,40
1716785646465,paho832641338819846,topic/b/lighting,METAVERSE,41
1716785646685,paho832641337478159,topic/v/lighting,METAVERSE,4
1716785646685,paho832641338819846,topic/v/lighting,METAVERSE,4
1716785646772,paho832641338568171,topic/occupancy,METAVERSE,32929
1716785646772,paho832641338568171,topic/occupancy,METAVERSE,32860
1716785646773,paho832641338568171,topic/occupancy,METAVERSE,32445
1716785646773,paho832641338568171,topic/occupancy,METAVERSE,32431
1716785646773,paho832641338568171,topic/occupancy,METAVERSE,32410
1716785646773,paho832641338568171,topic/occupancy,METAVERSE,32279
1716785646773,paho832641338568171,topic/occupancy,METAVERSE,32212
1716785646773,paho832641338568171,topic/occupancy,METAVERSE,31574
1716785646773,paho832641338568171,topic/occupancy,METAVERSE,31323
1716785646773,paho832641338568171,topic/occupancy,METAVERSE,31044
1716785646773,paho832641338568171,topic/occupancy,METAVERSE,31030
1716785646773,paho832641338568171,topic/occupancy,METAVERSE,30990
1716785646773,paho832641338568171,topic/occupancy,METAVERSE,30937
1716785646773,paho832641338568171,topic/occupancy,METAVERSE,30927
1716785646773,paho832641338568171,topic/occupancy,METAVERSE,30833
1716785646773,paho832641338568171,topic/occupancy,METAVERSE,30437
1716785646773,paho832641338568171,topic/occupancy,METAVERSE,30411
1716785646773,paho832641338568171,topic/occupancy,METAVERSE,30279
1716785646774,paho832641338568171,topic/occupancy,METAVERSE,30206
1716785646774,paho832641338568171,topic/occupancy,METAVERSE,29551
1716785646774,paho832641338568171,topic/occupancy,METAVERSE,29266
1716785646774,paho832641338568171,topic/occupancy,METAVERSE,28986
1716785646774,paho832641338568171,topic/occupancy,METAVERSE,28927
1716785646774,paho832641338568171,topic/occupancy,METAVERSE,28902
1716785646774,paho832641338568171,topic/occupancy,METAVERSE,28815
1716785646774,paho832641338568171,topic/occupancy,METAVERSE,28432
1716785646774,paho832641338568171,topic/occupancy,METAVERSE,28411
1716785646774,paho832641338568171,topic/occupancy,METAVERSE,28233
1716785646774,paho832641338568171,topic/occupancy,METAVERSE,28151
1716785646774,paho832641338568171,topic/occupancy,METAVERSE,27533
1716785646774,paho832641338568171,topic/occupancy,METAVERSE,27266
1716785646774,paho832641338568171,topic/occupancy,METAVERSE,26954
1716785646774,paho832641338568171,topic/occupancy,METAVERSE,26922
1716785646774,paho832641338568171,topic/occupancy,METAVERSE,26874
1716785646774,paho832641338568171,topic/occupancy,METAVERSE,26746
1716785646774,paho832641338568171,topic/occupancy,METAVERSE,26429
1716785646774,paho832641338568171,topic/occupancy,METAVERSE,26404
1716785646774,paho832641338568171,topic/occupancy,METAVERSE,26169
1716785646774,paho832641338568171,topic/occupancy,METAVERSE,26134
1716785646774,paho832641338568171,topic/occupancy,METAVERSE,26007
1716785646775,paho832641338568171,topic/occupancy,METAVERSE,25487
1716785646775,paho832641338568171,topic/occupancy,METAVERSE,25375
1716785646775,paho832641338568171,topic/occupancy,METAVERSE,25355
1716785646775,paho832641338568171,topic/occupancy,METAVERSE,25329
1716785646775,paho832641338568171,topic/occupancy,METAVERSE,25259
1716785646775,paho832641338568171,topic/occupancy,METAVERSE,25002
1716785646776,paho832641338568171,topic/occupancy,METAVERSE,24923
1716785646776,paho832641338568171,topic/occupancy,METAVERSE,24939
1716785646776,paho832641338568171,topic/occupancy,METAVERSE,24856
1716785646776,paho832641338568171,topic/occupancy,METAVERSE,24694
1716785646776,paho832641338568171,topic/occupancy,METAVERSE,24427
1716785646776,paho832641338568171,topic/occupancy,METAVERSE,24404
1716785646776,paho832641338568171,topic/occupancy,METAVERSE,24156
1716785646776,paho832641338568171,topic/occupancy,METAVERSE,24132
1716785646776,paho832641338568171,topic/occupancy,METAVERSE,23988
1716785646776,paho832641338568171,topic/occupancy,METAVERSE,23487
1716785646776,paho832641338568171,topic/occupancy,METAVERSE,23249
1716785646776,paho832641338568171,topic/occupancy,METAVERSE,22928
1716785646776,paho832641338568171,topic/occupancy,METAVERSE,22902
1716785646776,paho832641338568171,topic/occupancy,METAVERSE,22816
1716785646776,paho832641338568171,topic/occupancy,METAVERSE,22641
1716785646776,paho832641338568171,topic/occupancy,METAVERSE,22416
1716785646776,paho832641338568171,topic/occupancy,METAVERSE,22399
1716785646776,paho832641338568171,topic/occupancy,METAVERSE,22319
1716785646776,paho832641338568171,topic/occupancy,METAVERSE,22153
1716785646776,paho832641338568171,topic/occupancy,METAVERSE,22124
1716785646776,paho832641338568171,topic/occupancy,METAVERSE,21973
1716785646884,paho832641338568171,topic/occupancy,METAVERSE,22080
1716785646990,paho832641337478159,topic/v/noise,METAVERSE,11
1716785647276,paho832641337478159,topic/b/lighting,METAVERSE,100
1716785647277,paho832641338819846,topic/b/lighting,METAVERSE,101
1716785647407,paho832641337478159,topic/c/lighting,METAVERSE,22
1716785647408,paho832641338819846,topic/c/lighting,METAVERSE,23
1716785647413,paho832641337478159,topic/c/lighting,METAVERSE,13
1716785647414,paho832641338819846,topic/c/lighting,METAVERSE,14
1716785647582,paho832641337478159,topic/s/lighting,METAVERSE,5
1716785647582,paho832641338819846,topic/s/lighting,METAVERSE,5
1716785647631,paho832641337478159,topic/b/noise,METAVERSE,64
1716785648108,paho832641337478159,topic/b/lighting,METAVERSE,112
1716785648108,paho832641338819846,topic/b/lighting,METAVERSE,112
1716785648232,paho832641337478159,topic/d/lighting,METAVERSE,24
1716785648233,paho832641338819846,topic/d/lighting,METAVERSE,25
1716785648413,paho832641337478159,topic/d/lighting,METAVERSE,6
1716785648413,paho832641338819846,topic/d/lighting,METAVERSE,6
1716785648423,paho832641337478159,topic/s/noise,METAVERSE,7
1716785648478,paho832641337478159,topic/d/noise,METAVERSE,11
1716785648605,paho832641338819846,topic/s/lighting,METAVERSE,4
1716785648605,paho832641337478159,topic/s/lighting,METAVERSE,4
1716785648621,paho832641337478159,topic/c/noise,METAVERSE,16
1716785648814,paho832641337478159,topic/g/lighting,METAVERSE,7
1716785648815,paho832641338819846,topic/g/lighting,METAVERSE,8
1716785648896,paho832641338819846,topic/e/lighting,METAVERSE,26
1716785648896,paho832641337478159,topic/e/lighting,METAVERSE,26
1716785648944,paho832641337478159,topic/g/noise,METAVERSE,24
1716785648951,paho832641337478159,topic/g/noise,METAVERSE,22
1716785649155,paho832641337478159,topic/s/noise,METAVERSE,8
1716785649449,paho832641337478159,topic/g/lighting,METAVERSE,10
1716785649450,paho832641338819846,topic/g/lighting,METAVERSE,11
1716785649567,paho832641337478159,topic/d/noise,METAVERSE,4
1716785649699,paho832641337478159,topic/b/lighting,METAVERSE,86
1716785649699,paho832641338819846,topic/b/lighting,METAVERSE,86
1716785649723,paho832641337478159,topic/e/lighting,METAVERSE,15
1716785649724,paho832641338819846,topic/e/lighting,METAVERSE,16
1716785650483,paho832641337478159,topic/b/noise,METAVERSE,54
1716785650609,paho832641337478159,topic/b/lighting,METAVERSE,98
1716785650609,paho832641338819846,topic/b/lighting,METAVERSE,98
1716785650612,paho832641337478159,topic/e/noise,METAVERSE,4
1716785650629,paho832641337478159,topic/b/noise,METAVERSE,99
1716785650670,paho832641337478159,topic/b/noise,METAVERSE,99
1716785651012,paho832641337478159,topic/e/noise,METAVERSE,37
1716785651478,paho832641338819846,topic/b/lighting,METAVERSE,54
1716785651478,paho832641337478159,topic/b/lighting,METAVERSE,54
1716785651730,paho832641337478159,topic/v/lighting,METAVERSE,5
1716785651730,paho832641338819846,topic/v/lighting,METAVERSE,5
1716785652075,paho832641337478159,topic/v/noise,METAVERSE,56
1716785652296,paho832641337478159,topic/b/lighting,METAVERSE,120
1716785652296,paho832641338819846,topic/b/lighting,METAVERSE,120
1716785652465,paho832641337478159,topic/c/lighting,METAVERSE,34
1716785652466,paho832641338819846,topic/c/lighting,METAVERSE,35
1716785652467,paho832641337478159,topic/c/lighting,METAVERSE,35
1716785652468,paho832641338819846,topic/c/lighting,METAVERSE,36
1716785652616,paho832641337478159,topic/s/lighting,METAVERSE,31
1716785652616,paho832641338819846,topic/s/lighting,METAVERSE,31
1716785652659,paho832641337478159,topic/b/noise,METAVERSE,89
1716785653138,paho832641338819846,topic/b/lighting,METAVERSE,96
1716785653138,paho832641337478159,topic/b/lighting,METAVERSE,96
1716785653236,paho832641337478159,topic/d/lighting,METAVERSE,8
1716785653236,paho832641338819846,topic/d/lighting,METAVERSE,8
1716785653437,paho832641337478159,topic/d/lighting,METAVERSE,28
1716785653437,paho832641338819846,topic/d/lighting,METAVERSE,28
1716785653439,paho832641337478159,topic/s/noise,METAVERSE,7
1716785653488,paho832641337478159,topic/d/noise,METAVERSE,9
1716785653662,paho832641337478159,topic/s/lighting,METAVERSE,59
1716785653662,paho832641338819846,topic/s/lighting,METAVERSE,59
1716785653664,paho832641337478159,topic/c/noise,METAVERSE,27
1716785653813,paho832641337478159,topic/g/lighting,METAVERSE,5
1716785653815,paho832641338819846,topic/g/lighting,METAVERSE,7
1716785653894,paho832641337478159,topic/e/lighting,METAVERSE,23
1716785653895,paho832641338819846,topic/e/lighting,METAVERSE,24
1716785653938,paho832641337478159,topic/g/noise,METAVERSE,9
1716785653941,paho832641337478159,topic/g/noise,METAVERSE,13
1716785654199,paho832641337478159,topic/s/noise,METAVERSE,40
1716785654464,paho832641337478159,topic/g/lighting,METAVERSE,24
1716785654465,paho832641338819846,topic/g/lighting,METAVERSE,25
1716785654625,paho832641337478159,topic/d/noise,METAVERSE,42
1716785654767,paho832641337478159,topic/b/lighting,METAVERSE,106
1716785654768,paho832641338819846,topic/b/lighting,METAVERSE,107
1716785654769,paho832641337478159,topic/e/lighting,METAVERSE,42
1716785654771,paho832641338819846,topic/e/lighting,METAVERSE,44
1716785655550,paho832641337478159,topic/b/noise,METAVERSE,111
1716785655636,paho832641338819846,topic/b/lighting,METAVERSE,124
1716785655636,paho832641337478159,topic/b/lighting,METAVERSE,124
1716785655639,paho832641337478159,topic/e/noise,METAVERSE,30
1716785655775,paho832641337478159,topic/b/noise,METAVERSE,191
1716785655777,paho832641337478159,topic/b/noise,METAVERSE,193
1716785656004,paho832641337478159,topic/e/noise,METAVERSE,28
1716785656503,paho832641338819846,topic/b/lighting,METAVERSE,78
1716785656503,paho832641337478159,topic/b/lighting,METAVERSE,78
1716785656790,paho832641338819846,topic/v/lighting,METAVERSE,55
1716785656791,paho832641337478159,topic/v/lighting,METAVERSE,56
1716785657083,paho832641337478159,topic/v/noise,METAVERSE,24
1716785657302,paho832641337478159,topic/b/lighting,METAVERSE,115
1716785657303,paho832641338819846,topic/b/lighting,METAVERSE,116
