1716771577559,paho821701657027475,topic/g/lighting,METAVERSE,191
1716771577539,paho821701658169751,topic/g/lighting,METAVERSE,171
1716771577819,paho821701658169751,topic/c/lighting,METAVERSE,66
1716771577834,paho821701657027475,topic/c/lighting,METAVERSE,81
1716771578234,paho821701658169751,topic/v/lighting,METAVERSE,13
1716771578247,paho821701657027475,topic/v/lighting,METAVERSE,26
1716771578534,paho821701657027475,topic/v/noise,METAVERSE,10
1716771578614,paho821701657027475,topic/v/rfid,METAVERSE,10
1716771578802,paho821701657027475,topic/b/noise,METAVERSE,15
1716771578985,paho821701657027475,topic/s/noise,METAVERSE,34
1716771579003,paho821701658169751,topic/c/lighting,METAVERSE,17
1716771579005,paho821701657027475,topic/c/lighting,METAVERSE,19
1716771579255,paho821701658169751,topic/e/lighting,METAVERSE,27
1716771579257,paho821701657027475,topic/e/lighting,METAVERSE,29
1716771579348,paho821701657027475,topic/g/noise,METAVERSE,9
1716771579382,paho821701657027475,topic/c/rfid,METAVERSE,22
1716771579564,paho821701658169751,topic/g/lighting,METAVERSE,8
1716771579566,paho821701657027475,topic/g/lighting,METAVERSE,10
1716771579622,paho821701657027475,topic/c/noise,METAVERSE,44
1716771579731,paho821701658169751,topic/e/lighting,METAVERSE,27
1716771579736,paho821701657027475,topic/e/lighting,METAVERSE,32
1716771580065,paho821701657027475,topic/s/noise,METAVERSE,20
1716771580156,paho821701657027475,topic/d/rfid,METAVERSE,16
1716771580178,paho821701658169751,topic/s/lighting,METAVERSE,70
1716771580180,paho821701657027475,topic/s/lighting,METAVERSE,72
1716771580481,paho821701657027475,topic/g/rfid,METAVERSE,18
1716771580567,paho821701657027475,topic/g/noise,METAVERSE,8
1716771580615,paho821701657027475,topic/e/rfid,METAVERSE,7
1716771580725,paho821701658169751,topic/d/lighting,METAVERSE,12
1716771580727,paho821701657027475,topic/d/lighting,METAVERSE,14
1716771580736,paho821701658169751,topic/d/lighting,METAVERSE,17
1716771580738,paho821701657027475,topic/d/noise,METAVERSE,24
1716771580740,paho821701657027475,topic/d/lighting,METAVERSE,21
1716771580847,paho821701658169751,topic/s/lighting,METAVERSE,16
1716771580851,paho821701657027475,topic/s/lighting,METAVERSE,20
1716771580871,paho821701657027475,topic/d/noise,METAVERSE,76
1716771581324,paho821701657027475,topic/s/rfid,METAVERSE,112
1716771581800,paho821701658169751,topic/b/lighting,METAVERSE,8
1716771581802,paho821701657027475,topic/b/lighting,METAVERSE,10
1716771581805,paho821701657027475,topic/b/noise,METAVERSE,10
1716771581978,paho821701657027475,topic/e/noise,METAVERSE,14
1716771582009,paho821701657027475,topic/e/noise,METAVERSE,43
1716771582445,paho821701658169751,topic/g/lighting,METAVERSE,18
1716771582447,paho821701657027475,topic/g/lighting,METAVERSE,20
1716771582586,paho821701658169751,topic/b/lighting,METAVERSE,23
1716771582586,paho821701657027475,topic/b/lighting,METAVERSE,23
1716771582840,paho821701658169751,topic/c/lighting,METAVERSE,26
1716771582841,paho821701657027475,topic/c/lighting,METAVERSE,27
1716771583147,paho821701657027475,topic/b/rfid,METAVERSE,7
1716771583235,paho821701658169751,topic/v/lighting,METAVERSE,10
1716771583235,paho821701657027475,topic/v/lighting,METAVERSE,10
1716771583538,paho821701657027475,topic/v/noise,METAVERSE,13
1716771583638,paho821701657027475,topic/v/rfid,METAVERSE,30
1716771583647,paho821701657027475,topic/e/rfid,METAVERSE,8
1716771583810,paho821701657027475,topic/b/noise,METAVERSE,7
1716771584059,paho821701657027475,topic/s/noise,METAVERSE,43
1716771584077,paho821701657027475,topic/c/lighting,METAVERSE,38
1716771584077,paho821701658169751,topic/c/lighting,METAVERSE,38
1716771584247,paho821701657027475,topic/b/noise,METAVERSE,8
1716771584302,paho821701658169751,topic/e/lighting,METAVERSE,15
1716771584303,paho821701657027475,topic/e/lighting,METAVERSE,16
1716771584370,paho821701657027475,topic/g/noise,METAVERSE,27
1716771584598,paho821701658169751,topic/g/lighting,METAVERSE,7
1716771584598,paho821701657027475,topic/g/lighting,METAVERSE,7
1716771584633,paho821701658169751,topic/b/lighting,METAVERSE,8
1716771584636,paho821701657027475,topic/b/lighting,METAVERSE,11
1716771584649,paho821701657027475,topic/e/rfid,METAVERSE,7
1716771584685,paho821701657027475,topic/c/noise,METAVERSE,52
1716771584785,paho821701657027475,topic/e/lighting,METAVERSE,14
1716771584785,paho821701658169751,topic/e/lighting,METAVERSE,14
1716771584827,paho821701658169751,topic/b/lighting,METAVERSE,8
1716771584827,paho821701657027475,topic/b/lighting,METAVERSE,8
1716771584945,paho821701658169751,topic/b/lighting,METAVERSE,22
1716771584945,paho821701657027475,topic/b/lighting,METAVERSE,22
1716771584987,paho821701657027475,topic/b/noise,METAVERSE,105
1716771585091,paho821701657027475,topic/s/noise,METAVERSE,11
1716771585250,paho821701658169751,topic/s/lighting,METAVERSE,27
1716771585250,paho821701657027475,topic/s/lighting,METAVERSE,27
1716771585554,paho821701657027475,topic/g/rfid,METAVERSE,43
1716771585635,paho821701657027475,topic/g/noise,METAVERSE,8
1716771585749,paho821701657027475,topic/d/lighting,METAVERSE,6
1716771585750,paho821701658169751,topic/d/lighting,METAVERSE,7
1716771585754,paho821701658169751,topic/d/lighting,METAVERSE,7
1716771585754,paho821701657027475,topic/d/lighting,METAVERSE,7
1716771585761,paho821701657027475,topic/d/noise,METAVERSE,13
1716771585861,paho821701658169751,topic/s/lighting,METAVERSE,6
1716771585862,paho821701657027475,topic/s/lighting,METAVERSE,7
1716771585926,paho821701657027475,topic/d/noise,METAVERSE,23
1716771586136,paho821701658342394,topic/maintenance,METAVERSE,1254
1716771586171,paho821701658342394,topic/maintenance,METAVERSE,1172
1716771586390,paho821701658342394,topic/maintenance,METAVERSE,1379
1716771586536,paho821701658342394,topic/maintenance,METAVERSE,1456
1716771586638,paho821701658342394,topic/maintenance,METAVERSE,1011
1716771586653,paho821701657027475,topic/e/rfid,METAVERSE,6
1716771586681,paho821701658342394,topic/maintenance,METAVERSE,933
1716771586780,paho821701658342394,topic/maintenance,METAVERSE,929
1716771586823,paho821701657027475,topic/b/noise,METAVERSE,8
1716771586834,paho821701658342394,topic/maintenance,METAVERSE,931
1716771586909,paho821701657027475,topic/b/lighting,METAVERSE,23
1716771586909,paho821701658169751,topic/b/lighting,METAVERSE,23
1716771586941,paho821701658342394,topic/maintenance,METAVERSE,886
1716771586990,paho821701657027475,topic/e/noise,METAVERSE,7
1716771587043,paho821701658342394,topic/maintenance,METAVERSE,504
1716771587060,paho821701657027475,topic/e/noise,METAVERSE,9
1716771587162,paho821701657027475,topic/b/rfid,METAVERSE,7
1716771587184,paho821701657978886,topic/occupancy,METAVERSE,2348
1716771587280,paho821701657978886,topic/queueing,METAVERSE,633
1716771587323,paho821701657027475,topic/s/rfid,METAVERSE,8
1716771587335,paho821701658342394,topic/maintenance,METAVERSE,644
1716771587457,paho821701657027475,topic/g/lighting,METAVERSE,11
1716771587457,paho821701658169751,topic/g/lighting,METAVERSE,11
1716771587538,paho821701658342394,topic/maintenance,METAVERSE,839
1716771587584,paho821701657978886,topic/queueing,METAVERSE,429
1716771587584,paho821701658342394,topic/maintenance,METAVERSE,769
1716771587585,paho821701657741599,topic/security,METAVERSE,1704
1716771587638,paho821701657978886,topic/queueing,METAVERSE,323
1716771587658,paho821701657027475,topic/b/lighting,METAVERSE,12
1716771587659,paho821701658169751,topic/b/lighting,METAVERSE,13
1716771587740,paho821701657741599,topic/security,METAVERSE,1749
1716771587880,paho821701657978886,topic/occupancy,METAVERSE,2865
1716771587882,paho821701657741599,topic/security,METAVERSE,1826
1716771587886,paho821701657027475,topic/c/lighting,METAVERSE,11
1716771587887,paho821701658169751,topic/c/lighting,METAVERSE,12
1716771587940,paho821701657741599,topic/security,METAVERSE,1877
1716771588036,paho821701657741599,topic/security,METAVERSE,1944
1716771588086,paho821701658342394,topic/maintenance,METAVERSE,1223
1716771588187,paho821701658342394,topic/maintenance,METAVERSE,1204
1716771588192,paho821701657027475,topic/d/rfid,METAVERSE,13
1716771588194,paho821701657027475,topic/b/rfid,METAVERSE,31
1716771588233,paho821701657027475,topic/v/lighting,METAVERSE,7
1716771588238,paho821701658169751,topic/v/lighting,METAVERSE,12
1716771588292,paho821701658342394,topic/maintenance,METAVERSE,1263
1716771588384,paho821701657978886,topic/queueing,METAVERSE,205
1716771588434,paho821701657978886,topic/queueing,METAVERSE,271
1716771588435,paho821701658342394,topic/maintenance,METAVERSE,1384
1716771588534,paho821701657027475,topic/v/noise,METAVERSE,8
1716771588536,paho821701657741599,topic/security,METAVERSE,2305
1716771588606,paho821701657027475,topic/g/rfid,METAVERSE,7
1716771588632,paho821701658342394,topic/maintenance,METAVERSE,1385
1716771588682,paho821701657741599,topic/security,METAVERSE,2389
1716771588731,paho821701658342394,topic/maintenance,METAVERSE,856
1716771588780,paho821701657978886,topic/queueing,METAVERSE,181
1716771588783,paho821701657741599,topic/security,METAVERSE,2428
1716771588828,paho821701657027475,topic/b/noise,METAVERSE,9
1716771588835,paho821701658342394,topic/maintenance,METAVERSE,685
1716771588879,paho821701658342394,topic/maintenance,METAVERSE,353
1716771588932,paho821701658342394,topic/maintenance,METAVERSE,353
1716771588980,paho821701657978886,topic/occupancy,METAVERSE,3909
1716771588982,paho821701657741599,topic/security,METAVERSE,2340
1716771588987,paho821701658342394,topic/maintenance,METAVERSE,168
1716771588989,paho821701657741599,topic/security,METAVERSE,2107
1716771589070,paho821701657027475,topic/s/noise,METAVERSE,17
1716771589130,paho821701657027475,topic/c/lighting,METAVERSE,23
1716771589130,paho821701658169751,topic/c/lighting,METAVERSE,23
1716771589133,paho821701657741599,topic/security,METAVERSE,2238
1716771589159,paho821701658342394,topic/maintenance,METAVERSE,106
1716771589185,paho821701657741599,topic/security,METAVERSE,2158
1716771589234,paho821701657978886,topic/occupancy,METAVERSE,4041
1716771589259,paho821701657027475,topic/b/noise,METAVERSE,7
1716771589328,paho821701657027475,topic/e/lighting,METAVERSE,6
1716771589329,paho821701658169751,topic/e/lighting,METAVERSE,7
1716771589387,paho821701658342394,topic/maintenance,METAVERSE,345
1716771589387,paho821701657741599,topic/security,METAVERSE,2359
1716771589404,paho821701657027475,topic/g/noise,METAVERSE,9
1716771589435,paho821701657741599,topic/security,METAVERSE,2308
1716771589483,paho821701657741599,topic/security,METAVERSE,2256
1716771589483,paho821701658342394,topic/maintenance,METAVERSE,231
1716771589522,paho821701657027475,topic/c/rfid,METAVERSE,18
1716771589523,paho821701657741599,topic/security,METAVERSE,1876
1716771589527,paho821701658342394,topic/maintenance,METAVERSE,132
1716771589582,paho821701657978886,topic/occupancy,METAVERSE,4071
1716771589599,paho821701658169751,topic/g/lighting,METAVERSE,8
1716771589599,paho821701657027475,topic/g/lighting,METAVERSE,8
1716771589654,paho821701657027475,topic/e/rfid,METAVERSE,7
1716771589680,paho821701657978886,topic/queueing,METAVERSE,176
1716771589693,paho821701658169751,topic/b/lighting,METAVERSE,6
1716771589693,paho821701657027475,topic/b/lighting,METAVERSE,6
1716771589702,paho821701657027475,topic/c/noise,METAVERSE,7
1716771589733,paho821701657741599,topic/security,METAVERSE,1982
1716771589781,paho821701658342394,topic/maintenance,METAVERSE,86
1716771589782,paho821701657978886,topic/occupancy,METAVERSE,4211
1716771589835,paho821701657978886,topic/queueing,METAVERSE,188
1716771589836,paho821701657741599,topic/security,METAVERSE,1929
1716771589866,paho821701658169751,topic/e/lighting,METAVERSE,41
1716771589866,paho821701657027475,topic/e/lighting,METAVERSE,41
1716771589882,paho821701657741599,topic/security,METAVERSE,1942
1716771589890,paho821701657027475,topic/b/lighting,METAVERSE,7
1716771589890,paho821701658169751,topic/b/lighting,METAVERSE,7
1716771589981,paho821701657741599,topic/security,METAVERSE,1962
1716771589984,paho821701657027475,topic/b/lighting,METAVERSE,7
1716771589984,paho821701658169751,topic/b/lighting,METAVERSE,7
1716771590017,paho821701657027475,topic/b/noise,METAVERSE,39
1716771590023,paho821701657741599,topic/security,METAVERSE,1980
1716771590023,paho821701657741599,topic/security,METAVERSE,1948
1716771590023,paho821701657741599,topic/security,METAVERSE,1884
1716771590024,paho821701657741599,topic/security,METAVERSE,1849
1716771590024,paho821701657741599,topic/security,METAVERSE,1769
1716771590024,paho821701657741599,topic/security,METAVERSE,1713
1716771590035,paho821701657741599,topic/security,METAVERSE,1694
1716771590035,paho821701657741599,topic/security,METAVERSE,1629
1716771590039,paho821701657741599,topic/security,METAVERSE,1513
1716771590080,paho821701657741599,topic/security,METAVERSE,1481
1716771590080,paho821701657741599,topic/security,METAVERSE,1393
1716771590084,paho821701657741599,topic/security,METAVERSE,1345
1716771590093,paho821701657027475,topic/s/noise,METAVERSE,8
1716771590131,paho821701657978886,topic/occupancy,METAVERSE,4440
1716771590135,paho821701657741599,topic/security,METAVERSE,1251
1716771590182,paho821701657741599,topic/security,METAVERSE,1267
1716771590235,paho821701657741599,topic/security,METAVERSE,1172
1716771590235,paho821701657741599,topic/security,METAVERSE,1180
1716771590236,paho821701658342394,topic/maintenance,METAVERSE,343
1716771590283,paho821701657741599,topic/security,METAVERSE,1168
1716771590284,paho821701657741599,topic/security,METAVERSE,1112
1716771590314,paho821701658169751,topic/s/lighting,METAVERSE,31
1716771590314,paho821701657027475,topic/s/lighting,METAVERSE,31
1716771590330,paho821701658342394,topic/maintenance,METAVERSE,415
1716771590337,paho821701657741599,topic/security,METAVERSE,1050
1716771590386,paho821701658342394,topic/maintenance,METAVERSE,454
1716771590431,paho821701657741599,topic/security,METAVERSE,1124
1716771590431,paho821701658342394,topic/maintenance,METAVERSE,453
1716771590432,paho821701657978886,topic/occupancy,METAVERSE,4376
1716771590434,paho821701658342394,topic/maintenance,METAVERSE,349
1716771590475,paho821701657741599,topic/security,METAVERSE,1016
1716771590487,paho821701657741599,topic/security,METAVERSE,828
1716771590584,paho821701657741599,topic/security,METAVERSE,777
1716771590612,paho821701657027475,topic/g/rfid,METAVERSE,7
1716771590646,paho821701657027475,topic/g/noise,METAVERSE,7
1716771590662,paho821701657027475,topic/v/rfid,METAVERSE,11
1716771590683,paho821701657978886,topic/occupancy,METAVERSE,4591
1716771590731,paho821701657978886,topic/queueing,METAVERSE,126
1716771590735,paho821701658342394,topic/maintenance,METAVERSE,324
1716771590777,paho821701657027475,topic/d/lighting,METAVERSE,6
1716771590778,paho821701658169751,topic/d/lighting,METAVERSE,7
1716771590783,paho821701657741599,topic/security,METAVERSE,949
1716771590786,paho821701658169751,topic/d/lighting,METAVERSE,8
1716771590787,paho821701657027475,topic/d/lighting,METAVERSE,9
1716771590789,paho821701657027475,topic/d/noise,METAVERSE,30
1716771590873,paho821701658169751,topic/s/lighting,METAVERSE,6
1716771590874,paho821701657027475,topic/s/lighting,METAVERSE,7
1716771590882,paho821701657978886,topic/queueing,METAVERSE,231
1716771590935,paho821701657741599,topic/security,METAVERSE,1057
1716771590956,paho821701657027475,topic/d/noise,METAVERSE,12
1716771591080,paho821701657741599,topic/security,METAVERSE,1157
1716771591098,paho821701657741599,topic/security,METAVERSE,1011
1716771591100,paho821701657741599,topic/security,METAVERSE,989
1716771591100,paho821701657741599,topic/security,METAVERSE,988
1716771591100,paho821701657741599,topic/security,METAVERSE,960
1716771591100,paho821701657741599,topic/security,METAVERSE,764
1716771591101,paho821701657741599,topic/security,METAVERSE,350
1716771591101,paho821701657741599,topic/security,METAVERSE,286
1716771591101,paho821701657741599,topic/security,METAVERSE,158
1716771591101,paho821701657741599,topic/security,METAVERSE,152
1716771591132,paho821701658342394,topic/maintenance,METAVERSE,493
1716771591134,paho821701657741599,topic/security,METAVERSE,51
1716771591167,paho821701657741599,topic/security,METAVERSE,40
1716771591234,paho821701657741599,topic/security,METAVERSE,19
1716771591283,paho821701657741599,topic/security,METAVERSE,60
1716771591327,paho821701657741599,topic/security,METAVERSE,60
1716771591371,paho821701657027475,topic/s/rfid,METAVERSE,52
1716771591371,paho821701657978886,topic/queueing,METAVERSE,52
1716771591434,paho821701657741599,topic/security,METAVERSE,64
1716771591434,paho821701657741599,topic/security,METAVERSE,55
1716771591434,paho821701657741599,topic/security,METAVERSE,19
1716771591481,paho821701657978886,topic/occupancy,METAVERSE,5188
1716771591482,paho821701658342394,topic/maintenance,METAVERSE,777
1716771591536,paho821701657741599,topic/security,METAVERSE,93
1716771591582,paho821701657741599,topic/security,METAVERSE,19
1716771591632,paho821701658342394,topic/maintenance,METAVERSE,921
1716771591683,paho821701658342394,topic/maintenance,METAVERSE,924
1716771591697,paho821701657027475,topic/v/rfid,METAVERSE,42
1716771591699,paho821701657978886,topic/queueing,METAVERSE,44
1716771591735,paho821701658342394,topic/maintenance,METAVERSE,791
1716771591782,paho821701658342394,topic/maintenance,METAVERSE,718
1716771591833,paho821701657741599,topic/security,METAVERSE,34
1716771591834,paho821701658342394,topic/maintenance,METAVERSE,519
1716771591837,paho821701657027475,topic/b/noise,METAVERSE,14
1716771591883,paho821701657741599,topic/security,METAVERSE,24
1716771591929,paho821701658342394,topic/maintenance,METAVERSE,514
1716771591948,paho821701657027475,topic/b/lighting,METAVERSE,15
1716771591949,paho821701658169751,topic/b/lighting,METAVERSE,16
1716771591971,paho821701658342394,topic/maintenance,METAVERSE,399
1716771591978,paho821701657741599,topic/security,METAVERSE,11
1716771591987,paho821701658342394,topic/maintenance,METAVERSE,164
1716771591997,paho821701657027475,topic/e/noise,METAVERSE,6
1716771592087,paho821701657027475,topic/e/noise,METAVERSE,24
1716771592142,paho821701657741599,topic/security,METAVERSE,9
1716771592182,paho821701657978886,topic/occupancy,METAVERSE,5535
1716771592182,paho821701657741599,topic/security,METAVERSE,21
1716771592234,paho821701657741599,topic/security,METAVERSE,59
1716771592234,paho821701658342394,topic/maintenance,METAVERSE,311
1716771592287,paho821701658342394,topic/maintenance,METAVERSE,296
1716771592335,paho821701658342394,topic/maintenance,METAVERSE,272
1716771592342,paho821701657741599,topic/security,METAVERSE,3
1716771592382,paho821701658342394,topic/maintenance,METAVERSE,319
1716771592462,paho821701657027475,topic/g/lighting,METAVERSE,7
1716771592462,paho821701658169751,topic/g/lighting,METAVERSE,7
1716771592482,paho821701657978886,topic/occupancy,METAVERSE,5840
1716771592645,paho821701657027475,topic/g/rfid,METAVERSE,6
1716771592648,paho821701657978886,topic/queueing,METAVERSE,9
1716771592661,paho821701658169751,topic/b/lighting,METAVERSE,11
1716771592661,paho821701657027475,topic/b/lighting,METAVERSE,11
1716771592667,paho821701657027475,topic/e/rfid,METAVERSE,7
1716771592738,paho821701657978886,topic/queueing,METAVERSE,78
1716771592782,paho821701657978886,topic/occupancy,METAVERSE,5900
1716771592815,paho821701657741599,topic/security,METAVERSE,13
1716771592929,paho821701657027475,topic/c/lighting,METAVERSE,14
1716771592930,paho821701658169751,topic/c/lighting,METAVERSE,15
1716771592931,paho821701658342394,topic/maintenance,METAVERSE,376
1716771592988,paho821701657741599,topic/security,METAVERSE,13
1716771592994,paho821701657741599,topic/security,METAVERSE,7
1716771593034,paho821701657978886,topic/occupancy,METAVERSE,6007
1716771593066,paho821701657741599,topic/security,METAVERSE,16
1716771593112,paho821701657741599,topic/security,METAVERSE,13
1716771593186,paho821701657741599,topic/security,METAVERSE,11
1716771593234,paho821701657978886,topic/occupancy,METAVERSE,6107
1716771593292,paho821701657741599,topic/security,METAVERSE,9
1716771593296,paho821701657027475,topic/v/lighting,METAVERSE,69
1716771593296,paho821701658169751,topic/v/lighting,METAVERSE,69
1716771593331,paho821701657741599,topic/security,METAVERSE,43
1716771593372,paho821701657741599,topic/security,METAVERSE,99
1716771593484,paho821701657741599,topic/security,METAVERSE,133
1716771593533,paho821701657027475,topic/v/noise,METAVERSE,7
1716771593535,paho821701657741599,topic/security,METAVERSE,150
1716771593682,paho821701657978886,topic/occupancy,METAVERSE,6527
1716771593850,paho821701657027475,topic/b/noise,METAVERSE,23
1716771593855,paho821701657741599,topic/security,METAVERSE,37
1716771593880,paho821701657978886,topic/occupancy,METAVERSE,6653
1716771593948,paho821701657741599,topic/security,METAVERSE,53
1716771593980,paho821701658342394,topic/maintenance,METAVERSE,846
1716771593983,paho821701658342394,topic/maintenance,METAVERSE,743
1716771593985,paho821701657741599,topic/security,METAVERSE,9
1716771594034,paho821701658342394,topic/maintenance,METAVERSE,754
1716771594077,paho821701657027475,topic/s/noise,METAVERSE,18
1716771594150,paho821701657741599,topic/security,METAVERSE,16
1716771594209,paho821701657027475,topic/c/lighting,METAVERSE,28
1716771594210,paho821701658169751,topic/c/lighting,METAVERSE,29
1716771594226,paho821701657027475,topic/b/rfid,METAVERSE,37
1716771594234,paho821701658342394,topic/maintenance,METAVERSE,708
1716771594234,paho821701657978886,topic/queueing,METAVERSE,45
1716771594281,paho821701657741599,topic/security,METAVERSE,99
1716771594286,paho821701657741599,topic/security,METAVERSE,23
1716771594318,paho821701657027475,topic/b/noise,METAVERSE,11
1716771594335,paho821701658342394,topic/maintenance,METAVERSE,508
1716771594350,paho821701658169751,topic/e/lighting,METAVERSE,23
1716771594350,paho821701657027475,topic/e/lighting,METAVERSE,23
1716771594380,paho821701657741599,topic/security,METAVERSE,105
1716771594421,paho821701657027475,topic/g/noise,METAVERSE,6
1716771594423,paho821701657741599,topic/security,METAVERSE,116
1716771594423,paho821701657741599,topic/security,METAVERSE,83
1716771594430,paho821701658342394,topic/maintenance,METAVERSE,488
1716771594432,paho821701658342394,topic/maintenance,METAVERSE,395
1716771594483,paho821701657978886,topic/occupancy,METAVERSE,7168
1716771594483,paho821701657741599,topic/security,METAVERSE,24
1716771594532,paho821701657741599,topic/security,METAVERSE,71
1716771594533,paho821701658342394,topic/maintenance,METAVERSE,474
1716771594533,paho821701658342394,topic/maintenance,METAVERSE,382
1716771594533,paho821701658342394,topic/maintenance,METAVERSE,226
1716771594534,paho821701658342394,topic/maintenance,METAVERSE,119
1716771594571,paho821701657741599,topic/security,METAVERSE,8
1716771594587,paho821701657741599,topic/security,METAVERSE,8
1716771594603,paho821701658169751,topic/g/lighting,METAVERSE,7
1716771594603,paho821701657027475,topic/g/lighting,METAVERSE,7
1716771594731,paho821701658342394,topic/maintenance,METAVERSE,96
1716771594734,paho821701658169751,topic/b/lighting,METAVERSE,7
1716771594734,paho821701657027475,topic/b/lighting,METAVERSE,7
1716771594741,paho821701657027475,topic/c/noise,METAVERSE,7
1716771594783,paho821701658342394,topic/maintenance,METAVERSE,49
1716771594817,paho821701657741599,topic/security,METAVERSE,8
1716771594881,paho821701658342394,topic/maintenance,METAVERSE,142
1716771594911,paho821701658169751,topic/e/lighting,METAVERSE,10
1716771594911,paho821701657027475,topic/e/lighting,METAVERSE,10
1716771594932,paho821701657978886,topic/occupancy,METAVERSE,7285
1716771594935,paho821701657027475,topic/b/lighting,METAVERSE,7
1716771594937,paho821701658169751,topic/b/lighting,METAVERSE,9
1716771594984,paho821701658342394,topic/maintenance,METAVERSE,85
1716771594999,paho821701657027475,topic/b/lighting,METAVERSE,8
1716771594999,paho821701658169751,topic/b/lighting,METAVERSE,8
1716771595004,paho821701657741599,topic/security,METAVERSE,27
1716771595054,paho821701657741599,topic/security,METAVERSE,7
1716771595089,paho821701657027475,topic/b/noise,METAVERSE,70
1716771595107,paho821701657027475,topic/s/noise,METAVERSE,8
1716771595119,paho821701657741599,topic/security,METAVERSE,12
1716771595153,paho821701657741599,topic/security,METAVERSE,9
1716771595232,paho821701657978886,topic/occupancy,METAVERSE,7481
1716771595232,paho821701658342394,topic/maintenance,METAVERSE,213
1716771595232,paho821701658342394,topic/maintenance,METAVERSE,133
1716771595237,paho821701657741599,topic/security,METAVERSE,55
1716771595335,paho821701658342394,topic/maintenance,METAVERSE,96
1716771595369,paho821701658169751,topic/s/lighting,METAVERSE,9
1716771595369,paho821701657027475,topic/s/lighting,METAVERSE,9
1716771595403,paho821701657741599,topic/security,METAVERSE,12
1716771595480,paho821701657741599,topic/security,METAVERSE,86
1716771595531,paho821701657741599,topic/security,METAVERSE,214
1716771595532,paho821701657978886,topic/occupancy,METAVERSE,7457
1716771595581,paho821701657741599,topic/security,METAVERSE,191
1716771595658,paho821701657027475,topic/g/noise,METAVERSE,7
1716771595682,paho821701657978886,topic/occupancy,METAVERSE,7543
1716771595756,paho821701657027475,topic/v/rfid,METAVERSE,33
1716771595758,paho821701657978886,topic/queueing,METAVERSE,35
1716771595802,paho821701658169751,topic/d/lighting,METAVERSE,7
1716771595802,paho821701657027475,topic/d/lighting,METAVERSE,7
1716771595814,paho821701658169751,topic/d/lighting,METAVERSE,7
1716771595814,paho821701657027475,topic/d/lighting,METAVERSE,7
1716771595837,paho821701657027475,topic/d/noise,METAVERSE,30
1716771595847,paho821701657741599,topic/security,METAVERSE,36
1716771595886,paho821701657741599,topic/security,METAVERSE,10
1716771595897,paho821701657741599,topic/security,METAVERSE,30
1716771595929,paho821701658169751,topic/s/lighting,METAVERSE,34
1716771595929,paho821701657027475,topic/s/lighting,METAVERSE,34
1716771595933,paho821701658342394,topic/maintenance,METAVERSE,282
1716771595933,paho821701658342394,topic/maintenance,METAVERSE,126
1716771595981,paho821701657741599,topic/security,METAVERSE,14
1716771595995,paho821701657027475,topic/d/noise,METAVERSE,36
1716771596032,paho821701658342394,topic/maintenance,METAVERSE,90
1716771596032,paho821701657741599,topic/security,METAVERSE,48
1716771596083,paho821701658342394,topic/maintenance,METAVERSE,124
1716771596087,paho821701657741599,topic/security,METAVERSE,95
1716771596133,paho821701657978886,topic/occupancy,METAVERSE,7954
1716771596183,paho821701657741599,topic/security,METAVERSE,36
1716771596258,paho821701657027475,topic/d/rfid,METAVERSE,15
1716771596260,paho821701657978886,topic/queueing,METAVERSE,17
1716771596280,paho821701657741599,topic/security,METAVERSE,15
1716771596281,paho821701657978886,topic/occupancy,METAVERSE,8118
1716771596302,paho821701657741599,topic/security,METAVERSE,7
1716771596343,paho821701657741599,topic/security,METAVERSE,48
1716771596382,paho821701657741599,topic/security,METAVERSE,41
1716771596468,paho821701657741599,topic/security,METAVERSE,8
1716771596485,paho821701657978886,topic/occupancy,METAVERSE,8174
1716771596684,paho821701657978886,topic/occupancy,METAVERSE,8085
1716771596842,paho821701657741599,topic/security,METAVERSE,7
1716771596844,paho821701657027475,topic/b/noise,METAVERSE,9
1716771596880,paho821701658342394,topic/maintenance,METAVERSE,174
1716771596983,paho821701658342394,topic/maintenance,METAVERSE,200
1716771596990,paho821701657027475,topic/b/lighting,METAVERSE,24
1716771596991,paho821701658169751,topic/b/lighting,METAVERSE,25
1716771597011,paho821701657741599,topic/security,METAVERSE,8
1716771597025,paho821701657027475,topic/e/noise,METAVERSE,6
1716771597029,paho821701658342394,topic/maintenance,METAVERSE,194
1716771597033,paho821701658342394,topic/maintenance,METAVERSE,14
1716771597083,paho821701657978886,topic/occupancy,METAVERSE,8396
1716771597083,paho821701657741599,topic/security,METAVERSE,8
1716771597094,paho821701657741599,topic/security,METAVERSE,9
1716771597113,paho821701657027475,topic/e/noise,METAVERSE,10
1716771597135,paho821701657741599,topic/security,METAVERSE,48
1716771597180,paho821701658342394,topic/maintenance,METAVERSE,77
1716771597181,paho821701657741599,topic/security,METAVERSE,62
1716771597273,paho821701657741599,topic/security,METAVERSE,8
1716771597335,paho821701657741599,topic/security,METAVERSE,24
1716771597336,paho821701658342394,topic/maintenance,METAVERSE,93
1716771597408,paho821701657741599,topic/security,METAVERSE,9
1716771597435,paho821701657741599,topic/security,METAVERSE,32
1716771597462,paho821701657027475,topic/g/lighting,METAVERSE,6
1716771597462,paho821701658169751,topic/g/lighting,METAVERSE,6
1716771597483,paho821701657978886,topic/occupancy,METAVERSE,8599
1716771597532,paho821701657741599,topic/security,METAVERSE,61
1716771597575,paho821701657741599,topic/security,METAVERSE,68
1716771597603,paho821701657741599,topic/security,METAVERSE,8
1716771597668,paho821701657027475,topic/g/rfid,METAVERSE,9
1716771597670,paho821701657978886,topic/queueing,METAVERSE,11
1716771597733,paho821701657978886,topic/occupancy,METAVERSE,8678
1716771597745,paho821701657027475,topic/b/lighting,METAVERSE,6
1716771597745,paho821701658169751,topic/b/lighting,METAVERSE,6
1716771597776,paho821701657027475,topic/v/rfid,METAVERSE,21
1716771597778,paho821701657978886,topic/queueing,METAVERSE,23
1716771597825,paho821701657027475,topic/v/rfid,METAVERSE,29
1716771597826,paho821701657978886,topic/queueing,METAVERSE,30
1716771597871,paho821701657027475,topic/v/rfid,METAVERSE,35
1716771597872,paho821701657978886,topic/queueing,METAVERSE,36
1716771597882,paho821701657978886,topic/occupancy,METAVERSE,8710
1716771597918,paho821701657741599,topic/security,METAVERSE,7
1716771597963,paho821701657027475,topic/c/lighting,METAVERSE,7
1716771597964,paho821701658169751,topic/c/lighting,METAVERSE,8
1716771597982,paho821701658342394,topic/maintenance,METAVERSE,21
1716771598002,paho821701657741599,topic/security,METAVERSE,16
1716771598037,paho821701657741599,topic/security,METAVERSE,29
1716771598125,paho821701657741599,topic/security,METAVERSE,30
1716771598137,paho821701657741599,topic/security,METAVERSE,30
1716771598185,paho821701657741599,topic/security,METAVERSE,14
1716771598230,paho821701657978886,topic/occupancy,METAVERSE,8923
1716771598233,paho821701658342394,topic/maintenance,METAVERSE,226
1716771598281,paho821701658342394,topic/maintenance,METAVERSE,156
1716771598295,paho821701658169751,topic/v/lighting,METAVERSE,6
1716771598295,paho821701657027475,topic/v/lighting,METAVERSE,6
1716771598306,paho821701657741599,topic/security,METAVERSE,7
1716771598313,paho821701657741599,topic/security,METAVERSE,7
1716771598352,paho821701657741599,topic/security,METAVERSE,7
1716771598390,paho821701657027475,topic/s/rfid,METAVERSE,9
1716771598395,paho821701657978886,topic/queueing,METAVERSE,14
1716771598541,paho821701657027475,topic/v/noise,METAVERSE,6
1716771598631,paho821701657978886,topic/occupancy,METAVERSE,9127
1716771598631,paho821701658342394,topic/maintenance,METAVERSE,200
1716771598632,paho821701658342394,topic/maintenance,METAVERSE,163
1716771598767,paho821701657741599,topic/security,METAVERSE,8
1716771598780,paho821701658342394,topic/maintenance,METAVERSE,245
1716771598843,paho821701657741599,topic/security,METAVERSE,7
1716771598882,paho821701658342394,topic/maintenance,METAVERSE,255
1716771598883,paho821701657027475,topic/b/noise,METAVERSE,8
1716771599030,paho821701657741599,topic/security,METAVERSE,21
1716771599081,paho821701658342394,topic/maintenance,METAVERSE,432
1716771599082,paho821701657027475,topic/s/noise,METAVERSE,7
1716771599128,paho821701657741599,topic/security,METAVERSE,8
1716771599180,paho821701658342394,topic/maintenance,METAVERSE,455
1716771599181,paho821701657741599,topic/security,METAVERSE,43
1716771599242,paho821701657027475,topic/c/lighting,METAVERSE,7
1716771599243,paho821701658169751,topic/c/lighting,METAVERSE,8
1716771599322,paho821701657741599,topic/security,METAVERSE,11
1716771599349,paho821701657027475,topic/b/noise,METAVERSE,6
1716771599419,paho821701657741599,topic/security,METAVERSE,8
1716771599425,paho821701657741599,topic/security,METAVERSE,6
1716771599445,paho821701658169751,topic/e/lighting,METAVERSE,7
1716771599445,paho821701657027475,topic/e/lighting,METAVERSE,7
1716771599461,paho821701657027475,topic/g/noise,METAVERSE,21
1716771599480,paho821701658342394,topic/maintenance,METAVERSE,604
1716771599533,paho821701658342394,topic/maintenance,METAVERSE,658
1716771599533,paho821701658342394,topic/maintenance,METAVERSE,622
1716771599533,paho821701658342394,topic/maintenance,METAVERSE,550
1716771599584,paho821701658342394,topic/maintenance,METAVERSE,509
1716771599629,paho821701658169751,topic/g/lighting,METAVERSE,6
1716771599630,paho821701657027475,topic/g/lighting,METAVERSE,7
1716771599685,paho821701657978886,topic/occupancy,METAVERSE,10038
1716771599685,paho821701658342394,topic/maintenance,METAVERSE,485
1716771599730,paho821701658342394,topic/maintenance,METAVERSE,486
1716771599731,paho821701658342394,topic/maintenance,METAVERSE,500
1716771599749,paho821701657027475,topic/c/noise,METAVERSE,7
1716771599773,paho821701658169751,topic/b/lighting,METAVERSE,6
1716771599773,paho821701657027475,topic/b/lighting,METAVERSE,6
1716771599830,paho821701658342394,topic/maintenance,METAVERSE,518
1716771599857,paho821701657741599,topic/security,METAVERSE,9
1716771599871,paho821701658342394,topic/maintenance,METAVERSE,528
1716771599924,paho821701658169751,topic/e/lighting,METAVERSE,6
1716771599925,paho821701657027475,topic/e/lighting,METAVERSE,7
1716771599931,paho821701658342394,topic/maintenance,METAVERSE,491
1716771599931,paho821701658342394,topic/maintenance,METAVERSE,474
1716771599931,paho821701658342394,topic/maintenance,METAVERSE,271
1716771599941,paho821701657741599,topic/security,METAVERSE,10
1716771599953,paho821701658169751,topic/b/lighting,METAVERSE,6
1716771599954,paho821701657027475,topic/b/lighting,METAVERSE,7
1716771599983,paho821701657741599,topic/security,METAVERSE,17
1716771599999,paho821701658169751,topic/b/lighting,METAVERSE,7
1716771599999,paho821701657027475,topic/b/lighting,METAVERSE,7
1716771600032,paho821701658342394,topic/maintenance,METAVERSE,290
1716771600035,paho821701657741599,topic/security,METAVERSE,40
1716771600079,paho821701658342394,topic/maintenance,METAVERSE,143
1716771600082,paho821701657741599,topic/security,METAVERSE,55
1716771600117,paho821701657027475,topic/s/noise,METAVERSE,6
1716771600145,paho821701657027475,topic/b/noise,METAVERSE,22
1716771600180,paho821701658342394,topic/maintenance,METAVERSE,212
1716771600189,paho821701657741599,topic/security,METAVERSE,7
1716771600248,paho821701657741599,topic/security,METAVERSE,13
1716771600310,paho821701657027475,topic/d/rfid,METAVERSE,8
1716771600311,paho821701657978886,topic/queueing,METAVERSE,9
1716771600334,paho821701657741599,topic/security,METAVERSE,23
1716771600383,paho821701657741599,topic/security,METAVERSE,64
1716771600389,paho821701657027475,topic/s/lighting,METAVERSE,16
1716771600389,paho821701658169751,topic/s/lighting,METAVERSE,16
1716771600410,paho821701657741599,topic/security,METAVERSE,47
1716771600451,paho821701657741599,topic/security,METAVERSE,44
1716771600479,paho821701658342394,topic/maintenance,METAVERSE,456
1716771600497,paho821701657741599,topic/security,METAVERSE,14
1716771600531,paho821701658342394,topic/maintenance,METAVERSE,508
1716771600532,paho821701657741599,topic/security,METAVERSE,23
1716771600566,paho821701657027475,topic/c/rfid,METAVERSE,7
1716771600582,paho821701657978886,topic/queueing,METAVERSE,23
1716771600632,paho821701657741599,topic/security,METAVERSE,29
1716771600683,paho821701658342394,topic/maintenance,METAVERSE,639
1716771600683,paho821701657741599,topic/security,METAVERSE,60
1716771600691,paho821701657027475,topic/g/noise,METAVERSE,6
1716771600818,paho821701657027475,topic/d/lighting,METAVERSE,7
1716771600819,paho821701658169751,topic/d/lighting,METAVERSE,8
1716771600823,paho821701658169751,topic/d/lighting,METAVERSE,8
1716771600823,paho821701657027475,topic/d/lighting,METAVERSE,8
1716771600837,paho821701657978886,topic/occupancy,METAVERSE,11178
1716771600837,paho821701658342394,topic/maintenance,METAVERSE,726
1716771600870,paho821701657741599,topic/security,METAVERSE,25
1716771600879,paho821701658342394,topic/maintenance,METAVERSE,756
1716771600905,paho821701657027475,topic/d/noise,METAVERSE,26
1716771600907,paho821701657027475,topic/v/rfid,METAVERSE,34
1716771600909,paho821701657978886,topic/queueing,METAVERSE,36
1716771600931,paho821701657741599,topic/security,METAVERSE,17
1716771600980,paho821701658342394,topic/maintenance,METAVERSE,467
1716771600983,paho821701658169751,topic/s/lighting,METAVERSE,40
1716771600983,paho821701657027475,topic/s/lighting,METAVERSE,40
1716771601016,paho821701657027475,topic/d/noise,METAVERSE,6
1716771601038,paho821701657741599,topic/security,METAVERSE,7
1716771601141,paho821701657741599,topic/security,METAVERSE,8
1716771601184,paho821701657741599,topic/security,METAVERSE,37
1716771601184,paho821701658342394,topic/maintenance,METAVERSE,533
1716771601232,paho821701658342394,topic/maintenance,METAVERSE,547
1716771601343,paho821701657741599,topic/security,METAVERSE,8
1716771601380,paho821701658342394,topic/maintenance,METAVERSE,666
1716771601420,paho821701657027475,topic/s/rfid,METAVERSE,31
1716771601422,paho821701657978886,topic/queueing,METAVERSE,33
1716771601432,paho821701657741599,topic/security,METAVERSE,11
1716771601481,paho821701657741599,topic/security,METAVERSE,10
1716771601531,paho821701658342394,topic/maintenance,METAVERSE,784
1716771601571,paho821701658342394,topic/maintenance,METAVERSE,692
1716771601571,paho821701658342394,topic/maintenance,METAVERSE,672
1716771601631,paho821701658342394,topic/maintenance,METAVERSE,698
1716771601733,paho821701658342394,topic/maintenance,METAVERSE,723
1716771601780,paho821701658342394,topic/maintenance,METAVERSE,717
1716771601832,paho821701658342394,topic/maintenance,METAVERSE,661
1716771601852,paho821701658342394,topic/maintenance,METAVERSE,605
1716771601855,paho821701657027475,topic/b/noise,METAVERSE,8
1716771601933,paho821701658342394,topic/maintenance,METAVERSE,684
1716771601975,paho821701658342394,topic/maintenance,METAVERSE,586
1716771601975,paho821701658342394,topic/maintenance,METAVERSE,171
1716771601980,paho821701658342394,topic/maintenance,METAVERSE,133
1716771601984,paho821701658342394,topic/maintenance,METAVERSE,73
1716771602009,paho821701657741599,topic/security,METAVERSE,50
1716771602033,paho821701657741599,topic/security,METAVERSE,24
1716771602039,paho821701657741599,topic/security,METAVERSE,7
1716771602044,paho821701657027475,topic/e/noise,METAVERSE,11
1716771602061,paho821701657027475,topic/b/lighting,METAVERSE,6
1716771602061,paho821701658169751,topic/b/lighting,METAVERSE,6
1716771602079,paho821701658342394,topic/maintenance,METAVERSE,96
1716771602168,paho821701657027475,topic/e/noise,METAVERSE,17
1716771602194,paho821701657741599,topic/security,METAVERSE,7
1716771602281,paho821701658342394,topic/maintenance,METAVERSE,314
1716771602310,paho821701657741599,topic/security,METAVERSE,7
1716771602350,paho821701657741599,topic/security,METAVERSE,7
1716771602375,paho821701657741599,topic/security,METAVERSE,31
1716771602419,paho821701657741599,topic/security,METAVERSE,48
1716771602432,paho821701658342394,topic/maintenance,METAVERSE,435
1716771602469,paho821701657741599,topic/security,METAVERSE,8
1716771602483,paho821701657741599,topic/security,METAVERSE,14
1716771602527,paho821701658169751,topic/g/lighting,METAVERSE,12
1716771602528,paho821701657027475,topic/g/lighting,METAVERSE,13
1716771602534,paho821701658342394,topic/maintenance,METAVERSE,501
1716771602632,paho821701658342394,topic/maintenance,METAVERSE,481
1716771602635,paho821701658342394,topic/maintenance,METAVERSE,360
1716771602637,paho821701658342394,topic/maintenance,METAVERSE,150
1716771602733,paho821701658342394,topic/maintenance,METAVERSE,26
1716771602797,paho821701658169751,topic/b/lighting,METAVERSE,6
1716771602800,paho821701657027475,topic/b/lighting,METAVERSE,9
1716771602877,paho821701657741599,topic/security,METAVERSE,18
1716771602878,paho821701657741599,topic/security,METAVERSE,9
1716771602969,paho821701657027475,topic/c/lighting,METAVERSE,11
1716771602969,paho821701658169751,topic/c/lighting,METAVERSE,11
1716771603040,paho821701657741599,topic/security,METAVERSE,7
1716771603159,paho821701657741599,topic/security,METAVERSE,7
1716771603184,paho821701657741599,topic/security,METAVERSE,31
1716771603231,paho821701658342394,topic/maintenance,METAVERSE,95
1716771603305,paho821701657027475,topic/v/lighting,METAVERSE,6
1716771603306,paho821701658169751,topic/v/lighting,METAVERSE,7
1716771603377,paho821701657741599,topic/security,METAVERSE,18
1716771603379,paho821701658342394,topic/maintenance,METAVERSE,132
1716771603429,paho821701657741599,topic/security,METAVERSE,7
1716771603464,paho821701657027475,topic/s/rfid,METAVERSE,22
1716771603466,paho821701657978886,topic/queueing,METAVERSE,24
1716771603467,paho821701657741599,topic/security,METAVERSE,10
1716771603548,paho821701657027475,topic/v/noise,METAVERSE,6
1716771603583,paho821701657741599,topic/security,METAVERSE,111
1716771603587,paho821701658342394,topic/maintenance,METAVERSE,45
1716771603632,paho821701657741599,topic/security,METAVERSE,131
1716771603680,paho821701657741599,topic/security,METAVERSE,170
1716771603680,paho821701657741599,topic/security,METAVERSE,53
1716771603909,paho821701657027475,topic/b/noise,METAVERSE,6
1716771603934,paho821701658342394,topic/maintenance,METAVERSE,31
1716771604010,paho821701657741599,topic/security,METAVERSE,7
1716771604036,paho821701657741599,topic/security,METAVERSE,7
1716771604083,paho821701657741599,topic/security,METAVERSE,28
1716771604089,paho821701657027475,topic/s/noise,METAVERSE,6
1716771604134,paho821701658342394,topic/maintenance,METAVERSE,115
1716771604134,paho821701658342394,topic/maintenance,METAVERSE,51
1716771604201,paho821701657741599,topic/security,METAVERSE,6
1716771604234,paho821701658342394,topic/maintenance,METAVERSE,98
1716771604317,paho821701657027475,topic/c/lighting,METAVERSE,10
1716771604318,paho821701658169751,topic/c/lighting,METAVERSE,11
1716771604364,paho821701657741599,topic/security,METAVERSE,9
1716771604384,paho821701657741599,topic/security,METAVERSE,9
1716771604394,paho821701657027475,topic/b/noise,METAVERSE,17
1716771604427,paho821701657741599,topic/security,METAVERSE,50
1716771604449,paho821701658169751,topic/e/lighting,METAVERSE,6
1716771604449,paho821701657027475,topic/e/lighting,METAVERSE,6
1716771604484,paho821701657027475,topic/g/noise,METAVERSE,9
1716771604514,paho821701657741599,topic/security,METAVERSE,7
1716771604531,paho821701658342394,topic/maintenance,METAVERSE,154
1716771604639,paho821701657027475,topic/g/lighting,METAVERSE,8
1716771604639,paho821701658169751,topic/g/lighting,METAVERSE,8
1716771604769,paho821701657027475,topic/c/noise,METAVERSE,16
1716771604809,paho821701658169751,topic/b/lighting,METAVERSE,6
1716771604809,paho821701657027475,topic/b/lighting,METAVERSE,6
1716771604830,paho821701658342394,topic/maintenance,METAVERSE,355
1716771604830,paho821701658342394,topic/maintenance,METAVERSE,197
1716771604880,paho821701657741599,topic/security,METAVERSE,7
1716771604930,paho821701658342394,topic/maintenance,METAVERSE,280
1716771604932,paho821701658342394,topic/maintenance,METAVERSE,179
1716771604954,paho821701658169751,topic/b/lighting,METAVERSE,6
1716771604954,paho821701657027475,topic/b/lighting,METAVERSE,6
1716771604982,paho821701658169751,topic/e/lighting,METAVERSE,15
1716771604985,paho821701657027475,topic/e/lighting,METAVERSE,18
1716771604985,paho821701657741599,topic/security,METAVERSE,17
1716771605017,paho821701658169751,topic/b/lighting,METAVERSE,6
1716771605018,paho821701657027475,topic/b/lighting,METAVERSE,7
1716771605031,paho821701658342394,topic/maintenance,METAVERSE,134
1716771605118,paho821701657027475,topic/s/noise,METAVERSE,7
1716771605151,paho821701657741599,topic/security,METAVERSE,28
1716771605198,paho821701657741599,topic/security,METAVERSE,26
1716771605234,paho821701657741599,topic/security,METAVERSE,37
1716771605257,paho821701657027475,topic/b/noise,METAVERSE,75
1716771605380,paho821701658342394,topic/maintenance,METAVERSE,285
1716771605389,paho821701657741599,topic/security,METAVERSE,10
1716771605409,paho821701657027475,topic/s/lighting,METAVERSE,8
1716771605409,paho821701658169751,topic/s/lighting,METAVERSE,8
1716771605451,paho821701657741599,topic/security,METAVERSE,8
1716771605485,paho821701658342394,topic/maintenance,METAVERSE,374
1716771605507,paho821701657741599,topic/security,METAVERSE,8
1716771605532,paho821701658342394,topic/maintenance,METAVERSE,353
1716771605583,paho821701658342394,topic/maintenance,METAVERSE,401
1716771605632,paho821701658342394,topic/maintenance,METAVERSE,365
1716771605704,paho821701657027475,topic/g/noise,METAVERSE,13
1716771605732,paho821701658342394,topic/maintenance,METAVERSE,369
1716771605775,paho821701658342394,topic/maintenance,METAVERSE,126
1716771605825,paho821701657027475,topic/d/lighting,METAVERSE,6
1716771605826,paho821701658169751,topic/d/lighting,METAVERSE,7
1716771605859,paho821701658169751,topic/d/lighting,METAVERSE,8
1716771605859,paho821701657027475,topic/d/lighting,METAVERSE,8
1716771605882,paho821701658342394,topic/maintenance,METAVERSE,191
1716771605967,paho821701657741599,topic/security,METAVERSE,8
1716771606005,paho821701658169751,topic/s/lighting,METAVERSE,10
1716771606006,paho821701657027475,topic/s/lighting,METAVERSE,11
1716771606021,paho821701657027475,topic/d/noise,METAVERSE,10
1716771606025,paho821701657741599,topic/security,METAVERSE,9
1716771606033,paho821701657027475,topic/d/noise,METAVERSE,18
1716771606066,paho821701657741599,topic/security,METAVERSE,25
1716771606080,paho821701658342394,topic/maintenance,METAVERSE,69
1716771606123,paho821701657741599,topic/security,METAVERSE,10
1716771606130,paho821701657741599,topic/security,METAVERSE,15
1716771606180,paho821701657741599,topic/security,METAVERSE,22
1716771606233,paho821701658342394,topic/maintenance,METAVERSE,218
1716771606234,paho821701657741599,topic/security,METAVERSE,7
1716771606280,paho821701658342394,topic/maintenance,METAVERSE,242
1716771606299,paho821701657741599,topic/security,METAVERSE,12
1716771606391,paho821701657741599,topic/security,METAVERSE,10
1716771606414,paho821701657741599,topic/security,METAVERSE,7
1716771606482,paho821701657741599,topic/security,METAVERSE,67
1716771606534,paho821701658342394,topic/maintenance,METAVERSE,71
1716771606534,paho821701657741599,topic/security,METAVERSE,74
1716771606584,paho821701657741599,topic/security,METAVERSE,117
1716771606680,paho821701657741599,topic/security,METAVERSE,173
1716771606732,paho821701658342394,topic/maintenance,METAVERSE,97
1716771606736,paho821701657741599,topic/security,METAVERSE,202
1716771606780,paho821701657741599,topic/security,METAVERSE,152
1716771606887,paho821701657741599,topic/security,METAVERSE,13
1716771606906,paho821701657027475,topic/b/noise,METAVERSE,7
1716771606932,paho821701658342394,topic/maintenance,METAVERSE,273
1716771606933,paho821701658342394,topic/maintenance,METAVERSE,34
1716771607060,paho821701657027475,topic/e/noise,METAVERSE,20
1716771607113,paho821701657027475,topic/b/lighting,METAVERSE,22
1716771607113,paho821701658169751,topic/b/lighting,METAVERSE,22
1716771607133,paho821701658342394,topic/maintenance,METAVERSE,93
1716771607177,paho821701657741599,topic/security,METAVERSE,9
1716771607206,paho821701657027475,topic/e/noise,METAVERSE,13
1716771607218,paho821701657741599,topic/security,METAVERSE,7
1716771607281,paho821701657741599,topic/security,METAVERSE,42
1716771607332,paho821701658342394,topic/maintenance,METAVERSE,139
1716771607364,paho821701657741599,topic/security,METAVERSE,8
1716771607431,paho821701657741599,topic/security,METAVERSE,40
1716771607474,paho821701657741599,topic/security,METAVERSE,7
1716771607479,paho821701658342394,topic/maintenance,METAVERSE,208
1716771607496,paho821701657027475,topic/s/rfid,METAVERSE,30
1716771607499,paho821701657978886,topic/queueing,METAVERSE,33
1716771607535,paho821701657741599,topic/security,METAVERSE,34
1716771607543,paho821701657027475,topic/g/lighting,METAVERSE,8
1716771607543,paho821701658169751,topic/g/lighting,METAVERSE,8
1716771607751,paho821701657027475,topic/g/rfid,METAVERSE,12
1716771607752,paho821701657978886,topic/queueing,METAVERSE,13
1716771607836,paho821701658169751,topic/b/lighting,METAVERSE,9
1716771607840,paho821701657027475,topic/b/lighting,METAVERSE,13
1716771608020,paho821701658169751,topic/c/lighting,METAVERSE,7
1716771608020,paho821701657027475,topic/c/lighting,METAVERSE,7
1716771608034,paho821701657741599,topic/security,METAVERSE,7
1716771608067,paho821701657741599,topic/security,METAVERSE,8
1716771608180,paho821701658342394,topic/maintenance,METAVERSE,142
1716771608186,paho821701657741599,topic/security,METAVERSE,7
1716771608235,paho821701658342394,topic/maintenance,METAVERSE,12
1716771608242,paho821701657741599,topic/security,METAVERSE,11
1716771608326,paho821701658169751,topic/v/lighting,METAVERSE,7
1716771608326,paho821701657027475,topic/v/lighting,METAVERSE,7
1716771608416,paho821701657741599,topic/security,METAVERSE,8
1716771608441,paho821701657741599,topic/security,METAVERSE,25
1716771608482,paho821701657741599,topic/security,METAVERSE,11
1716771608502,paho821701657741599,topic/security,METAVERSE,7
1716771608569,paho821701657027475,topic/v/noise,METAVERSE,22
1716771608590,paho821701657027475,topic/c/rfid,METAVERSE,7
1716771608592,paho821701657978886,topic/queueing,METAVERSE,9
1716771608635,paho821701658342394,topic/maintenance,METAVERSE,88
1716771608768,paho821701657741599,topic/security,METAVERSE,9
1716771608882,paho821701658342394,topic/maintenance,METAVERSE,87
1716771608886,paho821701657741599,topic/security,METAVERSE,9
1716771608930,paho821701657027475,topic/b/noise,METAVERSE,7
1716771608934,paho821701657027475,topic/v/rfid,METAVERSE,18
1716771608982,paho821701657978886,topic/queueing,METAVERSE,66
1716771608982,paho821701658342394,topic/maintenance,METAVERSE,59
1716771608982,paho821701657741599,topic/security,METAVERSE,98
1716771609024,paho821701657978886,topic/occupancy,METAVERSE,19190
1716771609024,paho821701657978886,topic/occupancy,METAVERSE,18912
1716771609024,paho821701657978886,topic/occupancy,METAVERSE,18884
1716771609024,paho821701657978886,topic/occupancy,METAVERSE,18688
1716771609024,paho821701657978886,topic/occupancy,METAVERSE,18419
1716771609024,paho821701657978886,topic/occupancy,METAVERSE,18373
1716771609024,paho821701657978886,topic/occupancy,METAVERSE,18273
1716771609024,paho821701657978886,topic/occupancy,METAVERSE,18081
1716771609024,paho821701657978886,topic/occupancy,METAVERSE,17941
1716771609024,paho821701657978886,topic/occupancy,METAVERSE,17801
1716771609024,paho821701657978886,topic/occupancy,METAVERSE,17705
1716771609024,paho821701657978886,topic/occupancy,METAVERSE,17654
1716771609024,paho821701657978886,topic/occupancy,METAVERSE,17369
1716771609024,paho821701657978886,topic/occupancy,METAVERSE,17225
1716771609024,paho821701657978886,topic/occupancy,METAVERSE,17165
1716771609025,paho821701657978886,topic/occupancy,METAVERSE,16892
1716771609025,paho821701657978886,topic/occupancy,METAVERSE,16850
1716771609025,paho821701657978886,topic/occupancy,METAVERSE,16686
1716771609025,paho821701657978886,topic/occupancy,METAVERSE,16386
1716771609025,paho821701657978886,topic/occupancy,METAVERSE,16365
1716771609025,paho821701657978886,topic/occupancy,METAVERSE,16223
1716771609025,paho821701657978886,topic/occupancy,METAVERSE,16038
1716771609025,paho821701657978886,topic/occupancy,METAVERSE,15926
1716771609025,paho821701657978886,topic/occupancy,METAVERSE,15752
1716771609106,paho821701657027475,topic/s/noise,METAVERSE,7
1716771609134,paho821701657978886,topic/occupancy,METAVERSE,15749
1716771609183,paho821701658342394,topic/maintenance,METAVERSE,84
1716771609194,paho821701657741599,topic/security,METAVERSE,7
1716771609239,paho821701657741599,topic/security,METAVERSE,26
1716771609303,paho821701657741599,topic/security,METAVERSE,12
1716771609378,paho821701658169751,topic/c/lighting,METAVERSE,11
1716771609378,paho821701657027475,topic/c/lighting,METAVERSE,11
1716771609387,paho821701658342394,topic/maintenance,METAVERSE,72
1716771609438,paho821701657027475,topic/b/noise,METAVERSE,7
1716771609453,paho821701658169751,topic/e/lighting,METAVERSE,9
1716771609453,paho821701657027475,topic/e/lighting,METAVERSE,9
1716771609477,paho821701657741599,topic/security,METAVERSE,10
1716771609484,paho821701658342394,topic/maintenance,METAVERSE,53
1716771609506,paho821701657741599,topic/security,METAVERSE,7
1716771609525,paho821701657741599,topic/security,METAVERSE,8
1716771609537,paho821701657027475,topic/g/noise,METAVERSE,10
1716771609582,paho821701657741599,topic/security,METAVERSE,99
1716771609623,paho821701657741599,topic/security,METAVERSE,98
1716771609631,paho821701658342394,topic/maintenance,METAVERSE,104
1716771609680,paho821701657741599,topic/security,METAVERSE,212
1716771609680,paho821701657741599,topic/security,METAVERSE,129
1716771609686,paho821701658169751,topic/g/lighting,METAVERSE,7
1716771609686,paho821701657027475,topic/g/lighting,METAVERSE,7
1716771609706,paho821701657741599,topic/security,METAVERSE,27
1716771609835,paho821701658342394,topic/maintenance,METAVERSE,12
1716771609868,paho821701658169751,topic/b/lighting,METAVERSE,47
1716771609869,paho821701657027475,topic/b/lighting,METAVERSE,48
1716771609886,paho821701657027475,topic/c/noise,METAVERSE,30
1716771609894,paho821701657741599,topic/security,METAVERSE,16
1716771609935,paho821701658342394,topic/maintenance,METAVERSE,79
1716771609993,paho821701657027475,topic/b/lighting,METAVERSE,6
1716771609993,paho821701658169751,topic/b/lighting,METAVERSE,6
1716771610021,paho821701657741599,topic/security,METAVERSE,10
1716771610033,paho821701658342394,topic/maintenance,METAVERSE,139
1716771610047,paho821701657027475,topic/e/lighting,METAVERSE,8
1716771610047,paho821701658169751,topic/e/lighting,METAVERSE,8
1716771610047,paho821701657741599,topic/security,METAVERSE,14
1716771610050,paho821701658169751,topic/b/lighting,METAVERSE,9
1716771610050,paho821701657027475,topic/b/lighting,METAVERSE,9
1716771610086,paho821701657741599,topic/security,METAVERSE,7
1716771610129,paho821701657027475,topic/s/noise,METAVERSE,10
1716771610133,paho821701658342394,topic/maintenance,METAVERSE,90
1716771610182,paho821701657741599,topic/security,METAVERSE,11
1716771610233,paho821701657741599,topic/security,METAVERSE,10
1716771610280,paho821701658342394,topic/maintenance,METAVERSE,207
1716771610280,paho821701657741599,topic/security,METAVERSE,29
1716771610297,paho821701657027475,topic/b/noise,METAVERSE,14
1716771610380,paho821701658342394,topic/maintenance,METAVERSE,261
1716771610422,paho821701657027475,topic/s/lighting,METAVERSE,7
1716771610422,paho821701658169751,topic/s/lighting,METAVERSE,7
1716771610425,paho821701657741599,topic/security,METAVERSE,10
1716771610434,paho821701658342394,topic/maintenance,METAVERSE,280
1716771610480,paho821701658342394,topic/maintenance,METAVERSE,197
1716771610486,paho821701657741599,topic/security,METAVERSE,7
1716771610542,paho821701657741599,topic/security,METAVERSE,7
1716771610633,paho821701658342394,topic/maintenance,METAVERSE,82
1716771610813,paho821701657027475,topic/g/noise,METAVERSE,10
1716771610831,paho821701658169751,topic/d/lighting,METAVERSE,7
1716771610831,paho821701657027475,topic/d/lighting,METAVERSE,7
1716771610834,paho821701658342394,topic/maintenance,METAVERSE,118
1716771610864,paho821701658169751,topic/d/lighting,METAVERSE,7
1716771610864,paho821701657027475,topic/d/lighting,METAVERSE,7
1716771610880,paho821701658342394,topic/maintenance,METAVERSE,77
1716771610903,paho821701657741599,topic/security,METAVERSE,8
1716771610983,paho821701658342394,topic/maintenance,METAVERSE,175
1716771611010,paho821701657741599,topic/security,METAVERSE,17
1716771611032,paho821701657741599,topic/security,METAVERSE,33
1716771611053,paho821701657027475,topic/s/lighting,METAVERSE,49
1716771611054,paho821701658169751,topic/s/lighting,METAVERSE,50
1716771611081,paho821701657027475,topic/d/noise,METAVERSE,10
1716771611116,paho821701657027475,topic/d/noise,METAVERSE,38
1716771611133,paho821701658342394,topic/maintenance,METAVERSE,79
1716771611205,paho821701657741599,topic/security,METAVERSE,25
1716771611232,paho821701658342394,topic/maintenance,METAVERSE,161
1716771611233,paho821701657741599,topic/security,METAVERSE,16
1716771611233,paho821701658342394,topic/maintenance,METAVERSE,155
1716771611275,paho821701657741599,topic/security,METAVERSE,52
1716771611310,paho821701657741599,topic/security,METAVERSE,7
1716771611320,paho821701657027475,topic/d/rfid,METAVERSE,13
1716771611333,paho821701657978886,topic/queueing,METAVERSE,26
1716771611333,paho821701658342394,topic/maintenance,METAVERSE,122
1716771611479,paho821701658342394,topic/maintenance,METAVERSE,149
1716771611523,paho821701658342394,topic/maintenance,METAVERSE,104
1716771611536,paho821701657741599,topic/security,METAVERSE,10
1716771611542,paho821701657741599,topic/security,METAVERSE,13
1716771611587,paho821701657741599,topic/security,METAVERSE,51
1716771611630,paho821701658342394,topic/maintenance,METAVERSE,194
1716771611929,paho821701657027475,topic/b/noise,METAVERSE,6
1716771611936,paho821701658342394,topic/maintenance,METAVERSE,13
1716771612034,paho821701658342394,topic/maintenance,METAVERSE,79
1716771612062,paho821701657741599,topic/security,METAVERSE,10
1716771612098,paho821701657741599,topic/security,METAVERSE,8
1716771612100,paho821701657027475,topic/e/noise,METAVERSE,29
1716771612139,paho821701657027475,topic/b/lighting,METAVERSE,12
1716771612139,paho821701658169751,topic/b/lighting,METAVERSE,12
1716771612203,paho821701657741599,topic/security,METAVERSE,8
1716771612233,paho821701658342394,topic/maintenance,METAVERSE,182
1716771612246,paho821701657741599,topic/security,METAVERSE,7
1716771612278,paho821701657741599,topic/security,METAVERSE,7
1716771612280,paho821701658342394,topic/maintenance,METAVERSE,209
1716771612281,paho821701657027475,topic/e/noise,METAVERSE,36
1716771612334,paho821701658342394,topic/maintenance,METAVERSE,89
1716771612355,paho821701657741599,topic/security,METAVERSE,18
1716771612383,paho821701658342394,topic/maintenance,METAVERSE,68
1716771612383,paho821701657741599,topic/security,METAVERSE,16
1716771612432,paho821701657741599,topic/security,METAVERSE,12
1716771612490,paho821701657741599,topic/security,METAVERSE,19
1716771612550,paho821701657027475,topic/g/lighting,METAVERSE,7
1716771612550,paho821701658169751,topic/g/lighting,METAVERSE,7
1716771612587,paho821701657741599,topic/security,METAVERSE,105
1716771612635,paho821701657741599,topic/security,METAVERSE,108
1716771612684,paho821701657741599,topic/security,METAVERSE,189
1716771612731,paho821701658342394,topic/maintenance,METAVERSE,12
1716771612780,paho821701657741599,topic/security,METAVERSE,209
1716771612836,paho821701657741599,topic/security,METAVERSE,280
1716771612836,paho821701657741599,topic/security,METAVERSE,207
1716771612836,paho821701657741599,topic/security,METAVERSE,109
1716771612888,paho821701657027475,topic/b/lighting,METAVERSE,21
1716771612888,paho821701658169751,topic/b/lighting,METAVERSE,21
1716771612935,paho821701657741599,topic/security,METAVERSE,38
1716771613065,paho821701658169751,topic/c/lighting,METAVERSE,24
1716771613066,paho821701657027475,topic/c/lighting,METAVERSE,25
1716771613081,paho821701658342394,topic/maintenance,METAVERSE,15
1716771613241,paho821701657741599,topic/security,METAVERSE,22
1716771613247,paho821701657741599,topic/security,METAVERSE,8
1716771613352,paho821701657027475,topic/v/lighting,METAVERSE,7
1716771613352,paho821701658169751,topic/v/lighting,METAVERSE,7
1716771613381,paho821701657741599,topic/security,METAVERSE,42
1716771613534,paho821701658342394,topic/maintenance,METAVERSE,175
1716771613537,paho821701657741599,topic/security,METAVERSE,10
1716771613571,paho821701657741599,topic/security,METAVERSE,12
1716771613573,paho821701657027475,topic/v/noise,METAVERSE,9
1716771613584,paho821701658342394,topic/maintenance,METAVERSE,20
1716771613591,paho821701657741599,topic/security,METAVERSE,8
1716771613967,paho821701657027475,topic/b/noise,METAVERSE,20
1716771613993,paho821701657027475,topic/v/rfid,METAVERSE,26
1716771613995,paho821701657978886,topic/queueing,METAVERSE,28
1716771614079,paho821701657741599,topic/security,METAVERSE,8
1716771614110,paho821701657741599,topic/security,METAVERSE,8
1716771614129,paho821701657027475,topic/s/noise,METAVERSE,6
1716771614131,paho821701658342394,topic/maintenance,METAVERSE,184
1716771614230,paho821701658342394,topic/maintenance,METAVERSE,107
1716771614262,paho821701657741599,topic/security,METAVERSE,7
1716771614271,paho821701658342394,topic/maintenance,METAVERSE,184
1716771614294,paho821701657741599,topic/security,METAVERSE,7
1716771614422,paho821701658169751,topic/c/lighting,METAVERSE,11
1716771614422,paho821701657027475,topic/c/lighting,METAVERSE,11
1716771614428,paho821701657741599,topic/security,METAVERSE,8
1716771614461,paho821701658169751,topic/e/lighting,METAVERSE,6
1716771614462,paho821701657027475,topic/e/lighting,METAVERSE,7
1716771614499,paho821701657741599,topic/security,METAVERSE,8
1716771614525,paho821701657027475,topic/b/noise,METAVERSE,6
1716771614535,paho821701658342394,topic/maintenance,METAVERSE,16
1716771614565,paho821701657027475,topic/g/noise,METAVERSE,7
1716771614611,paho821701657741599,topic/security,METAVERSE,8
1716771614635,paho821701657741599,topic/security,METAVERSE,8
1716771614680,paho821701658342394,topic/maintenance,METAVERSE,122
1716771614717,paho821701658169751,topic/g/lighting,METAVERSE,14
1716771614717,paho821701657027475,topic/g/lighting,METAVERSE,14
1716771614872,paho821701658169751,topic/b/lighting,METAVERSE,9
1716771614872,paho821701657027475,topic/b/lighting,METAVERSE,9
1716771614885,paho821701658342394,topic/maintenance,METAVERSE,38
1716771614929,paho821701657027475,topic/c/noise,METAVERSE,6
1716771614938,paho821701657741599,topic/security,METAVERSE,8
1716771614988,paho821701658342394,topic/maintenance,METAVERSE,94
1716771615030,paho821701657027475,topic/b/lighting,METAVERSE,37
1716771615030,paho821701658169751,topic/b/lighting,METAVERSE,37
1716771615048,paho821701657027475,topic/b/lighting,METAVERSE,6
1716771615049,paho821701658169751,topic/b/lighting,METAVERSE,7
1716771615140,paho821701657027475,topic/s/noise,METAVERSE,7
1716771615146,paho821701658169751,topic/e/lighting,METAVERSE,43
1716771615147,paho821701657027475,topic/e/lighting,METAVERSE,44
1716771615235,paho821701658342394,topic/maintenance,METAVERSE,312
1716771615236,paho821701658342394,topic/maintenance,METAVERSE,157
1716771615250,paho821701657741599,topic/security,METAVERSE,7
1716771615283,paho821701657741599,topic/security,METAVERSE,27
1716771615283,paho821701658342394,topic/maintenance,METAVERSE,150
1716771615347,paho821701657027475,topic/b/noise,METAVERSE,12
1716771615378,paho821701657741599,topic/security,METAVERSE,7
1716771615384,paho821701658342394,topic/maintenance,METAVERSE,49
1716771615438,paho821701658169751,topic/s/lighting,METAVERSE,15
1716771615443,paho821701657027475,topic/s/lighting,METAVERSE,20
1716771615538,paho821701657741599,topic/security,METAVERSE,7
1716771615548,paho821701657741599,topic/security,METAVERSE,20
1716771615581,paho821701657741599,topic/security,METAVERSE,16
1716771615581,paho821701658342394,topic/maintenance,METAVERSE,162
1716771615602,paho821701657741599,topic/security,METAVERSE,7
1716771615634,paho821701657741599,topic/security,METAVERSE,23
1716771615681,paho821701657741599,topic/security,METAVERSE,86
1716771615766,paho821701657741599,topic/security,METAVERSE,7
1716771615778,paho821701657027475,topic/g/rfid,METAVERSE,7
1716771615782,paho821701657978886,topic/queueing,METAVERSE,11
1716771615838,paho821701658169751,topic/d/lighting,METAVERSE,7
1716771615838,paho821701657027475,topic/d/lighting,METAVERSE,7
1716771615855,paho821701657027475,topic/g/noise,METAVERSE,17
1716771615866,paho821701657027475,topic/d/lighting,METAVERSE,6
1716771615866,paho821701658169751,topic/d/lighting,METAVERSE,6
1716771615981,paho821701658342394,topic/maintenance,METAVERSE,143
1716771615984,paho821701658342394,topic/maintenance,METAVERSE,37
1716771616062,paho821701657741599,topic/security,METAVERSE,19
1716771616086,paho821701658342394,topic/maintenance,METAVERSE,8
1716771616087,paho821701657027475,topic/d/noise,METAVERSE,9
1716771616097,paho821701657741599,topic/security,METAVERSE,11
1716771616146,paho821701658169751,topic/s/lighting,METAVERSE,7
1716771616146,paho821701657027475,topic/s/lighting,METAVERSE,7
1716771616167,paho821701658342394,topic/maintenance,METAVERSE,9
1716771616193,paho821701657027475,topic/d/noise,METAVERSE,34
1716771616230,paho821701658342394,topic/maintenance,METAVERSE,67
1716771616234,paho821701657741599,topic/security,METAVERSE,113
1716771616280,paho821701658342394,topic/maintenance,METAVERSE,121
1716771616286,paho821701657741599,topic/security,METAVERSE,15
1716771616381,paho821701657741599,topic/security,METAVERSE,78
1716771616430,paho821701657741599,topic/security,METAVERSE,7
1716771616432,paho821701658342394,topic/maintenance,METAVERSE,205
1716771616510,paho821701657741599,topic/security,METAVERSE,7
1716771616632,paho821701657741599,topic/security,METAVERSE,9
1716771616881,paho821701658342394,topic/maintenance,METAVERSE,94
1716771616888,paho821701657741599,topic/security,METAVERSE,10
1716771616938,paho821701657741599,topic/security,METAVERSE,7
1716771616941,paho821701658342394,topic/maintenance,METAVERSE,10
1716771616943,paho821701657027475,topic/b/noise,METAVERSE,12
1716771617023,paho821701657027475,topic/v/rfid,METAVERSE,7
1716771617025,paho821701657978886,topic/queueing,METAVERSE,9
1716771617121,paho821701657027475,topic/e/noise,METAVERSE,22
1716771617201,paho821701657027475,topic/b/lighting,METAVERSE,34
1716771617202,paho821701658169751,topic/b/lighting,METAVERSE,35
1716771617232,paho821701658342394,topic/maintenance,METAVERSE,133
1716771617251,paho821701657741599,topic/security,METAVERSE,28
1716771617258,paho821701657741599,topic/security,METAVERSE,7
1716771617293,paho821701657027475,topic/e/noise,METAVERSE,10
1716771617296,paho821701657741599,topic/security,METAVERSE,9
1716771617335,paho821701658342394,topic/maintenance,METAVERSE,52
1716771617411,paho821701657741599,topic/security,METAVERSE,8
1716771617535,paho821701658342394,topic/maintenance,METAVERSE,112
1716771617549,paho821701657027475,topic/s/rfid,METAVERSE,14
1716771617550,paho821701657978886,topic/queueing,METAVERSE,15
1716771617567,paho821701657741599,topic/security,METAVERSE,7
1716771617571,paho821701657027475,topic/g/lighting,METAVERSE,8
1716771617571,paho821701658169751,topic/g/lighting,METAVERSE,8
1716771617631,paho821701657741599,topic/security,METAVERSE,56
1716771617633,paho821701658342394,topic/maintenance,METAVERSE,190
1716771617662,paho821701657741599,topic/security,METAVERSE,7
1716771617736,paho821701658342394,topic/maintenance,METAVERSE,57
1716771617853,paho821701657027475,topic/g/rfid,METAVERSE,30
1716771617854,paho821701657978886,topic/queueing,METAVERSE,31
1716771617874,paho821701657027475,topic/g/rfid,METAVERSE,21
1716771617883,paho821701657978886,topic/queueing,METAVERSE,30
1716771617941,paho821701658169751,topic/b/lighting,METAVERSE,30
1716771617941,paho821701657027475,topic/b/lighting,METAVERSE,30
1716771618122,paho821701657741599,topic/security,METAVERSE,7
1716771618143,paho821701657027475,topic/c/lighting,METAVERSE,6
1716771618144,paho821701658169751,topic/c/lighting,METAVERSE,7
1716771618150,paho821701657741599,topic/security,METAVERSE,12
1716771618231,paho821701658342394,topic/maintenance,METAVERSE,133
1716771618323,paho821701657741599,topic/security,METAVERSE,16
1716771618325,paho821701657741599,topic/security,METAVERSE,18
1716771618362,paho821701658169751,topic/v/lighting,METAVERSE,7
1716771618362,paho821701657027475,topic/v/lighting,METAVERSE,7
1716771618385,paho821701658342394,topic/maintenance,METAVERSE,190
1716771618450,paho821701657741599,topic/security,METAVERSE,7
1716771618522,paho821701657741599,topic/security,METAVERSE,7
1716771618571,paho821701657027475,topic/v/noise,METAVERSE,7
1716771618633,paho821701658342394,topic/maintenance,METAVERSE,170
1716771618634,paho821701657741599,topic/security,METAVERSE,112
1716771618634,paho821701658342394,topic/maintenance,METAVERSE,118
1716771618730,paho821701657741599,topic/security,METAVERSE,179
1716771618731,paho821701658342394,topic/maintenance,METAVERSE,209
1716771618751,paho821701658342394,topic/maintenance,METAVERSE,187
1716771618835,paho821701657741599,topic/security,METAVERSE,272
1716771618932,paho821701657741599,topic/security,METAVERSE,336
1716771618949,paho821701657741599,topic/security,METAVERSE,348
1716771618949,paho821701657741599,topic/security,METAVERSE,277
1716771618991,paho821701657741599,topic/security,METAVERSE,231
1716771619013,paho821701657027475,topic/b/noise,METAVERSE,26
1716771619031,paho821701657741599,topic/security,METAVERSE,200
1716771619036,paho821701658342394,topic/maintenance,METAVERSE,385
1716771619075,paho821701657741599,topic/security,METAVERSE,130
1716771619132,paho821701657741599,topic/security,METAVERSE,119
1716771619132,paho821701657741599,topic/security,METAVERSE,111
1716771619134,paho821701657027475,topic/s/noise,METAVERSE,7
1716771619231,paho821701658342394,topic/maintenance,METAVERSE,511
1716771619271,paho821701658342394,topic/maintenance,METAVERSE,513
1716771619271,paho821701658342394,topic/maintenance,METAVERSE,387
1716771619285,paho821701657741599,topic/security,METAVERSE,10
1716771619327,paho821701657741599,topic/security,METAVERSE,8
1716771619332,paho821701658342394,topic/maintenance,METAVERSE,337
1716771619401,paho821701657027475,topic/d/rfid,METAVERSE,38
1716771619403,paho821701657978886,topic/queueing,METAVERSE,40
1716771619430,paho821701658342394,topic/maintenance,METAVERSE,443
1716771619431,paho821701658342394,topic/maintenance,METAVERSE,392
1716771619466,paho821701657741599,topic/security,METAVERSE,19
1716771619482,paho821701657027475,topic/e/lighting,METAVERSE,7
1716771619482,paho821701658342394,topic/maintenance,METAVERSE,355
1716771619482,paho821701658169751,topic/e/lighting,METAVERSE,7
1716771619483,paho821701658342394,topic/maintenance,METAVERSE,266
1716771619517,paho821701657027475,topic/c/lighting,METAVERSE,54
1716771619517,paho821701658169751,topic/c/lighting,METAVERSE,54
1716771619532,paho821701658342394,topic/maintenance,METAVERSE,229
1716771619549,paho821701657027475,topic/b/noise,METAVERSE,7
1716771619589,paho821701657027475,topic/s/rfid,METAVERSE,18
1716771619589,paho821701657978886,topic/queueing,METAVERSE,18
1716771619597,paho821701657027475,topic/g/noise,METAVERSE,13
1716771619633,paho821701657741599,topic/security,METAVERSE,50
1716771619635,paho821701657741599,topic/security,METAVERSE,51
1716771619682,paho821701657741599,topic/security,METAVERSE,9
1716771619725,paho821701658169751,topic/g/lighting,METAVERSE,6
1716771619726,paho821701657027475,topic/g/lighting,METAVERSE,7
1716771619889,paho821701658169751,topic/b/lighting,METAVERSE,6
1716771619890,paho821701657027475,topic/b/lighting,METAVERSE,7
1716771619912,paho821701657741599,topic/security,METAVERSE,13
1716771619937,paho821701657027475,topic/c/noise,METAVERSE,6
1716771619982,paho821701658342394,topic/maintenance,METAVERSE,513
1716771620023,paho821701658342394,topic/maintenance,METAVERSE,488
1716771620027,paho821701657741599,topic/security,METAVERSE,8
1716771620041,paho821701657027475,topic/b/lighting,METAVERSE,14
1716771620041,paho821701658169751,topic/b/lighting,METAVERSE,14
1716771620065,paho821701657027475,topic/b/lighting,METAVERSE,6
1716771620065,paho821701658169751,topic/b/lighting,METAVERSE,6
1716771620126,paho821701657741599,topic/security,METAVERSE,7
1716771620135,paho821701658342394,topic/maintenance,METAVERSE,593
1716771620150,paho821701657027475,topic/s/noise,METAVERSE,15
1716771620162,paho821701657741599,topic/security,METAVERSE,18
1716771620180,paho821701658342394,topic/maintenance,METAVERSE,596
1716771620221,paho821701658169751,topic/e/lighting,METAVERSE,36
1716771620221,paho821701657027475,topic/e/lighting,METAVERSE,36
1716771620328,paho821701657741599,topic/security,METAVERSE,8
1716771620332,paho821701658342394,topic/maintenance,METAVERSE,669
1716771620335,paho821701657741599,topic/security,METAVERSE,15
1716771620357,paho821701657027475,topic/b/noise,METAVERSE,6
1716771620382,paho821701657741599,topic/security,METAVERSE,15
1716771620431,paho821701657741599,topic/security,METAVERSE,44
1716771620463,paho821701657741599,topic/security,METAVERSE,7
1716771620502,paho821701658169751,topic/s/lighting,METAVERSE,7
1716771620502,paho821701657027475,topic/s/lighting,METAVERSE,7
1716771620570,paho821701657741599,topic/security,METAVERSE,7
1716771620579,paho821701658342394,topic/maintenance,METAVERSE,648
1716771620593,paho821701657027475,topic/s/rfid,METAVERSE,6
1716771620594,paho821701657978886,topic/queueing,METAVERSE,7
1716771620623,paho821701658342394,topic/maintenance,METAVERSE,676
1716771620687,paho821701657741599,topic/security,METAVERSE,12
1716771620688,paho821701658342394,topic/maintenance,METAVERSE,736
1716771620854,paho821701657027475,topic/d/lighting,METAVERSE,7
1716771620854,paho821701658169751,topic/d/lighting,METAVERSE,7
1716771620880,paho821701658342394,topic/maintenance,METAVERSE,855
1716771620881,paho821701658342394,topic/maintenance,METAVERSE,801
1716771620893,paho821701657027475,topic/d/lighting,METAVERSE,29
1716771620893,paho821701658169751,topic/d/lighting,METAVERSE,29
1716771620907,paho821701657027475,topic/g/noise,METAVERSE,36
1716771620966,paho821701657741599,topic/security,METAVERSE,7
1716771621081,paho821701657741599,topic/security,METAVERSE,10
1716771621083,paho821701658342394,topic/maintenance,METAVERSE,948
1716771621121,paho821701657027475,topic/d/noise,METAVERSE,8
1716771621157,paho821701657027475,topic/s/lighting,METAVERSE,6
1716771621158,paho821701658169751,topic/s/lighting,METAVERSE,7
1716771621239,paho821701657027475,topic/d/noise,METAVERSE,6
1716771621301,paho821701657741599,topic/security,METAVERSE,10
1716771621331,paho821701657741599,topic/security,METAVERSE,11
1716771621483,paho821701658342394,topic/maintenance,METAVERSE,1272
1716771621532,paho821701658342394,topic/maintenance,METAVERSE,1181
1716771621549,paho821701657741599,topic/security,METAVERSE,8
1716771621582,paho821701658342394,topic/maintenance,METAVERSE,1039
1716771621586,paho821701657741599,topic/security,METAVERSE,23
1716771621601,paho821701657027475,topic/s/rfid,METAVERSE,6
1716771621730,paho821701657978886,topic/queueing,METAVERSE,135
1716771621735,paho821701658342394,topic/maintenance,METAVERSE,975
1716771621779,paho821701657741599,topic/security,METAVERSE,176
1716771621823,paho821701657741599,topic/security,METAVERSE,216
1716771621823,paho821701657741599,topic/security,METAVERSE,214
1716771621833,paho821701657741599,topic/security,METAVERSE,222
1716771621833,paho821701657741599,topic/security,METAVERSE,158
1716771621862,paho821701657741599,topic/security,METAVERSE,7
1716771621930,paho821701657741599,topic/security,METAVERSE,11
1716771621930,paho821701658342394,topic/maintenance,METAVERSE,1043
1716771621942,paho821701657027475,topic/b/noise,METAVERSE,7
1716771621985,paho821701658342394,topic/maintenance,METAVERSE,1114
1716771622033,paho821701658342394,topic/maintenance,METAVERSE,1075
1716771622125,paho821701657027475,topic/e/noise,METAVERSE,6
1716771622165,paho821701657741599,topic/security,METAVERSE,22
1716771622191,paho821701657741599,topic/security,METAVERSE,8
1716771622234,paho821701658342394,topic/maintenance,METAVERSE,1351
1716771622238,paho821701657027475,topic/b/lighting,METAVERSE,30
1716771622239,paho821701658169751,topic/b/lighting,METAVERSE,31
1716771622305,paho821701657027475,topic/e/noise,METAVERSE,14
1716771622329,paho821701657741599,topic/security,METAVERSE,8
1716771622329,paho821701658342394,topic/maintenance,METAVERSE,1367
1716771622332,paho821701657741599,topic/security,METAVERSE,11
1716771622383,paho821701657741599,topic/security,METAVERSE,8
1716771622478,paho821701657741599,topic/security,METAVERSE,7
1716771622532,paho821701658342394,topic/maintenance,METAVERSE,1539
1716771622591,paho821701657741599,topic/security,METAVERSE,8
1716771622618,paho821701658169751,topic/g/lighting,METAVERSE,11
1716771622619,paho821701657027475,topic/g/lighting,METAVERSE,12
1716771622632,paho821701658342394,topic/maintenance,METAVERSE,1519
1716771622632,paho821701658342394,topic/maintenance,METAVERSE,1499
1716771622690,paho821701657741599,topic/security,METAVERSE,8
1716771622733,paho821701658342394,topic/maintenance,METAVERSE,1520
1716771622833,paho821701658342394,topic/maintenance,METAVERSE,1600
1716771622932,paho821701658342394,topic/maintenance,METAVERSE,1680
1716771622950,paho821701658169751,topic/b/lighting,METAVERSE,7
1716771622950,paho821701657027475,topic/b/lighting,METAVERSE,7
1716771622983,paho821701658342394,topic/maintenance,METAVERSE,1496
1716771622986,paho821701657741599,topic/security,METAVERSE,7
1716771623032,paho821701658342394,topic/maintenance,METAVERSE,1533
1716771623180,paho821701658342394,topic/maintenance,METAVERSE,1245
1716771623213,paho821701658169751,topic/c/lighting,METAVERSE,14
1716771623214,paho821701657027475,topic/c/lighting,METAVERSE,15
1716771623236,paho821701658342394,topic/maintenance,METAVERSE,1217
1716771623280,paho821701658342394,topic/maintenance,METAVERSE,1235
1716771623317,paho821701657741599,topic/security,METAVERSE,14
1716771623336,paho821701657741599,topic/security,METAVERSE,9
1716771623364,paho821701657027475,topic/v/lighting,METAVERSE,9
1716771623365,paho821701658169751,topic/v/lighting,METAVERSE,10
1716771623379,paho821701658342394,topic/maintenance,METAVERSE,1260
1716771623380,paho821701658342394,topic/maintenance,METAVERSE,1183
1716771623423,paho821701657741599,topic/security,METAVERSE,8
1716771623432,paho821701658342394,topic/maintenance,METAVERSE,1201
1716771623532,paho821701658342394,topic/maintenance,METAVERSE,1241
1716771623550,paho821701657741599,topic/security,METAVERSE,7
1716771623574,paho821701657027475,topic/v/noise,METAVERSE,6
1716771623635,paho821701658342394,topic/maintenance,METAVERSE,1309
1716771623636,paho821701657741599,topic/security,METAVERSE,8
1716771623638,paho821701657741599,topic/security,METAVERSE,9
1716771623702,paho821701657741599,topic/security,METAVERSE,7
1716771623732,paho821701658342394,topic/maintenance,METAVERSE,1141
1716771623735,paho821701657741599,topic/security,METAVERSE,12
1716771623836,paho821701658342394,topic/maintenance,METAVERSE,982
1716771623882,paho821701658342394,topic/maintenance,METAVERSE,871
1716771623980,paho821701658342394,topic/maintenance,METAVERSE,796
1716771623980,paho821701658342394,topic/maintenance,METAVERSE,521
1716771624045,paho821701657027475,topic/v/rfid,METAVERSE,10
1716771624046,paho821701657978886,topic/queueing,METAVERSE,11
1716771624049,paho821701657027475,topic/v/rfid,METAVERSE,10
1716771624069,paho821701657027475,topic/b/noise,METAVERSE,42
1716771624081,paho821701657978886,topic/queueing,METAVERSE,42
1716771624132,paho821701658342394,topic/maintenance,METAVERSE,645
1716771624149,paho821701657027475,topic/s/noise,METAVERSE,6
1716771624199,paho821701657741599,topic/security,METAVERSE,8
1716771624219,paho821701657978886,topic/occupancy,METAVERSE,30401
1716771624219,paho821701657978886,topic/occupancy,METAVERSE,30324
1716771624219,paho821701657978886,topic/occupancy,METAVERSE,30085
1716771624219,paho821701657978886,topic/occupancy,METAVERSE,30030
1716771624219,paho821701657978886,topic/occupancy,METAVERSE,29956
1716771624219,paho821701657978886,topic/occupancy,METAVERSE,29879
1716771624219,paho821701657978886,topic/occupancy,METAVERSE,29410
1716771624219,paho821701657978886,topic/occupancy,METAVERSE,29172
1716771624219,paho821701657978886,topic/occupancy,METAVERSE,29112
1716771624219,paho821701657978886,topic/occupancy,METAVERSE,28828
1716771624219,paho821701657978886,topic/occupancy,METAVERSE,28902
1716771624220,paho821701657978886,topic/occupancy,METAVERSE,28497
1716771624220,paho821701657978886,topic/occupancy,METAVERSE,28353
1716771624220,paho821701657978886,topic/occupancy,METAVERSE,28236
1716771624220,paho821701657978886,topic/occupancy,METAVERSE,28073
1716771624220,paho821701657978886,topic/occupancy,METAVERSE,27977
1716771624220,paho821701657978886,topic/occupancy,METAVERSE,27925
1716771624220,paho821701657978886,topic/occupancy,METAVERSE,27879
1716771624220,paho821701657978886,topic/occupancy,METAVERSE,27385
1716771624220,paho821701657978886,topic/occupancy,METAVERSE,27145
1716771624220,paho821701657978886,topic/occupancy,METAVERSE,27101
1716771624220,paho821701657978886,topic/occupancy,METAVERSE,26821
1716771624220,paho821701657978886,topic/occupancy,METAVERSE,26817
1716771624220,paho821701657978886,topic/occupancy,METAVERSE,26561
1716771624220,paho821701657978886,topic/occupancy,METAVERSE,26465
1716771624220,paho821701657978886,topic/occupancy,METAVERSE,26424
1716771624220,paho821701657978886,topic/occupancy,METAVERSE,26384
1716771624220,paho821701657978886,topic/occupancy,METAVERSE,26309
1716771624220,paho821701657978886,topic/occupancy,METAVERSE,26234
1716771624220,paho821701657978886,topic/occupancy,METAVERSE,26049
1716771624220,paho821701657978886,topic/occupancy,METAVERSE,25914
1716771624220,paho821701657978886,topic/occupancy,METAVERSE,25875
1716771624220,paho821701657978886,topic/occupancy,METAVERSE,25839
1716771624220,paho821701657978886,topic/occupancy,METAVERSE,25384
1716771624220,paho821701657978886,topic/occupancy,METAVERSE,25100
1716771624220,paho821701657978886,topic/occupancy,METAVERSE,25082
1716771624220,paho821701657978886,topic/occupancy,METAVERSE,24809
1716771624220,paho821701657978886,topic/occupancy,METAVERSE,24801
1716771624237,paho821701657741599,topic/security,METAVERSE,38
1716771624336,paho821701658342394,topic/maintenance,METAVERSE,768
1716771624336,paho821701657741599,topic/security,METAVERSE,9
1716771624375,paho821701658342394,topic/maintenance,METAVERSE,348
1716771624381,paho821701657741599,topic/security,METAVERSE,54
1716771624432,paho821701658342394,topic/maintenance,METAVERSE,289
1716771624432,paho821701658342394,topic/maintenance,METAVERSE,160
1716771624484,paho821701657027475,topic/e/lighting,METAVERSE,9
1716771624484,paho821701658169751,topic/e/lighting,METAVERSE,9
1716771624488,paho821701657741599,topic/security,METAVERSE,12
1716771624531,paho821701657027475,topic/c/lighting,METAVERSE,7
1716771624531,paho821701658169751,topic/c/lighting,METAVERSE,7
1716771624535,paho821701657741599,topic/security,METAVERSE,12
1716771624557,paho821701657027475,topic/b/noise,METAVERSE,6
1716771624595,paho821701657741599,topic/security,METAVERSE,8
1716771624604,paho821701657027475,topic/c/rfid,METAVERSE,13
1716771624618,paho821701657027475,topic/g/noise,METAVERSE,13
1716771624632,paho821701657978886,topic/queueing,METAVERSE,41
1716771624634,paho821701658342394,topic/maintenance,METAVERSE,83
1716771624682,paho821701657741599,topic/security,METAVERSE,79
1716771624723,paho821701657741599,topic/security,METAVERSE,106
1716771624739,paho821701658169751,topic/g/lighting,METAVERSE,7
1716771624739,paho821701657027475,topic/g/lighting,METAVERSE,7
1716771624781,paho821701657741599,topic/security,METAVERSE,157
1716771624823,paho821701657741599,topic/security,METAVERSE,182
1716771624823,paho821701657741599,topic/security,METAVERSE,104
1716771624831,paho821701658342394,topic/maintenance,METAVERSE,226
1716771624870,paho821701657741599,topic/security,METAVERSE,7
1716771624917,paho821701658169751,topic/b/lighting,METAVERSE,6
1716771624918,paho821701657027475,topic/b/lighting,METAVERSE,7
1716771624983,paho821701658342394,topic/maintenance,METAVERSE,320
1716771624993,paho821701657027475,topic/c/noise,METAVERSE,6
1716771624994,paho821701657741599,topic/security,METAVERSE,7
1716771625031,paho821701658342394,topic/maintenance,METAVERSE,248
1716771625069,paho821701658169751,topic/b/lighting,METAVERSE,6
1716771625070,paho821701657027475,topic/b/lighting,METAVERSE,7
1716771625074,paho821701658169751,topic/b/lighting,METAVERSE,7
1716771625074,paho821701657027475,topic/b/lighting,METAVERSE,7
1716771625079,paho821701658342394,topic/maintenance,METAVERSE,92
1716771625178,paho821701657027475,topic/s/noise,METAVERSE,7
1716771625183,paho821701658342394,topic/maintenance,METAVERSE,76
1716771625227,paho821701658342394,topic/maintenance,METAVERSE,56
1716771625289,paho821701658169751,topic/e/lighting,METAVERSE,12
1716771625289,paho821701657027475,topic/e/lighting,METAVERSE,12
1716771625318,paho821701657741599,topic/security,METAVERSE,7
1716771625342,paho821701657741599,topic/security,METAVERSE,7
1716771625361,paho821701657027475,topic/b/noise,METAVERSE,6
1716771625362,paho821701658342394,topic/maintenance,METAVERSE,7
1716771625503,paho821701657027475,topic/s/lighting,METAVERSE,7
1716771625503,paho821701658169751,topic/s/lighting,METAVERSE,7
1716771625532,paho821701658342394,topic/maintenance,METAVERSE,44
1716771625597,paho821701657741599,topic/security,METAVERSE,18
1716771625613,paho821701657027475,topic/s/rfid,METAVERSE,6
1716771625632,paho821701657978886,topic/queueing,METAVERSE,25
1716771625643,paho821701657741599,topic/security,METAVERSE,8
1716771625679,paho821701657741599,topic/security,METAVERSE,44
1716771625766,paho821701657741599,topic/security,METAVERSE,7
1716771625858,paho821701658169751,topic/d/lighting,METAVERSE,7
1716771625858,paho821701657027475,topic/d/lighting,METAVERSE,7
1716771625920,paho821701658169751,topic/d/lighting,METAVERSE,7
1716771625920,paho821701657027475,topic/d/lighting,METAVERSE,7
1716771625932,paho821701657027475,topic/g/noise,METAVERSE,9
1716771625933,paho821701658342394,topic/maintenance,METAVERSE,10
1716771625937,paho821701657027475,topic/g/rfid,METAVERSE,34
1716771625938,paho821701657978886,topic/queueing,METAVERSE,35
1716771626043,paho821701657741599,topic/security,METAVERSE,8
1716771626110,paho821701658342394,topic/maintenance,METAVERSE,11
1716771626111,paho821701657741599,topic/security,METAVERSE,39
1716771626142,paho821701657027475,topic/d/noise,METAVERSE,7
1716771626142,paho821701658342394,topic/maintenance,METAVERSE,7
1716771626169,paho821701657027475,topic/s/lighting,METAVERSE,6
1716771626170,paho821701658169751,topic/s/lighting,METAVERSE,7
1716771626220,paho821701657741599,topic/security,METAVERSE,17
1716771626237,paho821701657741599,topic/security,METAVERSE,10
1716771626254,paho821701657027475,topic/d/noise,METAVERSE,7
1716771626254,paho821701658342394,topic/maintenance,METAVERSE,7
1716771626282,paho821701658342394,topic/maintenance,METAVERSE,18
1716771626284,paho821701657741599,topic/security,METAVERSE,37
1716771626366,paho821701657741599,topic/security,METAVERSE,11
1716771626379,paho821701657741599,topic/security,METAVERSE,24
1716771626383,paho821701658342394,topic/maintenance,METAVERSE,88
1716771626502,paho821701657741599,topic/security,METAVERSE,12
1716771626634,paho821701657741599,topic/security,METAVERSE,7
1716771626781,paho821701657741599,topic/security,METAVERSE,22
1716771626930,paho821701658342394,topic/maintenance,METAVERSE,22
1716771626946,paho821701657027475,topic/b/noise,METAVERSE,7
1716771626946,paho821701658342394,topic/maintenance,METAVERSE,7
1716771627022,paho821701657741599,topic/security,METAVERSE,7
1716771627112,paho821701658342394,topic/maintenance,METAVERSE,8
1716771627138,paho821701657027475,topic/e/noise,METAVERSE,7
1716771627138,paho821701658342394,topic/maintenance,METAVERSE,7
1716771627289,paho821701657741599,topic/security,METAVERSE,15
1716771627317,paho821701657027475,topic/b/lighting,METAVERSE,16
1716771627318,paho821701658169751,topic/b/lighting,METAVERSE,17
1716771627331,paho821701657741599,topic/security,METAVERSE,17
1716771627350,paho821701657027475,topic/e/noise,METAVERSE,51
1716771627350,paho821701658342394,topic/maintenance,METAVERSE,51
1716771627379,paho821701657741599,topic/security,METAVERSE,12
1716771627532,paho821701658342394,topic/maintenance,METAVERSE,43
1716771627610,paho821701657741599,topic/security,METAVERSE,9
1716771627614,paho821701657027475,topic/g/lighting,METAVERSE,6
1716771627615,paho821701658169751,topic/g/lighting,METAVERSE,7
1716771627634,paho821701657741599,topic/security,METAVERSE,9
1716771627682,paho821701657741599,topic/security,METAVERSE,46
1716771627782,paho821701657741599,topic/security,METAVERSE,145
1716771627782,paho821701657741599,topic/security,METAVERSE,140
1716771627882,paho821701657741599,topic/security,METAVERSE,227
1716771627923,paho821701657741599,topic/security,METAVERSE,145
1716771627923,paho821701657741599,topic/security,METAVERSE,48
1716771627961,paho821701657027475,topic/g/rfid,METAVERSE,6
1716771627963,paho821701657978886,topic/queueing,METAVERSE,8
1716771627963,paho821701658169751,topic/b/lighting,METAVERSE,7
1716771627964,paho821701657027475,topic/b/lighting,METAVERSE,8
1716771628246,paho821701658169751,topic/c/lighting,METAVERSE,7
1716771628246,paho821701657027475,topic/c/lighting,METAVERSE,7
1716771628249,paho821701657741599,topic/security,METAVERSE,9
1716771628281,paho821701657741599,topic/security,METAVERSE,9
1716771628332,paho821701658342394,topic/maintenance,METAVERSE,45
1716771628365,paho821701657027475,topic/v/lighting,METAVERSE,6
1716771628366,paho821701658169751,topic/v/lighting,METAVERSE,7
1716771628369,paho821701657741599,topic/security,METAVERSE,6
1716771628379,paho821701657741599,topic/security,METAVERSE,7
1716771628404,paho821701657741599,topic/security,METAVERSE,18
1716771628434,paho821701658342394,topic/maintenance,METAVERSE,123
1716771628505,paho821701657741599,topic/security,METAVERSE,7
1716771628581,paho821701657027475,topic/v/noise,METAVERSE,10
1716771628581,paho821701658342394,topic/maintenance,METAVERSE,10
1716771628634,paho821701657741599,topic/security,METAVERSE,15
1716771628641,paho821701657741599,topic/security,METAVERSE,6
1716771628669,paho821701657027475,topic/c/rfid,METAVERSE,34
1716771628682,paho821701657978886,topic/queueing,METAVERSE,47
1716771628769,paho821701657741599,topic/security,METAVERSE,8
1716771628793,paho821701657741599,topic/security,METAVERSE,9
1716771628932,paho821701658342394,topic/maintenance,METAVERSE,45
1716771628986,paho821701658342394,topic/maintenance,METAVERSE,7
1716771629046,paho821701657741599,topic/security,METAVERSE,7
1716771629072,paho821701657027475,topic/b/noise,METAVERSE,9
1716771629072,paho821701658342394,topic/maintenance,METAVERSE,9
1716771629189,paho821701657027475,topic/s/noise,METAVERSE,8
1716771629189,paho821701658342394,topic/maintenance,METAVERSE,8
1716771629330,paho821701657741599,topic/security,METAVERSE,7
1716771629380,paho821701657741599,topic/security,METAVERSE,8
1716771629518,paho821701658169751,topic/e/lighting,METAVERSE,7
1716771629518,paho821701657027475,topic/e/lighting,METAVERSE,7
1716771629523,paho821701657741599,topic/security,METAVERSE,7
1716771629532,paho821701658342394,topic/maintenance,METAVERSE,49
1716771629545,paho821701658169751,topic/c/lighting,METAVERSE,6
1716771629545,paho821701657027475,topic/c/lighting,METAVERSE,6
1716771629580,paho821701658342394,topic/maintenance,METAVERSE,87
1716771629584,paho821701657027475,topic/b/noise,METAVERSE,9
1716771629625,paho821701657027475,topic/g/noise,METAVERSE,7
1716771629632,paho821701658342394,topic/maintenance,METAVERSE,57
1716771629641,paho821701657741599,topic/security,METAVERSE,7
1716771629675,paho821701658342394,topic/maintenance,METAVERSE,57
1716771629682,paho821701657741599,topic/security,METAVERSE,35
1716771629723,paho821701657741599,topic/security,METAVERSE,70
1716771629750,paho821701658169751,topic/g/lighting,METAVERSE,7
1716771629750,paho821701657027475,topic/g/lighting,METAVERSE,7
1716771629813,paho821701657741599,topic/security,METAVERSE,10
1716771629921,paho821701658169751,topic/b/lighting,METAVERSE,6
1716771629922,paho821701657027475,topic/b/lighting,METAVERSE,7
1716771629957,paho821701657741599,topic/security,METAVERSE,36
1716771629992,paho821701657741599,topic/security,METAVERSE,11
1716771630005,paho821701657027475,topic/c/noise,METAVERSE,7
1716771630005,paho821701658342394,topic/maintenance,METAVERSE,7
1716771630054,paho821701657741599,topic/security,METAVERSE,20
1716771630082,paho821701658342394,topic/maintenance,METAVERSE,59
1716771630117,paho821701658169751,topic/b/lighting,METAVERSE,6
1716771630118,paho821701657027475,topic/b/lighting,METAVERSE,7
1716771630122,paho821701658169751,topic/b/lighting,METAVERSE,7
1716771630122,paho821701657027475,topic/b/lighting,METAVERSE,7
1716771630181,paho821701657027475,topic/s/noise,METAVERSE,6
1716771630182,paho821701658342394,topic/maintenance,METAVERSE,7
1716771630287,paho821701657741599,topic/security,METAVERSE,38
1716771630293,paho821701658169751,topic/e/lighting,METAVERSE,6
1716771630294,paho821701657027475,topic/e/lighting,METAVERSE,7
1716771630365,paho821701657027475,topic/b/noise,METAVERSE,6
1716771630366,paho821701658342394,topic/maintenance,METAVERSE,7
1716771630384,paho821701657741599,topic/security,METAVERSE,98
1716771630425,paho821701657027475,topic/d/rfid,METAVERSE,18
1716771630431,paho821701658342394,topic/maintenance,METAVERSE,80
1716771630482,paho821701657978886,topic/queueing,METAVERSE,75
1716771630484,paho821701657741599,topic/security,METAVERSE,105
1716771630517,paho821701657027475,topic/s/lighting,METAVERSE,6
1716771630518,paho821701658169751,topic/s/lighting,METAVERSE,7
1716771630579,paho821701657741599,topic/security,METAVERSE,200
1716771630582,paho821701657741599,topic/security,METAVERSE,62
1716771630614,paho821701657027475,topic/s/rfid,METAVERSE,7
1716771630617,paho821701658342394,topic/maintenance,METAVERSE,38
1716771630632,paho821701657978886,topic/queueing,METAVERSE,25
1716771630632,paho821701657741599,topic/security,METAVERSE,18
1716771630731,paho821701657741599,topic/security,METAVERSE,100
1716771630779,paho821701657741599,topic/security,METAVERSE,143
1716771630829,paho821701657741599,topic/security,METAVERSE,186
1716771630832,paho821701658342394,topic/maintenance,METAVERSE,21
1716771630875,paho821701657741599,topic/security,METAVERSE,220
1716771630881,paho821701657741599,topic/security,METAVERSE,75
1716771630886,paho821701658169751,topic/d/lighting,METAVERSE,10
1716771630887,paho821701657027475,topic/d/lighting,METAVERSE,11
1716771630924,paho821701658169751,topic/d/lighting,METAVERSE,9
1716771630924,paho821701657027475,topic/d/lighting,METAVERSE,9
1716771630925,paho821701657741599,topic/security,METAVERSE,48
1716771630943,paho821701657027475,topic/g/noise,METAVERSE,9
1716771630944,paho821701658342394,topic/maintenance,METAVERSE,10
1716771631032,paho821701658342394,topic/maintenance,METAVERSE,33
1716771631061,paho821701657741599,topic/security,METAVERSE,7
1716771631114,paho821701657741599,topic/security,METAVERSE,7
1716771631167,paho821701657027475,topic/d/noise,METAVERSE,14
1716771631167,paho821701658342394,topic/maintenance,METAVERSE,14
1716771631174,paho821701657027475,topic/s/lighting,METAVERSE,11
1716771631174,paho821701658169751,topic/s/lighting,METAVERSE,11
1716771631272,paho821701657027475,topic/d/noise,METAVERSE,6
1716771631273,paho821701658342394,topic/maintenance,METAVERSE,7
1716771631334,paho821701657741599,topic/security,METAVERSE,7
1716771631390,paho821701657741599,topic/security,METAVERSE,7
1716771631435,paho821701657741599,topic/security,METAVERSE,18
1716771631581,paho821701658342394,topic/maintenance,METAVERSE,58
1716771631632,paho821701658342394,topic/maintenance,METAVERSE,100
1716771631657,paho821701657741599,topic/security,METAVERSE,10
1716771631684,paho821701657741599,topic/security,METAVERSE,34
1716771631727,paho821701657741599,topic/security,METAVERSE,72
1716771631825,paho821701657741599,topic/security,METAVERSE,7
1716771631967,paho821701657027475,topic/b/noise,METAVERSE,8
1716771631967,paho821701658342394,topic/maintenance,METAVERSE,8
1716771632138,paho821701657027475,topic/e/noise,METAVERSE,7
1716771632139,paho821701658342394,topic/maintenance,METAVERSE,8
1716771632296,paho821701657741599,topic/security,METAVERSE,15
1716771632322,paho821701657027475,topic/b/lighting,METAVERSE,7
1716771632322,paho821701658169751,topic/b/lighting,METAVERSE,7
1716771632331,paho821701657741599,topic/security,METAVERSE,36
1716771632401,paho821701657027475,topic/e/noise,METAVERSE,53
1716771632402,paho821701658342394,topic/maintenance,METAVERSE,54
1716771632411,paho821701657741599,topic/security,METAVERSE,10
1716771632430,paho821701657741599,topic/security,METAVERSE,29
1716771632432,paho821701658342394,topic/maintenance,METAVERSE,34
1716771632471,paho821701657741599,topic/security,METAVERSE,69
1716771632540,paho821701657741599,topic/security,METAVERSE,7
1716771632646,paho821701657741599,topic/security,METAVERSE,7
1716771632677,paho821701658169751,topic/g/lighting,METAVERSE,62
1716771632678,paho821701657027475,topic/g/lighting,METAVERSE,63
1716771632758,paho821701657741599,topic/security,METAVERSE,7
1716771632870,paho821701657741599,topic/security,METAVERSE,7
1716771632973,paho821701658169751,topic/b/lighting,METAVERSE,6
1716771632974,paho821701657027475,topic/b/lighting,METAVERSE,7
1716771632980,paho821701658342394,topic/maintenance,METAVERSE,49
1716771633033,paho821701658342394,topic/maintenance,METAVERSE,102
1716771633063,paho821701657741599,topic/security,METAVERSE,7
1716771633248,paho821701657027475,topic/c/lighting,METAVERSE,6
1716771633249,paho821701658169751,topic/c/lighting,METAVERSE,7
1716771633337,paho821701657741599,topic/security,METAVERSE,7
1716771633379,paho821701658169751,topic/v/lighting,METAVERSE,19
1716771633379,paho821701657027475,topic/v/lighting,METAVERSE,19
1716771633426,paho821701657741599,topic/security,METAVERSE,7
1716771633580,paho821701658342394,topic/maintenance,METAVERSE,33
1716771633596,paho821701658342394,topic/maintenance,METAVERSE,7
1716771633596,paho821701657027475,topic/v/noise,METAVERSE,7
1716771633625,paho821701657741599,topic/security,METAVERSE,7
1716771633654,paho821701657741599,topic/security,METAVERSE,7
1716771633683,paho821701657741599,topic/security,METAVERSE,30
1716771633730,paho821701657741599,topic/security,METAVERSE,74
1716771633781,paho821701657741599,topic/security,METAVERSE,114
1716771633781,paho821701657741599,topic/security,METAVERSE,110
1716771633880,paho821701657741599,topic/security,METAVERSE,16
1716771633885,paho821701657741599,topic/security,METAVERSE,8
1716771634077,paho821701657027475,topic/b/noise,METAVERSE,10
