1716743011523,paho790052061047129,topic/c/lighting,METAVERSE,141
1716743011513,paho790052050923993,topic/c/lighting,METAVERSE,131
1716743011680,paho790052061047129,topic/c/lighting,METAVERSE,11
1716743011683,paho790052050923993,topic/c/lighting,METAVERSE,14
1716743011872,paho790052050923993,topic/c/rfid,METAVERSE,10
1716743011954,paho790052050923993,topic/c/noise,METAVERSE,11
1716743012161,paho790052050923993,topic/v/rfid,METAVERSE,41
1716743012399,paho790052050923993,topic/e/noise,METAVERSE,7
1716743012445,paho790052050923993,topic/v/noise,METAVERSE,65
1716743012603,paho790052050923993,topic/s/noise,METAVERSE,49
1716743012635,paho790052050923993,topic/v/lighting,METAVERSE,23
1716743012636,paho790052061047129,topic/v/lighting,METAVERSE,24
1716743013022,paho790052050923993,topic/d/noise,METAVERSE,23
1716743013369,paho790052050923993,topic/g/lighting,METAVERSE,67
1716743013369,paho790052061047129,topic/g/lighting,METAVERSE,67
1716743013695,paho790052061047129,topic/s/lighting,METAVERSE,11
1716743013695,paho790052050923993,topic/s/lighting,METAVERSE,11
1716743013735,paho790052050923993,topic/s/rfid,METAVERSE,7
1716743013746,paho790052050923993,topic/d/noise,METAVERSE,10
1716743013861,paho790052050923993,topic/b/rfid,METAVERSE,29
1716743013882,paho790052050923993,topic/b/rfid,METAVERSE,6
1716743013902,paho790052050923993,topic/b/rfid,METAVERSE,17
1716743013941,paho790052050923993,topic/s/lighting,METAVERSE,6
1716743013941,paho790052061047129,topic/s/lighting,METAVERSE,7
1716743014209,paho790052050923993,topic/g/noise,METAVERSE,41
1716743014293,paho790052050923993,topic/d/lighting,METAVERSE,7
1716743014293,paho790052061047129,topic/d/lighting,METAVERSE,7
1716743014297,paho790052050923993,topic/d/rfid,METAVERSE,12
1716743014300,paho790052061047129,topic/d/lighting,METAVERSE,13
1716743014305,paho790052050923993,topic/d/lighting,METAVERSE,18
1716743014574,paho790052050923993,topic/s/noise,METAVERSE,26
1716743014678,paho790052061047129,topic/g/lighting,METAVERSE,49
1716743014682,paho790052050923993,topic/g/lighting,METAVERSE,53
1716743014692,paho790052050923993,topic/g/rfid,METAVERSE,9
1716743014929,paho790052050923993,topic/g/noise,METAVERSE,30
1716743015175,paho790052050923993,topic/v/rfid,METAVERSE,8
1716743015683,paho790052050923993,topic/b/noise,METAVERSE,7
1716743015718,paho790052050923993,topic/b/noise,METAVERSE,13
1716743016060,paho790052050923993,topic/e/lighting,METAVERSE,23
1716743016060,paho790052061047129,topic/e/lighting,METAVERSE,23
1716743016062,paho790052061047129,topic/e/lighting,METAVERSE,25
1716743016063,paho790052050923993,topic/e/lighting,METAVERSE,26
1716743016066,paho790052050923993,topic/e/rfid,METAVERSE,29
1716743016188,paho790052050923993,topic/e/noise,METAVERSE,6
1716743016466,paho790052050923993,topic/c/lighting,METAVERSE,17
1716743016466,paho790052061047129,topic/c/lighting,METAVERSE,17
1716743016736,paho790052061047129,topic/c/lighting,METAVERSE,25
1716743016737,paho790052050923993,topic/c/lighting,METAVERSE,26
1716743016989,paho790052050923993,topic/c/noise,METAVERSE,26
1716743016991,paho790052061047129,topic/b/lighting,METAVERSE,9
1716743016992,paho790052050923993,topic/b/lighting,METAVERSE,10
1716743017409,paho790052050923993,topic/e/noise,METAVERSE,6
1716743017435,paho790052050923993,topic/b/lighting,METAVERSE,42
1716743017437,paho790052061047129,topic/b/lighting,METAVERSE,44
1716743017509,paho790052050923993,topic/v/noise,METAVERSE,30
1716743017606,paho790052050923993,topic/s/noise,METAVERSE,7
1716743017666,paho790052061047129,topic/v/lighting,METAVERSE,7
1716743017666,paho790052050923993,topic/v/lighting,METAVERSE,7
1716743018037,paho790052050923993,topic/d/noise,METAVERSE,6
1716743018313,paho790052050923993,topic/d/rfid,METAVERSE,10
1716743018426,paho790052050923993,topic/g/lighting,METAVERSE,11
1716743018427,paho790052061047129,topic/g/lighting,METAVERSE,12
1716743018696,paho790052061047129,topic/s/lighting,METAVERSE,7
1716743018696,paho790052050923993,topic/s/lighting,METAVERSE,7
1716743018770,paho790052050923993,topic/d/noise,METAVERSE,7
1716743018913,paho790052050923993,topic/c/rfid,METAVERSE,7
1716743018938,paho790052050923993,topic/c/rfid,METAVERSE,18
1716743018957,paho790052061047129,topic/s/lighting,METAVERSE,6
1716743018957,paho790052050923993,topic/s/lighting,METAVERSE,6
1716743019249,paho790052050923993,topic/g/noise,METAVERSE,10
1716743019275,paho790052050923993,topic/b/noise,METAVERSE,29
1716743019277,paho790052061047129,topic/b/lighting,METAVERSE,32
1716743019278,paho790052050923993,topic/b/lighting,METAVERSE,33
1716743019293,paho790052050923993,topic/b/lighting,METAVERSE,34
1716743019293,paho790052061047129,topic/b/lighting,METAVERSE,34
1716743019296,paho790052061047129,topic/d/lighting,METAVERSE,7
1716743019298,paho790052050923993,topic/d/lighting,METAVERSE,9
1716743019306,paho790052050923993,topic/d/lighting,METAVERSE,14
1716743019308,paho790052061047129,topic/d/lighting,METAVERSE,16
1716743019345,paho790052050923993,topic/d/rfid,METAVERSE,12
1716743019463,paho790052050923993,topic/b/noise,METAVERSE,22
1716743019609,paho790052050923993,topic/s/noise,METAVERSE,6
1716743019648,paho790052061047129,topic/b/lighting,METAVERSE,21
1716743019648,paho790052050923993,topic/b/lighting,METAVERSE,21
1716743019768,paho790052061047129,topic/g/lighting,METAVERSE,25
1716743019768,paho790052050923993,topic/g/lighting,METAVERSE,25
1716743020090,paho790052050923993,topic/e/rfid,METAVERSE,7
1716743020100,paho790052050923993,topic/e/rfid,METAVERSE,5
1716743020118,paho790052050923993,topic/g/noise,METAVERSE,56
1716743020181,paho790052060826653,topic/queueing,METAVERSE,1275
1716743020374,paho790052050923993,topic/d/rfid,METAVERSE,7
1716743020432,paho790052060826653,topic/queueing,METAVERSE,1512
1716743020480,paho790052060826653,topic/queueing,METAVERSE,1147
1716743020713,paho790052050923993,topic/b/noise,METAVERSE,14
1716743020727,paho790052060826653,topic/queueing,METAVERSE,644
1716743020728,paho790052060826653,topic/queueing,METAVERSE,633
1716743020745,paho790052050923993,topic/b/noise,METAVERSE,22
1716743020754,paho790052050923993,topic/s/rfid,METAVERSE,6
1716743020879,paho790052060826653,topic/queueing,METAVERSE,512
1716743020976,paho790052060826653,topic/queueing,METAVERSE,228
1716743021084,paho790052061047129,topic/e/lighting,METAVERSE,33
1716743021084,paho790052050923993,topic/e/lighting,METAVERSE,33
1716743021121,paho790052050923993,topic/e/rfid,METAVERSE,19
1716743021125,paho790052050923993,topic/e/lighting,METAVERSE,40
1716743021128,paho790052061047129,topic/e/lighting,METAVERSE,43
1716743021195,paho790052050923993,topic/e/noise,METAVERSE,8
1716743021229,paho790052060826653,topic/queueing,METAVERSE,127
1716743021546,paho790052061047129,topic/c/lighting,METAVERSE,11
1716743021546,paho790052050923993,topic/c/lighting,METAVERSE,11
1716743021798,paho790052050923993,topic/c/lighting,METAVERSE,38
1716743021799,paho790052061047129,topic/c/lighting,METAVERSE,39
1716743022032,paho790052050923993,topic/c/noise,METAVERSE,29
1716743022059,paho790052061047129,topic/b/lighting,METAVERSE,20
1716743022059,paho790052050923993,topic/b/lighting,METAVERSE,20
1716743022126,paho790052060826653,topic/occupancy,METAVERSE,3220
1716743022160,paho790052050923993,topic/e/rfid,METAVERSE,37
1716743022175,paho790052060826653,topic/queueing,METAVERSE,52
1716743022415,paho790052050923993,topic/e/noise,METAVERSE,7
1716743022497,paho790052061047129,topic/b/lighting,METAVERSE,34
1716743022497,paho790052050923993,topic/b/lighting,METAVERSE,34
1716743022542,paho790052050923993,topic/v/noise,METAVERSE,11
1716743022626,paho790052050923993,topic/s/noise,METAVERSE,7
1716743022693,paho790052061047129,topic/v/lighting,METAVERSE,6
1716743022694,paho790052050923993,topic/v/lighting,METAVERSE,7
1716743022997,paho790052050923993,topic/c/rfid,METAVERSE,54
1716743023070,paho790052061225268,topic/maintenance,METAVERSE,4482
1716743023071,paho790052061225268,topic/maintenance,METAVERSE,4460
1716743023071,paho790052061225268,topic/maintenance,METAVERSE,4347
1716743023071,paho790052061225268,topic/maintenance,METAVERSE,4308
1716743023071,paho790052061225268,topic/maintenance,METAVERSE,4200
1716743023071,paho790052061225268,topic/maintenance,METAVERSE,4111
1716743023071,paho790052061225268,topic/maintenance,METAVERSE,4015
1716743023071,paho790052061225268,topic/maintenance,METAVERSE,3924
1716743023071,paho790052061225268,topic/maintenance,METAVERSE,3832
1716743023071,paho790052061225268,topic/maintenance,METAVERSE,3864
1716743023096,paho790052050923993,topic/d/noise,METAVERSE,13
1716743023127,paho790052060826653,topic/queueing,METAVERSE,184
1716743023215,paho790052060270052,topic/security,METAVERSE,4456
1716743023215,paho790052060270052,topic/security,METAVERSE,4379
1716743023215,paho790052060270052,topic/security,METAVERSE,4372
1716743023215,paho790052060270052,topic/security,METAVERSE,4289
1716743023215,paho790052060270052,topic/security,METAVERSE,4169
1716743023215,paho790052060270052,topic/security,METAVERSE,4094
1716743023476,paho790052050923993,topic/g/lighting,METAVERSE,13
1716743023482,paho790052061047129,topic/g/lighting,METAVERSE,19
1716743023625,paho790052060826653,topic/occupancy,METAVERSE,4705
1716743023714,paho790052050923993,topic/s/lighting,METAVERSE,7
1716743023714,paho790052061047129,topic/s/lighting,METAVERSE,7
1716743023792,paho790052050923993,topic/d/noise,METAVERSE,25
1716743023962,paho790052050923993,topic/s/lighting,METAVERSE,7
1716743023963,paho790052061047129,topic/s/lighting,METAVERSE,8
1716743024163,paho790052050923993,topic/e/rfid,METAVERSE,8
1716743024228,paho790052060826653,topic/queueing,METAVERSE,73
1716743024254,paho790052050923993,topic/g/noise,METAVERSE,8
1716743024297,paho790052061047129,topic/b/lighting,METAVERSE,41
1716743024297,paho790052050923993,topic/b/lighting,METAVERSE,41
1716743024307,paho790052050923993,topic/b/noise,METAVERSE,52
1716743024342,paho790052050923993,topic/b/lighting,METAVERSE,56
1716743024343,paho790052061047129,topic/b/lighting,METAVERSE,57
1716743024348,paho790052061047129,topic/d/lighting,METAVERSE,10
1716743024349,paho790052050923993,topic/d/lighting,METAVERSE,11
1716743024352,paho790052061047129,topic/d/lighting,METAVERSE,40
1716743024354,paho790052050923993,topic/d/lighting,METAVERSE,42
1716743024486,paho790052050923993,topic/b/noise,METAVERSE,39
1716743024613,paho790052050923993,topic/s/noise,METAVERSE,9
1716743024632,paho790052060826653,topic/occupancy,METAVERSE,5443
1716743024688,paho790052050923993,topic/b/lighting,METAVERSE,40
1716743024688,paho790052061047129,topic/b/lighting,METAVERSE,40
1716743024826,paho790052050923993,topic/g/lighting,METAVERSE,43
1716743024826,paho790052061047129,topic/g/lighting,METAVERSE,43
1716743025019,paho790052050923993,topic/c/rfid,METAVERSE,7
1716743025027,paho790052060826653,topic/queueing,METAVERSE,15
1716743025156,paho790052050923993,topic/g/noise,METAVERSE,9
1716743025184,paho790052050923993,topic/e/rfid,METAVERSE,11
1716743025187,paho790052050923993,topic/e/rfid,METAVERSE,8
1716743025278,paho790052060826653,topic/queueing,METAVERSE,105
1716743025375,paho790052060826653,topic/queueing,METAVERSE,196
1716743025785,paho790052050923993,topic/b/noise,METAVERSE,44
1716743025788,paho790052050923993,topic/b/noise,METAVERSE,55
1716743025975,paho790052060826653,topic/occupancy,METAVERSE,6730
1716743026137,paho790052050923993,topic/e/lighting,METAVERSE,34
1716743026137,paho790052061047129,topic/e/lighting,METAVERSE,34
1716743026146,paho790052061047129,topic/e/lighting,METAVERSE,27
1716743026146,paho790052050923993,topic/e/lighting,METAVERSE,27
1716743026206,paho790052050923993,topic/e/noise,METAVERSE,6
1716743026425,paho790052050923993,topic/d/rfid,METAVERSE,33
1716743026621,paho790052061047129,topic/c/lighting,METAVERSE,42
1716743026621,paho790052050923993,topic/c/lighting,METAVERSE,42
1716743026728,paho790052060826653,topic/queueing,METAVERSE,336
1716743026821,paho790052061047129,topic/c/lighting,METAVERSE,28
1716743026821,paho790052050923993,topic/c/lighting,METAVERSE,28
1716743026832,paho790052060826653,topic/occupancy,METAVERSE,7499
1716743027078,paho790052050923993,topic/c/noise,METAVERSE,41
1716743027155,paho790052061047129,topic/b/lighting,METAVERSE,63
1716743027156,paho790052050923993,topic/b/lighting,METAVERSE,64
1716743027457,paho790052050923993,topic/e/noise,METAVERSE,10
1716743027539,paho790052061047129,topic/b/lighting,METAVERSE,70
1716743027539,paho790052050923993,topic/b/lighting,METAVERSE,70
1716743027566,paho790052050923993,topic/v/noise,METAVERSE,11
1716743027630,paho790052060826653,topic/occupancy,METAVERSE,8302
1716743027633,paho790052050923993,topic/s/noise,METAVERSE,6
1716743027701,paho790052061047129,topic/v/lighting,METAVERSE,6
1716743027702,paho790052050923993,topic/v/lighting,METAVERSE,7
1716743028213,paho790052050923993,topic/d/noise,METAVERSE,6
1716743028230,paho790052050923993,topic/e/rfid,METAVERSE,10
1716743028233,paho790052050923993,topic/e/rfid,METAVERSE,13
1716743028533,paho790052050923993,topic/g/lighting,METAVERSE,25
1716743028533,paho790052061047129,topic/g/lighting,METAVERSE,25
1716743028676,paho790052060826653,topic/queueing,METAVERSE,456
1716743028714,paho790052061047129,topic/s/lighting,METAVERSE,6
1716743028715,paho790052050923993,topic/s/lighting,METAVERSE,7
1716743028731,paho790052060826653,topic/queueing,METAVERSE,511
1716743028813,paho790052050923993,topic/d/noise,METAVERSE,10
1716743028928,paho790052060826653,topic/occupancy,METAVERSE,8974
1716743028964,paho790052061047129,topic/s/lighting,METAVERSE,6
1716743028965,paho790052050923993,topic/s/lighting,METAVERSE,7
1716743029297,paho790052050923993,topic/g/noise,METAVERSE,19
1716743029365,paho790052061047129,topic/d/lighting,METAVERSE,10
1716743029365,paho790052050923993,topic/d/lighting,METAVERSE,10
1716743029367,paho790052061047129,topic/b/lighting,METAVERSE,102
1716743029368,paho790052050923993,topic/b/lighting,METAVERSE,103
1716743029393,paho790052061047129,topic/d/lighting,METAVERSE,12
1716743029393,paho790052050923993,topic/d/lighting,METAVERSE,12
1716743029397,paho790052061047129,topic/b/lighting,METAVERSE,90
1716743029397,paho790052050923993,topic/b/lighting,METAVERSE,90
1716743029438,paho790052050923993,topic/b/noise,METAVERSE,146
1716743029515,paho790052050923993,topic/b/noise,METAVERSE,51
1716743029661,paho790052050923993,topic/s/noise,METAVERSE,22
1716743029776,paho790052050923993,topic/b/lighting,METAVERSE,87
1716743029778,paho790052061047129,topic/b/lighting,METAVERSE,89
1716743029896,paho790052050923993,topic/g/lighting,METAVERSE,17
1716743029896,paho790052061047129,topic/g/lighting,METAVERSE,17
1716743030031,paho790052060826653,topic/occupancy,METAVERSE,10015
1716743030037,paho790052050923993,topic/c/rfid,METAVERSE,23
1716743030078,paho790052060826653,topic/queueing,METAVERSE,64
1716743030178,paho790052060826653,topic/occupancy,METAVERSE,10095
1716743030196,paho790052050923993,topic/g/noise,METAVERSE,18
1716743030528,paho790052060826653,topic/occupancy,METAVERSE,10433
1716743030846,paho790052050923993,topic/b/noise,METAVERSE,88
1716743030923,paho790052050923993,topic/b/noise,METAVERSE,132
1716743031150,paho790052050923993,topic/e/lighting,METAVERSE,9
1716743031150,paho790052061047129,topic/e/lighting,METAVERSE,9
1716743031221,paho790052050923993,topic/e/lighting,METAVERSE,26
1716743031223,paho790052061047129,topic/e/lighting,METAVERSE,28
1716743031285,paho790052050923993,topic/e/noise,METAVERSE,12
1716743031649,paho790052061047129,topic/c/lighting,METAVERSE,14
1716743031649,paho790052050923993,topic/c/lighting,METAVERSE,14
1716743031828,paho790052050923993,topic/c/lighting,METAVERSE,9
1716743031830,paho790052061047129,topic/c/lighting,METAVERSE,11
1716743032028,paho790052060826653,topic/occupancy,METAVERSE,11908
1716743032144,paho790052050923993,topic/c/noise,METAVERSE,65
1716743032231,paho790052061047129,topic/b/lighting,METAVERSE,88
1716743032232,paho790052050923993,topic/b/lighting,METAVERSE,89
1716743032438,paho790052050923993,topic/d/rfid,METAVERSE,8
1716743032470,paho790052050923993,topic/e/noise,METAVERSE,5
1716743032578,paho790052060826653,topic/queueing,METAVERSE,148
1716743032609,paho790052050923993,topic/v/noise,METAVERSE,17
1716743032637,paho790052050923993,topic/b/lighting,METAVERSE,78
1716743032638,paho790052061047129,topic/b/lighting,METAVERSE,79
1716743032674,paho790052050923993,topic/s/noise,METAVERSE,6
1716743032709,paho790052050923993,topic/v/lighting,METAVERSE,6
1716743032709,paho790052061047129,topic/v/lighting,METAVERSE,6
1716743032732,paho790052060826653,topic/occupancy,METAVERSE,12499
1716743033231,paho790052050923993,topic/d/noise,METAVERSE,8
1716743033282,paho790052060270052,topic/security,METAVERSE,14163
1716743033283,paho790052060270052,topic/security,METAVERSE,14094
1716743033283,paho790052060270052,topic/security,METAVERSE,15565
1716743033283,paho790052060270052,topic/security,METAVERSE,14036
1716743033283,paho790052060270052,topic/security,METAVERSE,14038
1716743033283,paho790052060270052,topic/security,METAVERSE,14035
1716743033283,paho790052060270052,topic/security,METAVERSE,14035
1716743033283,paho790052060270052,topic/security,METAVERSE,14035
1716743033283,paho790052060270052,topic/security,METAVERSE,14016
1716743033283,paho790052060270052,topic/security,METAVERSE,14155
1716743033283,paho790052060270052,topic/security,METAVERSE,14035
1716743033283,paho790052060270052,topic/security,METAVERSE,14019
1716743033283,paho790052060270052,topic/security,METAVERSE,14034
1716743033283,paho790052060270052,topic/security,METAVERSE,14034
1716743033283,paho790052060270052,topic/security,METAVERSE,14034
1716743033283,paho790052060270052,topic/security,METAVERSE,14015
1716743033284,paho790052060270052,topic/security,METAVERSE,14016
1716743033284,paho790052060270052,topic/security,METAVERSE,14016
1716743033284,paho790052060270052,topic/security,METAVERSE,14016
1716743033284,paho790052060270052,topic/security,METAVERSE,13980
1716743033284,paho790052060270052,topic/security,METAVERSE,14016
1716743033284,paho790052060270052,topic/security,METAVERSE,14016
1716743033284,paho790052060270052,topic/security,METAVERSE,14016
1716743033284,paho790052060270052,topic/security,METAVERSE,13986
1716743033284,paho790052060270052,topic/security,METAVERSE,13959
1716743033284,paho790052060270052,topic/security,METAVERSE,13956
1716743033284,paho790052060270052,topic/security,METAVERSE,13985
1716743033589,paho790052050923993,topic/g/lighting,METAVERSE,9
1716743033589,paho790052061047129,topic/g/lighting,METAVERSE,9
1716743033717,paho790052061047129,topic/s/lighting,METAVERSE,6
1716743033717,paho790052050923993,topic/s/lighting,METAVERSE,6
1716743033833,paho790052050923993,topic/d/noise,METAVERSE,24
1716743033989,paho790052061047129,topic/s/lighting,METAVERSE,6
1716743033989,paho790052050923993,topic/s/lighting,METAVERSE,6
1716743034354,paho790052050923993,topic/g/noise,METAVERSE,10
1716743034363,paho790052061047129,topic/b/lighting,METAVERSE,95
1716743034363,paho790052050923993,topic/b/lighting,METAVERSE,95
1716743034437,paho790052061047129,topic/d/lighting,METAVERSE,22
1716743034437,paho790052050923993,topic/d/lighting,METAVERSE,22
1716743034440,paho790052061047129,topic/b/lighting,METAVERSE,72
1716743034440,paho790052050923993,topic/b/lighting,METAVERSE,72
1716743034469,paho790052061047129,topic/d/lighting,METAVERSE,46
1716743034469,paho790052050923993,topic/d/lighting,METAVERSE,46
1716743034473,paho790052050923993,topic/b/noise,METAVERSE,105
1716743034554,paho790052050923993,topic/b/noise,METAVERSE,73
1716743034689,paho790052050923993,topic/s/noise,METAVERSE,18
1716743034800,paho790052061047129,topic/b/lighting,METAVERSE,99
1716743034800,paho790052050923993,topic/b/lighting,METAVERSE,99
1716743034987,paho790052061047129,topic/g/lighting,METAVERSE,44
1716743034988,paho790052050923993,topic/g/lighting,METAVERSE,45
1716743035261,paho790052050923993,topic/g/noise,METAVERSE,24
1716743035856,paho790052050923993,topic/b/noise,METAVERSE,94
1716743035970,paho790052050923993,topic/b/noise,METAVERSE,119
1716743036049,paho790052050923993,topic/c/rfid,METAVERSE,14
1716743036128,paho790052060826653,topic/queueing,METAVERSE,93
1716743036169,paho790052050923993,topic/e/lighting,METAVERSE,6
1716743036171,paho790052061047129,topic/e/lighting,METAVERSE,8
1716743036249,paho790052061047129,topic/e/lighting,METAVERSE,6
1716743036249,paho790052050923993,topic/e/lighting,METAVERSE,6
1716743036356,paho790052050923993,topic/e/noise,METAVERSE,5
1716743036457,paho790052050923993,topic/d/rfid,METAVERSE,6
1716743036477,paho790052060826653,topic/queueing,METAVERSE,26
1716743036720,paho790052050923993,topic/c/lighting,METAVERSE,12
1716743036720,paho790052061047129,topic/c/lighting,METAVERSE,12
1716743036839,paho790052061047129,topic/c/lighting,METAVERSE,16
1716743036839,paho790052050923993,topic/c/lighting,METAVERSE,16
1716743037152,paho790052050923993,topic/c/noise,METAVERSE,9
1716743037280,paho790052050923993,topic/b/lighting,METAVERSE,119
1716743037280,paho790052061047129,topic/b/lighting,METAVERSE,119
1716743037491,paho790052050923993,topic/e/noise,METAVERSE,6
1716743037646,paho790052050923993,topic/v/noise,METAVERSE,5
1716743037699,paho790052061047129,topic/b/lighting,METAVERSE,92
1716743037700,paho790052050923993,topic/b/lighting,METAVERSE,93
1716743037706,paho790052050923993,topic/s/noise,METAVERSE,37
1716743037719,paho790052061047129,topic/v/lighting,METAVERSE,6
1716743037720,paho790052050923993,topic/v/lighting,METAVERSE,7
1716743038072,paho790052061225268,topic/maintenance,METAVERSE,20313
1716743038073,paho790052061225268,topic/maintenance,METAVERSE,18829
1716743038073,paho790052061225268,topic/maintenance,METAVERSE,18827
1716743038074,paho790052061225268,topic/maintenance,METAVERSE,18824
1716743038249,paho790052050923993,topic/d/noise,METAVERSE,6
1716743038606,paho790052050923993,topic/g/lighting,METAVERSE,20
1716743038606,paho790052061047129,topic/g/lighting,METAVERSE,20
1716743038721,paho790052061047129,topic/s/lighting,METAVERSE,9
1716743038722,paho790052050923993,topic/s/lighting,METAVERSE,10
1716743038869,paho790052050923993,topic/d/noise,METAVERSE,31
1716743039001,paho790052050923993,topic/s/lighting,METAVERSE,6
1716743039001,paho790052061047129,topic/s/lighting,METAVERSE,6
1716743039369,paho790052050923993,topic/g/noise,METAVERSE,16
1716743039387,paho790052061047129,topic/b/lighting,METAVERSE,100
1716743039388,paho790052050923993,topic/b/lighting,METAVERSE,101
1716743039458,paho790052061047129,topic/b/lighting,METAVERSE,74
1716743039458,paho790052050923993,topic/b/lighting,METAVERSE,74
1716743039490,paho790052050923993,topic/b/noise,METAVERSE,106
1716743039507,paho790052061047129,topic/d/lighting,METAVERSE,17
1716743039507,paho790052050923993,topic/d/lighting,METAVERSE,17
1716743039511,paho790052061047129,topic/d/lighting,METAVERSE,12
1716743039512,paho790052050923993,topic/d/lighting,METAVERSE,13
1716743039515,paho790052050923993,topic/d/rfid,METAVERSE,25
1716743039602,paho790052050923993,topic/b/noise,METAVERSE,100
1716743039628,paho790052060826653,topic/queueing,METAVERSE,138
1716743039713,paho790052050923993,topic/s/noise,METAVERSE,6
1716743039819,paho790052061047129,topic/b/lighting,METAVERSE,92
1716743039820,paho790052050923993,topic/b/lighting,METAVERSE,93
1716743040092,paho790052050923993,topic/g/lighting,METAVERSE,10
1716743040093,paho790052061047129,topic/g/lighting,METAVERSE,11
1716743040270,paho790052050923993,topic/g/noise,METAVERSE,5
1716743040434,paho790052060270052,topic/security,METAVERSE,21135
1716743040434,paho790052060270052,topic/security,METAVERSE,21135
1716743040434,paho790052060270052,topic/security,METAVERSE,21124
1716743040434,paho790052060270052,topic/security,METAVERSE,21118
1716743040434,paho790052060270052,topic/security,METAVERSE,21105
1716743040434,paho790052060270052,topic/security,METAVERSE,21118
1716743040859,paho790052050923993,topic/b/noise,METAVERSE,88
1716743040992,paho790052050923993,topic/b/noise,METAVERSE,105
1716743041185,paho790052050923993,topic/e/lighting,METAVERSE,6
1716743041185,paho790052061047129,topic/e/lighting,METAVERSE,6
1716743041287,paho790052050923993,topic/e/lighting,METAVERSE,28
1716743041288,paho790052061047129,topic/e/lighting,METAVERSE,29
1716743041368,paho790052050923993,topic/e/noise,METAVERSE,8
1716743041786,paho790052061047129,topic/c/lighting,METAVERSE,15
1716743041786,paho790052050923993,topic/c/lighting,METAVERSE,15
1716743041854,paho790052061047129,topic/c/lighting,METAVERSE,11
1716743041855,paho790052050923993,topic/c/lighting,METAVERSE,12
1716743041929,paho790052060826653,topic/occupancy,METAVERSE,21562
1716743041929,paho790052060826653,topic/occupancy,METAVERSE,21365
1716743041929,paho790052060826653,topic/occupancy,METAVERSE,21181
1716743041929,paho790052060826653,topic/occupancy,METAVERSE,21076
1716743041929,paho790052060826653,topic/occupancy,METAVERSE,21049
1716743041929,paho790052060826653,topic/occupancy,METAVERSE,20827
1716743041929,paho790052060826653,topic/occupancy,METAVERSE,20739
1716743041929,paho790052060826653,topic/occupancy,METAVERSE,20682
1716743041929,paho790052060826653,topic/occupancy,METAVERSE,20573
1716743041929,paho790052060826653,topic/occupancy,METAVERSE,19953
1716743041929,paho790052060826653,topic/occupancy,METAVERSE,19901
1716743041929,paho790052060826653,topic/occupancy,METAVERSE,19806
1716743041929,paho790052060826653,topic/occupancy,METAVERSE,19750
1716743041929,paho790052060826653,topic/occupancy,METAVERSE,19679
1716743041929,paho790052060826653,topic/occupancy,METAVERSE,19310
1716743041930,paho790052060826653,topic/occupancy,METAVERSE,19067
1716743041930,paho790052060826653,topic/occupancy,METAVERSE,19012
1716743042125,paho790052060826653,topic/occupancy,METAVERSE,19182
1716743042158,paho790052050923993,topic/c/noise,METAVERSE,7
1716743042302,paho790052050923993,topic/b/lighting,METAVERSE,106
1716743042302,paho790052061047129,topic/b/lighting,METAVERSE,106
1716743042540,paho790052050923993,topic/e/noise,METAVERSE,8
1716743042665,paho790052050923993,topic/v/noise,METAVERSE,14
1716743042720,paho790052061047129,topic/v/lighting,METAVERSE,5
1716743042721,paho790052050923993,topic/v/lighting,METAVERSE,6
1716743042725,paho790052050923993,topic/s/noise,METAVERSE,9
1716743042775,paho790052061047129,topic/b/lighting,METAVERSE,108
1716743042778,paho790052050923993,topic/b/lighting,METAVERSE,111
1716743043334,paho790052050923993,topic/d/noise,METAVERSE,8
1716743043636,paho790052050923993,topic/g/lighting,METAVERSE,13
1716743043636,paho790052061047129,topic/g/lighting,METAVERSE,13
1716743043758,paho790052061047129,topic/s/lighting,METAVERSE,19
1716743043758,paho790052050923993,topic/s/lighting,METAVERSE,19
1716743043912,paho790052050923993,topic/d/noise,METAVERSE,18
1716743044018,paho790052061047129,topic/s/lighting,METAVERSE,6
1716743044018,paho790052050923993,topic/s/lighting,METAVERSE,6
1716743044402,paho790052050923993,topic/g/noise,METAVERSE,7
1716743044409,paho790052050923993,topic/b/lighting,METAVERSE,113
1716743044410,paho790052061047129,topic/b/lighting,METAVERSE,114
1716743044484,paho790052061047129,topic/b/lighting,METAVERSE,77
1716743044484,paho790052050923993,topic/b/lighting,METAVERSE,77
1716743044519,paho790052050923993,topic/b/noise,METAVERSE,112
1716743044525,paho790052050923993,topic/d/rfid,METAVERSE,9
1716743044552,paho790052061047129,topic/d/lighting,METAVERSE,21
1716743044552,paho790052050923993,topic/d/lighting,METAVERSE,21
1716743044554,paho790052061047129,topic/d/lighting,METAVERSE,39
1716743044555,paho790052050923993,topic/d/lighting,METAVERSE,40
1716743044640,paho790052050923993,topic/b/noise,METAVERSE,113
1716743044676,paho790052060826653,topic/queueing,METAVERSE,160
1716743044729,paho790052050923993,topic/s/noise,METAVERSE,7
1716743044875,paho790052050923993,topic/b/lighting,METAVERSE,113
1716743044876,paho790052061047129,topic/b/lighting,METAVERSE,114
1716743045105,paho790052061047129,topic/g/lighting,METAVERSE,6
1716743045105,paho790052050923993,topic/g/lighting,METAVERSE,6
1716743045317,paho790052050923993,topic/g/noise,METAVERSE,6
1716743045537,paho790052050923993,topic/d/rfid,METAVERSE,6
1716743045539,paho790052060826653,topic/queueing,METAVERSE,8
1716743045895,paho790052050923993,topic/b/noise,METAVERSE,116
1716743046015,paho790052050923993,topic/b/noise,METAVERSE,115
1716743046186,paho790052050923993,topic/e/lighting,METAVERSE,6
1716743046186,paho790052061047129,topic/e/lighting,METAVERSE,6
1716743046331,paho790052061047129,topic/e/lighting,METAVERSE,24
1716743046331,paho790052050923993,topic/e/lighting,METAVERSE,24
1716743046387,paho790052050923993,topic/e/noise,METAVERSE,22
1716743046804,paho790052061047129,topic/c/lighting,METAVERSE,6
1716743046805,paho790052050923993,topic/c/lighting,METAVERSE,7
1716743046865,paho790052061047129,topic/c/lighting,METAVERSE,10
1716743046865,paho790052050923993,topic/c/lighting,METAVERSE,10
1716743047159,paho790052050923993,topic/c/noise,METAVERSE,6
1716743047323,paho790052061047129,topic/b/lighting,METAVERSE,116
1716743047324,paho790052050923993,topic/b/lighting,METAVERSE,117
1716743047541,paho790052050923993,topic/d/rfid,METAVERSE,6
1716743047542,paho790052060826653,topic/queueing,METAVERSE,7
1716743047551,paho790052050923993,topic/e/noise,METAVERSE,6
1716743047710,paho790052050923993,topic/v/noise,METAVERSE,15
1716743047738,paho790052061047129,topic/v/lighting,METAVERSE,7
1716743047738,paho790052050923993,topic/v/lighting,METAVERSE,7
1716743047742,paho790052050923993,topic/s/noise,METAVERSE,6
1716743047817,paho790052061047129,topic/b/lighting,METAVERSE,118
1716743047817,paho790052050923993,topic/b/lighting,METAVERSE,118
1716743048352,paho790052050923993,topic/d/noise,METAVERSE,6
1716743048662,paho790052061047129,topic/g/lighting,METAVERSE,7
1716743048662,paho790052050923993,topic/g/lighting,METAVERSE,7
1716743048766,paho790052050923993,topic/s/lighting,METAVERSE,7
1716743048767,paho790052061047129,topic/s/lighting,METAVERSE,8
1716743048957,paho790052050923993,topic/d/noise,METAVERSE,13
1716743049025,paho790052050923993,topic/s/lighting,METAVERSE,11
1716743049026,paho790052061047129,topic/s/lighting,METAVERSE,12
1716743049413,paho790052050923993,topic/g/noise,METAVERSE,7
1716743049436,paho790052050923993,topic/b/lighting,METAVERSE,117
1716743049436,paho790052061047129,topic/b/lighting,METAVERSE,117
1716743049535,paho790052050923993,topic/b/noise,METAVERSE,120
1716743049535,paho790052061047129,topic/b/lighting,METAVERSE,120
1716743049538,paho790052050923993,topic/b/lighting,METAVERSE,123
1716743049552,paho790052061047129,topic/d/lighting,METAVERSE,7
1716743049553,paho790052050923993,topic/d/lighting,METAVERSE,8
1716743049555,paho790052061047129,topic/d/lighting,METAVERSE,10
1716743049556,paho790052050923993,topic/d/lighting,METAVERSE,11
1716743049560,paho790052050923993,topic/d/rfid,METAVERSE,11
1716743049561,paho790052060826653,topic/queueing,METAVERSE,12
1716743049644,paho790052050923993,topic/b/noise,METAVERSE,116
1716743049756,paho790052050923993,topic/s/noise,METAVERSE,32
1716743049883,paho790052050923993,topic/b/lighting,METAVERSE,117
1716743049884,paho790052061047129,topic/b/lighting,METAVERSE,118
1716743050149,paho790052061047129,topic/g/lighting,METAVERSE,26
1716743050149,paho790052050923993,topic/g/lighting,METAVERSE,26
1716743050321,paho790052060826653,topic/occupancy,METAVERSE,27121
1716743050321,paho790052060826653,topic/occupancy,METAVERSE,27033
1716743050321,paho790052060826653,topic/occupancy,METAVERSE,26914
1716743050321,paho790052060826653,topic/occupancy,METAVERSE,26338
1716743050321,paho790052060826653,topic/occupancy,METAVERSE,26261
1716743050321,paho790052060826653,topic/occupancy,METAVERSE,26166
1716743050321,paho790052060826653,topic/occupancy,METAVERSE,26059
1716743050321,paho790052060826653,topic/occupancy,METAVERSE,26067
1716743050321,paho790052060826653,topic/occupancy,METAVERSE,25646
1716743050321,paho790052060826653,topic/occupancy,METAVERSE,25449
1716743050321,paho790052060826653,topic/occupancy,METAVERSE,25354
1716743050321,paho790052060826653,topic/occupancy,METAVERSE,25309
1716743050321,paho790052060826653,topic/occupancy,METAVERSE,25148
1716743050321,paho790052060826653,topic/occupancy,METAVERSE,25142
1716743050321,paho790052060826653,topic/occupancy,METAVERSE,25112
1716743050321,paho790052060826653,topic/occupancy,METAVERSE,25033
1716743050321,paho790052060826653,topic/occupancy,METAVERSE,24906
1716743050322,paho790052060826653,topic/occupancy,METAVERSE,24326
1716743050322,paho790052060826653,topic/occupancy,METAVERSE,24232
1716743050322,paho790052060826653,topic/occupancy,METAVERSE,24014
1716743050322,paho790052060826653,topic/occupancy,METAVERSE,23981
1716743050322,paho790052060826653,topic/occupancy,METAVERSE,23930
1716743050322,paho790052060826653,topic/occupancy,METAVERSE,23627
1716743050322,paho790052060826653,topic/occupancy,METAVERSE,23438
1716743050322,paho790052060826653,topic/occupancy,METAVERSE,23243
1716743050322,paho790052060826653,topic/occupancy,METAVERSE,23107
1716743050322,paho790052060826653,topic/occupancy,METAVERSE,23033
1716743050322,paho790052060826653,topic/occupancy,METAVERSE,22869
1716743050322,paho790052060826653,topic/occupancy,METAVERSE,22310
1716743050322,paho790052060826653,topic/occupancy,METAVERSE,22190
1716743050322,paho790052060826653,topic/occupancy,METAVERSE,22102
1716743050322,paho790052060826653,topic/occupancy,METAVERSE,22102
1716743050322,paho790052060826653,topic/occupancy,METAVERSE,22007
1716743050322,paho790052060826653,topic/occupancy,METAVERSE,21939
1716743050322,paho790052060826653,topic/occupancy,METAVERSE,21586
1716743050322,paho790052060826653,topic/occupancy,METAVERSE,21432
1716743050322,paho790052060826653,topic/occupancy,METAVERSE,21143
1716743050322,paho790052060826653,topic/occupancy,METAVERSE,21092
1716743050322,paho790052060826653,topic/occupancy,METAVERSE,21023
1716743050322,paho790052060826653,topic/occupancy,METAVERSE,20855
1716743050322,paho790052060826653,topic/occupancy,METAVERSE,20306
1716743050322,paho790052060826653,topic/occupancy,METAVERSE,20308
1716743050322,paho790052060826653,topic/occupancy,METAVERSE,20158
1716743050333,paho790052050923993,topic/g/noise,METAVERSE,12
1716743050904,paho790052050923993,topic/b/noise,METAVERSE,109
1716743051019,paho790052050923993,topic/b/noise,METAVERSE,113
1716743051196,paho790052050923993,topic/e/lighting,METAVERSE,8
1716743051197,paho790052061047129,topic/e/lighting,METAVERSE,9
1716743051331,paho790052061047129,topic/e/lighting,METAVERSE,5
1716743051332,paho790052050923993,topic/e/lighting,METAVERSE,6
1716743051416,paho790052050923993,topic/e/noise,METAVERSE,17
1716743051882,paho790052061047129,topic/c/lighting,METAVERSE,23
1716743051882,paho790052050923993,topic/c/lighting,METAVERSE,23
1716743051929,paho790052050923993,topic/c/lighting,METAVERSE,6
1716743051932,paho790052061047129,topic/c/lighting,METAVERSE,9
1716743052171,paho790052050923993,topic/c/noise,METAVERSE,6
1716743052328,paho790052050923993,topic/b/lighting,METAVERSE,117
1716743052328,paho790052061047129,topic/b/lighting,METAVERSE,117
1716743052569,paho790052050923993,topic/e/noise,METAVERSE,6
1716743052739,paho790052061047129,topic/v/lighting,METAVERSE,7
1716743052738,paho790052050923993,topic/v/lighting,METAVERSE,6
1716743052742,paho790052050923993,topic/s/noise,METAVERSE,5
1716743052747,paho790052050923993,topic/v/noise,METAVERSE,15
1716743052812,paho790052061047129,topic/b/lighting,METAVERSE,112
1716743052813,paho790052050923993,topic/b/lighting,METAVERSE,113
1716743053361,paho790052050923993,topic/d/noise,METAVERSE,10
1716743053666,paho790052050923993,topic/g/lighting,METAVERSE,7
1716743053666,paho790052061047129,topic/g/lighting,METAVERSE,7
1716743053774,paho790052061047129,topic/s/lighting,METAVERSE,6
1716743053774,paho790052050923993,topic/s/lighting,METAVERSE,6
1716743053997,paho790052050923993,topic/d/noise,METAVERSE,10
1716743054034,paho790052061047129,topic/s/lighting,METAVERSE,15
1716743054035,paho790052050923993,topic/s/lighting,METAVERSE,16
1716743054417,paho790052050923993,topic/g/noise,METAVERSE,5
1716743054432,paho790052061047129,topic/b/lighting,METAVERSE,112
1716743054433,paho790052050923993,topic/b/lighting,METAVERSE,113
1716743054529,paho790052061047129,topic/b/lighting,METAVERSE,112
1716743054530,paho790052050923993,topic/b/lighting,METAVERSE,113
1716743054533,paho790052050923993,topic/b/noise,METAVERSE,116
1716743054563,paho790052061047129,topic/d/lighting,METAVERSE,15
1716743054563,paho790052050923993,topic/d/lighting,METAVERSE,15
1716743054566,paho790052061047129,topic/d/lighting,METAVERSE,19
1716743054566,paho790052050923993,topic/d/lighting,METAVERSE,19
1716743054598,paho790052050923993,topic/d/rfid,METAVERSE,7
1716743054599,paho790052060826653,topic/queueing,METAVERSE,8
1716743054683,paho790052050923993,topic/b/noise,METAVERSE,114
1716743054769,paho790052050923993,topic/s/noise,METAVERSE,6
1716743054865,paho790052061047129,topic/b/lighting,METAVERSE,98
1716743054865,paho790052050923993,topic/b/lighting,METAVERSE,98
1716743055197,paho790052061047129,topic/g/lighting,METAVERSE,6
1716743055198,paho790052050923993,topic/g/lighting,METAVERSE,7
1716743055349,paho790052050923993,topic/g/noise,METAVERSE,6
1716743055929,paho790052050923993,topic/b/noise,METAVERSE,114
1716743056021,paho790052050923993,topic/b/noise,METAVERSE,114
1716743056199,paho790052050923993,topic/e/lighting,METAVERSE,7
1716743056200,paho790052061047129,topic/e/lighting,METAVERSE,8
1716743056344,paho790052061047129,topic/e/lighting,METAVERSE,8
1716743056344,paho790052050923993,topic/e/lighting,METAVERSE,8
1716743056427,paho790052050923993,topic/e/noise,METAVERSE,10
1716743056605,paho790052050923993,topic/d/rfid,METAVERSE,6
1716743056606,paho790052060826653,topic/queueing,METAVERSE,7
1716743056941,paho790052061047129,topic/c/lighting,METAVERSE,13
1716743056941,paho790052050923993,topic/c/lighting,METAVERSE,13
1716743056966,paho790052061047129,topic/c/lighting,METAVERSE,19
1716743056966,paho790052050923993,topic/c/lighting,METAVERSE,19
1716743057189,paho790052050923993,topic/c/noise,METAVERSE,6
1716743057324,paho790052061047129,topic/b/lighting,METAVERSE,112
1716743057324,paho790052050923993,topic/b/lighting,METAVERSE,112
1716743057573,paho790052050923993,topic/e/noise,METAVERSE,6
1716743057746,paho790052050923993,topic/v/lighting,METAVERSE,7
1716743057746,paho790052061047129,topic/v/lighting,METAVERSE,7
1716743057748,paho790052050923993,topic/s/noise,METAVERSE,8
1716743057793,paho790052050923993,topic/v/noise,METAVERSE,6
1716743057822,paho790052061047129,topic/b/lighting,METAVERSE,118
1716743057823,paho790052050923993,topic/b/lighting,METAVERSE,119
1716743058385,paho790052050923993,topic/d/noise,METAVERSE,6
1716743058676,paho790052050923993,topic/g/lighting,METAVERSE,6
1716743058676,paho790052061047129,topic/g/lighting,METAVERSE,6
1716743058781,paho790052061047129,topic/s/lighting,METAVERSE,5
1716743058781,paho790052050923993,topic/s/lighting,METAVERSE,5
1716743059024,paho790052050923993,topic/d/noise,METAVERSE,11
1716743059059,paho790052061047129,topic/s/lighting,METAVERSE,5
1716743059060,paho790052050923993,topic/s/lighting,METAVERSE,6
1716743059426,paho790052050923993,topic/g/noise,METAVERSE,7
1716743059452,paho790052061047129,topic/b/lighting,METAVERSE,112
1716743059453,paho790052050923993,topic/b/lighting,METAVERSE,113
1716743059566,paho790052050923993,topic/b/noise,METAVERSE,115
1716743059567,paho790052061047129,topic/b/lighting,METAVERSE,116
1716743059569,paho790052050923993,topic/b/lighting,METAVERSE,118
1716743059573,paho790052061047129,topic/d/lighting,METAVERSE,10
1716743059573,paho790052050923993,topic/d/lighting,METAVERSE,10
1716743059575,paho790052061047129,topic/d/lighting,METAVERSE,11
1716743059576,paho790052050923993,topic/d/lighting,METAVERSE,12
1716743059607,paho790052050923993,topic/d/rfid,METAVERSE,6
1716743059608,paho790052060826653,topic/queueing,METAVERSE,7
1716743059692,paho790052050923993,topic/b/noise,METAVERSE,110
1716743059773,paho790052050923993,topic/s/noise,METAVERSE,6
1716743059882,paho790052060826653,topic/occupancy,METAVERSE,29562
1716743059882,paho790052060826653,topic/occupancy,METAVERSE,29451
1716743059883,paho790052060826653,topic/occupancy,METAVERSE,29086
1716743059883,paho790052060826653,topic/occupancy,METAVERSE,28988
1716743059883,paho790052060826653,topic/occupancy,METAVERSE,28661
1716743059883,paho790052060826653,topic/occupancy,METAVERSE,28641
1716743059883,paho790052060826653,topic/occupancy,METAVERSE,28580
1716743059883,paho790052060826653,topic/occupancy,METAVERSE,28407
1716743059883,paho790052060826653,topic/occupancy,METAVERSE,27866
1716743059883,paho790052060826653,topic/occupancy,METAVERSE,27715
1716743059883,paho790052060826653,topic/occupancy,METAVERSE,27554
1716743059883,paho790052060826653,topic/occupancy,METAVERSE,27453
1716743059883,paho790052060826653,topic/occupancy,METAVERSE,27445
1716743059883,paho790052060826653,topic/occupancy,METAVERSE,27027
1716743059883,paho790052060826653,topic/occupancy,METAVERSE,26971
1716743059883,paho790052060826653,topic/occupancy,METAVERSE,26653
1716743059883,paho790052060826653,topic/occupancy,METAVERSE,26633
1716743059883,paho790052060826653,topic/occupancy,METAVERSE,26559
1716743059888,paho790052060826653,topic/occupancy,METAVERSE,26412
1716743059888,paho790052060826653,topic/occupancy,METAVERSE,25863
1716743059888,paho790052060826653,topic/occupancy,METAVERSE,25676
1716743059888,paho790052060826653,topic/occupancy,METAVERSE,25549
1716743059888,paho790052060826653,topic/occupancy,METAVERSE,25424
1716743059888,paho790052060826653,topic/occupancy,METAVERSE,25024
1716743059889,paho790052060826653,topic/occupancy,METAVERSE,24921
1716743059889,paho790052060826653,topic/occupancy,METAVERSE,24655
1716743059889,paho790052060826653,topic/occupancy,METAVERSE,24573
1716743059889,paho790052060826653,topic/occupancy,METAVERSE,24529
1716743059889,paho790052060826653,topic/occupancy,METAVERSE,24411
1716743059889,paho790052060826653,topic/occupancy,METAVERSE,23854
1716743059889,paho790052060826653,topic/occupancy,METAVERSE,23829
1716743059889,paho790052060826653,topic/occupancy,METAVERSE,23676
1716743059889,paho790052060826653,topic/occupancy,METAVERSE,23547
1716743059889,paho790052060826653,topic/occupancy,METAVERSE,23438
1716743059889,paho790052060826653,topic/occupancy,METAVERSE,23413
1716743059889,paho790052060826653,topic/occupancy,METAVERSE,23021
1716743059889,paho790052060826653,topic/occupancy,METAVERSE,22869
1716743059889,paho790052060826653,topic/occupancy,METAVERSE,22649
1716743059890,paho790052060826653,topic/occupancy,METAVERSE,22560
1716743059890,paho790052060826653,topic/occupancy,METAVERSE,22530
1716743059890,paho790052060826653,topic/occupancy,METAVERSE,22399
1716743059890,paho790052060826653,topic/occupancy,METAVERSE,21827
1716743059890,paho790052060826653,topic/occupancy,METAVERSE,21675
1716743059890,paho790052060826653,topic/occupancy,METAVERSE,21522
1716743059890,paho790052060826653,topic/occupancy,METAVERSE,21410
1716743059890,paho790052060826653,topic/occupancy,METAVERSE,21014
1716743059890,paho790052060826653,topic/occupancy,METAVERSE,20826
1716743059890,paho790052060826653,topic/occupancy,METAVERSE,20642
1716743059890,paho790052060826653,topic/occupancy,METAVERSE,20559
1716743059890,paho790052060826653,topic/occupancy,METAVERSE,20530
1716743059890,paho790052060826653,topic/occupancy,METAVERSE,20400
1716743059890,paho790052060826653,topic/occupancy,METAVERSE,20377
1716743059890,paho790052060826653,topic/occupancy,METAVERSE,19813
1716743059892,paho790052050923993,topic/b/lighting,METAVERSE,121
1716743059892,paho790052061047129,topic/b/lighting,METAVERSE,121
1716743060078,paho790052060826653,topic/occupancy,METAVERSE,19845
1716743060206,paho790052061047129,topic/g/lighting,METAVERSE,10
1716743060206,paho790052050923993,topic/g/lighting,METAVERSE,10
1716743060327,paho790052060826653,topic/occupancy,METAVERSE,19955
1716743060350,paho790052050923993,topic/g/noise,METAVERSE,6
1716743060959,paho790052050923993,topic/b/noise,METAVERSE,114
1716743061023,paho790052050923993,topic/b/noise,METAVERSE,115
1716743061209,paho790052050923993,topic/e/lighting,METAVERSE,6
1716743061209,paho790052061047129,topic/e/lighting,METAVERSE,6
1716743061353,paho790052061047129,topic/e/lighting,METAVERSE,6
1716743061353,paho790052050923993,topic/e/lighting,METAVERSE,6
1716743061469,paho790052050923993,topic/e/noise,METAVERSE,6
1716743061951,paho790052061047129,topic/c/lighting,METAVERSE,12
1716743061951,paho790052050923993,topic/c/lighting,METAVERSE,12
1716743062017,paho790052061047129,topic/c/lighting,METAVERSE,42
1716743062017,paho790052050923993,topic/c/lighting,METAVERSE,42
1716743062205,paho790052050923993,topic/c/noise,METAVERSE,6
1716743062341,paho790052050923993,topic/b/lighting,METAVERSE,114
1716743062342,paho790052061047129,topic/b/lighting,METAVERSE,115
1716743062601,paho790052050923993,topic/e/noise,METAVERSE,5
1716743062752,paho790052061047129,topic/v/lighting,METAVERSE,6
1716743062752,paho790052050923993,topic/v/lighting,METAVERSE,6
1716743062760,paho790052050923993,topic/s/noise,METAVERSE,15
1716743062819,paho790052061047129,topic/b/lighting,METAVERSE,114
1716743062819,paho790052050923993,topic/b/lighting,METAVERSE,114
1716743062838,paho790052050923993,topic/v/noise,METAVERSE,36
1716743063396,paho790052050923993,topic/d/noise,METAVERSE,8
1716743063678,paho790052050923993,topic/g/lighting,METAVERSE,6
1716743063679,paho790052061047129,topic/g/lighting,METAVERSE,7
1716743063788,paho790052050923993,topic/s/lighting,METAVERSE,10
1716743063788,paho790052061047129,topic/s/lighting,METAVERSE,10
1716743064061,paho790052050923993,topic/d/noise,METAVERSE,6
1716743064066,paho790052061047129,topic/s/lighting,METAVERSE,10
1716743064067,paho790052050923993,topic/s/lighting,METAVERSE,11
1716743064437,paho790052050923993,topic/g/noise,METAVERSE,6
1716743064548,paho790052061047129,topic/b/lighting,METAVERSE,181
1716743064548,paho790052050923993,topic/b/lighting,METAVERSE,181
1716743064568,paho790052061047129,topic/b/lighting,METAVERSE,116
1716743064568,paho790052050923993,topic/b/lighting,METAVERSE,116
1716743064571,paho790052050923993,topic/b/noise,METAVERSE,119
1716743064577,paho790052061047129,topic/d/lighting,METAVERSE,7
1716743064579,paho790052061047129,topic/d/lighting,METAVERSE,10
1716743064582,paho790052050923993,topic/d/lighting,METAVERSE,12
1716743064585,paho790052050923993,topic/d/lighting,METAVERSE,16
1716743064718,paho790052050923993,topic/b/noise,METAVERSE,114
1716743064822,paho790052050923993,topic/s/noise,METAVERSE,11
1716743064891,paho790052061047129,topic/b/lighting,METAVERSE,117
1716743064891,paho790052050923993,topic/b/lighting,METAVERSE,117
1716743065209,paho790052061047129,topic/g/lighting,METAVERSE,8
1716743065210,paho790052050923993,topic/g/lighting,METAVERSE,9
1716743065371,paho790052050923993,topic/g/noise,METAVERSE,5
1716743065621,paho790052050923993,topic/d/rfid,METAVERSE,5
1716743065625,paho790052060826653,topic/queueing,METAVERSE,9
1716743065625,paho790052060826653,topic/queueing,METAVERSE,9
1716743065627,paho790052050923993,topic/d/rfid,METAVERSE,11
1716743065631,paho790052050923993,topic/d/rfid,METAVERSE,13
1716743065634,paho790052050923993,topic/d/rfid,METAVERSE,16
1716743065676,paho790052060826653,topic/queueing,METAVERSE,58
1716743065724,paho790052060826653,topic/queueing,METAVERSE,106
1716743065997,paho790052050923993,topic/b/noise,METAVERSE,116
1716743066023,paho790052050923993,topic/b/noise,METAVERSE,113
1716743066239,paho790052061047129,topic/e/lighting,METAVERSE,32
1716743066239,paho790052050923993,topic/e/lighting,METAVERSE,32
1716743066369,paho790052061047129,topic/e/lighting,METAVERSE,6
1716743066370,paho790052050923993,topic/e/lighting,METAVERSE,7
1716743066481,paho790052050923993,topic/e/noise,METAVERSE,10
1716743066953,paho790052061047129,topic/c/lighting,METAVERSE,6
1716743066953,paho790052050923993,topic/c/lighting,METAVERSE,6
1716743067025,paho790052061047129,topic/c/lighting,METAVERSE,11
1716743067026,paho790052050923993,topic/c/lighting,METAVERSE,12
1716743067233,paho790052050923993,topic/c/noise,METAVERSE,10
1716743067346,paho790052061047129,topic/b/lighting,METAVERSE,115
1716743067346,paho790052050923993,topic/b/lighting,METAVERSE,115
1716743067618,paho790052050923993,topic/e/noise,METAVERSE,6
1716743067752,paho790052061047129,topic/v/lighting,METAVERSE,5
1716743067753,paho790052050923993,topic/v/lighting,METAVERSE,6
1716743067769,paho790052050923993,topic/s/noise,METAVERSE,6
1716743067819,paho790052061047129,topic/b/lighting,METAVERSE,113
1716743067819,paho790052050923993,topic/b/lighting,METAVERSE,113
1716743067865,paho790052050923993,topic/v/noise,METAVERSE,16
