1716735248549,paho785372051931102,topic/security,METAVERSE,387
1716735248559,paho785372052557336,topic/maintenance,METAVERSE,221
1716735248560,paho785372052557336,topic/maintenance,METAVERSE,137
1716735248560,paho785372052557336,topic/maintenance,METAVERSE,100
1716735248618,paho785372051931102,topic/security,METAVERSE,321
1716735248620,paho785372052383134,topic/c/lighting,METAVERSE,199
1716735248651,paho785372052200633,topic/queueing,METAVERSE,104
1716735248676,paho785372052557336,topic/maintenance,METAVERSE,80
1716735248707,paho785372051931102,topic/security,METAVERSE,206
1716735248712,paho785372051268119,topic/c/noise,METAVERSE,374
1716735248718,paho785372052557336,topic/maintenance,METAVERSE,48
1716735248770,paho785372051931102,topic/security,METAVERSE,90
1716735248772,paho785372051268119,topic/c/lighting,METAVERSE,351
1716735248774,paho785372051268119,topic/c/rfid,METAVERSE,227
1716735248813,paho785372051268119,topic/v/lighting,METAVERSE,21
1716735248827,paho785372051931102,topic/security,METAVERSE,59
1716735248862,paho785372052383134,topic/v/lighting,METAVERSE,70
1716735248863,paho785372052383134,topic/c/lighting,METAVERSE,47
1716735248876,paho785372052200633,topic/occupancy,METAVERSE,714
1716735248876,paho785372052557336,topic/maintenance,METAVERSE,59
1716735248877,paho785372051268119,topic/c/lighting,METAVERSE,61
1716735248909,paho785372052200633,topic/occupancy,METAVERSE,362
1716735248919,paho785372051268119,topic/s/noise,METAVERSE,106
1716735248959,paho785372052557336,topic/maintenance,METAVERSE,146
1716735248975,paho785372052557336,topic/maintenance,METAVERSE,31
1716735249164,paho785372052557336,topic/maintenance,METAVERSE,30
1716735249352,paho785372051931102,topic/security,METAVERSE,73
1716735249420,paho785372052200633,topic/occupancy,METAVERSE,141
1716735249591,paho785372051931102,topic/security,METAVERSE,58
1716735249811,paho785372052557336,topic/maintenance,METAVERSE,20
1716735249841,paho785372052557336,topic/maintenance,METAVERSE,56
1716735250123,paho785372051931102,topic/security,METAVERSE,23
1716735250141,paho785372051931102,topic/security,METAVERSE,8
1716735250292,paho785372051931102,topic/security,METAVERSE,50
1716735250343,paho785372052200633,topic/occupancy,METAVERSE,101
1716735250610,paho785372051268119,topic/v/rfid,METAVERSE,19
1716735250617,paho785372052200633,topic/queueing,METAVERSE,26
1716735250690,paho785372052557336,topic/maintenance,METAVERSE,27
1716735250720,paho785372051931102,topic/security,METAVERSE,11
1716735250724,paho785372051268119,topic/g/noise,METAVERSE,39
1716735250727,paho785372052557336,topic/maintenance,METAVERSE,42
1716735250771,paho785372051268119,topic/v/noise,METAVERSE,35
1716735250774,paho785372052557336,topic/maintenance,METAVERSE,10
1716735250800,paho785372052200633,topic/occupancy,METAVERSE,209
1716735250819,paho785372052557336,topic/maintenance,METAVERSE,83
1716735250910,paho785372052200633,topic/occupancy,METAVERSE,201
1716735250933,paho785372052557336,topic/maintenance,METAVERSE,25
1716735250986,paho785372051931102,topic/security,METAVERSE,39
1716735251005,paho785372051268119,topic/s/rfid,METAVERSE,5
1716735251011,paho785372052200633,topic/queueing,METAVERSE,11
1716735251097,paho785372052200633,topic/occupancy,METAVERSE,97
1716735251382,paho785372051931102,topic/security,METAVERSE,15
1716735251413,paho785372052557336,topic/maintenance,METAVERSE,10
1716735251469,paho785372051268119,topic/e/rfid,METAVERSE,16
1716735251473,paho785372052200633,topic/occupancy,METAVERSE,106
1716735251475,paho785372052200633,topic/queueing,METAVERSE,22
1716735251484,paho785372051268119,topic/d/rfid,METAVERSE,37
1716735251489,paho785372052200633,topic/queueing,METAVERSE,42
1716735251520,paho785372052557336,topic/maintenance,METAVERSE,35
1716735251566,paho785372052383134,topic/s/lighting,METAVERSE,12
1716735251571,paho785372051268119,topic/s/lighting,METAVERSE,17
1716735251576,paho785372052200633,topic/occupancy,METAVERSE,123
1716735251625,paho785372052200633,topic/occupancy,METAVERSE,178
1716735251673,paho785372051931102,topic/security,METAVERSE,29
1716735251696,paho785372052557336,topic/maintenance,METAVERSE,41
1716735251717,paho785372052200633,topic/occupancy,METAVERSE,73
1716735251742,paho785372052557336,topic/maintenance,METAVERSE,23
1716735251800,paho785372051931102,topic/security,METAVERSE,12
1716735251805,paho785372051931102,topic/security,METAVERSE,34
1716735251872,paho785372051931102,topic/security,METAVERSE,63
1716735251918,paho785372051931102,topic/security,METAVERSE,15
1716735251938,paho785372052200633,topic/occupancy,METAVERSE,150
1716735252036,paho785372052557336,topic/maintenance,METAVERSE,28
1716735252076,paho785372051268119,topic/d/noise,METAVERSE,28
1716735252083,paho785372052557336,topic/maintenance,METAVERSE,42
1716735252128,paho785372052557336,topic/maintenance,METAVERSE,95
1716735252128,paho785372052557336,topic/maintenance,METAVERSE,80
1716735252158,paho785372051931102,topic/security,METAVERSE,25
1716735252207,paho785372051268119,topic/e/lighting,METAVERSE,9
1716735252209,paho785372052383134,topic/e/lighting,METAVERSE,11
1716735252213,paho785372052557336,topic/maintenance,METAVERSE,14
1716735252255,paho785372052557336,topic/maintenance,METAVERSE,21
1716735252287,paho785372051268119,topic/s/noise,METAVERSE,16
1716735252289,paho785372052557336,topic/maintenance,METAVERSE,18
1716735252299,paho785372051931102,topic/security,METAVERSE,9
1716735252392,paho785372052200633,topic/occupancy,METAVERSE,102
1716735252402,paho785372052383134,topic/g/lighting,METAVERSE,7
1716735252403,paho785372051268119,topic/g/lighting,METAVERSE,8
1716735252423,paho785372052383134,topic/g/lighting,METAVERSE,7
1716735252423,paho785372051268119,topic/g/lighting,METAVERSE,7
1716735252484,paho785372052383134,topic/d/lighting,METAVERSE,24
1716735252486,paho785372051268119,topic/d/lighting,METAVERSE,26
1716735252545,paho785372052557336,topic/maintenance,METAVERSE,34
1716735252545,paho785372051268119,topic/g/noise,METAVERSE,34
1716735252578,paho785372052557336,topic/maintenance,METAVERSE,45
1716735252639,paho785372052557336,topic/maintenance,METAVERSE,57
1716735252677,paho785372051268119,topic/s/lighting,METAVERSE,149
1716735252687,paho785372051268119,topic/g/rfid,METAVERSE,75
1716735252712,paho785372052557336,topic/maintenance,METAVERSE,64
1716735252712,paho785372052200633,topic/queueing,METAVERSE,100
1716735252713,paho785372052383134,topic/s/lighting,METAVERSE,185
1716735252776,paho785372051931102,topic/security,METAVERSE,15
1716735252781,paho785372051931102,topic/security,METAVERSE,9
1716735252796,paho785372052200633,topic/occupancy,METAVERSE,184
1716735252811,paho785372052557336,topic/maintenance,METAVERSE,30
1716735252837,paho785372052557336,topic/maintenance,METAVERSE,37
1716735252884,paho785372051931102,topic/security,METAVERSE,16
1716735252895,paho785372052557336,topic/maintenance,METAVERSE,79
1716735252909,paho785372052200633,topic/occupancy,METAVERSE,148
1716735252945,paho785372052557336,topic/maintenance,METAVERSE,11
1716735252949,paho785372051268119,topic/e/lighting,METAVERSE,12
1716735252949,paho785372052383134,topic/e/lighting,METAVERSE,12
1716735253022,paho785372052200633,topic/occupancy,METAVERSE,250
1716735253066,paho785372051931102,topic/security,METAVERSE,14
1716735253172,paho785372051931102,topic/security,METAVERSE,449
1716735253177,paho785372051931102,topic/security,METAVERSE,10
1716735253209,paho785372052557336,topic/maintenance,METAVERSE,27
1716735253212,paho785372051931102,topic/security,METAVERSE,29
1716735253218,paho785372051931102,topic/security,METAVERSE,59
1716735253351,paho785372052557336,topic/maintenance,METAVERSE,32
1716735253408,paho785372051268119,topic/c/noise,METAVERSE,13
1716735253410,paho785372052557336,topic/maintenance,METAVERSE,15
1716735253415,paho785372051931102,topic/security,METAVERSE,11
1716735253460,paho785372051268119,topic/c/lighting,METAVERSE,5
1716735253460,paho785372052383134,topic/c/lighting,METAVERSE,5
1716735253485,paho785372052200633,topic/occupancy,METAVERSE,81
1716735253578,paho785372051931102,topic/security,METAVERSE,22
1716735253667,paho785372052200633,topic/occupancy,METAVERSE,111
1716735253671,paho785372052557336,topic/maintenance,METAVERSE,210
1716735253752,paho785372051268119,topic/d/lighting,METAVERSE,13
1716735253752,paho785372052383134,topic/d/lighting,METAVERSE,13
1716735253802,paho785372052557336,topic/maintenance,METAVERSE,195
1716735253806,paho785372052557336,topic/maintenance,METAVERSE,34
1716735253824,paho785372051268119,topic/c/lighting,METAVERSE,7
1716735253824,paho785372052383134,topic/c/lighting,METAVERSE,7
1716735253866,paho785372051931102,topic/security,METAVERSE,22
1716735253870,paho785372052383134,topic/v/lighting,METAVERSE,23
1716735253871,paho785372051268119,topic/v/lighting,METAVERSE,24
1716735253874,paho785372051931102,topic/security,METAVERSE,44
1716735253898,paho785372052200633,topic/occupancy,METAVERSE,54
1716735253936,paho785372051931102,topic/security,METAVERSE,9
1716735253964,paho785372051268119,topic/d/noise,METAVERSE,8
1716735253969,paho785372052557336,topic/maintenance,METAVERSE,102
1716735253974,paho785372051931102,topic/security,METAVERSE,35
1716735253996,paho785372052557336,topic/maintenance,METAVERSE,113
1716735254002,paho785372051268119,topic/s/noise,METAVERSE,43
1716735254016,paho785372052200633,topic/queueing,METAVERSE,16
1716735254016,paho785372051931102,topic/security,METAVERSE,78
1716735254017,paho785372051268119,topic/s/rfid,METAVERSE,17
1716735254036,paho785372052557336,topic/maintenance,METAVERSE,540
1716735254083,paho785372052557336,topic/maintenance,METAVERSE,127
1716735254092,paho785372052557336,topic/maintenance,METAVERSE,133
1716735254092,paho785372052557336,topic/maintenance,METAVERSE,74
1716735254109,paho785372052200633,topic/occupancy,METAVERSE,182
1716735254205,paho785372052200633,topic/occupancy,METAVERSE,266
1716735254224,paho785372051931102,topic/security,METAVERSE,23
1716735254265,paho785372051931102,topic/security,METAVERSE,29
1716735254288,paho785372052200633,topic/occupancy,METAVERSE,288
1716735254323,paho785372051931102,topic/security,METAVERSE,12
1716735254360,paho785372052200633,topic/occupancy,METAVERSE,49
1716735254374,paho785372052557336,topic/maintenance,METAVERSE,7
1716735254395,paho785372051268119,topic/e/noise,METAVERSE,28
1716735254399,paho785372052557336,topic/maintenance,METAVERSE,52
1716735254443,paho785372052557336,topic/maintenance,METAVERSE,76
1716735254607,paho785372051268119,topic/e/noise,METAVERSE,62
1716735254608,paho785372052557336,topic/maintenance,METAVERSE,63
1716735254829,paho785372051931102,topic/security,METAVERSE,14
1716735254855,paho785372051931102,topic/security,METAVERSE,7
1716735254909,paho785372052200633,topic/occupancy,METAVERSE,94
1716735254988,paho785372052200633,topic/occupancy,METAVERSE,140
1716735255453,paho785372051931102,topic/security,METAVERSE,14
1716735255545,paho785372052200633,topic/occupancy,METAVERSE,106
1716735255605,paho785372051931102,topic/security,METAVERSE,7
1716735255708,paho785372052200633,topic/occupancy,METAVERSE,110
1716735255800,paho785372051268119,topic/g/noise,METAVERSE,33
1716735255801,paho785372052557336,topic/maintenance,METAVERSE,34
1716735255816,paho785372051268119,topic/v/noise,METAVERSE,25
1716735255817,paho785372052557336,topic/maintenance,METAVERSE,26
1716735255937,paho785372051931102,topic/security,METAVERSE,22
1716735255938,paho785372051931102,topic/security,METAVERSE,7
1716735256046,paho785372052200633,topic/occupancy,METAVERSE,131
1716735256049,paho785372052383134,topic/b/lighting,METAVERSE,21
1716735256049,paho785372051268119,topic/b/lighting,METAVERSE,21
1716735256053,paho785372051931102,topic/security,METAVERSE,50
1716735256059,paho785372052557336,topic/maintenance,METAVERSE,32
1716735256071,paho785372051268119,topic/b/noise,METAVERSE,45
1716735256103,paho785372052557336,topic/maintenance,METAVERSE,1696
1716735256113,paho785372051268119,topic/b/noise,METAVERSE,13
1716735256120,paho785372051931102,topic/security,METAVERSE,19
1716735256151,paho785372052557336,topic/maintenance,METAVERSE,125
1716735256155,paho785372052200633,topic/occupancy,METAVERSE,224
1716735256196,paho785372052557336,topic/maintenance,METAVERSE,96
1716735256196,paho785372052557336,topic/maintenance,METAVERSE,94
1716735256276,paho785372052200633,topic/occupancy,METAVERSE,273
1716735256343,paho785372051931102,topic/security,METAVERSE,6
1716735256378,paho785372052200633,topic/occupancy,METAVERSE,41
1716735256660,paho785372052383134,topic/s/lighting,METAVERSE,26
1716735256661,paho785372051268119,topic/s/lighting,METAVERSE,27
1716735256906,paho785372051931102,topic/security,METAVERSE,19
1716735256938,paho785372051931102,topic/security,METAVERSE,19
1716735256996,paho785372052200633,topic/occupancy,METAVERSE,109
1716735257035,paho785372051931102,topic/security,METAVERSE,96
1716735257120,paho785372052200633,topic/occupancy,METAVERSE,181
1716735257136,paho785372051268119,topic/d/noise,METAVERSE,6
1716735257148,paho785372052557336,topic/maintenance,METAVERSE,18
1716735257299,paho785372051268119,topic/b/lighting,METAVERSE,32
1716735257302,paho785372052383134,topic/b/lighting,METAVERSE,35
1716735257366,paho785372051268119,topic/e/lighting,METAVERSE,20
1716735257369,paho785372052383134,topic/e/lighting,METAVERSE,23
1716735257391,paho785372051268119,topic/b/noise,METAVERSE,11
1716735257403,paho785372052557336,topic/maintenance,METAVERSE,23
1716735257455,paho785372051268119,topic/g/lighting,METAVERSE,8
1716735257458,paho785372051268119,topic/s/noise,METAVERSE,19
1716735257458,paho785372052383134,topic/g/lighting,METAVERSE,11
1716735257458,paho785372052557336,topic/maintenance,METAVERSE,19
1716735257469,paho785372052383134,topic/g/lighting,METAVERSE,21
1716735257479,paho785372051268119,topic/g/lighting,METAVERSE,31
1716735257531,paho785372051931102,topic/security,METAVERSE,51
1716735257554,paho785372052200633,topic/occupancy,METAVERSE,74
1716735257583,paho785372051268119,topic/d/lighting,METAVERSE,74
1716735257584,paho785372052383134,topic/d/lighting,METAVERSE,75
1716735257598,paho785372051268119,topic/c/rfid,METAVERSE,17
1716735257606,paho785372051268119,topic/g/noise,METAVERSE,23
1716735257607,paho785372052200633,topic/queueing,METAVERSE,26
1716735257663,paho785372052557336,topic/maintenance,METAVERSE,80
1716735257678,paho785372052200633,topic/occupancy,METAVERSE,97
1716735257691,paho785372051268119,topic/s/lighting,METAVERSE,11
1716735257693,paho785372052383134,topic/s/lighting,METAVERSE,13
1716735257719,paho785372051931102,topic/security,METAVERSE,69
1716735257723,paho785372051268119,topic/g/rfid,METAVERSE,27
1716735257735,paho785372052200633,topic/queueing,METAVERSE,39
1716735257737,paho785372051931102,topic/security,METAVERSE,92
1716735257788,paho785372052557336,topic/maintenance,METAVERSE,36
1716735257829,paho785372052200633,topic/occupancy,METAVERSE,179
1716735257956,paho785372051931102,topic/security,METAVERSE,20
1716735257979,paho785372052200633,topic/occupancy,METAVERSE,334
1716735257997,paho785372051931102,topic/security,METAVERSE,114
1716735258019,paho785372051268119,topic/e/lighting,METAVERSE,40
1716735258019,paho785372052383134,topic/e/lighting,METAVERSE,40
1716735258058,paho785372052200633,topic/occupancy,METAVERSE,362
1716735258064,paho785372051931102,topic/security,METAVERSE,37
1716735258136,paho785372051931102,topic/security,METAVERSE,22
1716735258207,paho785372052200633,topic/occupancy,METAVERSE,271
1716735258230,paho785372051268119,topic/b/lighting,METAVERSE,123
1716735258234,paho785372052383134,topic/b/lighting,METAVERSE,127
1716735258260,paho785372052200633,topic/occupancy,METAVERSE,233
1716735258392,paho785372052200633,topic/occupancy,METAVERSE,278
1716735258400,paho785372051268119,topic/b/lighting,METAVERSE,24
1716735258406,paho785372052383134,topic/b/lighting,METAVERSE,30
1716735258416,paho785372051931102,topic/security,METAVERSE,34
1716735258416,paho785372051931102,topic/security,METAVERSE,34
1716735258461,paho785372052200633,topic/occupancy,METAVERSE,79
1716735258474,paho785372051268119,topic/c/noise,METAVERSE,6
1716735258479,paho785372052557336,topic/maintenance,METAVERSE,11
1716735258482,paho785372052383134,topic/c/lighting,METAVERSE,13
1716735258485,paho785372051268119,topic/c/lighting,METAVERSE,16
1716735258582,paho785372051931102,topic/security,METAVERSE,77
1716735258635,paho785372051931102,topic/security,METAVERSE,32
1716735258668,paho785372052200633,topic/occupancy,METAVERSE,163
1716735258795,paho785372052383134,topic/d/lighting,METAVERSE,8
1716735258798,paho785372051268119,topic/d/lighting,METAVERSE,11
1716735258896,paho785372051268119,topic/c/lighting,METAVERSE,23
1716735258897,paho785372052383134,topic/c/lighting,METAVERSE,24
1716735258937,paho785372052383134,topic/v/lighting,METAVERSE,6
1716735258937,paho785372051268119,topic/v/lighting,METAVERSE,6
1716735258968,paho785372051931102,topic/security,METAVERSE,17
1716735259015,paho785372051268119,topic/s/noise,METAVERSE,15
1716735259016,paho785372052557336,topic/maintenance,METAVERSE,16
1716735259027,paho785372052200633,topic/occupancy,METAVERSE,76
1716735259054,paho785372051268119,topic/d/noise,METAVERSE,63
1716735259071,paho785372052557336,topic/maintenance,METAVERSE,80
1716735259094,paho785372052557336,topic/maintenance,METAVERSE,58
1716735259128,paho785372051931102,topic/security,METAVERSE,111
1716735259228,paho785372052200633,topic/occupancy,METAVERSE,211
1716735259262,paho785372051268119,topic/b/noise,METAVERSE,79
1716735259265,paho785372052557336,topic/maintenance,METAVERSE,82
1716735259487,paho785372051931102,topic/security,METAVERSE,107
1716735259537,paho785372051931102,topic/security,METAVERSE,29
1716735259581,paho785372051268119,topic/e/noise,METAVERSE,67
1716735259587,paho785372052557336,topic/maintenance,METAVERSE,73
1716735259633,paho785372052200633,topic/occupancy,METAVERSE,125
1716735259637,paho785372051268119,topic/e/rfid,METAVERSE,63
1716735259650,paho785372052200633,topic/queueing,METAVERSE,76
1716735259715,paho785372051268119,topic/e/noise,METAVERSE,12
1716735259729,paho785372052557336,topic/maintenance,METAVERSE,26
1716735259752,paho785372052200633,topic/occupancy,METAVERSE,178
1716735259763,paho785372051931102,topic/security,METAVERSE,35
1716735259843,paho785372051931102,topic/security,METAVERSE,39
1716735259871,paho785372052200633,topic/occupancy,METAVERSE,143
1716735259911,paho785372052200633,topic/occupancy,METAVERSE,107
1716735259930,paho785372052557336,topic/maintenance,METAVERSE,21
1716735259979,paho785372051931102,topic/security,METAVERSE,21
1716735259982,paho785372051268119,topic/b/rfid,METAVERSE,7
1716735259994,paho785372052200633,topic/queueing,METAVERSE,19
1716735260070,paho785372052200633,topic/occupancy,METAVERSE,112
1716735260122,paho785372052200633,topic/occupancy,METAVERSE,147
1716735260184,paho785372051931102,topic/security,METAVERSE,24
1716735260184,paho785372051931102,topic/security,METAVERSE,21
1716735260229,paho785372052200633,topic/occupancy,METAVERSE,69
1716735260303,paho785372052557336,topic/maintenance,METAVERSE,57
1716735260333,paho785372052200633,topic/occupancy,METAVERSE,170
1716735260412,paho785372051931102,topic/security,METAVERSE,18
1716735260443,paho785372052557336,topic/maintenance,METAVERSE,64
1716735260482,paho785372052200633,topic/occupancy,METAVERSE,88
1716735260516,paho785372052200633,topic/queueing,METAVERSE,22
1716735260518,paho785372051268119,topic/d/rfid,METAVERSE,24
1716735260570,paho785372051268119,topic/b/lighting,METAVERSE,26
1716735260570,paho785372052383134,topic/b/lighting,METAVERSE,27
1716735260570,paho785372052200633,topic/occupancy,METAVERSE,76
1716735260658,paho785372051931102,topic/security,METAVERSE,55
1716735260716,paho785372052200633,topic/occupancy,METAVERSE,113
1716735260727,paho785372051268119,topic/v/rfid,METAVERSE,101
1716735260747,paho785372052200633,topic/queueing,METAVERSE,121
1716735260856,paho785372052200633,topic/occupancy,METAVERSE,230
1716735260863,paho785372052557336,topic/maintenance,METAVERSE,18
1716735260865,paho785372051268119,topic/v/noise,METAVERSE,20
1716735260923,paho785372051268119,topic/g/noise,METAVERSE,53
1716735260926,paho785372052557336,topic/maintenance,METAVERSE,56
1716735260983,paho785372051931102,topic/security,METAVERSE,28
1716735261023,paho785372051931102,topic/security,METAVERSE,20
1716735261050,paho785372052200633,topic/occupancy,METAVERSE,95
1716735261088,paho785372051268119,topic/b/noise,METAVERSE,10
1716735261106,paho785372052557336,topic/maintenance,METAVERSE,28
1716735261163,paho785372051268119,topic/b/noise,METAVERSE,36
1716735261164,paho785372052557336,topic/maintenance,METAVERSE,37
1716735261177,paho785372051268119,topic/b/lighting,METAVERSE,50
1716735261177,paho785372052383134,topic/b/lighting,METAVERSE,50
1716735261255,paho785372051931102,topic/security,METAVERSE,32
1716735261360,paho785372052200633,topic/occupancy,METAVERSE,137
1716735261575,paho785372051931102,topic/security,METAVERSE,16
1716735261640,paho785372052200633,topic/occupancy,METAVERSE,81
1716735261726,paho785372051268119,topic/s/lighting,METAVERSE,15
1716735261728,paho785372052383134,topic/s/lighting,METAVERSE,17
1716735261839,paho785372051931102,topic/security,METAVERSE,68
1716735261910,paho785372051931102,topic/security,METAVERSE,58
1716735261924,paho785372052200633,topic/occupancy,METAVERSE,153
1716735261967,paho785372051931102,topic/security,METAVERSE,30
1716735261980,paho785372051931102,topic/security,METAVERSE,14
1716735262000,paho785372052200633,topic/occupancy,METAVERSE,148
1716735262012,paho785372051931102,topic/security,METAVERSE,14
1716735262048,paho785372052200633,topic/occupancy,METAVERSE,82
1716735262201,paho785372051931102,topic/security,METAVERSE,10
1716735262221,paho785372051268119,topic/d/noise,METAVERSE,6
1716735262223,paho785372051931102,topic/security,METAVERSE,36
1716735262224,paho785372052557336,topic/maintenance,METAVERSE,9
1716735262276,paho785372052200633,topic/occupancy,METAVERSE,85
1716735262285,paho785372051931102,topic/security,METAVERSE,34
1716735262340,paho785372051268119,topic/b/lighting,METAVERSE,5
1716735262341,paho785372052383134,topic/b/lighting,METAVERSE,6
1716735262362,paho785372052383134,topic/e/lighting,METAVERSE,5
1716735262363,paho785372051268119,topic/e/lighting,METAVERSE,6
1716735262372,paho785372052200633,topic/occupancy,METAVERSE,121
1716735262454,paho785372052383134,topic/g/lighting,METAVERSE,5
1716735262454,paho785372051268119,topic/g/lighting,METAVERSE,5
1716735262458,paho785372051268119,topic/g/lighting,METAVERSE,9
1716735262458,paho785372052383134,topic/g/lighting,METAVERSE,9
1716735262471,paho785372051931102,topic/security,METAVERSE,8
1716735262501,paho785372051268119,topic/b/noise,METAVERSE,41
1716735262502,paho785372052557336,topic/maintenance,METAVERSE,42
1716735262513,paho785372051268119,topic/s/noise,METAVERSE,6
1716735262548,paho785372052557336,topic/maintenance,METAVERSE,41
1716735262568,paho785372052200633,topic/occupancy,METAVERSE,105
1716735262686,paho785372051268119,topic/s/lighting,METAVERSE,5
1716735262687,paho785372052383134,topic/s/lighting,METAVERSE,6
1716735262700,paho785372051931102,topic/security,METAVERSE,17
1716735262715,paho785372051268119,topic/g/noise,METAVERSE,13
1716735262716,paho785372052557336,topic/maintenance,METAVERSE,14
1716735262721,paho785372052383134,topic/d/lighting,METAVERSE,46
1716735262721,paho785372051268119,topic/d/lighting,METAVERSE,46
1716735262789,paho785372052200633,topic/occupancy,METAVERSE,106
1716735263019,paho785372051268119,topic/s/rfid,METAVERSE,5
1716735263023,paho785372051931102,topic/security,METAVERSE,25
1716735263025,paho785372052200633,topic/queueing,METAVERSE,11
1716735263029,paho785372051268119,topic/e/lighting,METAVERSE,13
1716735263029,paho785372052383134,topic/e/lighting,METAVERSE,13
1716735263108,paho785372052200633,topic/occupancy,METAVERSE,110
1716735263150,paho785372051931102,topic/security,METAVERSE,8
1716735263153,paho785372051931102,topic/security,METAVERSE,11
1716735263204,paho785372052200633,topic/occupancy,METAVERSE,190
1716735263231,paho785372051931102,topic/security,METAVERSE,30
1716735263251,paho785372051931102,topic/security,METAVERSE,12
1716735263273,paho785372051931102,topic/security,METAVERSE,26
1716735263333,paho785372052200633,topic/occupancy,METAVERSE,94
1716735263357,paho785372051268119,topic/b/lighting,METAVERSE,26
1716735263357,paho785372052383134,topic/b/lighting,METAVERSE,26
1716735263450,paho785372051268119,topic/b/lighting,METAVERSE,7
1716735263451,paho785372052383134,topic/b/lighting,METAVERSE,8
1716735263492,paho785372051268119,topic/c/lighting,METAVERSE,5
1716735263493,paho785372052383134,topic/c/lighting,METAVERSE,6
1716735263515,paho785372051268119,topic/c/noise,METAVERSE,7
1716735263516,paho785372052557336,topic/maintenance,METAVERSE,8
1716735263617,paho785372051931102,topic/security,METAVERSE,6
1716735263680,paho785372052200633,topic/occupancy,METAVERSE,69
1716735263865,paho785372051931102,topic/security,METAVERSE,7
1716735263876,paho785372051268119,topic/d/lighting,METAVERSE,5
1716735263876,paho785372052383134,topic/d/lighting,METAVERSE,5
1716735263920,paho785372052200633,topic/occupancy,METAVERSE,62
1716735263924,paho785372051931102,topic/security,METAVERSE,9
1716735263943,paho785372051268119,topic/v/lighting,METAVERSE,4
1716735263945,paho785372052383134,topic/v/lighting,METAVERSE,6
1716735264003,paho785372052200633,topic/occupancy,METAVERSE,88
1716735264015,paho785372051268119,topic/s/noise,METAVERSE,8
1716735264016,paho785372052557336,topic/maintenance,METAVERSE,9
1716735264034,paho785372051268119,topic/c/lighting,METAVERSE,75
1716735264035,paho785372052383134,topic/c/lighting,METAVERSE,76
1716735264050,paho785372051931102,topic/security,METAVERSE,7
1716735264140,paho785372052200633,topic/occupancy,METAVERSE,97
1716735264145,paho785372051268119,topic/d/noise,METAVERSE,26
1716735264146,paho785372052557336,topic/maintenance,METAVERSE,27
1716735264237,paho785372051931102,topic/security,METAVERSE,9
1716735264310,paho785372051931102,topic/security,METAVERSE,8
1716735264313,paho785372051931102,topic/security,METAVERSE,39
1716735264317,paho785372051931102,topic/security,METAVERSE,7
1716735264330,paho785372052200633,topic/occupancy,METAVERSE,102
1716735264396,paho785372051268119,topic/b/noise,METAVERSE,33
1716735264402,paho785372052557336,topic/maintenance,METAVERSE,39
1716735264428,paho785372052200633,topic/occupancy,METAVERSE,118
1716735264545,paho785372051931102,topic/security,METAVERSE,19
1716735264614,paho785372052200633,topic/occupancy,METAVERSE,88
1716735264636,paho785372051931102,topic/security,METAVERSE,33
1716735264719,paho785372051268119,topic/e/noise,METAVERSE,19
1716735264720,paho785372052557336,topic/maintenance,METAVERSE,20
1716735264748,paho785372051931102,topic/security,METAVERSE,13
1716735264811,paho785372051268119,topic/e/noise,METAVERSE,22
1716735264813,paho785372052557336,topic/maintenance,METAVERSE,24
1716735264836,paho785372052200633,topic/occupancy,METAVERSE,101
1716735265118,paho785372051931102,topic/security,METAVERSE,7
1716735265196,paho785372052200633,topic/occupancy,METAVERSE,85
1716735265293,paho785372051931102,topic/security,METAVERSE,10
1716735265356,paho785372052200633,topic/occupancy,METAVERSE,73
1716735265640,paho785372051931102,topic/security,METAVERSE,25
1716735265708,paho785372051268119,topic/b/lighting,METAVERSE,29
1716735265708,paho785372052383134,topic/b/lighting,METAVERSE,29
1716735265709,paho785372052200633,topic/occupancy,METAVERSE,94
1716735265829,paho785372051268119,topic/g/rfid,METAVERSE,6
1716735265833,paho785372052200633,topic/queueing,METAVERSE,10
1716735265888,paho785372051931102,topic/security,METAVERSE,29
1716735265923,paho785372052200633,topic/occupancy,METAVERSE,100
1716735265926,paho785372051931102,topic/security,METAVERSE,8
1716735265940,paho785372052557336,topic/maintenance,METAVERSE,15
1716735265940,paho785372051931102,topic/security,METAVERSE,9
1716735265941,paho785372051268119,topic/g/noise,METAVERSE,16
1716735265971,paho785372051268119,topic/v/noise,METAVERSE,12
1716735265981,paho785372052557336,topic/maintenance,METAVERSE,22
1716735266027,paho785372052200633,topic/occupancy,METAVERSE,168
1716735266069,paho785372051931102,topic/security,METAVERSE,6
1716735266105,paho785372051268119,topic/b/noise,METAVERSE,23
1716735266106,paho785372052557336,topic/maintenance,METAVERSE,24
1716735266116,paho785372052200633,topic/occupancy,METAVERSE,185
1716735266192,paho785372052557336,topic/maintenance,METAVERSE,21
1716735266272,paho785372051268119,topic/b/lighting,METAVERSE,11
1716735266273,paho785372052383134,topic/b/lighting,METAVERSE,12
1716735266292,paho785372052200633,topic/occupancy,METAVERSE,229
1716735266296,paho785372051268119,topic/b/noise,METAVERSE,36
1716735266298,paho785372052557336,topic/maintenance,METAVERSE,38
1716735266304,paho785372051931102,topic/security,METAVERSE,31
1716735266341,paho785372051931102,topic/security,METAVERSE,6
1716735266428,paho785372052200633,topic/occupancy,METAVERSE,155
1716735266568,paho785372052200633,topic/occupancy,METAVERSE,233
1716735266595,paho785372051931102,topic/security,METAVERSE,28
1716735266656,paho785372051268119,topic/c/rfid,METAVERSE,5
1716735266661,paho785372052200633,topic/queueing,METAVERSE,10
1716735266662,paho785372052200633,topic/occupancy,METAVERSE,95
1716735266708,paho785372052200633,topic/occupancy,METAVERSE,57
1716735266753,paho785372051931102,topic/security,METAVERSE,7
1716735266779,paho785372051268119,topic/s/lighting,METAVERSE,9
1716735266780,paho785372052383134,topic/s/lighting,METAVERSE,10
1716735266824,paho785372052200633,topic/occupancy,METAVERSE,78
1716735267028,paho785372051931102,topic/security,METAVERSE,17
1716735267191,paho785372051931102,topic/security,METAVERSE,22
1716735267224,paho785372051268119,topic/d/noise,METAVERSE,5
1716735267227,paho785372052557336,topic/maintenance,METAVERSE,8
1716735267264,paho785372052200633,topic/occupancy,METAVERSE,95
1716735267317,paho785372051931102,topic/security,METAVERSE,26
1716735267360,paho785372051268119,topic/b/lighting,METAVERSE,21
1716735267363,paho785372052383134,topic/b/lighting,METAVERSE,24
1716735267401,paho785372051268119,topic/e/lighting,METAVERSE,28
1716735267402,paho785372052383134,topic/e/lighting,METAVERSE,29
1716735267412,paho785372052200633,topic/occupancy,METAVERSE,121
1716735267493,paho785372052383134,topic/g/lighting,METAVERSE,5
1716735267494,paho785372051268119,topic/g/lighting,METAVERSE,6
1716735267497,paho785372051268119,topic/g/lighting,METAVERSE,9
1716735267497,paho785372052383134,topic/g/lighting,METAVERSE,9
1716735267524,paho785372051268119,topic/b/noise,METAVERSE,5
1716735267525,paho785372052557336,topic/maintenance,METAVERSE,6
1716735267605,paho785372052557336,topic/maintenance,METAVERSE,26
1716735267607,paho785372051268119,topic/s/noise,METAVERSE,28
1716735267643,paho785372051931102,topic/security,METAVERSE,6
1716735267700,paho785372052200633,topic/occupancy,METAVERSE,63
1716735267708,paho785372051268119,topic/s/lighting,METAVERSE,5
1716735267708,paho785372052383134,topic/s/lighting,METAVERSE,5
1716735267735,paho785372051268119,topic/d/lighting,METAVERSE,10
1716735267736,paho785372052383134,topic/d/lighting,METAVERSE,11
1716735267772,paho785372051931102,topic/security,METAVERSE,9
1716735267799,paho785372051268119,topic/g/noise,METAVERSE,46
1716735267801,paho785372052557336,topic/maintenance,METAVERSE,48
1716735267865,paho785372052557336,topic/maintenance,METAVERSE,22
1716735267917,paho785372051931102,topic/security,METAVERSE,21
1716735267968,paho785372052200633,topic/occupancy,METAVERSE,72
1716735267981,paho785372051268119,topic/b/rfid,METAVERSE,5
1716735267985,paho785372052200633,topic/queueing,METAVERSE,9
1716735267988,paho785372051931102,topic/security,METAVERSE,11
1716735268073,paho785372051931102,topic/security,METAVERSE,6
1716735268096,paho785372052200633,topic/occupancy,METAVERSE,120
1716735268103,paho785372051268119,topic/e/lighting,METAVERSE,36
1716735268104,paho785372052383134,topic/e/lighting,METAVERSE,37
1716735268167,paho785372051931102,topic/security,METAVERSE,16
1716735268209,paho785372052200633,topic/occupancy,METAVERSE,232
1716735268272,paho785372052200633,topic/occupancy,METAVERSE,205
1716735268321,paho785372051931102,topic/security,METAVERSE,14
1716735268341,paho785372051931102,topic/security,METAVERSE,5
1716735268388,paho785372052200633,topic/occupancy,METAVERSE,81
1716735268396,paho785372051931102,topic/security,METAVERSE,6
1716735268431,paho785372052557336,topic/maintenance,METAVERSE,7
1716735268433,paho785372051268119,topic/b/lighting,METAVERSE,26
1716735268433,paho785372052383134,topic/b/lighting,METAVERSE,26
1716735268487,paho785372052200633,topic/occupancy,METAVERSE,151
1716735268493,paho785372051268119,topic/c/lighting,METAVERSE,5
1716735268493,paho785372052383134,topic/c/lighting,METAVERSE,5
1716735268507,paho785372052383134,topic/b/lighting,METAVERSE,48
1716735268508,paho785372052200633,topic/queueing,METAVERSE,8
1716735268509,paho785372051268119,topic/d/rfid,METAVERSE,9
1716735268512,paho785372051268119,topic/b/lighting,METAVERSE,53
1716735268535,paho785372051268119,topic/c/noise,METAVERSE,16
1716735268536,paho785372052557336,topic/maintenance,METAVERSE,17
1716735268619,paho785372051931102,topic/security,METAVERSE,8
1716735268637,paho785372052200633,topic/occupancy,METAVERSE,137
1716735268642,paho785372051931102,topic/security,METAVERSE,7
1716735268679,paho785372052557336,topic/maintenance,METAVERSE,16
1716735268683,paho785372052200633,topic/occupancy,METAVERSE,72
1716735268761,paho785372051931102,topic/security,METAVERSE,6
1716735268804,paho785372052200633,topic/occupancy,METAVERSE,49
1716735268864,paho785372052557336,topic/maintenance,METAVERSE,10
1716735268920,paho785372051268119,topic/d/lighting,METAVERSE,7
1716735268920,paho785372052383134,topic/d/lighting,METAVERSE,7
1716735268976,paho785372051268119,topic/v/lighting,METAVERSE,5
1716735268976,paho785372052383134,topic/v/lighting,METAVERSE,5
1716735269020,paho785372051268119,topic/s/noise,METAVERSE,5
1716735269021,paho785372052557336,topic/maintenance,METAVERSE,6
1716735269028,paho785372052557336,topic/maintenance,METAVERSE,12
1716735269058,paho785372051268119,topic/c/lighting,METAVERSE,11
1716735269059,paho785372052383134,topic/c/lighting,METAVERSE,12
1716735269146,paho785372051268119,topic/d/noise,METAVERSE,5
1716735269147,paho785372052557336,topic/maintenance,METAVERSE,6
1716735269151,paho785372052557336,topic/maintenance,METAVERSE,12
1716735269245,paho785372051931102,topic/security,METAVERSE,10
1716735269300,paho785372052200633,topic/occupancy,METAVERSE,65
1716735269325,paho785372051931102,topic/security,METAVERSE,6
1716735269397,paho785372052200633,topic/occupancy,METAVERSE,78
1716735269427,paho785372051268119,topic/b/noise,METAVERSE,12
1716735269428,paho785372052557336,topic/maintenance,METAVERSE,13
1716735269497,paho785372051931102,topic/security,METAVERSE,14
1716735269668,paho785372051931102,topic/security,METAVERSE,10
1716735269760,paho785372052200633,topic/occupancy,METAVERSE,102
1716735269780,paho785372051268119,topic/e/noise,METAVERSE,20
1716735269781,paho785372052557336,topic/maintenance,METAVERSE,21
1716735269848,paho785372051268119,topic/e/noise,METAVERSE,5
1716735269849,paho785372052557336,topic/maintenance,METAVERSE,6
1716735269900,paho785372052557336,topic/maintenance,METAVERSE,29
1716735269959,paho785372051931102,topic/security,METAVERSE,6
1716735270044,paho785372052200633,topic/occupancy,METAVERSE,91
1716735270048,paho785372051931102,topic/security,METAVERSE,18
1716735270084,paho785372051931102,topic/security,METAVERSE,9
1716735270121,paho785372051931102,topic/security,METAVERSE,7
1716735270140,paho785372052200633,topic/occupancy,METAVERSE,110
1716735270161,paho785372051931102,topic/security,METAVERSE,17
1716735270207,paho785372052200633,topic/occupancy,METAVERSE,132
1716735270337,paho785372051931102,topic/security,METAVERSE,6
1716735270345,paho785372051931102,topic/security,METAVERSE,6
1716735270428,paho785372052200633,topic/occupancy,METAVERSE,97
1716735270472,paho785372052200633,topic/occupancy,METAVERSE,133
1716735270645,paho785372051931102,topic/security,METAVERSE,6
1716735270730,paho785372051268119,topic/b/lighting,METAVERSE,7
1716735270730,paho785372052383134,topic/b/lighting,METAVERSE,7
1716735270757,paho785372052200633,topic/occupancy,METAVERSE,118
1716735270758,paho785372052557336,topic/maintenance,METAVERSE,23
1716735270777,paho785372051931102,topic/security,METAVERSE,6
1716735270782,paho785372052557336,topic/maintenance,METAVERSE,7
1716735270912,paho785372052200633,topic/occupancy,METAVERSE,141
1716735270971,paho785372052557336,topic/maintenance,METAVERSE,11
1716735271004,paho785372052557336,topic/maintenance,METAVERSE,37
1716735271004,paho785372051268119,topic/g/noise,METAVERSE,37
1716735271047,paho785372051931102,topic/security,METAVERSE,22
1716735271054,paho785372051268119,topic/v/noise,METAVERSE,10
1716735271054,paho785372052557336,topic/maintenance,METAVERSE,10
1716735271147,paho785372051268119,topic/b/noise,METAVERSE,9
1716735271148,paho785372051931102,topic/security,METAVERSE,11
1716735271149,paho785372052557336,topic/maintenance,METAVERSE,11
1716735271200,paho785372051931102,topic/security,METAVERSE,14
1716735271335,paho785372051931102,topic/security,METAVERSE,83
1716735271346,paho785372051931102,topic/security,METAVERSE,6
1716735271371,paho785372051268119,topic/b/noise,METAVERSE,8
1716735271372,paho785372052557336,topic/maintenance,METAVERSE,9
1716735271391,paho785372052200633,topic/occupancy,METAVERSE,139
1716735271431,paho785372051268119,topic/b/lighting,METAVERSE,68
1716735271431,paho785372052383134,topic/b/lighting,METAVERSE,68
1716735271468,paho785372052200633,topic/occupancy,METAVERSE,128
1716735271554,paho785372052557336,topic/maintenance,METAVERSE,27
1716735271688,paho785372051268119,topic/e/rfid,METAVERSE,13
1716735271689,paho785372052200633,topic/queueing,METAVERSE,14
1716735271697,paho785372051931102,topic/security,METAVERSE,7
1716735271728,paho785372052557336,topic/maintenance,METAVERSE,13
1716735271800,paho785372052200633,topic/occupancy,METAVERSE,125
1716735271846,paho785372052557336,topic/maintenance,METAVERSE,35
1716735271862,paho785372051268119,topic/s/lighting,METAVERSE,39
1716735271863,paho785372052383134,topic/s/lighting,METAVERSE,40
1716735271892,paho785372051931102,topic/security,METAVERSE,11
1716735271904,paho785372052200633,topic/occupancy,METAVERSE,214
1716735271991,paho785372051931102,topic/security,METAVERSE,8
1716735271997,paho785372051268119,topic/b/rfid,METAVERSE,5
1716735271998,paho785372052200633,topic/queueing,METAVERSE,6
1716735272043,paho785372051268119,topic/s/rfid,METAVERSE,8
1716735272045,paho785372052200633,topic/queueing,METAVERSE,10
1716735272076,paho785372051931102,topic/security,METAVERSE,13
1716735272083,paho785372051931102,topic/security,METAVERSE,10
1716735272112,paho785372052557336,topic/maintenance,METAVERSE,41
1716735272112,paho785372051931102,topic/security,METAVERSE,13
1716735272128,paho785372051931102,topic/security,METAVERSE,61
1716735272137,paho785372052200633,topic/occupancy,METAVERSE,154
1716735272168,paho785372052557336,topic/maintenance,METAVERSE,39
1716735272225,paho785372051931102,topic/security,METAVERSE,9
1716735272244,paho785372052200633,topic/occupancy,METAVERSE,252
1716735272265,paho785372052557336,topic/maintenance,METAVERSE,22
1716735272276,paho785372051268119,topic/d/noise,METAVERSE,5
1716735272302,paho785372052557336,topic/maintenance,METAVERSE,31
1716735272351,paho785372051931102,topic/security,METAVERSE,8
1716735272363,paho785372052200633,topic/occupancy,METAVERSE,328
1716735272391,paho785372051931102,topic/security,METAVERSE,16
1716735272440,paho785372052200633,topic/occupancy,METAVERSE,377
1716735272452,paho785372051268119,topic/e/lighting,METAVERSE,5
1716735272452,paho785372052383134,topic/e/lighting,METAVERSE,5
1716735272456,paho785372051268119,topic/b/lighting,METAVERSE,41
1716735272456,paho785372052383134,topic/b/lighting,METAVERSE,41
1716735272520,paho785372052383134,topic/g/lighting,METAVERSE,9
1716735272522,paho785372051268119,topic/g/lighting,METAVERSE,11
1716735272523,paho785372052383134,topic/g/lighting,METAVERSE,12
1716735272531,paho785372051268119,topic/g/lighting,METAVERSE,20
1716735272546,paho785372052557336,topic/maintenance,METAVERSE,7
1716735272551,paho785372051268119,topic/b/noise,METAVERSE,12
1716735272610,paho785372052200633,topic/occupancy,METAVERSE,511
1716735272645,paho785372052557336,topic/maintenance,METAVERSE,9
1716735272655,paho785372051268119,topic/s/noise,METAVERSE,12
1716735272668,paho785372052557336,topic/maintenance,METAVERSE,25
1716735272672,paho785372051931102,topic/security,METAVERSE,5
1716735272696,paho785372052200633,topic/occupancy,METAVERSE,353
1716735272706,paho785372052557336,topic/maintenance,METAVERSE,14
1716735272719,paho785372051268119,topic/s/lighting,METAVERSE,7
1716735272721,paho785372052383134,topic/s/lighting,METAVERSE,9
1716735272722,paho785372052557336,topic/maintenance,METAVERSE,18
1716735272766,paho785372052383134,topic/d/lighting,METAVERSE,11
1716735272766,paho785372051268119,topic/d/lighting,METAVERSE,11
1716735272800,paho785372052200633,topic/occupancy,METAVERSE,425
1716735272816,paho785372051931102,topic/security,METAVERSE,9
1716735272819,paho785372051268119,topic/g/noise,METAVERSE,8
1716735272819,paho785372052557336,topic/maintenance,METAVERSE,8
1716735272920,paho785372052557336,topic/maintenance,METAVERSE,45
1716735272945,paho785372051931102,topic/security,METAVERSE,10
1716735272963,paho785372052200633,topic/occupancy,METAVERSE,296
1716735272963,paho785372052557336,topic/maintenance,METAVERSE,116
1716735273005,paho785372052557336,topic/maintenance,METAVERSE,42
1716735273077,paho785372052200633,topic/occupancy,METAVERSE,270
1716735273143,paho785372051268119,topic/e/lighting,METAVERSE,35
1716735273143,paho785372052383134,topic/e/lighting,METAVERSE,35
1716735273217,paho785372051931102,topic/security,METAVERSE,11
1716735273276,paho785372051931102,topic/security,METAVERSE,9
1716735273297,paho785372051931102,topic/security,METAVERSE,12
1716735273312,paho785372052557336,topic/maintenance,METAVERSE,16
1716735273352,paho785372051931102,topic/security,METAVERSE,6
1716735273364,paho785372051931102,topic/security,METAVERSE,13
1716735273382,paho785372052557336,topic/maintenance,METAVERSE,18
1716735273487,paho785372052200633,topic/occupancy,METAVERSE,141
1716735273508,paho785372051268119,topic/b/lighting,METAVERSE,5
1716735273508,paho785372052383134,topic/b/lighting,METAVERSE,5
1716735273526,paho785372052383134,topic/c/lighting,METAVERSE,7
1716735273526,paho785372051268119,topic/c/lighting,METAVERSE,7
1716735273531,paho785372051268119,topic/b/lighting,METAVERSE,29
1716735273532,paho785372052383134,topic/b/lighting,METAVERSE,30
1716735273563,paho785372051268119,topic/c/noise,METAVERSE,30
1716735273564,paho785372052557336,topic/maintenance,METAVERSE,31
1716735273572,paho785372052200633,topic/occupancy,METAVERSE,221
1716735273664,paho785372052557336,topic/maintenance,METAVERSE,29
1716735273683,paho785372052557336,topic/maintenance,METAVERSE,21
1716735273728,paho785372051268119,topic/v/rfid,METAVERSE,5
1716735273729,paho785372052200633,topic/queueing,METAVERSE,6
1716735273736,paho785372051931102,topic/security,METAVERSE,25
1716735273818,paho785372052200633,topic/occupancy,METAVERSE,95
1716735273822,paho785372052557336,topic/maintenance,METAVERSE,11
1716735273893,paho785372052200633,topic/occupancy,METAVERSE,182
1716735273950,paho785372052557336,topic/maintenance,METAVERSE,7
1716735273977,paho785372051268119,topic/d/lighting,METAVERSE,48
1716735273979,paho785372052383134,topic/d/lighting,METAVERSE,50
1716735273982,paho785372052557336,topic/maintenance,METAVERSE,11
1716735273997,paho785372051268119,topic/v/lighting,METAVERSE,23
1716735273997,paho785372052383134,topic/v/lighting,METAVERSE,23
1716735274012,paho785372051931102,topic/security,METAVERSE,13
1716735274051,paho785372051931102,topic/security,METAVERSE,12
1716735274065,paho785372052557336,topic/maintenance,METAVERSE,26
1716735274084,paho785372051931102,topic/security,METAVERSE,9
1716735274099,paho785372051268119,topic/s/noise,METAVERSE,40
1716735274124,paho785372051931102,topic/security,METAVERSE,5
1716735274126,paho785372052200633,topic/occupancy,METAVERSE,127
1716735274128,paho785372052557336,topic/maintenance,METAVERSE,69
1716735274138,paho785372051268119,topic/c/lighting,METAVERSE,31
1716735274138,paho785372052383134,topic/c/lighting,METAVERSE,31
1716735274159,paho785372051268119,topic/d/noise,METAVERSE,10
1716735274162,paho785372052557336,topic/maintenance,METAVERSE,13
1716735274220,paho785372052200633,topic/occupancy,METAVERSE,145
1716735274336,paho785372051931102,topic/security,METAVERSE,29
1716735274351,paho785372052200633,topic/occupancy,METAVERSE,232
1716735274369,paho785372051931102,topic/security,METAVERSE,6
1716735274399,paho785372051931102,topic/security,METAVERSE,10
1716735274403,paho785372051931102,topic/security,METAVERSE,7
1716735274445,paho785372052557336,topic/maintenance,METAVERSE,54
1716735274448,paho785372052200633,topic/occupancy,METAVERSE,85
1716735274459,paho785372052557336,topic/maintenance,METAVERSE,24
1716735274475,paho785372051268119,topic/b/noise,METAVERSE,38
1716735274496,paho785372052557336,topic/maintenance,METAVERSE,59
1716735274559,paho785372052200633,topic/occupancy,METAVERSE,163
1716735274685,paho785372051931102,topic/security,METAVERSE,6
1716735274740,paho785372052200633,topic/occupancy,METAVERSE,61
1716735274812,paho785372051268119,topic/e/noise,METAVERSE,13
1716735274813,paho785372052557336,topic/maintenance,METAVERSE,14
1716735274837,paho785372051931102,topic/security,METAVERSE,6
1716735274865,paho785372051268119,topic/e/noise,METAVERSE,13
1716735274866,paho785372052557336,topic/maintenance,METAVERSE,14
1716735274883,paho785372052200633,topic/occupancy,METAVERSE,52
1716735274907,paho785372051931102,topic/security,METAVERSE,29
1716735274932,paho785372052557336,topic/maintenance,METAVERSE,32
1716735275157,paho785372051931102,topic/security,METAVERSE,39
1716735275353,paho785372051931102,topic/security,METAVERSE,6
1716735275377,paho785372051931102,topic/security,METAVERSE,10
1716735275436,paho785372052200633,topic/occupancy,METAVERSE,89
1716735275505,paho785372052200633,topic/occupancy,METAVERSE,138
1716735275745,paho785372051931102,topic/security,METAVERSE,6
1716735275813,paho785372052383134,topic/b/lighting,METAVERSE,88
1716735275813,paho785372051268119,topic/b/lighting,METAVERSE,88
1716735275835,paho785372052200633,topic/occupancy,METAVERSE,96
1716735276032,paho785372051931102,topic/security,METAVERSE,25
1716735276050,paho785372051268119,topic/g/noise,METAVERSE,11
1716735276051,paho785372052557336,topic/maintenance,METAVERSE,12
1716735276088,paho785372051268119,topic/v/noise,METAVERSE,38
1716735276123,paho785372052557336,topic/maintenance,METAVERSE,73
1716735276123,paho785372052200633,topic/occupancy,METAVERSE,116
1716735276144,paho785372051931102,topic/security,METAVERSE,68
1716735276146,paho785372051931102,topic/security,METAVERSE,15
1716735276171,paho785372052557336,topic/maintenance,METAVERSE,56
1716735276187,paho785372051268119,topic/b/noise,METAVERSE,29
1716735276207,paho785372052557336,topic/maintenance,METAVERSE,49
1716735276227,paho785372052200633,topic/occupancy,METAVERSE,151
1716735276250,paho785372052557336,topic/maintenance,METAVERSE,19
1716735276270,paho785372051931102,topic/security,METAVERSE,20
1716735276291,paho785372052200633,topic/occupancy,METAVERSE,160
1716735276382,paho785372051931102,topic/security,METAVERSE,7
1716735276438,paho785372051931102,topic/security,METAVERSE,7
1716735276464,paho785372051268119,topic/b/noise,METAVERSE,37
1716735276486,paho785372052557336,topic/maintenance,METAVERSE,59
1716735276495,paho785372051268119,topic/b/lighting,METAVERSE,44
1716735276496,paho785372052383134,topic/b/lighting,METAVERSE,45
1716735276533,paho785372052200633,topic/occupancy,METAVERSE,158
1716735276608,paho785372052200633,topic/occupancy,METAVERSE,177
1716735276705,paho785372051931102,topic/security,METAVERSE,6
1716735276762,paho785372052200633,topic/occupancy,METAVERSE,63
1716735276861,paho785372052200633,topic/queueing,METAVERSE,6
1716735276862,paho785372051268119,topic/g/rfid,METAVERSE,7
1716735276923,paho785372051268119,topic/s/lighting,METAVERSE,17
1716735276924,paho785372052383134,topic/s/lighting,METAVERSE,18
1716735276936,paho785372051931102,topic/security,METAVERSE,87
1716735277012,paho785372052200633,topic/occupancy,METAVERSE,157
1716735277097,paho785372052200633,topic/occupancy,METAVERSE,248
1716735277157,paho785372051931102,topic/security,METAVERSE,6
1716735277288,paho785372051268119,topic/d/noise,METAVERSE,5
1716735277290,paho785372052557336,topic/maintenance,METAVERSE,7
1716735277376,paho785372051931102,topic/security,METAVERSE,13
1716735277400,paho785372051931102,topic/security,METAVERSE,9
1716735277448,paho785372052200633,topic/occupancy,METAVERSE,85
1716735277470,paho785372051268119,topic/e/lighting,METAVERSE,16
1716735277487,paho785372052383134,topic/e/lighting,METAVERSE,33
1716735277531,paho785372051268119,topic/d/rfid,METAVERSE,15
1716735277534,paho785372052200633,topic/queueing,METAVERSE,18
1716735277535,paho785372052383134,topic/b/lighting,METAVERSE,44
1716735277537,paho785372051268119,topic/b/lighting,METAVERSE,46
1716735277540,paho785372052200633,topic/occupancy,METAVERSE,149
1716735277658,paho785372052200633,topic/occupancy,METAVERSE,142
1716735277662,paho785372052383134,topic/g/lighting,METAVERSE,103
1716735277669,paho785372051268119,topic/g/lighting,METAVERSE,110
1716735277672,paho785372051268119,topic/g/lighting,METAVERSE,113
1716735277673,paho785372052383134,topic/g/lighting,METAVERSE,114
1716735277682,paho785372051268119,topic/b/noise,METAVERSE,59
1716735277685,paho785372052557336,topic/maintenance,METAVERSE,62
1716735277763,paho785372051268119,topic/s/noise,METAVERSE,42
1716735277763,paho785372052383134,topic/s/lighting,METAVERSE,12
1716735277766,paho785372051268119,topic/s/lighting,METAVERSE,15
1716735277768,paho785372052557336,topic/maintenance,METAVERSE,47
1716735277787,paho785372051931102,topic/security,METAVERSE,21
1716735277843,paho785372052200633,topic/occupancy,METAVERSE,77
1716735277900,paho785372051268119,topic/g/noise,METAVERSE,66
1716735277901,paho785372052557336,topic/maintenance,METAVERSE,67
1716735277924,paho785372052557336,topic/maintenance,METAVERSE,24
1716735277938,paho785372051268119,topic/d/lighting,METAVERSE,95
1716735277939,paho785372052383134,topic/d/lighting,METAVERSE,96
1716735278044,paho785372051931102,topic/security,METAVERSE,13
1716735278155,paho785372052557336,topic/maintenance,METAVERSE,29
1716735278186,paho785372052200633,topic/occupancy,METAVERSE,155
1716735278232,paho785372051931102,topic/security,METAVERSE,21
1716735278236,paho785372051931102,topic/security,METAVERSE,45
1716735278260,paho785372052383134,topic/e/lighting,METAVERSE,56
1716735278262,paho785372051268119,topic/e/lighting,METAVERSE,58
1716735278282,paho785372052200633,topic/occupancy,METAVERSE,71
1716735278291,paho785372051931102,topic/security,METAVERSE,64
1716735278337,paho785372052200633,topic/occupancy,METAVERSE,146
1716735278400,paho785372051931102,topic/security,METAVERSE,9
1716735278420,paho785372051931102,topic/security,METAVERSE,21
1716735278451,paho785372052200633,topic/occupancy,METAVERSE,60
1716735278475,paho785372051931102,topic/security,METAVERSE,22
1716735278535,paho785372051268119,topic/b/lighting,METAVERSE,6
1716735278536,paho785372052383134,topic/b/lighting,METAVERSE,7
1716735278555,paho785372051268119,topic/b/lighting,METAVERSE,24
1716735278556,paho785372052383134,topic/b/lighting,METAVERSE,25
1716735278557,paho785372052200633,topic/occupancy,METAVERSE,104
1716735278579,paho785372051268119,topic/c/lighting,METAVERSE,52
1716735278583,paho785372052383134,topic/c/lighting,METAVERSE,56
1716735278595,paho785372051268119,topic/c/noise,METAVERSE,17
1716735278622,paho785372052557336,topic/maintenance,METAVERSE,44
1716735278692,paho785372051268119,topic/c/rfid,METAVERSE,7
1716735278711,paho785372052200633,topic/queueing,METAVERSE,26
1716735278754,paho785372051931102,topic/security,METAVERSE,39
1716735278754,paho785372052200633,topic/occupancy,METAVERSE,69
1716735278772,paho785372051931102,topic/security,METAVERSE,25
1716735278832,paho785372052200633,topic/occupancy,METAVERSE,85
1716735278953,paho785372051931102,topic/security,METAVERSE,13
1716735278979,paho785372052200633,topic/occupancy,METAVERSE,39
1716735279020,paho785372051268119,topic/d/lighting,METAVERSE,21
1716735279020,paho785372052383134,topic/d/lighting,METAVERSE,21
1716735279107,paho785372052383134,topic/v/lighting,METAVERSE,20
1716735279107,paho785372051268119,topic/v/lighting,METAVERSE,20
1716735279175,paho785372051268119,topic/s/noise,METAVERSE,40
1716735279176,paho785372052557336,topic/maintenance,METAVERSE,41
1716735279199,paho785372051268119,topic/c/lighting,METAVERSE,44
1716735279211,paho785372052383134,topic/c/lighting,METAVERSE,56
1716735279216,paho785372051268119,topic/d/noise,METAVERSE,44
1716735279218,paho785372052557336,topic/maintenance,METAVERSE,46
1716735279255,paho785372052557336,topic/maintenance,METAVERSE,24
1716735279427,paho785372051931102,topic/security,METAVERSE,32
1716735279459,paho785372052200633,topic/occupancy,METAVERSE,64
1716735279469,paho785372051931102,topic/security,METAVERSE,38
1716735279514,paho785372052200633,topic/occupancy,METAVERSE,83
1716735279651,paho785372051268119,topic/b/noise,METAVERSE,137
1716735279657,paho785372052557336,topic/maintenance,METAVERSE,143
1716735279780,paho785372051931102,topic/security,METAVERSE,7
1716735279853,paho785372051268119,topic/e/noise,METAVERSE,45
1716735279855,paho785372052557336,topic/maintenance,METAVERSE,47
1716735279875,paho785372052200633,topic/occupancy,METAVERSE,102
1716735279886,paho785372051268119,topic/e/noise,METAVERSE,7
1716735279895,paho785372052557336,topic/maintenance,METAVERSE,16
1716735280091,paho785372051931102,topic/security,METAVERSE,20
1716735280128,paho785372052200633,topic/occupancy,METAVERSE,57
1716735280152,paho785372051931102,topic/security,METAVERSE,24
1716735280274,paho785372051931102,topic/security,METAVERSE,19
1716735280321,paho785372052200633,topic/occupancy,METAVERSE,66
1716735280390,paho785372051931102,topic/security,METAVERSE,35
1716735280398,paho785372051931102,topic/security,METAVERSE,6
1716735280451,paho785372052557336,topic/maintenance,METAVERSE,96
1716735280472,paho785372052200633,topic/occupancy,METAVERSE,117
1716735280513,paho785372052557336,topic/maintenance,METAVERSE,62
1716735280531,paho785372052200633,topic/occupancy,METAVERSE,139
1716735280570,paho785372051931102,topic/security,METAVERSE,31
1716735280667,paho785372052200633,topic/occupancy,METAVERSE,128
1716735280741,paho785372052557336,topic/maintenance,METAVERSE,6
1716735280824,paho785372051931102,topic/security,METAVERSE,11
1716735280843,paho785372051268119,topic/b/lighting,METAVERSE,19
1716735280845,paho785372052383134,topic/b/lighting,METAVERSE,21
1716735280907,paho785372052200633,topic/occupancy,METAVERSE,94
1716735280967,paho785372051931102,topic/security,METAVERSE,16
1716735281011,paho785372052200633,topic/occupancy,METAVERSE,60
1716735281115,paho785372051931102,topic/security,METAVERSE,44
1716735281162,paho785372052557336,topic/maintenance,METAVERSE,35
1716735281164,paho785372051268119,topic/v/noise,METAVERSE,37
1716735281193,paho785372051268119,topic/g/noise,METAVERSE,62
1716735281193,paho785372052557336,topic/maintenance,METAVERSE,62
1716735281297,paho785372051931102,topic/security,METAVERSE,51
1716735281300,paho785372051268119,topic/b/noise,METAVERSE,112
1716735281302,paho785372052557336,topic/maintenance,METAVERSE,121
1716735281303,paho785372052557336,topic/maintenance,METAVERSE,115
1716735281419,paho785372051931102,topic/security,METAVERSE,20
1716735281443,paho785372052557336,topic/maintenance,METAVERSE,12
1716735281459,paho785372052200633,topic/occupancy,METAVERSE,60
1716735281512,paho785372052383134,topic/b/lighting,METAVERSE,19
1716735281516,paho785372051268119,topic/b/lighting,METAVERSE,23
1716735281535,paho785372051931102,topic/security,METAVERSE,16
1716735281560,paho785372052200633,topic/occupancy,METAVERSE,41
1716735281694,paho785372051268119,topic/b/noise,METAVERSE,79
1716735281697,paho785372052557336,topic/maintenance,METAVERSE,82
1716735281834,paho785372051268119,topic/e/rfid,METAVERSE,44
1716735281843,paho785372052200633,topic/queueing,METAVERSE,53
1716735281879,paho785372052200633,topic/occupancy,METAVERSE,89
1716735281905,paho785372051931102,topic/security,METAVERSE,110
1716735281925,paho785372051931102,topic/security,METAVERSE,38
1716735281979,paho785372052200633,topic/occupancy,METAVERSE,92
1716735281998,paho785372052383134,topic/s/lighting,METAVERSE,20
1716735282007,paho785372051268119,topic/s/lighting,METAVERSE,29
1716735282017,paho785372051268119,topic/b/rfid,METAVERSE,6
1716735282018,paho785372052200633,topic/queueing,METAVERSE,7
1716735282091,paho785372051931102,topic/security,METAVERSE,14
1716735282120,paho785372052200633,topic/occupancy,METAVERSE,109
1716735282170,paho785372052200633,topic/occupancy,METAVERSE,93
1716735282222,paho785372051931102,topic/security,METAVERSE,11
1716735282239,paho785372051931102,topic/security,METAVERSE,148
1716735282375,paho785372051931102,topic/security,METAVERSE,24
1716735282428,paho785372052200633,topic/occupancy,METAVERSE,77
1716735282452,paho785372051931102,topic/security,METAVERSE,17
1716735282464,paho785372051268119,topic/d/noise,METAVERSE,145
1716735282470,paho785372051931102,topic/security,METAVERSE,26
1716735282483,paho785372052557336,topic/maintenance,METAVERSE,164
1716735282499,paho785372051931102,topic/security,METAVERSE,38
1716735282509,paho785372052200633,topic/occupancy,METAVERSE,65
1716735282545,paho785372051268119,topic/e/lighting,METAVERSE,14
1716735282550,paho785372052383134,topic/e/lighting,METAVERSE,19
1716735282566,paho785372051268119,topic/b/lighting,METAVERSE,7
1716735282570,paho785372052383134,topic/b/lighting,METAVERSE,11
1716735282637,paho785372051931102,topic/security,METAVERSE,126
1716735282663,paho785372052200633,topic/occupancy,METAVERSE,202
1716735282699,paho785372051931102,topic/security,METAVERSE,69
1716735282711,paho785372051268119,topic/b/noise,METAVERSE,20
1716735282718,paho785372052557336,topic/maintenance,METAVERSE,27
1716735282734,paho785372051268119,topic/g/lighting,METAVERSE,49
1716735282735,paho785372052383134,topic/g/lighting,METAVERSE,50
1716735282737,paho785372051268119,topic/v/rfid,METAVERSE,9
1716735282746,paho785372052383134,topic/g/lighting,METAVERSE,60
1716735282754,paho785372052200633,topic/queueing,METAVERSE,26
1716735282772,paho785372051268119,topic/g/lighting,METAVERSE,86
1716735282784,paho785372052200633,topic/queueing,METAVERSE,13
1716735282787,paho785372051268119,topic/c/rfid,METAVERSE,16
1716735282803,paho785372052200633,topic/occupancy,METAVERSE,173
1716735282847,paho785372051931102,topic/security,METAVERSE,15
1716735282847,paho785372052200633,topic/occupancy,METAVERSE,119
1716735282852,paho785372051268119,topic/s/lighting,METAVERSE,29
1716735282853,paho785372052383134,topic/s/lighting,METAVERSE,30
1716735282866,paho785372051268119,topic/s/noise,METAVERSE,43
1716735282867,paho785372052557336,topic/maintenance,METAVERSE,44
1716735282897,paho785372052200633,topic/occupancy,METAVERSE,126
1716735282951,paho785372051268119,topic/g/noise,METAVERSE,46
1716735282953,paho785372052557336,topic/maintenance,METAVERSE,48
1716735282971,paho785372052557336,topic/maintenance,METAVERSE,32
1716735282975,paho785372052200633,topic/occupancy,METAVERSE,143
1716735283003,paho785372051268119,topic/d/lighting,METAVERSE,10
1716735283003,paho785372051931102,topic/security,METAVERSE,12
1716735283003,paho785372052383134,topic/d/lighting,METAVERSE,10
1716735283056,paho785372052200633,topic/occupancy,METAVERSE,65
1716735283272,paho785372051268119,topic/e/lighting,METAVERSE,5
1716735283272,paho785372052383134,topic/e/lighting,METAVERSE,5
1716735283301,paho785372052557336,topic/maintenance,METAVERSE,32
1716735283335,paho785372051931102,topic/security,METAVERSE,24
1716735283339,paho785372051931102,topic/security,METAVERSE,16
1716735283347,paho785372051931102,topic/security,METAVERSE,25
1716735283408,paho785372051931102,topic/security,METAVERSE,5
1716735283468,paho785372052200633,topic/occupancy,METAVERSE,65
1716735283533,paho785372052557336,topic/maintenance,METAVERSE,10
1716735283551,paho785372051268119,topic/b/lighting,METAVERSE,4
1716735283552,paho785372052383134,topic/b/lighting,METAVERSE,5
1716735283587,paho785372052383134,topic/b/lighting,METAVERSE,7
1716735283588,paho785372051931102,topic/security,METAVERSE,9
1716735283589,paho785372051268119,topic/b/lighting,METAVERSE,9
1716735283648,paho785372052200633,topic/occupancy,METAVERSE,69
1716735283663,paho785372051268119,topic/c/lighting,METAVERSE,40
1716735283665,paho785372052383134,topic/c/lighting,METAVERSE,42
1716735283666,paho785372052557336,topic/maintenance,METAVERSE,43
1716735283666,paho785372051268119,topic/c/noise,METAVERSE,43
1716735283919,paho785372051931102,topic/security,METAVERSE,9
1716735283925,paho785372051931102,topic/security,METAVERSE,6
1716735283996,paho785372052200633,topic/occupancy,METAVERSE,86
1716735284020,paho785372051268119,topic/d/lighting,METAVERSE,5
1716735284020,paho785372052383134,topic/d/lighting,METAVERSE,5
1716735284092,paho785372051268119,topic/s/rfid,METAVERSE,6
1716735284094,paho785372052200633,topic/queueing,METAVERSE,8
1716735284108,paho785372052383134,topic/v/lighting,METAVERSE,5
1716735284109,paho785372051931102,topic/security,METAVERSE,22
1716735284111,paho785372051268119,topic/v/lighting,METAVERSE,8
1716735284160,paho785372052200633,topic/occupancy,METAVERSE,74
1716735284191,paho785372051268119,topic/s/noise,METAVERSE,10
1716735284192,paho785372052557336,topic/maintenance,METAVERSE,11
1716735284194,paho785372052200633,topic/occupancy,METAVERSE,107
1716735284213,paho785372052557336,topic/maintenance,METAVERSE,35
1716735284252,paho785372051268119,topic/d/noise,METAVERSE,5
1716735284253,paho785372052557336,topic/maintenance,METAVERSE,6
1716735284315,paho785372051268119,topic/c/lighting,METAVERSE,26
1716735284316,paho785372052383134,topic/c/lighting,METAVERSE,27
1716735284373,paho785372051931102,topic/security,METAVERSE,10
1716735284432,paho785372052200633,topic/occupancy,METAVERSE,69
1716735284465,paho785372051931102,topic/security,METAVERSE,16
1716735284476,paho785372051931102,topic/security,METAVERSE,10
1716735284492,paho785372051931102,topic/security,METAVERSE,31
1716735284556,paho785372052200633,topic/occupancy,METAVERSE,90
1716735284648,paho785372052200633,topic/occupancy,METAVERSE,187
1716735284668,paho785372051268119,topic/b/noise,METAVERSE,13
1716735284668,paho785372052557336,topic/maintenance,METAVERSE,13
1716735284714,paho785372051931102,topic/security,METAVERSE,7
1716735284775,paho785372052200633,topic/occupancy,METAVERSE,68
1716735284853,paho785372051931102,topic/security,METAVERSE,10
1716735284868,paho785372052557336,topic/maintenance,METAVERSE,7
1716735284896,paho785372051268119,topic/e/noise,METAVERSE,5
1716735284900,paho785372052557336,topic/maintenance,METAVERSE,9
1716735284939,paho785372051268119,topic/e/noise,METAVERSE,28
1716735284943,paho785372052557336,topic/maintenance,METAVERSE,32
1716735284955,paho785372052200633,topic/occupancy,METAVERSE,112
1716735285003,paho785372051931102,topic/security,METAVERSE,8
1716735285112,paho785372052200633,topic/occupancy,METAVERSE,117
1716735285253,paho785372051931102,topic/security,METAVERSE,37
1716735285402,paho785372051931102,topic/security,METAVERSE,23
1716735285452,paho785372051931102,topic/security,METAVERSE,29
1716735285540,paho785372052200633,topic/occupancy,METAVERSE,117
1716735285597,paho785372051931102,topic/security,METAVERSE,10
1716735285656,paho785372052200633,topic/occupancy,METAVERSE,69
1716735285842,paho785372052383134,topic/b/lighting,METAVERSE,7
1716735285850,paho785372051268119,topic/b/lighting,METAVERSE,15
1716735285921,paho785372051931102,topic/security,METAVERSE,6
1716735285936,paho785372052557336,topic/maintenance,METAVERSE,33
1716735286030,paho785372052200633,topic/occupancy,METAVERSE,115
1716735286041,paho785372051268119,topic/b/rfid,METAVERSE,4
1716735286043,paho785372052200633,topic/queueing,METAVERSE,6
1716735286136,paho785372051931102,topic/security,METAVERSE,13
1716735286153,paho785372052200633,topic/occupancy,METAVERSE,116
1716735286191,paho785372051268119,topic/v/noise,METAVERSE,30
1716735286211,paho785372052557336,topic/maintenance,METAVERSE,50
1716735286220,paho785372052200633,topic/occupancy,METAVERSE,97
1716735286312,paho785372051268119,topic/b/noise,METAVERSE,9
1716735286316,paho785372052557336,topic/maintenance,METAVERSE,13
1716735286318,paho785372052557336,topic/maintenance,METAVERSE,35
1716735286370,paho785372051268119,topic/g/noise,METAVERSE,29
1716735286374,paho785372052557336,topic/maintenance,METAVERSE,33
1716735286396,paho785372051931102,topic/security,METAVERSE,30
1716735286472,paho785372052200633,topic/occupancy,METAVERSE,106
1716735286498,paho785372051931102,topic/security,METAVERSE,11
1716735286506,paho785372051931102,topic/security,METAVERSE,8
1716735286521,paho785372052383134,topic/b/lighting,METAVERSE,6
1716735286541,paho785372051268119,topic/b/lighting,METAVERSE,26
1716735286571,paho785372052200633,topic/occupancy,METAVERSE,84
1716735286651,paho785372052200633,topic/occupancy,METAVERSE,153
1716735286739,paho785372051268119,topic/b/noise,METAVERSE,8
1716735286745,paho785372051931102,topic/security,METAVERSE,10
1716735286748,paho785372052557336,topic/maintenance,METAVERSE,17
1716735286836,paho785372052200633,topic/occupancy,METAVERSE,101
1716735286867,paho785372051931102,topic/security,METAVERSE,21
1716735286916,paho785372052200633,topic/occupancy,METAVERSE,70
1716735287007,paho785372051931102,topic/security,METAVERSE,8
1716735287027,paho785372051268119,topic/s/lighting,METAVERSE,16
1716735287028,paho785372052383134,topic/s/lighting,METAVERSE,17
1716735287060,paho785372051268119,topic/b/rfid,METAVERSE,5
1716735287061,paho785372052200633,topic/queueing,METAVERSE,6
1716735287108,paho785372052200633,topic/occupancy,METAVERSE,109
1716735287184,paho785372052200633,topic/occupancy,METAVERSE,129
1716735287248,paho785372051931102,topic/security,METAVERSE,9
1716735287468,paho785372051931102,topic/security,METAVERSE,17
1716735287508,paho785372052200633,topic/occupancy,METAVERSE,57
1716735287522,paho785372051268119,topic/d/noise,METAVERSE,18
1716735287522,paho785372052557336,topic/maintenance,METAVERSE,18
1716735287567,paho785372051268119,topic/b/lighting,METAVERSE,8
1716735287568,paho785372052383134,topic/b/lighting,METAVERSE,9
1716735287597,paho785372051931102,topic/security,METAVERSE,9
1716735287651,paho785372052200633,topic/occupancy,METAVERSE,63
1716735287656,paho785372052383134,topic/e/lighting,METAVERSE,29
1716735287656,paho785372051268119,topic/e/lighting,METAVERSE,29
1716735287707,paho785372051931102,topic/security,METAVERSE,20
1716735287722,paho785372052557336,topic/maintenance,METAVERSE,27
1716735287722,paho785372051268119,topic/b/noise,METAVERSE,27
1716735287736,paho785372052383134,topic/g/lighting,METAVERSE,5
1716735287736,paho785372051268119,topic/g/lighting,METAVERSE,5
1716735287740,paho785372052383134,topic/g/lighting,METAVERSE,5
1716735287740,paho785372051268119,topic/g/lighting,METAVERSE,5
1716735287872,paho785372051268119,topic/s/noise,METAVERSE,21
1716735287874,paho785372052383134,topic/s/lighting,METAVERSE,23
1716735287876,paho785372052557336,topic/maintenance,METAVERSE,25
1716735287878,paho785372051268119,topic/s/lighting,METAVERSE,27
1716735287924,paho785372051931102,topic/security,METAVERSE,8
1716735287939,paho785372052557336,topic/maintenance,METAVERSE,37
1716735287959,paho785372052200633,topic/occupancy,METAVERSE,43
1716735287977,paho785372051268119,topic/g/noise,METAVERSE,4
1716735287981,paho785372052557336,topic/maintenance,METAVERSE,8
1716735287984,paho785372052557336,topic/maintenance,METAVERSE,5
1716735288005,paho785372051931102,topic/security,METAVERSE,23
1716735288051,paho785372051268119,topic/d/lighting,METAVERSE,24
1716735288051,paho785372052383134,topic/d/lighting,METAVERSE,24
1716735288147,paho785372051931102,topic/security,METAVERSE,8
1716735288164,paho785372051931102,topic/security,METAVERSE,5
1716735288216,paho785372052200633,topic/occupancy,METAVERSE,77
1716735288276,paho785372051268119,topic/e/lighting,METAVERSE,5
1716735288276,paho785372052383134,topic/e/lighting,METAVERSE,5
1716735288332,paho785372051931102,topic/security,METAVERSE,33
1716735288409,paho785372051931102,topic/security,METAVERSE,6
1716735288422,paho785372051931102,topic/security,METAVERSE,8
1716735288439,paho785372052557336,topic/maintenance,METAVERSE,13
1716735288463,paho785372051931102,topic/security,METAVERSE,52
1716735288475,paho785372052200633,topic/occupancy,METAVERSE,72
1716735288503,paho785372051931102,topic/security,METAVERSE,8
1716735288537,paho785372051931102,topic/security,METAVERSE,6
1716735288568,paho785372051268119,topic/b/lighting,METAVERSE,5
1716735288568,paho785372052383134,topic/b/lighting,METAVERSE,5
1716735288569,paho785372052200633,topic/occupancy,METAVERSE,74
1716735288600,paho785372051268119,topic/d/rfid,METAVERSE,35
1716735288601,paho785372052200633,topic/queueing,METAVERSE,36
1716735288617,paho785372051268119,topic/b/lighting,METAVERSE,22
1716735288617,paho785372052383134,topic/b/lighting,METAVERSE,22
1716735288626,paho785372052200633,topic/occupancy,METAVERSE,95
1716735288688,paho785372052383134,topic/c/lighting,METAVERSE,5
1716735288688,paho785372051268119,topic/c/lighting,METAVERSE,5
1716735288691,paho785372051268119,topic/c/noise,METAVERSE,16
1716735288695,paho785372052557336,topic/maintenance,METAVERSE,20
1716735288696,paho785372052200633,topic/occupancy,METAVERSE,131
1716735288746,paho785372051268119,topic/v/rfid,METAVERSE,10
1716735288747,paho785372052200633,topic/queueing,METAVERSE,11
1716735288747,paho785372052557336,topic/maintenance,METAVERSE,24
1716735288775,paho785372052200633,topic/occupancy,METAVERSE,39
1716735288789,paho785372051931102,topic/security,METAVERSE,38
1716735288790,paho785372051931102,topic/security,METAVERSE,5
1716735288862,paho785372052200633,topic/occupancy,METAVERSE,77
1716735288910,paho785372051931102,topic/security,METAVERSE,11
1716735288915,paho785372051268119,topic/g/rfid,METAVERSE,5
1716735288916,paho785372052200633,topic/queueing,METAVERSE,6
1716735288927,paho785372051268119,topic/e/rfid,METAVERSE,19
1716735288929,paho785372052200633,topic/queueing,METAVERSE,21
1716735288975,paho785372052557336,topic/maintenance,METAVERSE,76
1716735288990,paho785372052200633,topic/occupancy,METAVERSE,91
1716735289031,paho785372051931102,topic/security,METAVERSE,28
1716735289053,paho785372052200633,topic/occupancy,METAVERSE,143
1716735289067,paho785372051268119,topic/d/lighting,METAVERSE,28
1716735289068,paho785372052383134,topic/d/lighting,METAVERSE,29
1716735289095,paho785372052557336,topic/maintenance,METAVERSE,12
1716735289115,paho785372052383134,topic/v/lighting,METAVERSE,8
1716735289116,paho785372051268119,topic/v/lighting,METAVERSE,9
1716735289200,paho785372052200633,topic/occupancy,METAVERSE,292
1716735289272,paho785372051268119,topic/s/noise,METAVERSE,44
1716735289274,paho785372051268119,topic/d/noise,METAVERSE,23
1716735289312,paho785372052557336,topic/maintenance,METAVERSE,84
1716735289315,paho785372052557336,topic/maintenance,METAVERSE,64
1716735289319,paho785372052200633,topic/occupancy,METAVERSE,316
1716735289391,paho785372051268119,topic/c/lighting,METAVERSE,36
1716735289392,paho785372052383134,topic/c/lighting,METAVERSE,37
1716735289477,paho785372051931102,topic/security,METAVERSE,13
1716735289559,paho785372052200633,topic/occupancy,METAVERSE,95
1716735289597,paho785372051931102,topic/security,METAVERSE,8
1716735289664,paho785372052200633,topic/occupancy,METAVERSE,75
1716735289794,paho785372051268119,topic/b/noise,METAVERSE,116
1716735289824,paho785372052557336,topic/maintenance,METAVERSE,146
1716735289906,paho785372052557336,topic/maintenance,METAVERSE,7
1716735289907,paho785372051268119,topic/e/noise,METAVERSE,8
1716735289940,paho785372051931102,topic/security,METAVERSE,9
1716735289979,paho785372052557336,topic/maintenance,METAVERSE,39
1716735289999,paho785372051268119,topic/e/noise,METAVERSE,8
1716735290032,paho785372052200633,topic/occupancy,METAVERSE,101
1716735290032,paho785372052557336,topic/maintenance,METAVERSE,41
1716735290064,paho785372051268119,topic/b/rfid,METAVERSE,5
1716735290065,paho785372052200633,topic/queueing,METAVERSE,6
1716735290140,paho785372052200633,topic/occupancy,METAVERSE,81
1716735290172,paho785372051931102,topic/security,METAVERSE,21
1716735290224,paho785372052200633,topic/occupancy,METAVERSE,73
1716735290236,paho785372051931102,topic/security,METAVERSE,22
1716735290423,paho785372051931102,topic/security,METAVERSE,5
1716735290495,paho785372052200633,topic/occupancy,METAVERSE,77
1716735290514,paho785372051931102,topic/security,METAVERSE,17
1716735290563,paho785372052200633,topic/occupancy,METAVERSE,66
1716735290568,paho785372051931102,topic/security,METAVERSE,6
1716735290659,paho785372052200633,topic/occupancy,METAVERSE,97
1716735290787,paho785372052557336,topic/maintenance,METAVERSE,20
1716735290820,paho785372051931102,topic/security,METAVERSE,25
1716735290851,paho785372051268119,topic/b/lighting,METAVERSE,11
1716735290852,paho785372052383134,topic/b/lighting,METAVERSE,12
1716735290873,paho785372052200633,topic/occupancy,METAVERSE,78
1716735290911,paho785372052557336,topic/maintenance,METAVERSE,12
1716735290911,paho785372051931102,topic/security,METAVERSE,10
1716735290924,paho785372051931102,topic/security,METAVERSE,9
1716735290981,paho785372052557336,topic/maintenance,METAVERSE,6
1716735291024,paho785372052200633,topic/occupancy,METAVERSE,109
1716735291058,paho785372051931102,topic/security,METAVERSE,23
1716735291101,paho785372052200633,topic/occupancy,METAVERSE,66
1716735291105,paho785372051931102,topic/security,METAVERSE,14
1716735291172,paho785372051931102,topic/security,METAVERSE,33
1716735291197,paho785372051268119,topic/v/noise,METAVERSE,4
1716735291202,paho785372052557336,topic/maintenance,METAVERSE,9
1716735291326,paho785372052557336,topic/maintenance,METAVERSE,7
1716735291327,paho785372051268119,topic/b/noise,METAVERSE,8
1716735291471,paho785372051268119,topic/g/noise,METAVERSE,40
1716735291475,paho785372052557336,topic/maintenance,METAVERSE,44
1716735291500,paho785372051931102,topic/security,METAVERSE,12
1716735291521,paho785372051268119,topic/b/lighting,METAVERSE,5
1716735291522,paho785372052383134,topic/b/lighting,METAVERSE,6
1716735291584,paho785372052200633,topic/occupancy,METAVERSE,96
1716735291609,paho785372051931102,topic/security,METAVERSE,6
1716735291696,paho785372052200633,topic/occupancy,METAVERSE,93
1716735291723,paho785372052557336,topic/maintenance,METAVERSE,40
1716735291785,paho785372052557336,topic/maintenance,METAVERSE,27
1716735291800,paho785372051268119,topic/b/noise,METAVERSE,15
1716735291803,paho785372052557336,topic/maintenance,METAVERSE,18
1716735291851,paho785372051268119,topic/c/rfid,METAVERSE,19
1716735291853,paho785372052200633,topic/queueing,METAVERSE,21
1716735291862,paho785372052557336,topic/maintenance,METAVERSE,10
1716735291952,paho785372052200633,topic/occupancy,METAVERSE,120
1716735291952,paho785372051931102,topic/security,METAVERSE,9
1716735292052,paho785372051268119,topic/s/lighting,METAVERSE,5
1716735292053,paho785372052383134,topic/s/lighting,METAVERSE,6
1716735292069,paho785372052200633,topic/queueing,METAVERSE,6
1716735292070,paho785372051268119,topic/b/rfid,METAVERSE,7
1716735292092,paho785372052557336,topic/maintenance,METAVERSE,8
1716735292104,paho785372052200633,topic/occupancy,METAVERSE,161
1716735292199,paho785372051931102,topic/security,METAVERSE,16
1716735292212,paho785372052200633,topic/occupancy,METAVERSE,149
1716735292242,paho785372052557336,topic/maintenance,METAVERSE,12
1716735292256,paho785372051931102,topic/security,METAVERSE,6
1716735292256,paho785372052200633,topic/occupancy,METAVERSE,73
1716735292277,paho785372051931102,topic/security,METAVERSE,16
1716735292284,paho785372051931102,topic/security,METAVERSE,11
1716735292293,paho785372052557336,topic/maintenance,METAVERSE,22
1716735292457,paho785372051931102,topic/security,METAVERSE,6
1716735292484,paho785372051931102,topic/security,METAVERSE,18
1716735292524,paho785372051268119,topic/d/noise,METAVERSE,5
1716735292529,paho785372052557336,topic/maintenance,METAVERSE,10
1716735292555,paho785372051931102,topic/security,METAVERSE,8
1716735292568,paho785372052200633,topic/occupancy,METAVERSE,102
1716735292571,paho785372051268119,topic/b/lighting,METAVERSE,8
1716735292572,paho785372052383134,topic/b/lighting,METAVERSE,9
1716735292634,paho785372051931102,topic/security,METAVERSE,19
1716735292684,paho785372052557336,topic/maintenance,METAVERSE,12
1716735292700,paho785372052200633,topic/occupancy,METAVERSE,153
1716735292703,paho785372051268119,topic/e/lighting,METAVERSE,35
1716735292704,paho785372052383134,topic/e/lighting,METAVERSE,36
1716735292724,paho785372051268119,topic/b/noise,METAVERSE,6
1716735292730,paho785372052557336,topic/maintenance,METAVERSE,13
1716735292755,paho785372051268119,topic/g/lighting,METAVERSE,9
1716735292756,paho785372052383134,topic/g/lighting,METAVERSE,10
1716735292758,paho785372051268119,topic/g/lighting,METAVERSE,12
1716735292759,paho785372052383134,topic/g/lighting,METAVERSE,13
1716735292785,paho785372052557336,topic/maintenance,METAVERSE,67
1716735292827,paho785372052557336,topic/maintenance,METAVERSE,56
1716735292852,paho785372052200633,topic/occupancy,METAVERSE,237
1716735292860,paho785372051931102,topic/security,METAVERSE,21
1716735292884,paho785372051268119,topic/s/noise,METAVERSE,5
1716735292886,paho785372052383134,topic/s/lighting,METAVERSE,7
1716735292889,paho785372051268119,topic/s/lighting,METAVERSE,10
1716735292890,paho785372052557336,topic/maintenance,METAVERSE,11
1716735292946,paho785372051931102,topic/security,METAVERSE,8
1716735292960,paho785372052200633,topic/occupancy,METAVERSE,121
1716735292983,paho785372051268119,topic/g/noise,METAVERSE,9
1716735292998,paho785372052557336,topic/maintenance,METAVERSE,40
1716735293007,paho785372052557336,topic/maintenance,METAVERSE,53
1716735293039,paho785372052557336,topic/maintenance,METAVERSE,65
1716735293072,paho785372051268119,topic/d/lighting,METAVERSE,7
1716735293072,paho785372051931102,topic/security,METAVERSE,9
1716735293073,paho785372052383134,topic/d/lighting,METAVERSE,8
1716735293091,paho785372052557336,topic/maintenance,METAVERSE,64
1716735293124,paho785372052200633,topic/occupancy,METAVERSE,186
1716735293129,paho785372051268119,topic/s/rfid,METAVERSE,5
1716735293130,paho785372052200633,topic/queueing,METAVERSE,6
1716735293200,paho785372052200633,topic/occupancy,METAVERSE,137
1716735293280,paho785372052200633,topic/occupancy,METAVERSE,156
1716735293316,paho785372051268119,topic/e/lighting,METAVERSE,5
1716735293316,paho785372052383134,topic/e/lighting,METAVERSE,5
1716735293332,paho785372052557336,topic/maintenance,METAVERSE,9
1716735293362,paho785372051931102,topic/security,METAVERSE,7
1716735293367,paho785372052557336,topic/maintenance,METAVERSE,16
1716735293393,paho785372051931102,topic/security,METAVERSE,6
1716735293433,paho785372051931102,topic/security,METAVERSE,6
1716735293455,paho785372052557336,topic/maintenance,METAVERSE,52
1716735293531,paho785372051931102,topic/security,METAVERSE,8
1716735293569,paho785372052383134,topic/b/lighting,METAVERSE,6
1716735293573,paho785372051268119,topic/b/lighting,METAVERSE,10
1716735293592,paho785372052200633,topic/occupancy,METAVERSE,69
1716735293624,paho785372051268119,topic/b/lighting,METAVERSE,5
1716735293625,paho785372052383134,topic/b/lighting,METAVERSE,6
1716735293659,paho785372051931102,topic/security,METAVERSE,34
1716735293712,paho785372051268119,topic/c/noise,METAVERSE,5
1716735293714,paho785372052383134,topic/c/lighting,METAVERSE,6
1716735293715,paho785372051268119,topic/c/lighting,METAVERSE,7
1716735293720,paho785372052557336,topic/maintenance,METAVERSE,57
1716735293734,paho785372052557336,topic/maintenance,METAVERSE,27
1716735293738,paho785372052200633,topic/occupancy,METAVERSE,113
1716735293775,paho785372052557336,topic/maintenance,METAVERSE,59
1716735293883,paho785372052557336,topic/maintenance,METAVERSE,8
1716735293951,paho785372051931102,topic/security,METAVERSE,7
1716735293979,paho785372052557336,topic/maintenance,METAVERSE,7
1716735294036,paho785372052200633,topic/occupancy,METAVERSE,92
1716735294084,paho785372051268119,topic/d/lighting,METAVERSE,6
1716735294084,paho785372052383134,topic/d/lighting,METAVERSE,6
1716735294089,paho785372052557336,topic/maintenance,METAVERSE,10
1716735294128,paho785372051268119,topic/v/lighting,METAVERSE,5
1716735294128,paho785372052383134,topic/v/lighting,METAVERSE,5
1716735294235,paho785372051931102,topic/security,METAVERSE,40
1716735294279,paho785372051268119,topic/s/noise,METAVERSE,7
1716735294280,paho785372052557336,topic/maintenance,METAVERSE,8
1716735294292,paho785372052200633,topic/occupancy,METAVERSE,97
1716735294307,paho785372051268119,topic/d/noise,METAVERSE,4
1716735294323,paho785372052557336,topic/maintenance,METAVERSE,20
1716735294397,paho785372051268119,topic/c/lighting,METAVERSE,6
1716735294398,paho785372052383134,topic/c/lighting,METAVERSE,7
1716735294462,paho785372052557336,topic/maintenance,METAVERSE,24
1716735294514,paho785372051931102,topic/security,METAVERSE,18
1716735294519,paho785372052557336,topic/maintenance,METAVERSE,33
1716735294562,paho785372051931102,topic/security,METAVERSE,11
1716735294590,paho785372052200633,topic/occupancy,METAVERSE,94
1716735294630,paho785372051931102,topic/security,METAVERSE,78
1716735294636,paho785372051931102,topic/security,METAVERSE,5
1716735294658,paho785372052200633,topic/occupancy,METAVERSE,107
1716735294709,paho785372051931102,topic/security,METAVERSE,70
1716735294724,paho785372052200633,topic/occupancy,METAVERSE,93
1716735294816,paho785372051268119,topic/b/noise,METAVERSE,17
1716735294816,paho785372052557336,topic/maintenance,METAVERSE,17
1716735294895,paho785372051931102,topic/security,METAVERSE,9
1716735294920,paho785372051268119,topic/e/noise,METAVERSE,9
1716735294921,paho785372052557336,topic/maintenance,METAVERSE,10
1716735294956,paho785372051931102,topic/security,METAVERSE,5
1716735294968,paho785372052200633,topic/occupancy,METAVERSE,82
1716735295021,paho785372051268119,topic/e/noise,METAVERSE,6
1716735295022,paho785372052557336,topic/maintenance,METAVERSE,7
1716735295044,paho785372052200633,topic/occupancy,METAVERSE,93
1716735295095,paho785372051268119,topic/b/rfid,METAVERSE,8
1716735295097,paho785372052200633,topic/queueing,METAVERSE,10
1716735295136,paho785372051931102,topic/security,METAVERSE,49
1716735295173,paho785372052200633,topic/occupancy,METAVERSE,86
1716735295248,paho785372052200633,topic/occupancy,METAVERSE,161
1716735295549,paho785372051931102,topic/security,METAVERSE,14
1716735295627,paho785372052200633,topic/occupancy,METAVERSE,92
1716735295712,paho785372051931102,topic/security,METAVERSE,16
1716735295780,paho785372052200633,topic/occupancy,METAVERSE,84
1716735295864,paho785372051268119,topic/b/lighting,METAVERSE,13
1716735295864,paho785372052383134,topic/b/lighting,METAVERSE,13
1716735295956,paho785372051931102,topic/security,METAVERSE,9
1716735296036,paho785372052200633,topic/occupancy,METAVERSE,89
1716735296191,paho785372052557336,topic/maintenance,METAVERSE,8
1716735296213,paho785372051268119,topic/v/noise,METAVERSE,5
1716735296215,paho785372052557336,topic/maintenance,METAVERSE,7
1716735296300,paho785372051931102,topic/security,METAVERSE,13
1716735296337,paho785372051268119,topic/b/noise,METAVERSE,6
1716735296356,paho785372052200633,topic/occupancy,METAVERSE,69
1716735296383,paho785372052557336,topic/maintenance,METAVERSE,52
1716735296383,paho785372052557336,topic/maintenance,METAVERSE,74
1716735296519,paho785372051268119,topic/g/noise,METAVERSE,8
1716735296523,paho785372052557336,topic/maintenance,METAVERSE,12
1716735296529,paho785372051931102,topic/security,METAVERSE,9
1716735296535,paho785372051268119,topic/b/lighting,METAVERSE,4
1716735296536,paho785372052383134,topic/b/lighting,METAVERSE,5
1716735296572,paho785372051931102,topic/security,METAVERSE,5
1716735296624,paho785372052200633,topic/occupancy,METAVERSE,104
1716735296637,paho785372051931102,topic/security,METAVERSE,5
1716735296701,paho785372052200633,topic/occupancy,METAVERSE,134
1716735296788,paho785372052200633,topic/occupancy,METAVERSE,156
1716735296868,paho785372051268119,topic/b/noise,METAVERSE,9
1716735296871,paho785372052557336,topic/maintenance,METAVERSE,12
1716735296932,paho785372051931102,topic/security,METAVERSE,9
1716735296933,paho785372052200633,topic/queueing,METAVERSE,10
1716735296941,paho785372051268119,topic/g/rfid,METAVERSE,18
1716735296985,paho785372051931102,topic/security,METAVERSE,6
1716735297020,paho785372052200633,topic/occupancy,METAVERSE,97
1716735297067,paho785372051268119,topic/s/lighting,METAVERSE,4
1716735297068,paho785372052383134,topic/s/lighting,METAVERSE,5
1716735297107,paho785372052200633,topic/occupancy,METAVERSE,184
1716735297177,paho785372051931102,topic/security,METAVERSE,6
1716735297192,paho785372052200633,topic/occupancy,METAVERSE,213
1716735297288,paho785372052200633,topic/occupancy,METAVERSE,117
1716735297296,paho785372051931102,topic/security,METAVERSE,5
1716735297426,paho785372051931102,topic/security,METAVERSE,7
1716735297531,paho785372051268119,topic/d/noise,METAVERSE,8
1716735297532,paho785372052557336,topic/maintenance,METAVERSE,9
1716735297564,paho785372051931102,topic/security,METAVERSE,25
1716735297585,paho785372051268119,topic/b/lighting,METAVERSE,6
1716735297585,paho785372052383134,topic/b/lighting,METAVERSE,6
1716735297640,paho785372052200633,topic/occupancy,METAVERSE,101
1716735297710,paho785372051931102,topic/security,METAVERSE,6
1716735297731,paho785372051268119,topic/e/lighting,METAVERSE,4
1716735297732,paho785372052383134,topic/e/lighting,METAVERSE,5
1716735297736,paho785372051268119,topic/b/noise,METAVERSE,4
1716735297737,paho785372052557336,topic/maintenance,METAVERSE,5
1716735297783,paho785372052200633,topic/occupancy,METAVERSE,79
1716735297797,paho785372051268119,topic/g/lighting,METAVERSE,5
1716735297798,paho785372052383134,topic/g/lighting,METAVERSE,6
1716735297801,paho785372052383134,topic/g/lighting,METAVERSE,8
1716735297809,paho785372051268119,topic/g/lighting,METAVERSE,16
1716735297946,paho785372052383134,topic/s/lighting,METAVERSE,7
1716735297947,paho785372051268119,topic/s/lighting,METAVERSE,8
1716735297948,paho785372051268119,topic/s/noise,METAVERSE,9
1716735297949,paho785372052557336,topic/maintenance,METAVERSE,10
1716735297956,paho785372051931102,topic/security,METAVERSE,17
1716735297973,paho785372051931102,topic/security,METAVERSE,6
1716735297988,paho785372052557336,topic/maintenance,METAVERSE,46
1716735298068,paho785372051268119,topic/g/noise,METAVERSE,29
1716735298073,paho785372052200633,topic/occupancy,METAVERSE,106
1716735298083,paho785372052557336,topic/maintenance,METAVERSE,44
1716735298115,paho785372051268119,topic/d/lighting,METAVERSE,16
1716735298123,paho785372052383134,topic/d/lighting,METAVERSE,24
1716735298142,paho785372051268119,topic/s/rfid,METAVERSE,6
1716735298164,paho785372052200633,topic/queueing,METAVERSE,28
1716735298258,paho785372052200633,topic/occupancy,METAVERSE,122
1716735298311,paho785372051931102,topic/security,METAVERSE,16
1716735298355,paho785372051268119,topic/e/lighting,METAVERSE,43
1716735298357,paho785372052383134,topic/e/lighting,METAVERSE,45
1716735298373,paho785372051931102,topic/security,METAVERSE,34
1716735298398,paho785372052200633,topic/occupancy,METAVERSE,59
1716735298463,paho785372051931102,topic/security,METAVERSE,41
1716735298563,paho785372051931102,topic/security,METAVERSE,64
1716735298598,paho785372051931102,topic/security,METAVERSE,28
1716735298614,paho785372052200633,topic/occupancy,METAVERSE,44
1716735298614,paho785372051931102,topic/security,METAVERSE,40
1716735298655,paho785372052383134,topic/b/lighting,METAVERSE,15
1716735298655,paho785372051268119,topic/b/lighting,METAVERSE,15
1716735298657,paho785372052383134,topic/b/lighting,METAVERSE,16
1716735298657,paho785372051268119,topic/b/lighting,METAVERSE,16
1716735298679,paho785372051931102,topic/security,METAVERSE,12
1716735298767,paho785372052200633,topic/occupancy,METAVERSE,193
1716735298774,paho785372051268119,topic/c/noise,METAVERSE,47
1716735298776,paho785372051268119,topic/c/lighting,METAVERSE,49
1716735298778,paho785372052383134,topic/c/lighting,METAVERSE,51
1716735298779,paho785372052200633,topic/occupancy,METAVERSE,112
1716735298787,paho785372052557336,topic/maintenance,METAVERSE,60
1716735298886,paho785372051931102,topic/security,METAVERSE,12
1716735298943,paho785372051931102,topic/security,METAVERSE,15
1716735298971,paho785372052200633,topic/occupancy,METAVERSE,43
1716735299048,paho785372051931102,topic/security,METAVERSE,18
1716735299063,paho785372051931102,topic/security,METAVERSE,100
1716735299100,paho785372052383134,topic/d/lighting,METAVERSE,20
1716735299107,paho785372051268119,topic/d/lighting,METAVERSE,27
1716735299117,paho785372052200633,topic/occupancy,METAVERSE,87
1716735299146,paho785372051268119,topic/v/lighting,METAVERSE,10
1716735299154,paho785372052383134,topic/v/lighting,METAVERSE,18
1716735299221,paho785372051931102,topic/security,METAVERSE,19
1716735299271,paho785372052200633,topic/occupancy,METAVERSE,69
1716735299322,paho785372051268119,topic/s/noise,METAVERSE,25
1716735299326,paho785372052557336,topic/maintenance,METAVERSE,29
1716735299359,paho785372051268119,topic/d/noise,METAVERSE,40
1716735299362,paho785372052557336,topic/maintenance,METAVERSE,43
1716735299381,paho785372052557336,topic/maintenance,METAVERSE,18
1716735299478,paho785372051268119,topic/c/lighting,METAVERSE,35
1716735299482,paho785372052383134,topic/c/lighting,METAVERSE,39
1716735299629,paho785372051931102,topic/security,METAVERSE,13
1716735299647,paho785372051268119,topic/d/rfid,METAVERSE,32
1716735299653,paho785372052200633,topic/queueing,METAVERSE,38
1716735299739,paho785372051931102,topic/security,METAVERSE,14
1716735299754,paho785372052200633,topic/occupancy,METAVERSE,138
1716735299779,paho785372052200633,topic/occupancy,METAVERSE,164
1716735299872,paho785372052200633,topic/occupancy,METAVERSE,147
1716735299979,paho785372051268119,topic/e/noise,METAVERSE,20
1716735299979,paho785372052557336,topic/maintenance,METAVERSE,20
1716735299987,paho785372051931102,topic/security,METAVERSE,9
1716735300005,paho785372052200633,topic/queueing,METAVERSE,46
1716735300006,paho785372051268119,topic/e/rfid,METAVERSE,47
1716735300067,paho785372051268119,topic/e/noise,METAVERSE,16
1716735300067,paho785372051268119,topic/b/noise,METAVERSE,200
1716735300087,paho785372052200633,topic/occupancy,METAVERSE,109
1716735300088,paho785372052557336,topic/maintenance,METAVERSE,37
1716735300116,paho785372052557336,topic/maintenance,METAVERSE,249
1716735300129,paho785372052200633,topic/occupancy,METAVERSE,170
1716735300213,paho785372051931102,topic/security,METAVERSE,60
1716735300497,paho785372052557336,topic/maintenance,METAVERSE,78
1716735300499,paho785372051931102,topic/security,METAVERSE,60
1716735300572,paho785372052200633,topic/occupancy,METAVERSE,133
1716735300607,paho785372052557336,topic/maintenance,METAVERSE,28
1716735300607,paho785372051931102,topic/security,METAVERSE,28
1716735300672,paho785372051931102,topic/security,METAVERSE,18
1716735300677,paho785372051931102,topic/security,METAVERSE,6
1716735300695,paho785372052200633,topic/occupancy,METAVERSE,116
1716735300744,paho785372052200633,topic/occupancy,METAVERSE,90
1716735300748,paho785372051931102,topic/security,METAVERSE,5
1716735300803,paho785372052200633,topic/occupancy,METAVERSE,132
1716735300889,paho785372051268119,topic/b/lighting,METAVERSE,8
1716735300889,paho785372052383134,topic/b/lighting,METAVERSE,8
1716735300968,paho785372051931102,topic/security,METAVERSE,21
1716735301036,paho785372052200633,topic/occupancy,METAVERSE,89
1716735301076,paho785372051931102,topic/security,METAVERSE,22
1716735301176,paho785372052200633,topic/occupancy,METAVERSE,122
1716735301244,paho785372052557336,topic/maintenance,METAVERSE,20
1716735301239,paho785372051268119,topic/v/noise,METAVERSE,15
1716735301249,paho785372051931102,topic/security,METAVERSE,26
1716735301295,paho785372051931102,topic/security,METAVERSE,45
1716735301306,paho785372052200633,topic/occupancy,METAVERSE,83
1716735301372,paho785372052557336,topic/maintenance,METAVERSE,13
1716735301375,paho785372051268119,topic/b/noise,METAVERSE,16
1716735301553,paho785372051268119,topic/g/noise,METAVERSE,14
1716735301556,paho785372052557336,topic/maintenance,METAVERSE,17
1716735301615,paho785372051268119,topic/b/lighting,METAVERSE,81
1716735301623,paho785372052383134,topic/b/lighting,METAVERSE,89
1716735301655,paho785372051931102,topic/security,METAVERSE,12
1716735301748,paho785372052200633,topic/occupancy,METAVERSE,105
1716735301803,paho785372051931102,topic/security,METAVERSE,28
1716735301817,paho785372052200633,topic/occupancy,METAVERSE,42
1716735301837,paho785372051268119,topic/v/rfid,METAVERSE,27
1716735301841,paho785372052200633,topic/queueing,METAVERSE,31
1716735301892,paho785372051268119,topic/c/rfid,METAVERSE,5
1716735301903,paho785372052200633,topic/queueing,METAVERSE,16
1716735301912,paho785372052200633,topic/occupancy,METAVERSE,102
1716735301962,paho785372051268119,topic/b/noise,METAVERSE,46
1716735301977,paho785372052200633,topic/occupancy,METAVERSE,90
1716735301977,paho785372052557336,topic/maintenance,METAVERSE,61
1716735302031,paho785372051931102,topic/security,METAVERSE,28
1716735302050,paho785372052200633,topic/occupancy,METAVERSE,47
1716735302211,paho785372051268119,topic/s/lighting,METAVERSE,24
1716735302211,paho785372052383134,topic/s/lighting,METAVERSE,24
1716735302295,paho785372051931102,topic/security,METAVERSE,10
1716735302391,paho785372051931102,topic/security,METAVERSE,34
1716735302436,paho785372051931102,topic/security,METAVERSE,63
1716735302475,paho785372051931102,topic/security,METAVERSE,20
1716735302571,paho785372051931102,topic/security,METAVERSE,28
1716735302588,paho785372051268119,topic/b/lighting,METAVERSE,8
1716735302594,paho785372052383134,topic/b/lighting,METAVERSE,14
1716735302608,paho785372051268119,topic/d/noise,METAVERSE,17
1716735302615,paho785372051931102,topic/security,METAVERSE,11
1716735302622,paho785372052557336,topic/maintenance,METAVERSE,31
1716735302661,paho785372052200633,topic/occupancy,METAVERSE,118
1716735302724,paho785372052200633,topic/occupancy,METAVERSE,120
1716735302728,paho785372051931102,topic/security,METAVERSE,14
1716735302742,paho785372051268119,topic/e/lighting,METAVERSE,15
1716735302742,paho785372051268119,topic/b/noise,METAVERSE,7
1716735302754,paho785372052383134,topic/e/lighting,METAVERSE,27
1716735302756,paho785372051931102,topic/security,METAVERSE,26
1716735302757,paho785372052557336,topic/maintenance,METAVERSE,22
1716735302818,paho785372052200633,topic/occupancy,METAVERSE,104
1716735302830,paho785372051268119,topic/g/lighting,METAVERSE,27
1716735302833,paho785372051268119,topic/g/lighting,METAVERSE,31
1716735302843,paho785372052383134,topic/g/lighting,METAVERSE,40
1716735302847,paho785372052383134,topic/g/lighting,METAVERSE,45
1716735302937,paho785372052200633,topic/occupancy,METAVERSE,207
1716735302942,paho785372051931102,topic/security,METAVERSE,6
1716735302951,paho785372051268119,topic/s/lighting,METAVERSE,11
1716735302951,paho785372052383134,topic/s/lighting,METAVERSE,11
1716735302952,paho785372051268119,topic/s/noise,METAVERSE,12
1716735302967,paho785372052557336,topic/maintenance,METAVERSE,27
1716735302999,paho785372052557336,topic/maintenance,METAVERSE,12
1716735303016,paho785372051931102,topic/security,METAVERSE,25
1716735303035,paho785372052557336,topic/maintenance,METAVERSE,32
1716735303056,paho785372052200633,topic/occupancy,METAVERSE,65
1716735303079,paho785372051931102,topic/security,METAVERSE,16
1716735303127,paho785372051268119,topic/d/lighting,METAVERSE,5
1716735303129,paho785372052383134,topic/d/lighting,METAVERSE,7
1716735303143,paho785372051268119,topic/g/noise,METAVERSE,14
1716735303150,paho785372052557336,topic/maintenance,METAVERSE,21
1716735303168,paho785372052200633,topic/occupancy,METAVERSE,105
1716735303265,paho785372051931102,topic/security,METAVERSE,24
1716735303315,paho785372052200633,topic/occupancy,METAVERSE,74
1716735303380,paho785372052383134,topic/e/lighting,METAVERSE,16
1716735303390,paho785372051268119,topic/e/lighting,METAVERSE,26
