1716777448697,paho824489363852652,topic/e/lighting,METAVERSE,131
1716777448730,paho824489373387613,topic/e/lighting,METAVERSE,164
1716777448744,paho824489363852652,topic/g/noise,METAVERSE,143
1716777448857,paho824489363852652,topic/v/lighting,METAVERSE,49
1716777448857,paho824489373387613,topic/v/lighting,METAVERSE,49
1716777449004,paho824489363852652,topic/e/noise,METAVERSE,7
1716777449194,paho824489363852652,topic/s/lighting,METAVERSE,24
1716777449194,paho824489373387613,topic/s/lighting,METAVERSE,24
1716777449214,paho824489363852652,topic/e/rfid,METAVERSE,6
1716777449375,paho824489363852652,topic/v/noise,METAVERSE,11
1716777449516,paho824489363852652,topic/c/lighting,METAVERSE,9
1716777449516,paho824489373387613,topic/c/lighting,METAVERSE,9
1716777449539,paho824489363852652,topic/v/rfid,METAVERSE,18
1716777450320,paho824489363852652,topic/c/rfid,METAVERSE,20
1716777450391,paho824489363852652,topic/c/rfid,METAVERSE,5
1716777450440,paho824489363852652,topic/d/lighting,METAVERSE,86
1716777450440,paho824489373387613,topic/d/lighting,METAVERSE,86
1716777450454,paho824489363852652,topic/c/noise,METAVERSE,30
1716777450602,paho824489363852652,topic/c/lighting,METAVERSE,16
1716777450602,paho824489373387613,topic/c/lighting,METAVERSE,16
1716777450796,paho824489363852652,topic/s/rfid,METAVERSE,10
1716777450831,paho824489373387613,topic/d/lighting,METAVERSE,40
1716777450832,paho824489363852652,topic/d/lighting,METAVERSE,41
1716777451192,paho824489363852652,topic/g/lighting,METAVERSE,5
1716777451192,paho824489373387613,topic/g/lighting,METAVERSE,5
1716777451237,paho824489363852652,topic/g/lighting,METAVERSE,5
1716777451238,paho824489373387613,topic/g/lighting,METAVERSE,6
1716777451420,paho824489363852652,topic/g/noise,METAVERSE,22
1716777451429,paho824489373023667,topic/queueing,METAVERSE,643
1716777451430,paho824489368643850,topic/security,METAVERSE,439
1716777451576,paho824489363852652,topic/s/lighting,METAVERSE,11
1716777451577,paho824489373624405,topic/maintenance,METAVERSE,895
1716777451578,paho824489373387613,topic/s/lighting,METAVERSE,13
1716777451583,paho824489368643850,topic/security,METAVERSE,542
1716777451587,paho824489368643850,topic/security,METAVERSE,545
1716777451592,paho824489368643850,topic/security,METAVERSE,547
1716777451628,paho824489373624405,topic/maintenance,METAVERSE,855
1716777451682,paho824489373624405,topic/maintenance,METAVERSE,864
1716777451683,paho824489368643850,topic/security,METAVERSE,596
1716777451733,paho824489368643850,topic/security,METAVERSE,611
1716777451738,paho824489373624405,topic/maintenance,METAVERSE,920
1716777451827,paho824489373624405,topic/maintenance,METAVERSE,1072
1716777451827,paho824489368643850,topic/security,METAVERSE,650
1716777451828,paho824489368643850,topic/security,METAVERSE,673
1716777451834,paho824489368643850,topic/security,METAVERSE,632
1716777451835,paho824489368643850,topic/security,METAVERSE,613
1716777451836,paho824489368643850,topic/security,METAVERSE,575
1716777451839,paho824489368643850,topic/security,METAVERSE,532
1716777451840,paho824489368643850,topic/security,METAVERSE,513
1716777451840,paho824489368643850,topic/security,METAVERSE,496
1716777451841,paho824489368643850,topic/security,METAVERSE,496
1716777451841,paho824489368643850,topic/security,METAVERSE,494
1716777451844,paho824489368643850,topic/security,METAVERSE,495
1716777451844,paho824489368643850,topic/security,METAVERSE,494
1716777451887,paho824489368643850,topic/security,METAVERSE,580
1716777451888,paho824489373624405,topic/maintenance,METAVERSE,915
1716777451898,paho824489363852652,topic/b/noise,METAVERSE,31
1716777451928,paho824489368643850,topic/security,METAVERSE,577
1716777451932,paho824489373624405,topic/maintenance,METAVERSE,830
1716777451948,paho824489363852652,topic/e/noise,METAVERSE,30
1716777451992,paho824489363852652,topic/d/noise,METAVERSE,8
1716777452027,paho824489368643850,topic/security,METAVERSE,675
1716777452028,paho824489373624405,topic/maintenance,METAVERSE,888
1716777452028,paho824489368643850,topic/security,METAVERSE,675
1716777452128,paho824489368643850,topic/security,METAVERSE,764
1716777452128,paho824489373023667,topic/occupancy,METAVERSE,1342
1716777452139,paho824489363852652,topic/b/lighting,METAVERSE,7
1716777452139,paho824489373387613,topic/b/lighting,METAVERSE,7
1716777452168,paho824489368643850,topic/security,METAVERSE,1290
1716777452168,paho824489368643850,topic/security,METAVERSE,814
1716777452168,paho824489368643850,topic/security,METAVERSE,770
1716777452178,paho824489373624405,topic/maintenance,METAVERSE,1006
1716777452183,paho824489368643850,topic/security,METAVERSE,751
1716777452225,paho824489373624405,topic/maintenance,METAVERSE,956
1716777452226,paho824489368643850,topic/security,METAVERSE,790
1716777452233,paho824489368643850,topic/security,METAVERSE,747
1716777452235,paho824489368643850,topic/security,METAVERSE,732
1716777452235,paho824489368643850,topic/security,METAVERSE,718
1716777452239,paho824489368643850,topic/security,METAVERSE,727
1716777452244,paho824489368643850,topic/security,METAVERSE,722
1716777452277,paho824489373023667,topic/occupancy,METAVERSE,1460
1716777452281,paho824489368643850,topic/security,METAVERSE,751
1716777452281,paho824489368643850,topic/security,METAVERSE,746
1716777452328,paho824489373624405,topic/maintenance,METAVERSE,1012
1716777452328,paho824489368643850,topic/security,METAVERSE,759
1716777452332,paho824489368643850,topic/security,METAVERSE,762
1716777452333,paho824489368643850,topic/security,METAVERSE,755
1716777452378,paho824489373624405,topic/maintenance,METAVERSE,1038
1716777452380,paho824489368643850,topic/security,METAVERSE,781
1716777452428,paho824489368643850,topic/security,METAVERSE,804
1716777452472,paho824489368643850,topic/security,METAVERSE,832
1716777452476,paho824489373624405,topic/maintenance,METAVERSE,1113
1716777452482,paho824489368643850,topic/security,METAVERSE,823
1716777452528,paho824489368643850,topic/security,METAVERSE,864
1716777452529,paho824489368643850,topic/security,METAVERSE,846
1716777452531,paho824489368643850,topic/security,METAVERSE,829
1716777452574,paho824489368643850,topic/security,METAVERSE,865
1716777452576,paho824489373624405,topic/maintenance,METAVERSE,1178
1716777452576,paho824489373624405,topic/maintenance,METAVERSE,887
1716777452579,paho824489373624405,topic/maintenance,METAVERSE,1107
1716777452580,paho824489368643850,topic/security,METAVERSE,861
1716777452584,paho824489373023667,topic/occupancy,METAVERSE,1220
1716777452624,paho824489368643850,topic/security,METAVERSE,904
1716777452644,paho824489363852652,topic/d/rfid,METAVERSE,32
1716777452652,paho824489363852652,topic/g/rfid,METAVERSE,7
1716777452683,paho824489363852652,topic/b/lighting,METAVERSE,66
1716777452683,paho824489373387613,topic/b/lighting,METAVERSE,66
1716777452726,paho824489373624405,topic/maintenance,METAVERSE,879
1716777452726,paho824489368643850,topic/security,METAVERSE,992
1716777452795,paho824489363852652,topic/e/lighting,METAVERSE,5
1716777452795,paho824489373387613,topic/e/lighting,METAVERSE,5
1716777452830,paho824489373023667,topic/queueing,METAVERSE,218
1716777452830,paho824489373023667,topic/queueing,METAVERSE,185
1716777452831,paho824489373624405,topic/maintenance,METAVERSE,964
1716777452840,paho824489373624405,topic/maintenance,METAVERSE,922
1716777452867,paho824489363852652,topic/s/noise,METAVERSE,6
1716777452870,paho824489363852652,topic/s/noise,METAVERSE,9
1716777452931,paho824489373624405,topic/maintenance,METAVERSE,947
1716777452980,paho824489373624405,topic/maintenance,METAVERSE,991
1716777452989,paho824489363852652,topic/d/noise,METAVERSE,44
1716777453032,paho824489373023667,topic/occupancy,METAVERSE,1520
1716777453080,paho824489373624405,topic/maintenance,METAVERSE,869
1716777453140,paho824489373624405,topic/maintenance,METAVERSE,911
1716777453228,paho824489373624405,topic/maintenance,METAVERSE,1029
1716777453278,paho824489373624405,topic/maintenance,METAVERSE,1014
1716777453330,paho824489368643850,topic/security,METAVERSE,1595
1716777453330,paho824489368643850,topic/security,METAVERSE,1591
1716777453330,paho824489368643850,topic/security,METAVERSE,1539
1716777453331,paho824489368643850,topic/security,METAVERSE,1512
1716777453331,paho824489368643850,topic/security,METAVERSE,1470
1716777453331,paho824489368643850,topic/security,METAVERSE,1465
1716777453331,paho824489368643850,topic/security,METAVERSE,1456
1716777453331,paho824489368643850,topic/security,METAVERSE,1432
1716777453331,paho824489368643850,topic/security,METAVERSE,1412
1716777453331,paho824489368643850,topic/security,METAVERSE,1414
1716777453332,paho824489368643850,topic/security,METAVERSE,1365
1716777453332,paho824489368643850,topic/security,METAVERSE,1317
1716777453332,paho824489368643850,topic/security,METAVERSE,1316
1716777453332,paho824489368643850,topic/security,METAVERSE,1315
1716777453332,paho824489368643850,topic/security,METAVERSE,1297
1716777453332,paho824489368643850,topic/security,METAVERSE,1314
1716777453332,paho824489368643850,topic/security,METAVERSE,1245
1716777453332,paho824489368643850,topic/security,METAVERSE,1232
1716777453333,paho824489368643850,topic/security,METAVERSE,1226
1716777453333,paho824489368643850,topic/security,METAVERSE,1234
1716777453333,paho824489368643850,topic/security,METAVERSE,1213
1716777453333,paho824489368643850,topic/security,METAVERSE,1189
1716777453333,paho824489368643850,topic/security,METAVERSE,1155
1716777453333,paho824489368643850,topic/security,METAVERSE,1140
1716777453333,paho824489368643850,topic/security,METAVERSE,1086
1716777453333,paho824489368643850,topic/security,METAVERSE,1169
1716777453333,paho824489368643850,topic/security,METAVERSE,1034
1716777453333,paho824489368643850,topic/security,METAVERSE,1030
1716777453333,paho824489368643850,topic/security,METAVERSE,1017
1716777453333,paho824489368643850,topic/security,METAVERSE,990
1716777453378,paho824489373624405,topic/maintenance,METAVERSE,1076
1716777453442,paho824489363852652,topic/c/rfid,METAVERSE,5
1716777453476,paho824489373624405,topic/maintenance,METAVERSE,1073
1716777453481,paho824489373023667,topic/queueing,METAVERSE,44
1716777453524,paho824489373624405,topic/maintenance,METAVERSE,1117
1716777453625,paho824489373624405,topic/maintenance,METAVERSE,1158
1716777453637,paho824489363852652,topic/g/noise,METAVERSE,14
1716777453652,paho824489363852652,topic/e/lighting,METAVERSE,14
1716777453652,paho824489373387613,topic/e/lighting,METAVERSE,14
1716777453730,paho824489373023667,topic/occupancy,METAVERSE,2161
1716777453730,paho824489373624405,topic/maintenance,METAVERSE,1217
1716777453830,paho824489373023667,topic/occupancy,METAVERSE,2190
1716777453844,paho824489363852652,topic/s/rfid,METAVERSE,50
1716777453876,paho824489363852652,topic/v/lighting,METAVERSE,6
1716777453883,paho824489373387613,topic/v/lighting,METAVERSE,13
1716777453929,paho824489373624405,topic/maintenance,METAVERSE,1412
1716777453948,paho824489373624405,topic/maintenance,METAVERSE,1333
1716777453982,paho824489373023667,topic/queueing,METAVERSE,188
1716777454034,paho824489373624405,topic/maintenance,METAVERSE,1902
1716777454040,paho824489363852652,topic/e/noise,METAVERSE,4
1716777454083,paho824489373624405,topic/maintenance,METAVERSE,1421
1716777454182,paho824489373023667,topic/occupancy,METAVERSE,2321
1716777454235,paho824489363852652,topic/s/lighting,METAVERSE,5
1716777454235,paho824489373387613,topic/s/lighting,METAVERSE,5
1716777454354,paho824489373023667,topic/occupancy,METAVERSE,2040
1716777454377,paho824489373624405,topic/maintenance,METAVERSE,1614
1716777454446,paho824489363852652,topic/v/noise,METAVERSE,6
1716777454516,paho824489363852652,topic/c/rfid,METAVERSE,5
1716777454526,paho824489373624405,topic/maintenance,METAVERSE,1715
1716777454530,paho824489373023667,topic/queueing,METAVERSE,19
1716777454568,paho824489373624405,topic/maintenance,METAVERSE,1707
1716777454580,paho824489373023667,topic/occupancy,METAVERSE,1968
1716777454650,paho824489363852652,topic/b/noise,METAVERSE,55
1716777454652,paho824489373387613,topic/c/lighting,METAVERSE,16
1716777454653,paho824489363852652,topic/b/rfid,METAVERSE,56
1716777454656,paho824489363852652,topic/c/lighting,METAVERSE,20
1716777454679,paho824489373624405,topic/maintenance,METAVERSE,1818
1716777454680,paho824489373624405,topic/maintenance,METAVERSE,1792
1716777454714,paho824489368643850,topic/security,METAVERSE,2400
1716777454714,paho824489368643850,topic/security,METAVERSE,2361
1716777454714,paho824489368643850,topic/security,METAVERSE,2349
1716777454714,paho824489368643850,topic/security,METAVERSE,2349
1716777454714,paho824489368643850,topic/security,METAVERSE,2323
1716777454714,paho824489368643850,topic/security,METAVERSE,2300
1716777454714,paho824489368643850,topic/security,METAVERSE,2321
1716777454714,paho824489368643850,topic/security,METAVERSE,2259
1716777454714,paho824489368643850,topic/security,METAVERSE,2253
1716777454714,paho824489368643850,topic/security,METAVERSE,2246
1716777454714,paho824489368643850,topic/security,METAVERSE,2231
1716777454715,paho824489368643850,topic/security,METAVERSE,2222
1716777454715,paho824489368643850,topic/security,METAVERSE,2197
1716777454715,paho824489368643850,topic/security,METAVERSE,2198
1716777454715,paho824489368643850,topic/security,METAVERSE,2197
1716777454715,paho824489368643850,topic/security,METAVERSE,2160
1716777454715,paho824489368643850,topic/security,METAVERSE,2144
1716777454715,paho824489368643850,topic/security,METAVERSE,2134
1716777454715,paho824489368643850,topic/security,METAVERSE,2120
1716777454715,paho824489368643850,topic/security,METAVERSE,2103
1716777454715,paho824489368643850,topic/security,METAVERSE,2101
1716777454715,paho824489368643850,topic/security,METAVERSE,2090
1716777454715,paho824489368643850,topic/security,METAVERSE,2088
1716777454716,paho824489368643850,topic/security,METAVERSE,2068
1716777454716,paho824489368643850,topic/security,METAVERSE,2068
1716777454716,paho824489368643850,topic/security,METAVERSE,2045
1716777454716,paho824489368643850,topic/security,METAVERSE,2054
1716777454716,paho824489368643850,topic/security,METAVERSE,2020
1716777454716,paho824489368643850,topic/security,METAVERSE,2033
1716777454716,paho824489368643850,topic/security,METAVERSE,2004
1716777454716,paho824489368643850,topic/security,METAVERSE,1999
1716777454716,paho824489368643850,topic/security,METAVERSE,1965
1716777454716,paho824489368643850,topic/security,METAVERSE,1984
1716777454716,paho824489368643850,topic/security,METAVERSE,1968
1716777454716,paho824489368643850,topic/security,METAVERSE,1928
1716777454716,paho824489368643850,topic/security,METAVERSE,1928
1716777454717,paho824489368643850,topic/security,METAVERSE,1928
1716777454717,paho824489368643850,topic/security,METAVERSE,1930
1716777454717,paho824489368643850,topic/security,METAVERSE,1906
1716777454717,paho824489368643850,topic/security,METAVERSE,1901
1716777454717,paho824489368643850,topic/security,METAVERSE,1905
1716777454717,paho824489368643850,topic/security,METAVERSE,1902
1716777454717,paho824489368643850,topic/security,METAVERSE,1901
1716777454717,paho824489368643850,topic/security,METAVERSE,1877
1716777454717,paho824489368643850,topic/security,METAVERSE,1860
1716777454717,paho824489368643850,topic/security,METAVERSE,2220
1716777454717,paho824489368643850,topic/security,METAVERSE,1856
1716777454717,paho824489368643850,topic/security,METAVERSE,1834
1716777454717,paho824489368643850,topic/security,METAVERSE,1855
1716777454718,paho824489368643850,topic/security,METAVERSE,1830
1716777454718,paho824489368643850,topic/security,METAVERSE,1816
1716777454718,paho824489368643850,topic/security,METAVERSE,1818
1716777454718,paho824489368643850,topic/security,METAVERSE,1801
1716777454718,paho824489368643850,topic/security,METAVERSE,1839
1716777454718,paho824489368643850,topic/security,METAVERSE,1886
1716777454718,paho824489368643850,topic/security,METAVERSE,1822
1716777454725,paho824489368643850,topic/security,METAVERSE,1795
1716777454730,paho824489373023667,topic/queueing,METAVERSE,133
1716777454746,paho824489363852652,topic/d/rfid,METAVERSE,36
1716777454833,paho824489373023667,topic/occupancy,METAVERSE,2188
1716777454833,paho824489373023667,topic/queueing,METAVERSE,123
1716777454834,paho824489373624405,topic/maintenance,METAVERSE,1866
1716777454926,paho824489373624405,topic/maintenance,METAVERSE,1981
1716777455028,paho824489373023667,topic/occupancy,METAVERSE,2171
1716777455208,paho824489373387613,topic/b/lighting,METAVERSE,41
1716777455208,paho824489363852652,topic/b/lighting,METAVERSE,41
1716777455227,paho824489373023667,topic/occupancy,METAVERSE,2730
1716777455258,paho824489363852652,topic/b/lighting,METAVERSE,41
1716777455259,paho824489373387613,topic/b/lighting,METAVERSE,42
1716777455445,paho824489363852652,topic/d/lighting,METAVERSE,5
1716777455445,paho824489373387613,topic/d/lighting,METAVERSE,5
1716777455559,paho824489363852652,topic/c/noise,METAVERSE,26
1716777455580,paho824489373023667,topic/occupancy,METAVERSE,2193
1716777455608,paho824489363852652,topic/c/lighting,METAVERSE,5
1716777455608,paho824489373387613,topic/c/lighting,METAVERSE,5
1716777455778,paho824489373023667,topic/occupancy,METAVERSE,2341
1716777455856,paho824489363852652,topic/d/lighting,METAVERSE,6
1716777455856,paho824489373387613,topic/d/lighting,METAVERSE,6
1716777455868,paho824489363852652,topic/s/rfid,METAVERSE,5
1716777455877,paho824489373023667,topic/queueing,METAVERSE,14
1716777455976,paho824489373023667,topic/occupancy,METAVERSE,2437
1716777456180,paho824489373023667,topic/occupancy,METAVERSE,2583
1716777456196,paho824489363852652,topic/g/lighting,METAVERSE,5
1716777456196,paho824489373387613,topic/g/lighting,METAVERSE,5
1716777456247,paho824489363852652,topic/g/lighting,METAVERSE,6
1716777456247,paho824489373387613,topic/g/lighting,METAVERSE,6
1716777456430,paho824489373023667,topic/occupancy,METAVERSE,2706
1716777456523,paho824489363852652,topic/g/noise,METAVERSE,23
1716777456538,paho824489363852652,topic/b/noise,METAVERSE,16
1716777456555,paho824489363852652,topic/b/noise,METAVERSE,48
1716777456611,paho824489363852652,topic/s/lighting,METAVERSE,11
1716777456611,paho824489373387613,topic/s/lighting,METAVERSE,11
1716777456627,paho824489373624405,topic/maintenance,METAVERSE,3321
1716777456628,paho824489373624405,topic/maintenance,METAVERSE,3303
1716777456628,paho824489373624405,topic/maintenance,METAVERSE,3269
1716777456628,paho824489373624405,topic/maintenance,METAVERSE,3149
1716777456628,paho824489373624405,topic/maintenance,METAVERSE,3065
1716777456628,paho824489373624405,topic/maintenance,METAVERSE,3056
1716777456628,paho824489373624405,topic/maintenance,METAVERSE,3005
1716777456628,paho824489373624405,topic/maintenance,METAVERSE,2993
1716777456628,paho824489373624405,topic/maintenance,METAVERSE,2717
1716777456628,paho824489373624405,topic/maintenance,METAVERSE,2673
1716777456628,paho824489373624405,topic/maintenance,METAVERSE,2592
1716777456628,paho824489373624405,topic/maintenance,METAVERSE,2624
1716777456628,paho824489373624405,topic/maintenance,METAVERSE,2247
1716777456628,paho824489373624405,topic/maintenance,METAVERSE,2188
1716777456628,paho824489373624405,topic/maintenance,METAVERSE,2185
1716777456628,paho824489373624405,topic/maintenance,METAVERSE,2102
1716777456628,paho824489373624405,topic/maintenance,METAVERSE,2033
1716777456629,paho824489373624405,topic/maintenance,METAVERSE,2033
1716777456629,paho824489373624405,topic/maintenance,METAVERSE,2025
1716777456629,paho824489373624405,topic/maintenance,METAVERSE,2594
1716777456629,paho824489373624405,topic/maintenance,METAVERSE,2015
1716777456629,paho824489373624405,topic/maintenance,METAVERSE,2014
1716777456629,paho824489373624405,topic/maintenance,METAVERSE,1969
1716777456748,paho824489373023667,topic/occupancy,METAVERSE,2954
1716777456805,paho824489363852652,topic/b/lighting,METAVERSE,50
1716777456805,paho824489373387613,topic/b/lighting,METAVERSE,50
1716777456951,paho824489363852652,topic/b/noise,METAVERSE,18
1716777457019,paho824489363852652,topic/d/noise,METAVERSE,19
1716777457054,paho824489363852652,topic/e/noise,METAVERSE,19
1716777457179,paho824489373023667,topic/occupancy,METAVERSE,3239
1716777457212,paho824489363852652,topic/b/lighting,METAVERSE,5
1716777457213,paho824489373387613,topic/b/lighting,METAVERSE,6
1716777457698,paho824489363852652,topic/b/lighting,METAVERSE,7
1716777457698,paho824489373387613,topic/b/lighting,METAVERSE,7
1716777457730,paho824489373023667,topic/occupancy,METAVERSE,3376
1716777457820,paho824489363852652,topic/e/lighting,METAVERSE,5
1716777457820,paho824489373387613,topic/e/lighting,METAVERSE,5
1716777457872,paho824489363852652,topic/s/noise,METAVERSE,5
1716777457925,paho824489363852652,topic/s/noise,METAVERSE,22
1716777458035,paho824489363852652,topic/d/noise,METAVERSE,28
1716777458083,paho824489373023667,topic/occupancy,METAVERSE,3572
1716777458189,paho824489368643850,topic/security,METAVERSE,5242
1716777458189,paho824489368643850,topic/security,METAVERSE,5256
1716777458189,paho824489368643850,topic/security,METAVERSE,5233
1716777458189,paho824489368643850,topic/security,METAVERSE,5243
1716777458190,paho824489368643850,topic/security,METAVERSE,5211
1716777458190,paho824489368643850,topic/security,METAVERSE,5195
1716777458190,paho824489368643850,topic/security,METAVERSE,5173
1716777458190,paho824489368643850,topic/security,METAVERSE,5199
1716777458190,paho824489368643850,topic/security,METAVERSE,5167
1716777458190,paho824489368643850,topic/security,METAVERSE,5141
1716777458190,paho824489368643850,topic/security,METAVERSE,5166
1716777458190,paho824489368643850,topic/security,METAVERSE,5136
1716777458190,paho824489368643850,topic/security,METAVERSE,5119
1716777458190,paho824489368643850,topic/security,METAVERSE,5145
1716777458190,paho824489368643850,topic/security,METAVERSE,5118
1716777458190,paho824489368643850,topic/security,METAVERSE,5095
1716777458190,paho824489368643850,topic/security,METAVERSE,5103
1716777458190,paho824489368643850,topic/security,METAVERSE,5098
1716777458190,paho824489368643850,topic/security,METAVERSE,5076
1716777458190,paho824489368643850,topic/security,METAVERSE,5072
1716777458191,paho824489368643850,topic/security,METAVERSE,5060
1716777458191,paho824489368643850,topic/security,METAVERSE,5078
1716777458191,paho824489368643850,topic/security,METAVERSE,5048
1716777458191,paho824489368643850,topic/security,METAVERSE,5040
1716777458191,paho824489368643850,topic/security,METAVERSE,5043
1716777458191,paho824489368643850,topic/security,METAVERSE,5026
1716777458191,paho824489368643850,topic/security,METAVERSE,5023
1716777458191,paho824489368643850,topic/security,METAVERSE,5007
1716777458191,paho824489368643850,topic/security,METAVERSE,5039
1716777458191,paho824489368643850,topic/security,METAVERSE,4992
1716777458192,paho824489368643850,topic/security,METAVERSE,5000
1716777458192,paho824489368643850,topic/security,METAVERSE,4978
1716777458192,paho824489368643850,topic/security,METAVERSE,4968
1716777458192,paho824489368643850,topic/security,METAVERSE,4953
1716777458192,paho824489368643850,topic/security,METAVERSE,4952
1716777458192,paho824489368643850,topic/security,METAVERSE,4910
1716777458192,paho824489368643850,topic/security,METAVERSE,4921
1716777458192,paho824489368643850,topic/security,METAVERSE,4924
1716777458192,paho824489368643850,topic/security,METAVERSE,4887
1716777458192,paho824489368643850,topic/security,METAVERSE,4882
1716777458192,paho824489368643850,topic/security,METAVERSE,4889
1716777458192,paho824489368643850,topic/security,METAVERSE,4882
1716777458192,paho824489368643850,topic/security,METAVERSE,4845
1716777458193,paho824489368643850,topic/security,METAVERSE,4883
1716777458282,paho824489373023667,topic/occupancy,METAVERSE,3676
1716777458636,paho824489373023667,topic/occupancy,METAVERSE,4041
1716777458662,paho824489363852652,topic/e/lighting,METAVERSE,6
1716777458662,paho824489373387613,topic/e/lighting,METAVERSE,6
1716777458695,paho824489363852652,topic/g/noise,METAVERSE,39
1716777458892,paho824489363852652,topic/v/lighting,METAVERSE,7
1716777458892,paho824489373387613,topic/v/lighting,METAVERSE,7
1716777458982,paho824489373023667,topic/occupancy,METAVERSE,4385
1716777459121,paho824489363852652,topic/e/noise,METAVERSE,6
1716777459278,paho824489373023667,topic/occupancy,METAVERSE,4568
1716777459293,paho824489363852652,topic/s/lighting,METAVERSE,6
1716777459294,paho824489373387613,topic/s/lighting,METAVERSE,7
1716777459430,paho824489373023667,topic/occupancy,METAVERSE,4514
1716777459524,paho824489363852652,topic/v/noise,METAVERSE,5
1716777459619,paho824489363852652,topic/b/noise,METAVERSE,5
1716777459686,paho824489363852652,topic/c/lighting,METAVERSE,19
1716777459687,paho824489373387613,topic/c/lighting,METAVERSE,20
1716777459828,paho824489373023667,topic/occupancy,METAVERSE,4936
1716777460179,paho824489373023667,topic/occupancy,METAVERSE,4784
1716777460196,paho824489363852652,topic/b/lighting,METAVERSE,27
1716777460196,paho824489373387613,topic/b/lighting,METAVERSE,27
1716777460308,paho824489363852652,topic/b/lighting,METAVERSE,37
1716777460309,paho824489373387613,topic/b/lighting,METAVERSE,38
1716777460331,paho824489373023667,topic/occupancy,METAVERSE,4775
1716777460457,paho824489363852652,topic/d/lighting,METAVERSE,6
1716777460457,paho824489373387613,topic/d/lighting,METAVERSE,6
1716777460477,paho824489373023667,topic/occupancy,METAVERSE,4758
1716777460607,paho824489363852652,topic/c/noise,METAVERSE,8
1716777460612,paho824489363852652,topic/c/lighting,METAVERSE,5
1716777460612,paho824489373387613,topic/c/lighting,METAVERSE,5
1716777460892,paho824489363852652,topic/d/lighting,METAVERSE,5
1716777460892,paho824489373387613,topic/d/lighting,METAVERSE,5
1716777461126,paho824489373023667,topic/occupancy,METAVERSE,5327
1716777461218,paho824489363852652,topic/g/lighting,METAVERSE,5
1716777461218,paho824489373387613,topic/g/lighting,METAVERSE,5
1716777461296,paho824489363852652,topic/g/lighting,METAVERSE,16
1716777461296,paho824489373387613,topic/g/lighting,METAVERSE,16
1716777461588,paho824489373023667,topic/occupancy,METAVERSE,5725
1716777461592,paho824489363852652,topic/b/noise,METAVERSE,70
1716777461595,paho824489363852652,topic/b/noise,METAVERSE,52
1716777461656,paho824489363852652,topic/s/lighting,METAVERSE,22
1716777461656,paho824489373387613,topic/s/lighting,METAVERSE,22
1716777461663,paho824489363852652,topic/g/noise,METAVERSE,79
1716777461921,paho824489363852652,topic/b/lighting,METAVERSE,52
1716777461921,paho824489373387613,topic/b/lighting,METAVERSE,52
1716777461978,paho824489373023667,topic/occupancy,METAVERSE,6018
1716777461979,paho824489368643850,topic/security,METAVERSE,8624
1716777461980,paho824489368643850,topic/security,METAVERSE,8595
1716777461980,paho824489368643850,topic/security,METAVERSE,8595
1716777461980,paho824489368643850,topic/security,METAVERSE,8593
1716777461980,paho824489368643850,topic/security,METAVERSE,8581
1716777461981,paho824489368643850,topic/security,METAVERSE,8601
1716777461981,paho824489368643850,topic/security,METAVERSE,8618
1716777461983,paho824489368643850,topic/security,METAVERSE,8615
1716777461983,paho824489368643850,topic/security,METAVERSE,8568
1716777461983,paho824489368643850,topic/security,METAVERSE,8566
1716777461983,paho824489368643850,topic/security,METAVERSE,8543
1716777461983,paho824489368643850,topic/security,METAVERSE,8538
1716777461983,paho824489368643850,topic/security,METAVERSE,8557
1716777461983,paho824489368643850,topic/security,METAVERSE,8531
1716777461983,paho824489368643850,topic/security,METAVERSE,8528
1716777461983,paho824489368643850,topic/security,METAVERSE,8524
1716777461983,paho824489368643850,topic/security,METAVERSE,8516
1716777461983,paho824489368643850,topic/security,METAVERSE,8515
1716777461983,paho824489368643850,topic/security,METAVERSE,8494
1716777461983,paho824489368643850,topic/security,METAVERSE,8516
1716777461984,paho824489368643850,topic/security,METAVERSE,8473
1716777461984,paho824489368643850,topic/security,METAVERSE,8471
1716777461984,paho824489368643850,topic/security,METAVERSE,8486
1716777461984,paho824489368643850,topic/security,METAVERSE,8464
1716777461984,paho824489368643850,topic/security,METAVERSE,8465
1716777461984,paho824489368643850,topic/security,METAVERSE,8477
1716777461984,paho824489368643850,topic/security,METAVERSE,8461
1716777461984,paho824489368643850,topic/security,METAVERSE,8456
1716777462018,paho824489363852652,topic/d/noise,METAVERSE,6
1716777462021,paho824489363852652,topic/b/noise,METAVERSE,74
1716777462103,paho824489363852652,topic/e/noise,METAVERSE,12
1716777462260,paho824489363852652,topic/b/lighting,METAVERSE,5
1716777462260,paho824489373387613,topic/b/lighting,METAVERSE,5
1716777462525,paho824489373023667,topic/occupancy,METAVERSE,6125
1716777462707,paho824489363852652,topic/b/lighting,METAVERSE,5
1716777462707,paho824489373387613,topic/b/lighting,METAVERSE,5
1716777462772,paho824489363852652,topic/d/rfid,METAVERSE,13
1716777462826,paho824489373023667,topic/queueing,METAVERSE,67
1716777462858,paho824489363852652,topic/e/lighting,METAVERSE,6
1716777462858,paho824489373387613,topic/e/lighting,METAVERSE,6
1716777462890,paho824489363852652,topic/s/noise,METAVERSE,7
1716777463020,paho824489363852652,topic/s/noise,METAVERSE,18
1716777463072,paho824489363852652,topic/d/noise,METAVERSE,5
1716777463079,paho824489373023667,topic/occupancy,METAVERSE,6459
1716777463556,paho824489363852652,topic/c/rfid,METAVERSE,5
1716777463568,paho824489363852652,topic/c/rfid,METAVERSE,5
1716777463592,paho824489373023667,topic/queueing,METAVERSE,41
1716777463625,paho824489373023667,topic/queueing,METAVERSE,62
1716777463701,paho824489363852652,topic/g/noise,METAVERSE,9
1716777463738,paho824489363852652,topic/e/lighting,METAVERSE,18
1716777463738,paho824489373387613,topic/e/lighting,METAVERSE,18
1716777463778,paho824489373023667,topic/occupancy,METAVERSE,7170
1716777463923,paho824489363852652,topic/v/lighting,METAVERSE,8
1716777463924,paho824489373387613,topic/v/lighting,METAVERSE,9
1716777464078,paho824489373023667,topic/occupancy,METAVERSE,7153
1716777464133,paho824489363852652,topic/e/noise,METAVERSE,15
1716777464295,paho824489363852652,topic/s/lighting,METAVERSE,4
1716777464295,paho824489373387613,topic/s/lighting,METAVERSE,4
1716777464569,paho824489363852652,topic/v/noise,METAVERSE,5
1716777464628,paho824489373023667,topic/occupancy,METAVERSE,7656
1716777464694,paho824489363852652,topic/c/lighting,METAVERSE,11
1716777464694,paho824489373387613,topic/c/lighting,METAVERSE,11
1716777464697,paho824489363852652,topic/b/noise,METAVERSE,15
1716777465284,paho824489373023667,topic/occupancy,METAVERSE,7880
1716777465340,paho824489373387613,topic/b/lighting,METAVERSE,104
1716777465341,paho824489363852652,topic/b/lighting,METAVERSE,105
1716777465352,paho824489363852652,topic/b/lighting,METAVERSE,15
1716777465353,paho824489373387613,topic/b/lighting,METAVERSE,16
1716777465508,paho824489363852652,topic/d/lighting,METAVERSE,21
1716777465508,paho824489373387613,topic/d/lighting,METAVERSE,21
1716777465634,paho824489373387613,topic/c/lighting,METAVERSE,26
1716777465634,paho824489363852652,topic/c/lighting,METAVERSE,26
1716777465638,paho824489363852652,topic/c/noise,METAVERSE,21
1716777465736,paho824489368643850,topic/security,METAVERSE,12197
1716777465737,paho824489368643850,topic/security,METAVERSE,12182
1716777465737,paho824489368643850,topic/security,METAVERSE,12181
1716777465737,paho824489368643850,topic/security,METAVERSE,12181
1716777465737,paho824489368643850,topic/security,METAVERSE,12189
1716777465737,paho824489368643850,topic/security,METAVERSE,12181
1716777465737,paho824489368643850,topic/security,METAVERSE,12168
1716777465737,paho824489368643850,topic/security,METAVERSE,12181
1716777465737,paho824489368643850,topic/security,METAVERSE,12178
1716777465737,paho824489368643850,topic/security,METAVERSE,12164
1716777465737,paho824489368643850,topic/security,METAVERSE,12147
1716777465737,paho824489368643850,topic/security,METAVERSE,12140
1716777465737,paho824489368643850,topic/security,METAVERSE,12102
1716777465737,paho824489368643850,topic/security,METAVERSE,12103
1716777465737,paho824489368643850,topic/security,METAVERSE,12119
1716777465737,paho824489368643850,topic/security,METAVERSE,12078
1716777465737,paho824489368643850,topic/security,METAVERSE,12054
1716777465737,paho824489368643850,topic/security,METAVERSE,12053
1716777465737,paho824489368643850,topic/security,METAVERSE,12024
1716777465738,paho824489368643850,topic/security,METAVERSE,12025
1716777465738,paho824489368643850,topic/security,METAVERSE,12083
1716777465738,paho824489368643850,topic/security,METAVERSE,12014
1716777465738,paho824489368643850,topic/security,METAVERSE,11990
1716777465738,paho824489368643850,topic/security,METAVERSE,11983
1716777465738,paho824489368643850,topic/security,METAVERSE,11979
1716777465738,paho824489368643850,topic/security,METAVERSE,12024
1716777465738,paho824489368643850,topic/security,METAVERSE,11959
1716777465738,paho824489368643850,topic/security,METAVERSE,11923
1716777465738,paho824489368643850,topic/security,METAVERSE,11924
1716777465738,paho824489368643850,topic/security,METAVERSE,11923
1716777465738,paho824489368643850,topic/security,METAVERSE,11871
1716777465897,paho824489363852652,topic/d/lighting,METAVERSE,4
1716777465898,paho824489373387613,topic/d/lighting,METAVERSE,5
1716777466084,paho824489373023667,topic/occupancy,METAVERSE,8492
1716777466245,paho824489373624405,topic/maintenance,METAVERSE,11559
1716777466245,paho824489373624405,topic/maintenance,METAVERSE,11329
1716777466245,paho824489373624405,topic/maintenance,METAVERSE,11303
1716777466245,paho824489373624405,topic/maintenance,METAVERSE,11303
1716777466245,paho824489373624405,topic/maintenance,METAVERSE,11310
1716777466245,paho824489373624405,topic/maintenance,METAVERSE,11303
1716777466245,paho824489373624405,topic/maintenance,METAVERSE,11302
1716777466245,paho824489373624405,topic/maintenance,METAVERSE,11302
1716777466245,paho824489373624405,topic/maintenance,METAVERSE,11302
1716777466245,paho824489373624405,topic/maintenance,METAVERSE,11302
1716777466245,paho824489373624405,topic/maintenance,METAVERSE,11301
1716777466245,paho824489373624405,topic/maintenance,METAVERSE,11301
1716777466245,paho824489373624405,topic/maintenance,METAVERSE,11301
1716777466271,paho824489363852652,topic/g/lighting,METAVERSE,56
1716777466272,paho824489373387613,topic/g/lighting,METAVERSE,57
1716777466350,paho824489363852652,topic/g/lighting,METAVERSE,23
1716777466350,paho824489373387613,topic/g/lighting,METAVERSE,23
1716777466588,paho824489363852652,topic/b/noise,METAVERSE,44
1716777466613,paho824489363852652,topic/b/noise,METAVERSE,5
1716777466680,paho824489373023667,topic/occupancy,METAVERSE,8833
1716777466720,paho824489363852652,topic/g/noise,METAVERSE,28
1716777466775,paho824489363852652,topic/s/lighting,METAVERSE,51
1716777466776,paho824489373387613,topic/s/lighting,METAVERSE,52
1716777466957,paho824489363852652,topic/b/lighting,METAVERSE,9
1716777466957,paho824489373387613,topic/b/lighting,METAVERSE,9
1716777467023,paho824489363852652,topic/d/noise,METAVERSE,8
1716777467094,paho824489363852652,topic/b/noise,METAVERSE,35
1716777467144,paho824489363852652,topic/e/noise,METAVERSE,13
1716777467291,paho824489363852652,topic/b/lighting,METAVERSE,20
1716777467292,paho824489373387613,topic/b/lighting,METAVERSE,21
1716777467482,paho824489373023667,topic/occupancy,METAVERSE,9631
1716777467569,paho824489363852652,topic/c/rfid,METAVERSE,5
1716777467580,paho824489373023667,topic/queueing,METAVERSE,16
1716777467772,paho824489363852652,topic/b/lighting,METAVERSE,44
1716777467772,paho824489373387613,topic/b/lighting,METAVERSE,44
1716777467840,paho824489363852652,topic/d/rfid,METAVERSE,6
1716777467875,paho824489373023667,topic/queueing,METAVERSE,41
1716777467903,paho824489373387613,topic/e/lighting,METAVERSE,23
1716777467903,paho824489363852652,topic/e/lighting,METAVERSE,23
1716777467913,paho824489363852652,topic/s/noise,METAVERSE,7
1716777468082,paho824489363852652,topic/s/noise,METAVERSE,8
1716777468095,paho824489363852652,topic/d/noise,METAVERSE,8
1716777468176,paho824489373023667,topic/occupancy,METAVERSE,10215
1716777468572,paho824489363852652,topic/c/rfid,METAVERSE,4
1716777468577,paho824489373023667,topic/queueing,METAVERSE,9
1716777468584,paho824489363852652,topic/c/rfid,METAVERSE,11
1716777468628,paho824489373023667,topic/queueing,METAVERSE,55
1716777468821,paho824489363852652,topic/e/lighting,METAVERSE,74
1716777468822,paho824489373387613,topic/e/lighting,METAVERSE,75
1716777468824,paho824489363852652,topic/g/noise,METAVERSE,29
1716777468835,paho824489373023667,topic/occupancy,METAVERSE,10332
1716777469003,paho824489373387613,topic/v/lighting,METAVERSE,29
1716777469003,paho824489363852652,topic/v/lighting,METAVERSE,29
1716777469132,paho824489368643850,topic/security,METAVERSE,15256
1716777469133,paho824489368643850,topic/security,METAVERSE,15245
1716777469133,paho824489368643850,topic/security,METAVERSE,15240
1716777469133,paho824489368643850,topic/security,METAVERSE,15246
1716777469133,paho824489368643850,topic/security,METAVERSE,15222
1716777469133,paho824489368643850,topic/security,METAVERSE,15222
1716777469133,paho824489368643850,topic/security,METAVERSE,15222
1716777469133,paho824489368643850,topic/security,METAVERSE,15217
1716777469133,paho824489368643850,topic/security,METAVERSE,15221
1716777469133,paho824489368643850,topic/security,METAVERSE,15217
1716777469133,paho824489368643850,topic/security,METAVERSE,15193
1716777469160,paho824489363852652,topic/e/noise,METAVERSE,15
1716777469183,paho824489373023667,topic/occupancy,METAVERSE,10511
1716777469376,paho824489373387613,topic/s/lighting,METAVERSE,5
1716777469376,paho824489363852652,topic/s/lighting,METAVERSE,5
1716777469578,paho824489373023667,topic/occupancy,METAVERSE,10881
1716777469620,paho824489363852652,topic/v/noise,METAVERSE,4
1716777469695,paho824489373387613,topic/c/lighting,METAVERSE,4
1716777469696,paho824489363852652,topic/c/lighting,METAVERSE,5
1716777469699,paho824489363852652,topic/b/noise,METAVERSE,7
1716777469941,paho824489373023667,topic/occupancy,METAVERSE,10919
1716777470282,paho824489373023667,topic/occupancy,METAVERSE,11330
1716777470404,paho824489363852652,topic/b/lighting,METAVERSE,56
1716777470404,paho824489373387613,topic/b/lighting,METAVERSE,56
1716777470407,paho824489363852652,topic/b/lighting,METAVERSE,44
1716777470408,paho824489373387613,topic/b/lighting,METAVERSE,45
1716777470499,paho824489373387613,topic/d/lighting,METAVERSE,9
1716777470499,paho824489363852652,topic/d/lighting,METAVERSE,9
1716777470529,paho824489373023667,topic/occupancy,METAVERSE,11113
1716777470642,paho824489373387613,topic/c/lighting,METAVERSE,12
1716777470642,paho824489363852652,topic/c/lighting,METAVERSE,12
1716777470686,paho824489363852652,topic/c/noise,METAVERSE,35
1716777470916,paho824489373387613,topic/d/lighting,METAVERSE,10
1716777470916,paho824489363852652,topic/d/lighting,METAVERSE,10
1716777470977,paho824489373023667,topic/occupancy,METAVERSE,11375
1716777471174,paho824489373023667,topic/occupancy,METAVERSE,11264
1716777471287,paho824489373387613,topic/g/lighting,METAVERSE,6
1716777471288,paho824489363852652,topic/g/lighting,METAVERSE,7
1716777471376,paho824489373023667,topic/occupancy,METAVERSE,11468
1716777471383,paho824489373387613,topic/g/lighting,METAVERSE,19
1716777471384,paho824489363852652,topic/g/lighting,METAVERSE,20
1716777471526,paho824489373023667,topic/occupancy,METAVERSE,11561
1716777471584,paho824489363852652,topic/b/noise,METAVERSE,28
1716777471682,paho824489373023667,topic/occupancy,METAVERSE,11138
1716777471686,paho824489363852652,topic/b/noise,METAVERSE,75
1716777471755,paho824489363852652,topic/g/noise,METAVERSE,48
1716777471805,paho824489363852652,topic/s/lighting,METAVERSE,17
1716777471805,paho824489373387613,topic/s/lighting,METAVERSE,17
1716777472009,paho824489363852652,topic/b/lighting,METAVERSE,36
1716777472010,paho824489373387613,topic/b/lighting,METAVERSE,37
1716777472025,paho824489373023667,topic/occupancy,METAVERSE,11298
1716777472042,paho824489363852652,topic/d/noise,METAVERSE,4
1716777472121,paho824489363852652,topic/b/noise,METAVERSE,6
1716777472175,paho824489373023667,topic/occupancy,METAVERSE,11432
1716777472204,paho824489363852652,topic/e/noise,METAVERSE,10
1716777472289,paho824489373387613,topic/b/lighting,METAVERSE,17
1716777472289,paho824489363852652,topic/b/lighting,METAVERSE,17
1716777472328,paho824489373023667,topic/occupancy,METAVERSE,11281
1716777472625,paho824489373023667,topic/occupancy,METAVERSE,11533
1716777472703,paho824489373624405,topic/maintenance,METAVERSE,17759
1716777472704,paho824489373624405,topic/maintenance,METAVERSE,17759
1716777472704,paho824489373624405,topic/maintenance,METAVERSE,17758
1716777472704,paho824489373624405,topic/maintenance,METAVERSE,17758
1716777472704,paho824489373624405,topic/maintenance,METAVERSE,17758
1716777472704,paho824489373624405,topic/maintenance,METAVERSE,17758
1716777472704,paho824489373624405,topic/maintenance,METAVERSE,17758
1716777472705,paho824489373624405,topic/maintenance,METAVERSE,17758
1716777472705,paho824489373624405,topic/maintenance,METAVERSE,17758
1716777472772,paho824489363852652,topic/b/lighting,METAVERSE,39
1716777472772,paho824489373387613,topic/b/lighting,METAVERSE,39
1716777472826,paho824489373023667,topic/occupancy,METAVERSE,11378
1716777472912,paho824489363852652,topic/s/noise,METAVERSE,5
1716777472968,paho824489373387613,topic/e/lighting,METAVERSE,9
1716777472969,paho824489363852652,topic/e/lighting,METAVERSE,10
1716777473081,paho824489373023667,topic/occupancy,METAVERSE,11472
1716777473099,paho824489363852652,topic/s/noise,METAVERSE,4
1716777473146,paho824489363852652,topic/d/noise,METAVERSE,27
1716777473227,paho824489373023667,topic/occupancy,METAVERSE,11273
1716777473431,paho824489373023667,topic/occupancy,METAVERSE,11463
1716777473678,paho824489373023667,topic/occupancy,METAVERSE,11714
1716777473795,paho824489363852652,topic/e/lighting,METAVERSE,8
1716777473795,paho824489373387613,topic/e/lighting,METAVERSE,8
1716777473883,paho824489363852652,topic/g/noise,METAVERSE,41
1716777473928,paho824489373023667,topic/occupancy,METAVERSE,11276
1716777474021,paho824489363852652,topic/v/lighting,METAVERSE,5
1716777474021,paho824489373387613,topic/v/lighting,METAVERSE,5
1716777474133,paho824489373023667,topic/occupancy,METAVERSE,11374
1716777474207,paho824489363852652,topic/e/noise,METAVERSE,4
1716777474377,paho824489373023667,topic/occupancy,METAVERSE,11625
1716777474416,paho824489363852652,topic/s/lighting,METAVERSE,5
1716777474416,paho824489373387613,topic/s/lighting,METAVERSE,5
1716777474638,paho824489373023667,topic/occupancy,METAVERSE,11843
1716777474691,paho824489363852652,topic/v/noise,METAVERSE,27
1716777474728,paho824489363852652,topic/c/lighting,METAVERSE,29
1716777474730,paho824489373387613,topic/c/lighting,METAVERSE,31
1716777474731,paho824489363852652,topic/b/noise,METAVERSE,16
1716777474832,paho824489373023667,topic/occupancy,METAVERSE,11746
1716777475077,paho824489373023667,topic/occupancy,METAVERSE,11933
1716777475296,paho824489373023667,topic/occupancy,METAVERSE,11836
1716777475461,paho824489363852652,topic/b/lighting,METAVERSE,62
1716777475461,paho824489373387613,topic/b/lighting,METAVERSE,62
1716777475489,paho824489373023667,topic/occupancy,METAVERSE,11938
1716777475491,paho824489363852652,topic/b/lighting,METAVERSE,68
1716777475493,paho824489373387613,topic/b/lighting,METAVERSE,70
1716777475511,paho824489373387613,topic/d/lighting,METAVERSE,6
1716777475513,paho824489363852652,topic/d/lighting,METAVERSE,8
1716777475667,paho824489373387613,topic/c/lighting,METAVERSE,18
1716777475667,paho824489363852652,topic/c/lighting,METAVERSE,18
1716777475693,paho824489363852652,topic/c/noise,METAVERSE,14
1716777475726,paho824489373023667,topic/occupancy,METAVERSE,12163
1716777475926,paho824489373023667,topic/occupancy,METAVERSE,12298
1716777475928,paho824489363852652,topic/d/lighting,METAVERSE,5
1716777475928,paho824489373387613,topic/d/lighting,METAVERSE,5
1716777476126,paho824489373023667,topic/occupancy,METAVERSE,12171
1716777476316,paho824489363852652,topic/g/lighting,METAVERSE,10
1716777476316,paho824489373387613,topic/g/lighting,METAVERSE,10
1716777476328,paho824489373023667,topic/occupancy,METAVERSE,12360
1716777476441,paho824489363852652,topic/g/lighting,METAVERSE,13
1716777476441,paho824489373387613,topic/g/lighting,METAVERSE,13
1716777476529,paho824489373023667,topic/occupancy,METAVERSE,12434
1716777476576,paho824489363852652,topic/b/noise,METAVERSE,15
1716777476625,paho824489373023667,topic/occupancy,METAVERSE,11886
1716777476740,paho824489363852652,topic/b/noise,METAVERSE,57
1716777476779,paho824489363852652,topic/g/noise,METAVERSE,25
1716777476831,paho824489373023667,topic/occupancy,METAVERSE,12046
1716777476883,paho824489363852652,topic/s/lighting,METAVERSE,41
1716777476884,paho824489373387613,topic/s/lighting,METAVERSE,42
1716777477031,paho824489373023667,topic/occupancy,METAVERSE,12179
1716777477055,paho824489363852652,topic/b/lighting,METAVERSE,35
1716777477055,paho824489373387613,topic/b/lighting,METAVERSE,35
1716777477057,paho824489363852652,topic/d/noise,METAVERSE,10
1716777477177,paho824489373023667,topic/occupancy,METAVERSE,12038
1716777477180,paho824489363852652,topic/b/noise,METAVERSE,25
1716777477247,paho824489363852652,topic/e/noise,METAVERSE,20
1716777477314,paho824489363852652,topic/b/lighting,METAVERSE,23
1716777477315,paho824489373387613,topic/b/lighting,METAVERSE,24
1716777477428,paho824489373023667,topic/occupancy,METAVERSE,12230
1716777477737,paho824489373624405,topic/maintenance,METAVERSE,22771
1716777477737,paho824489373624405,topic/maintenance,METAVERSE,22753
1716777477737,paho824489373624405,topic/maintenance,METAVERSE,22752
1716777477737,paho824489373624405,topic/maintenance,METAVERSE,22752
1716777477737,paho824489373624405,topic/maintenance,METAVERSE,22752
1716777477830,paho824489373023667,topic/occupancy,METAVERSE,12370
1716777477859,paho824489373387613,topic/b/lighting,METAVERSE,28
1716777477860,paho824489363852652,topic/b/lighting,METAVERSE,29
1716777477939,paho824489363852652,topic/s/noise,METAVERSE,4
1716777477979,paho824489373023667,topic/occupancy,METAVERSE,12341
1716777477980,paho824489373387613,topic/e/lighting,METAVERSE,8
1716777477981,paho824489363852652,topic/e/lighting,METAVERSE,9
1716777478144,paho824489363852652,topic/s/noise,METAVERSE,38
1716777478178,paho824489373023667,topic/occupancy,METAVERSE,12206
1716777478214,paho824489363852652,topic/d/noise,METAVERSE,7
1716777478428,paho824489373023667,topic/occupancy,METAVERSE,12437
1716777478625,paho824489373023667,topic/occupancy,METAVERSE,12463
1716777478831,paho824489373023667,topic/occupancy,METAVERSE,12092
1716777478836,paho824489363852652,topic/e/lighting,METAVERSE,8
1716777478836,paho824489373387613,topic/e/lighting,METAVERSE,8
1716777478892,paho824489363852652,topic/g/noise,METAVERSE,5
1716777479045,paho824489363852652,topic/v/lighting,METAVERSE,12
1716777479045,paho824489373387613,topic/v/lighting,METAVERSE,12
1716777479179,paho824489373023667,topic/occupancy,METAVERSE,12386
1716777479219,paho824489363852652,topic/e/noise,METAVERSE,8
1716777479431,paho824489373023667,topic/occupancy,METAVERSE,12556
1716777479440,paho824489363852652,topic/s/lighting,METAVERSE,5
1716777479440,paho824489373387613,topic/s/lighting,METAVERSE,5
1716777479624,paho824489373023667,topic/occupancy,METAVERSE,12464
1716777479676,paho824489363852652,topic/v/noise,METAVERSE,7
1716777479741,paho824489363852652,topic/b/noise,METAVERSE,14
1716777479760,paho824489363852652,topic/c/lighting,METAVERSE,4
1716777479760,paho824489373387613,topic/c/lighting,METAVERSE,4
1716777479825,paho824489373023667,topic/occupancy,METAVERSE,12605
1716777479976,paho824489373023667,topic/occupancy,METAVERSE,12495
1716777480181,paho824489373023667,topic/occupancy,METAVERSE,12617
1716777480428,paho824489373023667,topic/occupancy,METAVERSE,12788
1716777480502,paho824489363852652,topic/b/lighting,METAVERSE,65
1716777480502,paho824489373387613,topic/b/lighting,METAVERSE,65
1716777480513,paho824489363852652,topic/b/lighting,METAVERSE,86
1716777480514,paho824489373387613,topic/b/lighting,METAVERSE,87
1716777480538,paho824489363852652,topic/d/lighting,METAVERSE,5
1716777480538,paho824489373387613,topic/d/lighting,METAVERSE,5
1716777480581,paho824489373023667,topic/occupancy,METAVERSE,12747
1716777480656,paho824489363852652,topic/c/lighting,METAVERSE,5
1716777480656,paho824489373387613,topic/c/lighting,METAVERSE,5
1716777480775,paho824489363852652,topic/c/noise,METAVERSE,16
1716777480776,paho824489373023667,topic/occupancy,METAVERSE,12793
1716777480976,paho824489373023667,topic/occupancy,METAVERSE,12984
1716777480987,paho824489363852652,topic/d/lighting,METAVERSE,16
1716777480987,paho824489373387613,topic/d/lighting,METAVERSE,16
1716777481180,paho824489373023667,topic/occupancy,METAVERSE,12989
1716777481282,paho824489373023667,topic/occupancy,METAVERSE,12714
1716777481324,paho824489363852652,topic/g/lighting,METAVERSE,16
1716777481324,paho824489373387613,topic/g/lighting,METAVERSE,16
1716777481532,paho824489373387613,topic/g/lighting,METAVERSE,21
1716777481532,paho824489363852652,topic/g/lighting,METAVERSE,21
1716777481626,paho824489373023667,topic/occupancy,METAVERSE,13053
1716777481647,paho824489363852652,topic/b/noise,METAVERSE,53
1716777481757,paho824489363852652,topic/b/noise,METAVERSE,29
1716777481787,paho824489363852652,topic/g/noise,METAVERSE,25
1716777481925,paho824489373023667,topic/occupancy,METAVERSE,13131
1716777481976,paho824489373387613,topic/s/lighting,METAVERSE,30
1716777481979,paho824489363852652,topic/s/lighting,METAVERSE,33
1716777482055,paho824489363852652,topic/d/noise,METAVERSE,4
1716777482100,paho824489373387613,topic/b/lighting,METAVERSE,61
1716777482100,paho824489363852652,topic/b/lighting,METAVERSE,61
1716777482127,paho824489373023667,topic/occupancy,METAVERSE,13359
1716777482248,paho824489363852652,topic/b/noise,METAVERSE,30
1716777482272,paho824489363852652,topic/e/noise,METAVERSE,5
1716777482305,paho824489363852652,topic/b/lighting,METAVERSE,10
1716777482306,paho824489373387613,topic/b/lighting,METAVERSE,11
1716777482525,paho824489373023667,topic/occupancy,METAVERSE,13625
1716777482777,paho824489373023667,topic/occupancy,METAVERSE,13616
1716777482890,paho824489373387613,topic/b/lighting,METAVERSE,22
1716777482890,paho824489363852652,topic/b/lighting,METAVERSE,22
1716777482951,paho824489363852652,topic/s/noise,METAVERSE,8
1716777483027,paho824489373023667,topic/occupancy,METAVERSE,13784
1716777483041,paho824489373387613,topic/e/lighting,METAVERSE,4
1716777483041,paho824489363852652,topic/e/lighting,METAVERSE,4
1716777483174,paho824489363852652,topic/s/noise,METAVERSE,23
1716777483265,paho824489363852652,topic/d/noise,METAVERSE,10
1716777483275,paho824489373023667,topic/occupancy,METAVERSE,13787
1716777483332,paho824489373624405,topic/maintenance,METAVERSE,28347
1716777483332,paho824489373624405,topic/maintenance,METAVERSE,28347
1716777483332,paho824489373624405,topic/maintenance,METAVERSE,28346
1716777483332,paho824489373624405,topic/maintenance,METAVERSE,28346
1716777483332,paho824489373624405,topic/maintenance,METAVERSE,28346
1716777483332,paho824489373624405,topic/maintenance,METAVERSE,28346
1716777483332,paho824489373624405,topic/maintenance,METAVERSE,28345
1716777483332,paho824489373624405,topic/maintenance,METAVERSE,28345
1716777483332,paho824489373624405,topic/maintenance,METAVERSE,28345
1716777483332,paho824489373624405,topic/maintenance,METAVERSE,28345
1716777483529,paho824489373023667,topic/occupancy,METAVERSE,13868
1716777483655,paho824489373023667,topic/occupancy,METAVERSE,13655
1716777483888,paho824489363852652,topic/e/lighting,METAVERSE,5
1716777483888,paho824489373387613,topic/e/lighting,METAVERSE,5
1716777483896,paho824489363852652,topic/g/noise,METAVERSE,8
1716777483928,paho824489373023667,topic/occupancy,METAVERSE,13928
1716777484072,paho824489363852652,topic/v/lighting,METAVERSE,7
1716777484072,paho824489373387613,topic/v/lighting,METAVERSE,7
1716777484125,paho824489373023667,topic/occupancy,METAVERSE,13909
1716777484229,paho824489373023667,topic/occupancy,METAVERSE,13460
1716777484236,paho824489363852652,topic/e/noise,METAVERSE,5
1716777484377,paho824489373023667,topic/occupancy,METAVERSE,13583
1716777484447,paho824489363852652,topic/s/lighting,METAVERSE,7
1716777484447,paho824489373387613,topic/s/lighting,METAVERSE,7
1716777484578,paho824489373023667,topic/occupancy,METAVERSE,13605
1716777484704,paho824489363852652,topic/v/noise,METAVERSE,5
1716777484729,paho824489373023667,topic/occupancy,METAVERSE,13567
1716777484763,paho824489363852652,topic/b/noise,METAVERSE,35
1716777484788,paho824489363852652,topic/c/lighting,METAVERSE,5
1716777484788,paho824489373387613,topic/c/lighting,METAVERSE,5
1716777485082,paho824489373023667,topic/occupancy,METAVERSE,13818
1716777485281,paho824489373023667,topic/occupancy,METAVERSE,13793
1716777485429,paho824489373023667,topic/occupancy,METAVERSE,13762
1716777485531,paho824489363852652,topic/b/lighting,METAVERSE,64
1716777485531,paho824489373387613,topic/b/lighting,METAVERSE,64
1716777485541,paho824489363852652,topic/d/lighting,METAVERSE,5
1716777485542,paho824489373387613,topic/d/lighting,METAVERSE,6
1716777485556,paho824489363852652,topic/b/lighting,METAVERSE,73
1716777485557,paho824489373387613,topic/b/lighting,METAVERSE,74
1716777485577,paho824489373023667,topic/occupancy,METAVERSE,13576
1716777485658,paho824489363852652,topic/c/lighting,METAVERSE,4
1716777485658,paho824489373387613,topic/c/lighting,METAVERSE,4
1716777485773,paho824489363852652,topic/c/noise,METAVERSE,6
1716777485776,paho824489373023667,topic/occupancy,METAVERSE,13755
1716777485980,paho824489373023667,topic/occupancy,METAVERSE,13745
1716777485999,paho824489363852652,topic/d/lighting,METAVERSE,15
1716777485999,paho824489373387613,topic/d/lighting,METAVERSE,15
1716777486177,paho824489373023667,topic/occupancy,METAVERSE,13361
1716777486326,paho824489373023667,topic/occupancy,METAVERSE,13529
1716777486349,paho824489363852652,topic/g/lighting,METAVERSE,8
1716777486349,paho824489373387613,topic/g/lighting,METAVERSE,8
1716777486477,paho824489373023667,topic/occupancy,METAVERSE,13460
1716777486584,paho824489363852652,topic/g/lighting,METAVERSE,42
1716777486584,paho824489373387613,topic/g/lighting,METAVERSE,42
1716777486678,paho824489373023667,topic/occupancy,METAVERSE,13510
1716777486681,paho824489363852652,topic/b/noise,METAVERSE,86
1716777486767,paho824489363852652,topic/b/noise,METAVERSE,33
1716777486827,paho824489373023667,topic/occupancy,METAVERSE,13559
1716777486848,paho824489363852652,topic/g/noise,METAVERSE,9
1716777487028,paho824489373023667,topic/occupancy,METAVERSE,13528
1716777487040,paho824489363852652,topic/s/lighting,METAVERSE,5
1716777487040,paho824489373387613,topic/s/lighting,METAVERSE,5
1716777487068,paho824489363852652,topic/d/noise,METAVERSE,5
1716777487197,paho824489363852652,topic/b/lighting,METAVERSE,40
1716777487197,paho824489373387613,topic/b/lighting,METAVERSE,40
1716777487229,paho824489373023667,topic/occupancy,METAVERSE,13556
1716777487281,paho824489363852652,topic/b/noise,METAVERSE,9
1716777487316,paho824489373387613,topic/b/lighting,METAVERSE,6
1716777487317,paho824489363852652,topic/b/lighting,METAVERSE,7
1716777487320,paho824489363852652,topic/e/noise,METAVERSE,9
1716777487428,paho824489373023667,topic/occupancy,METAVERSE,13426
1716777487578,paho824489373023667,topic/occupancy,METAVERSE,13557
1716777487780,paho824489373023667,topic/occupancy,METAVERSE,13516
1716777487957,paho824489363852652,topic/b/lighting,METAVERSE,26
1716777487957,paho824489373387613,topic/b/lighting,METAVERSE,26
1716777487961,paho824489363852652,topic/s/noise,METAVERSE,7
1716777487977,paho824489373023667,topic/occupancy,METAVERSE,13147
1716777488073,paho824489363852652,topic/e/lighting,METAVERSE,6
1716777488074,paho824489373387613,topic/e/lighting,METAVERSE,7
1716777488177,paho824489373023667,topic/occupancy,METAVERSE,13329
1716777488188,paho824489363852652,topic/s/noise,METAVERSE,18
1716777488300,paho824489363852652,topic/d/noise,METAVERSE,5
1716777488434,paho824489373023667,topic/occupancy,METAVERSE,13398
1716777488730,paho824489373023667,topic/occupancy,METAVERSE,13558
1716777488908,paho824489363852652,topic/g/noise,METAVERSE,14
1716777488918,paho824489363852652,topic/e/lighting,METAVERSE,4
1716777488919,paho824489373387613,topic/e/lighting,METAVERSE,5
1716777488977,paho824489373023667,topic/occupancy,METAVERSE,13690
1716777489112,paho824489373387613,topic/v/lighting,METAVERSE,17
1716777489113,paho824489363852652,topic/v/lighting,METAVERSE,18
1716777489229,paho824489373023667,topic/occupancy,METAVERSE,13725
1716777489265,paho824489363852652,topic/e/noise,METAVERSE,31
1716777489431,paho824489373023667,topic/occupancy,METAVERSE,13747
1716777489448,paho824489363852652,topic/s/lighting,METAVERSE,5
1716777489448,paho824489373387613,topic/s/lighting,METAVERSE,5
1716777489678,paho824489373023667,topic/occupancy,METAVERSE,13675
1716777489737,paho824489363852652,topic/v/noise,METAVERSE,26
1716777489737,paho824489363852652,topic/b/noise,METAVERSE,6
1716777489830,paho824489373387613,topic/c/lighting,METAVERSE,7
1716777489834,paho824489363852652,topic/c/lighting,METAVERSE,11
1716777489925,paho824489373023667,topic/occupancy,METAVERSE,13883
1716777489981,paho824489373023667,topic/occupancy,METAVERSE,13698
1716777490079,paho824489373023667,topic/occupancy,METAVERSE,13239
1716777490177,paho824489373023667,topic/occupancy,METAVERSE,13320
1716777490237,paho824489373023667,topic/occupancy,METAVERSE,13199
1716777490329,paho824489373023667,topic/occupancy,METAVERSE,13142
1716777490429,paho824489373023667,topic/occupancy,METAVERSE,13122
1716777490527,paho824489373023667,topic/occupancy,METAVERSE,13007
1716777490557,paho824489363852652,topic/b/lighting,METAVERSE,72
1716777490558,paho824489373387613,topic/b/lighting,METAVERSE,73
1716777490560,paho824489363852652,topic/b/lighting,METAVERSE,75
1716777490560,paho824489373387613,topic/b/lighting,METAVERSE,75
1716777490568,paho824489363852652,topic/d/lighting,METAVERSE,5
1716777490568,paho824489373387613,topic/d/lighting,METAVERSE,5
1716777490628,paho824489373023667,topic/occupancy,METAVERSE,12919
1716777490672,paho824489363852652,topic/c/lighting,METAVERSE,5
1716777490672,paho824489373387613,topic/c/lighting,METAVERSE,5
1716777490689,paho824489373023667,topic/occupancy,METAVERSE,12674
1716777490783,paho824489373023667,topic/occupancy,METAVERSE,12740
1716777490813,paho824489363852652,topic/c/noise,METAVERSE,35
1716777490876,paho824489373023667,topic/occupancy,METAVERSE,12590
1716777490987,paho824489373023667,topic/occupancy,METAVERSE,12143
1716777491054,paho824489373387613,topic/d/lighting,METAVERSE,7
1716777491054,paho824489363852652,topic/d/lighting,METAVERSE,7
1716777491094,paho824489373023667,topic/occupancy,METAVERSE,12224
1716777491176,paho824489373023667,topic/occupancy,METAVERSE,12136
1716777491276,paho824489373023667,topic/occupancy,METAVERSE,12085
1716777491336,paho824489373023667,topic/occupancy,METAVERSE,12001
1716777491374,paho824489363852652,topic/g/lighting,METAVERSE,7
1716777491375,paho824489373387613,topic/g/lighting,METAVERSE,8
1716777491429,paho824489373023667,topic/occupancy,METAVERSE,11877
1716777491482,paho824489373023667,topic/occupancy,METAVERSE,11760
1716777491582,paho824489373023667,topic/occupancy,METAVERSE,11562
1716777491603,paho824489363852652,topic/g/lighting,METAVERSE,16
1716777491603,paho824489373387613,topic/g/lighting,METAVERSE,16
1716777491646,paho824489373023667,topic/occupancy,METAVERSE,11599
1716777491661,paho824489363852652,topic/b/noise,METAVERSE,66
1716777491775,paho824489373023667,topic/occupancy,METAVERSE,11487
1716777491782,paho824489363852652,topic/b/noise,METAVERSE,39
1716777491840,paho824489373023667,topic/occupancy,METAVERSE,10973
1716777491896,paho824489363852652,topic/g/noise,METAVERSE,5
1716777491936,paho824489373023667,topic/occupancy,METAVERSE,11038
1716777492034,paho824489373023667,topic/occupancy,METAVERSE,10975
1716777492088,paho824489363852652,topic/d/noise,METAVERSE,17
1716777492088,paho824489373387613,topic/s/lighting,METAVERSE,33
1716777492090,paho824489363852652,topic/s/lighting,METAVERSE,35
1716777492129,paho824489373023667,topic/occupancy,METAVERSE,10937
1716777492203,paho824489363852652,topic/b/lighting,METAVERSE,25
1716777492203,paho824489373387613,topic/b/lighting,METAVERSE,25
1716777492224,paho824489373023667,topic/occupancy,METAVERSE,10877
1716777492280,paho824489373023667,topic/occupancy,METAVERSE,10728
1716777492305,paho824489363852652,topic/b/noise,METAVERSE,32
1716777492333,paho824489363852652,topic/e/noise,METAVERSE,4
1716777492341,paho824489363852652,topic/b/lighting,METAVERSE,30
1716777492341,paho824489373387613,topic/b/lighting,METAVERSE,30
1716777492382,paho824489373023667,topic/occupancy,METAVERSE,10648
1716777492478,paho824489373023667,topic/occupancy,METAVERSE,10457
1716777492599,paho824489373023667,topic/occupancy,METAVERSE,10528
1716777492726,paho824489373023667,topic/occupancy,METAVERSE,10427
1716777492798,paho824489373023667,topic/occupancy,METAVERSE,9927
1716777492891,paho824489373023667,topic/occupancy,METAVERSE,9993
1716777492936,paho824489373023667,topic/occupancy,METAVERSE,9876
1716777492974,paho824489363852652,topic/s/noise,METAVERSE,5
1716777493023,paho824489373387613,topic/b/lighting,METAVERSE,70
1716777493026,paho824489363852652,topic/b/lighting,METAVERSE,73
1716777493037,paho824489373023667,topic/occupancy,METAVERSE,9826
1716777493132,paho824489373023667,topic/occupancy,METAVERSE,9763
1716777493133,paho824489363852652,topic/e/lighting,METAVERSE,6
1716777493134,paho824489373387613,topic/e/lighting,METAVERSE,7
1716777493208,paho824489363852652,topic/s/noise,METAVERSE,5
1716777493228,paho824489373023667,topic/occupancy,METAVERSE,9664
1716777493316,paho824489363852652,topic/d/noise,METAVERSE,5
1716777493325,paho824489373023667,topic/occupancy,METAVERSE,9583
1716777493382,paho824489373023667,topic/occupancy,METAVERSE,9346
1716777493479,paho824489373023667,topic/occupancy,METAVERSE,9406
1716777493534,paho824489373023667,topic/occupancy,METAVERSE,9204
1716777493629,paho824489373023667,topic/occupancy,METAVERSE,8736
1716777493729,paho824489373023667,topic/occupancy,METAVERSE,8825
1716777493782,paho824489373023667,topic/occupancy,METAVERSE,8714
1716777493880,paho824489373023667,topic/occupancy,METAVERSE,8665
1716777493936,paho824489373023667,topic/occupancy,METAVERSE,8565
1716777493937,paho824489363852652,topic/g/noise,METAVERSE,22
1716777493993,paho824489363852652,topic/e/lighting,METAVERSE,6
1716777493994,paho824489373387613,topic/e/lighting,METAVERSE,7
1716777494033,paho824489373023667,topic/occupancy,METAVERSE,8468
1716777494132,paho824489373023667,topic/occupancy,METAVERSE,8372
1716777494135,paho824489363852652,topic/v/lighting,METAVERSE,16
1716777494135,paho824489373387613,topic/v/lighting,METAVERSE,16
1716777494226,paho824489373023667,topic/occupancy,METAVERSE,8189
1716777494257,paho824489363852652,topic/e/noise,METAVERSE,9
1716777494330,paho824489373023667,topic/occupancy,METAVERSE,8257
1716777494384,paho824489373023667,topic/occupancy,METAVERSE,8043
1716777494450,paho824489363852652,topic/s/lighting,METAVERSE,5
1716777494450,paho824489373387613,topic/s/lighting,METAVERSE,5
1716777494485,paho824489373023667,topic/occupancy,METAVERSE,7580
1716777494578,paho824489373023667,topic/occupancy,METAVERSE,7655
1716777494678,paho824489373023667,topic/occupancy,METAVERSE,7606
1716777494723,paho824489363852652,topic/v/noise,METAVERSE,4
1716777494767,paho824489363852652,topic/b/noise,METAVERSE,24
1716777494783,paho824489373023667,topic/occupancy,METAVERSE,7567
1716777494851,paho824489363852652,topic/c/lighting,METAVERSE,4
1716777494851,paho824489373387613,topic/c/lighting,METAVERSE,4
1716777494890,paho824489373023667,topic/occupancy,METAVERSE,7512
1716777494933,paho824489373023667,topic/occupancy,METAVERSE,7368
1716777495046,paho824489373023667,topic/occupancy,METAVERSE,7278
1716777495133,paho824489373023667,topic/occupancy,METAVERSE,7094
1716777495181,paho824489373023667,topic/occupancy,METAVERSE,7070
1716777495268,paho824489373023667,topic/occupancy,METAVERSE,6916
1716777495334,paho824489373023667,topic/occupancy,METAVERSE,6423
1716777495433,paho824489373023667,topic/occupancy,METAVERSE,6457
1716777495529,paho824489373023667,topic/occupancy,METAVERSE,6446
1716777495548,paho824489363852652,topic/b/lighting,METAVERSE,63
1716777495549,paho824489373387613,topic/b/lighting,METAVERSE,64
1716777495555,paho824489363852652,topic/b/lighting,METAVERSE,70
1716777495556,paho824489373387613,topic/b/lighting,METAVERSE,71
1716777495587,paho824489373387613,topic/d/lighting,METAVERSE,4
1716777495587,paho824489363852652,topic/d/lighting,METAVERSE,4
1716777495628,paho824489373023667,topic/occupancy,METAVERSE,6405
1716777495676,paho824489363852652,topic/c/lighting,METAVERSE,5
1716777495676,paho824489373387613,topic/c/lighting,METAVERSE,5
1716777495685,paho824489373023667,topic/occupancy,METAVERSE,6289
1716777495782,paho824489373023667,topic/occupancy,METAVERSE,6186
1716777495827,paho824489363852652,topic/c/noise,METAVERSE,19
1716777495833,paho824489373023667,topic/occupancy,METAVERSE,6065
1716777495931,paho824489373023667,topic/occupancy,METAVERSE,5847
1716777496028,paho824489373023667,topic/occupancy,METAVERSE,5894
1716777496056,paho824489363852652,topic/d/lighting,METAVERSE,5
1716777496056,paho824489373387613,topic/d/lighting,METAVERSE,5
1716777496080,paho824489373023667,topic/occupancy,METAVERSE,5724
1716777496180,paho824489373023667,topic/occupancy,METAVERSE,5250
1716777496234,paho824489373023667,topic/occupancy,METAVERSE,5256
1716777496331,paho824489373023667,topic/occupancy,METAVERSE,5245
1716777496371,paho824489363852652,topic/g/lighting,METAVERSE,4
1716777496372,paho824489373387613,topic/g/lighting,METAVERSE,5
1716777496431,paho824489373023667,topic/occupancy,METAVERSE,5182
1716777496524,paho824489373023667,topic/occupancy,METAVERSE,5107
1716777496585,paho824489373023667,topic/occupancy,METAVERSE,4973
1716777496608,paho824489363852652,topic/b/noise,METAVERSE,12
1716777496611,paho824489373387613,topic/g/lighting,METAVERSE,5
1716777496612,paho824489363852652,topic/g/lighting,METAVERSE,6
1716777496680,paho824489373023667,topic/occupancy,METAVERSE,4907
1716777496762,paho824489363852652,topic/b/noise,METAVERSE,5
1716777496776,paho824489373023667,topic/occupancy,METAVERSE,4672
1716777496832,paho824489373023667,topic/occupancy,METAVERSE,4694
1716777496905,paho824489363852652,topic/g/noise,METAVERSE,4
1716777496925,paho824489373023667,topic/occupancy,METAVERSE,4568
1716777496981,paho824489373023667,topic/occupancy,METAVERSE,4001
1716777497082,paho824489363852652,topic/d/noise,METAVERSE,7
1716777497091,paho824489363852652,topic/s/lighting,METAVERSE,4
1716777497092,paho824489373387613,topic/s/lighting,METAVERSE,5
1716777497128,paho824489373023667,topic/occupancy,METAVERSE,4152
1716777497175,paho824489373023667,topic/occupancy,METAVERSE,4088
1716777497183,paho824489363852652,topic/b/lighting,METAVERSE,4
1716777497184,paho824489373387613,topic/b/lighting,METAVERSE,5
1716777497276,paho824489373023667,topic/occupancy,METAVERSE,4026
1716777497303,paho824489363852652,topic/b/noise,METAVERSE,4
1716777497317,paho824489363852652,topic/b/lighting,METAVERSE,6
1716777497317,paho824489373387613,topic/b/lighting,METAVERSE,6
1716777497328,paho824489373023667,topic/occupancy,METAVERSE,3910
1716777497363,paho824489363852652,topic/e/noise,METAVERSE,24
1716777497427,paho824489373023667,topic/occupancy,METAVERSE,3752
1716777497492,paho824489373023667,topic/occupancy,METAVERSE,3717
1716777497581,paho824489373023667,topic/occupancy,METAVERSE,3442
1716777497677,paho824489373023667,topic/occupancy,METAVERSE,3521
1716777497749,paho824489373023667,topic/occupancy,METAVERSE,3387
1716777497874,paho824489373023667,topic/occupancy,METAVERSE,2875
1716777497936,paho824489373023667,topic/occupancy,METAVERSE,2948
1716777498020,paho824489363852652,topic/s/noise,METAVERSE,5
1716777498028,paho824489373023667,topic/occupancy,METAVERSE,2912
1716777498062,paho824489363852652,topic/b/lighting,METAVERSE,71
1716777498062,paho824489373387613,topic/b/lighting,METAVERSE,71
1716777498135,paho824489363852652,topic/e/lighting,METAVERSE,5
1716777498135,paho824489373387613,topic/e/lighting,METAVERSE,5
1716777498176,paho824489373023667,topic/occupancy,METAVERSE,2926
1716777498278,paho824489373023667,topic/occupancy,METAVERSE,2826
1716777498290,paho824489363852652,topic/s/noise,METAVERSE,4
1716777498331,paho824489363852652,topic/d/noise,METAVERSE,7
1716777498480,paho824489373023667,topic/occupancy,METAVERSE,2776
1716777498550,paho824489373023667,topic/occupancy,METAVERSE,2772
1716777498631,paho824489373023667,topic/occupancy,METAVERSE,2480
1716777498730,paho824489373023667,topic/occupancy,METAVERSE,2570
1716777498827,paho824489373023667,topic/occupancy,METAVERSE,2457
1716777498889,paho824489373023667,topic/occupancy,METAVERSE,1883
1716777498948,paho824489363852652,topic/g/noise,METAVERSE,5
1716777498979,paho824489373023667,topic/occupancy,METAVERSE,1991
1716777498992,paho824489363852652,topic/e/lighting,METAVERSE,4
1716777498993,paho824489373387613,topic/e/lighting,METAVERSE,5
1716777499079,paho824489373023667,topic/occupancy,METAVERSE,1963
1716777499151,paho824489373387613,topic/v/lighting,METAVERSE,5
1716777499151,paho824489363852652,topic/v/lighting,METAVERSE,5
1716777499179,paho824489373023667,topic/occupancy,METAVERSE,1907
1716777499233,paho824489373023667,topic/occupancy,METAVERSE,1702
1716777499270,paho824489363852652,topic/e/noise,METAVERSE,17
1716777499342,paho824489373023667,topic/occupancy,METAVERSE,1612
1716777499424,paho824489373023667,topic/occupancy,METAVERSE,1632
1716777499486,paho824489363852652,topic/s/lighting,METAVERSE,31
1716777499486,paho824489373387613,topic/s/lighting,METAVERSE,31
1716777499488,paho824489373023667,topic/occupancy,METAVERSE,1321
1716777499580,paho824489373023667,topic/occupancy,METAVERSE,1403
1716777499625,paho824489373023667,topic/occupancy,METAVERSE,1243
1716777499695,paho824489373023667,topic/occupancy,METAVERSE,683
1716777499732,paho824489363852652,topic/v/noise,METAVERSE,4
1716777499773,paho824489363852652,topic/b/noise,METAVERSE,29
1716777499775,paho824489373023667,topic/occupancy,METAVERSE,783
1716777499852,paho824489363852652,topic/c/lighting,METAVERSE,4
1716777499853,paho824489373387613,topic/c/lighting,METAVERSE,5
1716777499877,paho824489373023667,topic/occupancy,METAVERSE,761
1716777499931,paho824489373023667,topic/occupancy,METAVERSE,648
1716777500026,paho824489373023667,topic/occupancy,METAVERSE,435
1716777500124,paho824489373023667,topic/occupancy,METAVERSE,385
1716777500188,paho824489373023667,topic/occupancy,METAVERSE,387
1716777500304,paho824489373023667,topic/occupancy,METAVERSE,136
1716777500377,paho824489373023667,topic/occupancy,METAVERSE,192
1716777500492,paho824489373023667,topic/occupancy,METAVERSE,88
1716777500575,paho824489363852652,topic/b/lighting,METAVERSE,88
1716777500576,paho824489373387613,topic/b/lighting,METAVERSE,89
1716777500578,paho824489363852652,topic/b/lighting,METAVERSE,91
1716777500578,paho824489373387613,topic/b/lighting,METAVERSE,91
1716777500632,paho824489373387613,topic/d/lighting,METAVERSE,48
1716777500632,paho824489363852652,topic/d/lighting,METAVERSE,48
1716777500687,paho824489373387613,topic/c/lighting,METAVERSE,7
1716777500688,paho824489363852652,topic/c/lighting,METAVERSE,8
1716777500830,paho824489363852652,topic/c/noise,METAVERSE,5
1716777501079,paho824489373387613,topic/d/lighting,METAVERSE,12
1716777501081,paho824489363852652,topic/d/lighting,METAVERSE,14
1716777501136,paho824489373023667,topic/occupancy,METAVERSE,140
1716777501256,paho824489373023667,topic/occupancy,METAVERSE,206
1716777501348,paho824489373023667,topic/occupancy,METAVERSE,224
1716777501403,paho824489373387613,topic/g/lighting,METAVERSE,31
1716777501408,paho824489363852652,topic/g/lighting,METAVERSE,36
1716777501432,paho824489373023667,topic/occupancy,METAVERSE,141
1716777501669,paho824489363852652,topic/b/noise,METAVERSE,62
1716777501670,paho824489373387613,topic/g/lighting,METAVERSE,45
1716777501672,paho824489363852652,topic/g/lighting,METAVERSE,47
1716777501733,paho824489373023667,topic/occupancy,METAVERSE,113
1716777501816,paho824489363852652,topic/b/noise,METAVERSE,49
1716777501887,paho824489373023667,topic/occupancy,METAVERSE,59
1716777501915,paho824489363852652,topic/g/noise,METAVERSE,13
1716777501977,paho824489373023667,topic/occupancy,METAVERSE,140
1716777502097,paho824489363852652,topic/d/noise,METAVERSE,6
1716777502116,paho824489373387613,topic/s/lighting,METAVERSE,5
1716777502116,paho824489363852652,topic/s/lighting,METAVERSE,5
1716777502284,paho824489373023667,topic/occupancy,METAVERSE,98
1716777502287,paho824489363852652,topic/b/lighting,METAVERSE,36
1716777502287,paho824489373387613,topic/b/lighting,METAVERSE,36
1716777502380,paho824489373023667,topic/occupancy,METAVERSE,176
1716777502385,paho824489373387613,topic/b/lighting,METAVERSE,70
1716777502386,paho824489363852652,topic/b/noise,METAVERSE,79
1716777502389,paho824489363852652,topic/b/lighting,METAVERSE,74
1716777502404,paho824489363852652,topic/e/noise,METAVERSE,49
1716777502520,paho824489373023667,topic/occupancy,METAVERSE,96
1716777503034,paho824489363852652,topic/s/noise,METAVERSE,4
1716777503097,paho824489363852652,topic/b/lighting,METAVERSE,94
1716777503097,paho824489373387613,topic/b/lighting,METAVERSE,94
1716777503144,paho824489373023667,topic/occupancy,METAVERSE,72
1716777503175,paho824489373387613,topic/e/lighting,METAVERSE,30
1716777503188,paho824489363852652,topic/e/lighting,METAVERSE,43
1716777503235,paho824489373023667,topic/occupancy,METAVERSE,227
1716777503283,paho824489373023667,topic/occupancy,METAVERSE,154
1716777503327,paho824489363852652,topic/s/noise,METAVERSE,10
1716777503335,paho824489363852652,topic/d/noise,METAVERSE,9
1716777503382,paho824489373023667,topic/occupancy,METAVERSE,87
1716777503696,paho824489373023667,topic/occupancy,METAVERSE,46
1716777503900,paho824489373023667,topic/occupancy,METAVERSE,69
1716777503954,paho824489363852652,topic/g/noise,METAVERSE,10
1716777503993,paho824489373023667,topic/occupancy,METAVERSE,156
1716777504021,paho824489373387613,topic/e/lighting,METAVERSE,31
1716777504021,paho824489363852652,topic/e/lighting,METAVERSE,31
1716777504203,paho824489373387613,topic/v/lighting,METAVERSE,42
1716777504203,paho824489363852652,topic/v/lighting,METAVERSE,42
1716777504298,paho824489363852652,topic/e/noise,METAVERSE,34
1716777504332,paho824489373023667,topic/occupancy,METAVERSE,112
1716777504395,paho824489373023667,topic/occupancy,METAVERSE,209
1716777504512,paho824489373023667,topic/occupancy,METAVERSE,84
1716777504513,paho824489373387613,topic/s/lighting,METAVERSE,29
1716777504514,paho824489363852652,topic/s/lighting,METAVERSE,30
1716777504780,paho824489363852652,topic/v/noise,METAVERSE,35
1716777504800,paho824489363852652,topic/b/noise,METAVERSE,49
1716777504868,paho824489373387613,topic/c/lighting,METAVERSE,9
1716777504868,paho824489363852652,topic/c/lighting,METAVERSE,9
